ISO-10303-21;
HEADER;
FILE_DESCRIPTION (( 'STEP AP214' ),
    '1' );
FILE_NAME ('iris-lightshuttle-ld.STEP',
    '2024-02-22T17:19:43',
    ( '' ),
    ( '' ),
    'SwSTEP 2.0',
    'SolidWorks 2022',
    '' );
FILE_SCHEMA (( 'AUTOMOTIVE_DESIGN' ));
ENDSEC;

DATA;
#1 = EDGE_CURVE ( 'NONE', #2660, #2498, #1131, .T. ) ;
#2 = CARTESIAN_POINT ( 'NONE',  ( 7.909815499988336107, -7.100000000000002309, 2.499999999999998224 ) ) ;
#3 = CARTESIAN_POINT ( 'NONE',  ( 2.059999999999996945, -9.700000000000001066, 5.500000000000000888 ) ) ;
#4 = EDGE_CURVE ( 'NONE', #1179, #2353, #1109, .T. ) ;
#5 = UNCERTAINTY_MEASURE_WITH_UNIT (LENGTH_MEASURE( 1.000000000000000082E-05 ), #741, 'distance_accuracy_value', 'NONE');
#6 = LINE ( 'NONE', #1478, #1210 ) ;
#7 = CARTESIAN_POINT ( 'NONE',  ( 11.99999999999999645, -6.100000000000002309, 2.499999999999999556 ) ) ;
#8 = ORIENTED_EDGE ( 'NONE', *, *, #801, .T. ) ;
#9 = CARTESIAN_POINT ( 'NONE',  ( 4.278445732603096019, -2.015613034671525750, 8.883084456858622247 ) ) ;
#10 = CARTESIAN_POINT ( 'NONE',  ( 6.000000000000002665, -20.99244398944980716, 9.000000000000001776 ) ) ;
#11 = ORIENTED_EDGE ( 'NONE', *, *, #2069, .F. ) ;
#12 = CIRCLE ( 'NONE', #182, 0.2999999999999999334 ) ;
#13 = EDGE_LOOP ( 'NONE', ( #962, #126, #2091, #190 ) ) ;
#14 = MECHANICAL_DESIGN_GEOMETRIC_PRESENTATION_REPRESENTATION (  '', ( #2522 ), #1422 ) ;
#15 = DIRECTION ( 'NONE',  ( 1.000000000000000000, 1.548860246407862843E-16, 0.000000000000000000 ) ) ;
#16 = AXIS2_PLACEMENT_3D ( 'NONE', #352, #2439, #368 ) ;
#17 = ORIENTED_EDGE ( 'NONE', *, *, #2529, .F. ) ;
#18 = CARTESIAN_POINT ( 'NONE',  ( 9.452043801284803592, -7.100000000000002309, 8.561422421571078800 ) ) ;
#19 = EDGE_CURVE ( 'NONE', #2562, #2625, #2279, .T. ) ;
#20 = CARTESIAN_POINT ( 'NONE',  ( 5.999999999999998224, -9.700000000000001066, 8.040000000000002700 ) ) ;
#21 = EDGE_CURVE ( 'NONE', #536, #1565, #936, .T. ) ;
#22 = CARTESIAN_POINT ( 'NONE',  ( 5.999999999999998224, -7.100000000000001421, 8.040000000000002700 ) ) ;
#23 = ORIENTED_EDGE ( 'NONE', *, *, #1468, .F. ) ;
#24 = CARTESIAN_POINT ( 'NONE',  ( 1.399999999999997247, -2.788078260157905941, 8.624677414323413061 ) ) ;
#25 = ORIENTED_EDGE ( 'NONE', *, *, #1315, .T. ) ;
#26 = ORIENTED_EDGE ( 'NONE', *, *, #467, .T. ) ;
#27 = CARTESIAN_POINT ( 'NONE',  ( 11.61338946408942085, -6.775595241908184185, 8.633811138549638997 ) ) ;
#28 = CARTESIAN_POINT ( 'NONE',  ( 4.518015500017238395, -3.516412986623401071, 8.910912511934474978 ) ) ;
#29 = ORIENTED_EDGE ( 'NONE', *, *, #396, .F. ) ;
#30 = SURFACE_SIDE_STYLE ('',( #1103 ) ) ;
#31 = VERTEX_POINT ( 'NONE', #2601 ) ;
#32 = FACE_OUTER_BOUND ( 'NONE', #2237, .T. ) ;
#33 = DIRECTION ( 'NONE',  ( 0.000000000000000000, 0.000000000000000000, -1.000000000000000000 ) ) ;
#34 = DIRECTION ( 'NONE',  ( -0.000000000000000000, -1.000000000000000000, -0.000000000000000000 ) ) ;
#35 = ADVANCED_FACE ( 'NONE', ( #708 ), #1986, .F. ) ;
#36 = CARTESIAN_POINT ( 'NONE',  ( 11.73407747592276174, -0.09731466980817085610, 1.984111774254450733 ) ) ;
#37 = ORIENTED_EDGE ( 'NONE', *, *, #2664, .F. ) ;
#38 = EDGE_CURVE ( 'NONE', #389, #1069, #492, .T. ) ;
#39 = ORIENTED_EDGE ( 'NONE', *, *, #499, .T. ) ;
#40 = CARTESIAN_POINT ( 'NONE',  ( 2.500000000000000000, 1.500000000000001332, 11.00000000000000000 ) ) ;
#41 = DIRECTION ( 'NONE',  ( -0.000000000000000000, 0.000000000000000000, 1.000000000000000000 ) ) ;
#42 = ORIENTED_EDGE ( 'NONE', *, *, #1981, .T. ) ;
#43 = B_SPLINE_CURVE_WITH_KNOTS ( 'NONE', 3,
 ( #1303, #1289, #2527, #633 ),
 .UNSPECIFIED., .F., .F.,
 ( 4, 4 ),
 ( 1.939479807224432123E-18, 0.0007859554646757428362 ),
 .UNSPECIFIED. ) ;
#44 = DIRECTION ( 'NONE',  ( 1.000000000000000000, 0.000000000000000000, 0.000000000000000000 ) ) ;
#45 =( LENGTH_UNIT ( ) NAMED_UNIT ( * ) SI_UNIT ( .MILLI., .METRE. ) );
#46 = DIRECTION ( 'NONE',  ( 1.000000000000000000, -7.924735217559104949E-17, 0.000000000000000000 ) ) ;
#47 = CARTESIAN_POINT ( 'NONE',  ( 11.60609455630576292, -7.100000000000002309, 2.002958279947451903 ) ) ;
#48 = EDGE_CURVE ( 'NONE', #58, #956, #2022, .T. ) ;
#49 = ORIENTED_EDGE ( 'NONE', *, *, #1223, .F. ) ;
#50 = AXIS2_PLACEMENT_3D ( 'NONE', #1321, #1951, #1100 ) ;
#51 = ORIENTED_EDGE ( 'NONE', *, *, #1190, .F. ) ;
#52 = CARTESIAN_POINT ( 'NONE',  ( 9.798147898074358153, -4.390651788264942290, 2.103879102581533989 ) ) ;
#53 = EDGE_CURVE ( 'NONE', #1039, #1682, #1780, .T. ) ;
#54 = CARTESIAN_POINT ( 'NONE',  ( 9.578538282264885240, -7.100000000000002309, 2.033854506086151037 ) ) ;
#55 = VECTOR ( 'NONE', #1186, 1000.000000000000000 ) ;
#56 = ORIENTED_EDGE ( 'NONE', *, *, #2104, .T. ) ;
#57 = CARTESIAN_POINT ( 'NONE',  ( 0.000000000000000000, 0.000000000000000000, 1.603004712163095702 ) ) ;
#58 = VERTEX_POINT ( 'NONE', #809 ) ;
#59 = CIRCLE ( 'NONE', #142, 0.4000000000000000222 ) ;
#60 = VECTOR ( 'NONE', #2108, 1000.000000000000000 ) ;
#61 = CARTESIAN_POINT ( 'NONE',  ( 3.973561845444080642, -1.726040589036436756, 2.336224434323602051 ) ) ;
#62 = CARTESIAN_POINT ( 'NONE',  ( 8.999999999999998224, -2.999999999999999556, 11.00000000000000000 ) ) ;
#63 = DIRECTION ( 'NONE',  ( -0.000000000000000000, -1.000000000000000000, -0.000000000000000000 ) ) ;
#64 = COLOUR_RGB ( '',0.5372549019607842924, 0.3490196078431372362, 0.3372549019607843368 ) ;
#65 = CARTESIAN_POINT ( 'NONE',  ( 11.00414222394532970, -6.264376107407501948, 2.019751638364489565 ) ) ;
#66 = DIRECTION ( 'NONE',  ( 0.000000000000000000, 0.000000000000000000, 1.000000000000000000 ) ) ;
#67 = ORIENTED_EDGE ( 'NONE', *, *, #2681, .T. ) ;
#68 = DIRECTION ( 'NONE',  ( -0.000000000000000000, -0.000000000000000000, -1.000000000000000000 ) ) ;
#69 = LINE ( 'NONE', #1145, #1510 ) ;
#70 = ORIENTED_EDGE ( 'NONE', *, *, #1007, .F. ) ;
#71 = DIRECTION ( 'NONE',  ( 1.000000000000000000, 0.000000000000000000, 0.000000000000000000 ) ) ;
#72 = EDGE_CURVE ( 'NONE', #1909, #1576, #1995, .T. ) ;
#73 = VERTEX_POINT ( 'NONE', #1421 ) ;
#74 = DIRECTION ( 'NONE',  ( -7.924735217559104949E-17, -1.000000000000000000, 0.000000000000000000 ) ) ;
#75 = DIRECTION ( 'NONE',  ( -9.681143818873202712E-33, -1.221636250687892233E-16, -1.000000000000000000 ) ) ;
#76 = LINE ( 'NONE', #914, #979 ) ;
#77 = CARTESIAN_POINT ( 'NONE',  ( 11.99999999999999645, -4.299697111651274106, 0.000000000000000000 ) ) ;
#78 = B_SPLINE_CURVE_WITH_KNOTS ( 'NONE', 3,
 ( #775, #2238, #2477, #740 ),
 .UNSPECIFIED., .F., .F.,
 ( 4, 4 ),
 ( 3.127317220692750759E-18, 0.0004344303183099992621 ),
 .UNSPECIFIED. ) ;
#79 = CARTESIAN_POINT ( 'NONE',  ( 11.99999999999999645, -9.509682261070923967E-16, 8.500000000000000000 ) ) ;
#80 = CARTESIAN_POINT ( 'NONE',  ( 5.999999999999998224, -7.100000000000001421, 2.960000000000000409 ) ) ;
#81 = CARTESIAN_POINT ( 'NONE',  ( 2.200000000000000178, 1.200000000000001288, 11.00000000000000000 ) ) ;
#82 = CARTESIAN_POINT ( 'NONE',  ( 4.557743628671544478, -3.420840610222124933, 2.412632878008507120 ) ) ;
#83 = ORIENTED_EDGE ( 'NONE', *, *, #72, .F. ) ;
#84 = EDGE_LOOP ( 'NONE', ( #2098, #920, #1265, #504, #313 ) ) ;
#85 = CARTESIAN_POINT ( 'NONE',  ( 2.584445585316299532, -1.440940375009149843, 2.144777252835611936 ) ) ;
#86 = ADVANCED_FACE ( 'NONE', ( #1004 ), #632, .T. ) ;
#87 = CARTESIAN_POINT ( 'NONE',  ( 10.49999999999999645, -8.600000000000001421, 2.500000000000000444 ) ) ;
#88 = CYLINDRICAL_SURFACE ( 'NONE', #445, 1.600000000000001643 ) ;
#89 = EDGE_CURVE ( 'NONE', #1927, #2094, #2705, .T. ) ;
#90 = LINE ( 'NONE', #47, #839 ) ;
#91 = CARTESIAN_POINT ( 'NONE',  ( 10.82553602878860133, -5.881353885848007224, 11.00000000000000000 ) ) ;
#92 = CARTESIAN_POINT ( 'NONE',  ( 4.277690328155085986, -3.985394346717719305, 2.378106833152664024 ) ) ;
#93 = ORIENTED_EDGE ( 'NONE', *, *, #152, .T. ) ;
#94 = CIRCLE ( 'NONE', #1632, 0.5999999999999998668 ) ;
#95 = VECTOR ( 'NONE', #1896, 1000.000000000000000 ) ;
#96 = ORIENTED_EDGE ( 'NONE', *, *, #2564, .F. ) ;
#97 = CARTESIAN_POINT ( 'NONE',  ( 1.300000000000000044, 1.500000000000001332, 9.500000000000000000 ) ) ;
#98 = VECTOR ( 'NONE', #847, 1000.000000000000000 ) ;
#99 = VECTOR ( 'NONE', #1129, 1000.000000000000000 ) ;
#100 = ADVANCED_FACE ( 'NONE', ( #2095, #208 ), #1572, .F. ) ;
#101 = CARTESIAN_POINT ( 'NONE',  ( 7.061374714051688706, -6.100000000000001421, 8.952953293641957799 ) ) ;
#102 =( NAMED_UNIT ( * ) SI_UNIT ( $, .STERADIAN. ) SOLID_ANGLE_UNIT ( ) );
#103 = CARTESIAN_POINT ( 'NONE',  ( 3.090420897795782107, 0.000000000000000000, 8.543253960945648373 ) ) ;
#104 = AXIS2_PLACEMENT_3D ( 'NONE', #1864, #373, #1848 ) ;
#105 = ORIENTED_EDGE ( 'NONE', *, *, #254, .T. ) ;
#106 = EDGE_CURVE ( 'NONE', #301, #970, #2526, .T. ) ;
#107 = DIRECTION ( 'NONE',  ( 0.000000000000000000, -0.000000000000000000, -1.000000000000000000 ) ) ;
#108 = CARTESIAN_POINT ( 'NONE',  ( 10.49999999999999645, -7.100000000000002309, 6.124499799839833614 ) ) ;
#109 = CARTESIAN_POINT ( 'NONE',  ( 4.600000000002726352, -3.209614619189014917, 2.417308015595764026 ) ) ;
#110 = ORIENTED_EDGE ( 'NONE', *, *, #2206, .F. ) ;
#111 = ORIENTED_EDGE ( 'NONE', *, *, #675, .T. ) ;
#112 = CARTESIAN_POINT ( 'NONE',  ( 4.704667856695644801, -7.100000000000004086, 2.428855350659962387 ) ) ;
#113 = CARTESIAN_POINT ( 'NONE',  ( 1.453865541493698954, -7.100000000000001421, 2.587562671502778855 ) ) ;
#114 = DIRECTION ( 'NONE',  ( -7.924735217559106182E-17, -1.000000000000000000, 1.221636250687892233E-16 ) ) ;
#115 = ORIENTED_EDGE ( 'NONE', *, *, #1560, .T. ) ;
#116 = MANIFOLD_SOLID_BREP ( 'M2x0.4 Tapped Hole1', #1161 ) ;
#117 = CARTESIAN_POINT ( 'NONE',  ( 8.855524822178812983, 1.084489012825121506E-15, 8.567365344178803355 ) ) ;
#118 = EDGE_CURVE ( 'NONE', #1147, #1518, #324, .T. ) ;
#119 = PRESENTATION_STYLE_ASSIGNMENT (( #523 ) ) ;
#120 = DIRECTION ( 'NONE',  ( 1.000000000000000000, 1.224646799147353207E-16, 0.000000000000000000 ) ) ;
#121 = CARTESIAN_POINT ( 'NONE',  ( 8.585643845483268422, -1.451102662018263878, 8.773390553355902455 ) ) ;
#122 = EDGE_CURVE ( 'NONE', #952, #2229, #840, .T. ) ;
#123 = EDGE_LOOP ( 'NONE', ( #1929, #609, #1060, #2438, #712, #1651, #388 ) ) ;
#124 = EDGE_LOOP ( 'NONE', ( #613, #1481, #2555, #1577 ) ) ;
#125 = FACE_OUTER_BOUND ( 'NONE', #2076, .T. ) ;
#126 = ORIENTED_EDGE ( 'NONE', *, *, #1239, .F. ) ;
#127 = CARTESIAN_POINT ( 'NONE',  ( 10.51797968450456366, -3.516528015310792288, 8.626235024084962788 ) ) ;
#128 = CARTESIAN_POINT ( 'NONE',  ( 0.5000000000000000000, 0.5000000000000001110, 11.00000000000000000 ) ) ;
#129 = EDGE_CURVE ( 'NONE', #658, #58, #646, .T. ) ;
#130 = LINE ( 'NONE', #146, #2645 ) ;
#131 = DIRECTION ( 'NONE',  ( -1.000000000000000000, 0.000000000000000000, 0.000000000000000000 ) ) ;
#132 = ORIENTED_EDGE ( 'NONE', *, *, #153, .F. ) ;
#133 = ORIENTED_EDGE ( 'NONE', *, *, #1173, .T. ) ;
#134 = EDGE_CURVE ( 'NONE', #658, #1313, #1914, .T. ) ;
#135 = AXIS2_PLACEMENT_3D ( 'NONE', #2661, #176, #2463 ) ;
#136 = VECTOR ( 'NONE', #1456, 1000.000000000000000 ) ;
#137 = DIRECTION ( 'NONE',  ( -1.000000000000000000, 0.000000000000000000, 0.000000000000000000 ) ) ;
#138 = ORIENTED_EDGE ( 'NONE', *, *, #1315, .F. ) ;
#139 = CIRCLE ( 'NONE', #574, 0.7999999999999986011 ) ;
#140 = DIRECTION ( 'NONE',  ( 0.000000000000000000, 0.000000000000000000, -1.000000000000000000 ) ) ;
#141 = CARTESIAN_POINT ( 'NONE',  ( 7.410427958998763387, -3.210195441172740249, 8.918769103347921501 ) ) ;
#142 = AXIS2_PLACEMENT_3D ( 'NONE', #513, #1544, #298 ) ;
#143 = VECTOR ( 'NONE', #1225, 1000.000000000000000 ) ;
#144 = CARTESIAN_POINT ( 'NONE',  ( 3.000000000000000000, 3.673940397442059868E-16, 9.500000000000000000 ) ) ;
#145 = AXIS2_PLACEMENT_3D ( 'NONE', #2190, #1996, #1969 ) ;
#146 = CARTESIAN_POINT ( 'NONE',  ( 2.500000000000000000, 0.5000000000000002220, 9.500000000000000000 ) ) ;
#147 = CARTESIAN_POINT ( 'NONE',  ( 1.399999999999997025, -2.999999999999999556, 2.040137090086451277 ) ) ;
#148 = EDGE_LOOP ( 'NONE', ( #650, #907, #721, #367 ) ) ;
#149 = ORIENTED_EDGE ( 'NONE', *, *, #2548, .T. ) ;
#150 = LINE ( 'NONE', #1845, #441 ) ;
#151 = CARTESIAN_POINT ( 'NONE',  ( 9.999999999999994671, -7.100000000000003197, 5.500000000000000000 ) ) ;
#152 = EDGE_CURVE ( 'NONE', #1402, #1443, #183, .T. ) ;
#153 = EDGE_CURVE ( 'NONE', #1431, #737, #867, .T. ) ;
#154 = PLANE ( 'NONE',  #361 ) ;
#155 = ORIENTED_EDGE ( 'NONE', *, *, #1304, .F. ) ;
#156 = CARTESIAN_POINT ( 'NONE',  ( -7.753686109408941665E-17, -0.5999999999999997558, 11.00000000000000000 ) ) ;
#157 = CARTESIAN_POINT ( 'NONE',  ( 11.32553602878860310, -5.881353885848007224, 0.000000000000000000 ) ) ;
#158 = DIRECTION ( 'NONE',  ( 0.000000000000000000, 0.000000000000000000, -1.000000000000000000 ) ) ;
#159 = CARTESIAN_POINT ( 'NONE',  ( 2.500000000000000000, -0.9999999999999985567, 9.500000000000000000 ) ) ;
#160 = CARTESIAN_POINT ( 'NONE',  ( 9.799003889930476774, -1.609834051759870599, 8.656634920878540029 ) ) ;
#161 = ORIENTED_EDGE ( 'NONE', *, *, #1560, .F. ) ;
#162 = EDGE_LOOP ( 'NONE', ( #2713, #1167, #1124, #1788, #1370, #2546, #207, #1258, #2255, #1270 ) ) ;
#163 = CARTESIAN_POINT ( 'NONE',  ( 5.106849119923010605, -6.100000000000003197, 2.471826704798502750 ) ) ;
#164 = CARTESIAN_POINT ( 'NONE',  ( 11.97117467221370291, -0.3820317301267980303, 8.855294935072247853 ) ) ;
#165 = CYLINDRICAL_SURFACE ( 'NONE', #1410, 0.2999999999999999334 ) ;
#166 = EDGE_CURVE ( 'NONE', #1472, #1738, #2572, .T. ) ;
#167 = DIRECTION ( 'NONE',  ( -0.000000000000000000, -0.000000000000000000, -1.000000000000000000 ) ) ;
#168 = ADVANCED_FACE ( 'NONE', ( #2120, #659, #879 ), #1502, .F. ) ;
#169 = DIRECTION ( 'NONE',  ( 1.445602896647339410E-16, -1.000000000000000000, -0.000000000000000000 ) ) ;
#170 = VERTEX_POINT ( 'NONE', #2569 ) ;
#171 = B_SPLINE_CURVE_WITH_KNOTS ( 'NONE', 3,
 ( #749, #543, #1417, #1832 ),
 .UNSPECIFIED., .F., .F.,
 ( 4, 4 ),
 ( 0.7626256323800049142, 1.000000000000000000 ),
 .UNSPECIFIED. ) ;
#172 = CARTESIAN_POINT ( 'NONE',  ( 0.000000000000000000, 0.000000000000000000, 9.033586978554254188 ) ) ;
#173 = CARTESIAN_POINT ( 'NONE',  ( 1.946644092307573848, -4.208881400740703604, 2.080126149497087074 ) ) ;
#174 = ORIENTED_EDGE ( 'NONE', *, *, #1795, .F. ) ;
#175 = ORIENTED_EDGE ( 'NONE', *, *, #1282, .T. ) ;
#176 = DIRECTION ( 'NONE',  ( -7.924735217559104949E-17, -1.000000000000000000, 0.000000000000000000 ) ) ;
#177 = CARTESIAN_POINT ( 'NONE',  ( 10.58945917193102382, -2.788738400075985169, 2.040762033243701978 ) ) ;
#178 = DIRECTION ( 'NONE',  ( 0.000000000000000000, 0.000000000000000000, -1.000000000000000000 ) ) ;
#179 = AXIS2_PLACEMENT_3D ( 'NONE', #2142, #258, #1098 ) ;
#180 = FACE_OUTER_BOUND ( 'NONE', #1734, .T. ) ;
#181 = PLANE ( 'NONE',  #2208 ) ;
#182 = AXIS2_PLACEMENT_3D ( 'NONE', #1049, #842, #915 ) ;
#183 = CIRCLE ( 'NONE', #1209, 1.600000000000000755 ) ;
#184 = VERTEX_POINT ( 'NONE', #909 ) ;
#185 = ADVANCED_FACE ( 'NONE', ( #674 ), #1520, .F. ) ;
#186 =( GEOMETRIC_REPRESENTATION_CONTEXT ( 3 ) GLOBAL_UNCERTAINTY_ASSIGNED_CONTEXT ( ( #2706 ) ) GLOBAL_UNIT_ASSIGNED_CONTEXT ( ( #1453, #387, #1022 ) ) REPRESENTATION_CONTEXT ( 'NONE', 'WORKASPACE' ) );
#187 = AXIS2_PLACEMENT_3D ( 'NONE', #1534, #700, #2607 ) ;
#188 = CARTESIAN_POINT ( 'NONE',  ( 11.99999999999999645, -0.5999999999999985345, 1.603004712163095702 ) ) ;
#189 = FACE_OUTER_BOUND ( 'NONE', #2090, .T. ) ;
#190 = ORIENTED_EDGE ( 'NONE', *, *, #807, .F. ) ;
#191 = ORIENTED_EDGE ( 'NONE', *, *, #1436, .F. ) ;
#192 = DIRECTION ( 'NONE',  ( 7.924735217559104949E-17, 1.000000000000000000, -0.000000000000000000 ) ) ;
#193 = DIRECTION ( 'NONE',  ( -0.000000000000000000, -0.000000000000000000, 1.000000000000000000 ) ) ;
#194 = CARTESIAN_POINT ( 'NONE',  ( 7.909815499988334331, 0.000000000000000000, 2.499999999999998224 ) ) ;
#195 = CARTESIAN_POINT ( 'NONE',  ( 10.50000000000061107, -7.100000000000003197, 4.875500200160654884 ) ) ;
#196 = SURFACE_STYLE_FILL_AREA ( #1671 ) ;
#197 = CARTESIAN_POINT ( 'NONE',  ( 5.999999999999998224, 7.347880794884117764E-16, 2.499999999999999556 ) ) ;
#198 = ORIENTED_EDGE ( 'NONE', *, *, #2493, .F. ) ;
#199 = CARTESIAN_POINT ( 'NONE',  ( 2.200000000000000178, 1.500000000000001332, 9.500000000000000000 ) ) ;
#200 = ADVANCED_FACE ( 'NONE', ( #463 ), #1312, .T. ) ;
#201 = CARTESIAN_POINT ( 'NONE',  ( 7.722821840695022644, -2.013958835084126431, 8.882929940368832433 ) ) ;
#202 = ORIENTED_EDGE ( 'NONE', *, *, #1187, .F. ) ;
#203 = ORIENTED_EDGE ( 'NONE', *, *, #106, .F. ) ;
#204 = CARTESIAN_POINT ( 'NONE',  ( 11.39999999999999680, -0.5999999999999985345, 11.00000000000000000 ) ) ;
#205 = EDGE_CURVE ( 'NONE', #1451, #1166, #1324, .T. ) ;
#206 = CARTESIAN_POINT ( 'NONE',  ( 2.794302381685366932, -4.600317383332977350, 8.703669026792633545 ) ) ;
#207 = ORIENTED_EDGE ( 'NONE', *, *, #2614, .F. ) ;
#208 = FACE_OUTER_BOUND ( 'NONE', #761, .T. ) ;
#209 = LINE ( 'NONE', #1726, #1071 ) ;
#210 = CARTESIAN_POINT ( 'NONE',  ( 7.399999999999998579, -9.700000000000001066, 2.960000000000000409 ) ) ;
#211 = ORIENTED_EDGE ( 'NONE', *, *, #2641, .T. ) ;
#212 = CYLINDRICAL_SURFACE ( 'NONE', #1157, 1.400000000000000133 ) ;
#213 = ORIENTED_EDGE ( 'NONE', *, *, #1621, .F. ) ;
#214 = PRODUCT_DEFINITION ( 'UNKNOWN', '', #1343, #2064 ) ;
#215 = VERTEX_POINT ( 'NONE', #2668 ) ;
#216 = DIRECTION ( 'NONE',  ( 1.000000000000000000, 0.000000000000000000, 1.239088197126290669E-15 ) ) ;
#217 = CARTESIAN_POINT ( 'NONE',  ( 1.399999999999996358, -3.105987437240805615, 8.624677414323413061 ) ) ;
#218 = ORIENTED_EDGE ( 'NONE', *, *, #2426, .T. ) ;
#219 = EDGE_CURVE ( 'NONE', #2226, #542, #1984, .T. ) ;
#220 = FILL_AREA_STYLE_COLOUR ( '', #64 ) ;
#221 = CARTESIAN_POINT ( 'NONE',  ( 10.66933519346942738, -7.108661583771044512, 5.045627670865389547 ) ) ;
#222 = CARTESIAN_POINT ( 'NONE',  ( 11.32553602878860310, -5.881353885848007224, 0.000000000000000000 ) ) ;
#223 = DIRECTION ( 'NONE',  ( -1.000000000000000000, 0.000000000000000000, 0.000000000000000000 ) ) ;
#224 = VERTEX_POINT ( 'NONE', #305 ) ;
#225 = VECTOR ( 'NONE', #437, 1000.000000000000000 ) ;
#226 = CIRCLE ( 'NONE', #1372, 1.400000000000000133 ) ;
#227 = CARTESIAN_POINT ( 'NONE',  ( 2.295007176104028712, -1.559858640279007780, 8.662822902686803772 ) ) ;
#228 = EDGE_LOOP ( 'NONE', ( #111, #2536, #1344, #2368 ) ) ;
#229 = AXIS2_PLACEMENT_3D ( 'NONE', #2719, #1672, #2510 ) ;
#230 = ORIENTED_EDGE ( 'NONE', *, *, #2372, .T. ) ;
#231 = CARTESIAN_POINT ( 'NONE',  ( 7.295332143304351646, -3.550000000000001155, 2.428855350659962831 ) ) ;
#232 = DIRECTION ( 'NONE',  ( 1.445602896647339410E-16, -1.000000000000000000, -0.000000000000000000 ) ) ;
#233 = CIRCLE ( 'NONE', #2654, 1.400000000000000133 ) ;
#234 = VERTEX_POINT ( 'NONE', #2152 ) ;
#235 = CARTESIAN_POINT ( 'NONE',  ( 11.61338946408942085, -4.760441606757469302, 8.633811138549638997 ) ) ;
#236 = ORIENTED_EDGE ( 'NONE', *, *, #1267, .T. ) ;
#237 = CARTESIAN_POINT ( 'NONE',  ( 11.99999999999999645, -0.5999999999999985345, 9.033586978554255964 ) ) ;
#238 = EDGE_CURVE ( 'NONE', #2400, #1039, #1347, .T. ) ;
#239 = EDGE_CURVE ( 'NONE', #1313, #1073, #1330, .T. ) ;
#240 = B_SPLINE_CURVE_WITH_KNOTS ( 'NONE', 3,
 ( #2409, #1339, #260, #710, #2158, #933, #1779, #52, #272, #722, #1573, #248, #1736, #683, #512, #1361, #1310, #905, #696, #1543, #1162, #1633, #1614, #1374, #1400, #1388 ),
 .UNSPECIFIED., .F., .F.,
 ( 4, 2, 2, 2, 2, 2, 2, 2, 2, 2, 2, 2, 4 ),
 ( 0.005021824177639360072, 0.005649416463944377693, 0.006277008750249396182, 0.006590804893401903258, 0.006904601036554411202, 0.007218397179706919145, 0.007532193322859427088, 0.007845989466011935032, 0.008159785609164443843, 0.008473581752316950919, 0.008787377895469457995, 0.009414970181774473881, 0.01004256246807948977 ),
 .UNSPECIFIED. ) ;
#241 = DIRECTION ( 'NONE',  ( -0.000000000000000000, 0.000000000000000000, -1.000000000000000000 ) ) ;
#242 = CYLINDRICAL_SURFACE ( 'NONE', #843, 1.400000000000000577 ) ;
#243 = EDGE_CURVE ( 'NONE', #215, #1026, #2297, .T. ) ;
#244 = B_SPLINE_CURVE_WITH_KNOTS ( 'NONE', 3,
 ( #989, #2673, #163, #1002 ),
 .UNSPECIFIED., .F., .F.,
 ( 4, 4 ),
 ( 0.000000000000000000, 0.2373743676199953356 ),
 .UNSPECIFIED. ) ;
#245 = FACE_OUTER_BOUND ( 'NONE', #1000, .T. ) ;
#246 = ORIENTED_EDGE ( 'NONE', *, *, #518, .T. ) ;
#247 = VERTEX_POINT ( 'NONE', #2635 ) ;
#248 = CARTESIAN_POINT ( 'NONE',  ( 9.207114943699441056, -4.589937389038424520, 2.170823120241422099 ) ) ;
#249 = CARTESIAN_POINT ( 'NONE',  ( 3.459999999999995524, -1.140202025355332216, 5.500000000000000888 ) ) ;
#250 = ORIENTED_EDGE ( 'NONE', *, *, #1059, .F. ) ;
#251 = CARTESIAN_POINT ( 'NONE',  ( 0.000000000000000000, 0.000000000000000000, 0.000000000000000000 ) ) ;
#252 = VERTEX_POINT ( 'NONE', #2403 ) ;
#253 = DIRECTION ( 'NONE',  ( -7.924735217559104949E-17, -1.000000000000000000, 0.000000000000000000 ) ) ;
#254 = EDGE_CURVE ( 'NONE', #2200, #2215, #621, .T. ) ;
#255 = CARTESIAN_POINT ( 'NONE',  ( 0.1218942718173454953, -0.2327771863071303182, 8.741958986690175237 ) ) ;
#256 = DIRECTION ( 'NONE',  ( 1.224646799147353207E-16, -1.000000000000000000, 0.000000000000000000 ) ) ;
#257 = EDGE_CURVE ( 'NONE', #2215, #2094, #2709, .T. ) ;
#258 = DIRECTION ( 'NONE',  ( -1.000000000000000000, 0.000000000000000000, 0.000000000000000000 ) ) ;
#259 = ORIENTED_EDGE ( 'NONE', *, *, #2408, .T. ) ;
#260 = CARTESIAN_POINT ( 'NONE',  ( 10.55776239025411378, -3.420844424923149774, 2.042557863980135835 ) ) ;
#261 = CARTESIAN_POINT ( 'NONE',  ( 7.061374714046232626, -3.550000000000000266, 8.952953293642428534 ) ) ;
#262 = EDGE_LOOP ( 'NONE', ( #2118, #546, #974 ) ) ;
#263 = CARTESIAN_POINT ( 'NONE',  ( 2.999999999999997335, -3.000000000000000000, 0.000000000000000000 ) ) ;
#264 = EDGE_LOOP ( 'NONE', ( #202, #1810, #2162, #1663, #351 ) ) ;
#265 = DIRECTION ( 'NONE',  ( 7.924735217559106182E-17, 1.000000000000000000, -0.000000000000000000 ) ) ;
#266 = LINE ( 'NONE', #913, #2128 ) ;
#267 = CARTESIAN_POINT ( 'NONE',  ( 3.459999999999995524, -1.140202025355332216, 5.500000000000000888 ) ) ;
#268 = CARTESIAN_POINT ( 'NONE',  ( 11.60609455630576292, -6.769474087477441948, 2.002958279947451903 ) ) ;
#269 = CARTESIAN_POINT ( 'NONE',  ( 6.383510838375908492, -6.100000000000001421, 9.000000000000001776 ) ) ;
#270 = VECTOR ( 'NONE', #1088, 1000.000000000000000 ) ;
#271 = VERTEX_POINT ( 'NONE', #1171 ) ;
#272 = CARTESIAN_POINT ( 'NONE',  ( 9.706143592437094014, -4.439558334252434513, 2.113207710983654231 ) ) ;
#273 = CARTESIAN_POINT ( 'NONE',  ( 0.3939054436942358572, 1.308530936910098279E-34, 2.002958279947452347 ) ) ;
#274 = CIRCLE ( 'NONE', #620, 1.400000000000000133 ) ;
#275 = ORIENTED_EDGE ( 'NONE', *, *, #1153, .T. ) ;
#276 = DIRECTION ( 'NONE',  ( -0.000000000000000000, -1.000000000000000000, -0.000000000000000000 ) ) ;
#277 = ORIENTED_EDGE ( 'NONE', *, *, #705, .T. ) ;
#278 = COLOUR_RGB ( '',0.5372549019607842924, 0.3490196078431372362, 0.3372549019607843368 ) ;
#279 = AXIS2_PLACEMENT_3D ( 'NONE', #2621, #291, #2583 ) ;
#280 = CARTESIAN_POINT ( 'NONE',  ( 4.599999999999999645, -2.999999999979185983, 2.417308015595453607 ) ) ;
#281 = CARTESIAN_POINT ( 'NONE',  ( 11.39999999999999680, 1.396097351027982227E-15, 11.00000000000000000 ) ) ;
#282 = DIRECTION ( 'NONE',  ( 0.000000000000000000, -0.000000000000000000, -1.000000000000000000 ) ) ;
#283 = LINE ( 'NONE', #883, #99 ) ;
#284 = CARTESIAN_POINT ( 'NONE',  ( 6.000000000000000888, -6.100000000000003197, 9.000000000000001776 ) ) ;
#285 = ADVANCED_FACE ( 'NONE', ( #293 ), #943, .F. ) ;
#286 = CARTESIAN_POINT ( 'NONE',  ( 10.49999999999999645, -7.100000000000002309, 2.499999999999999556 ) ) ;
#287 = LINE ( 'NONE', #273, #1164 ) ;
#288 = ORIENTED_EDGE ( 'NONE', *, *, #2493, .T. ) ;
#289 = ORIENTED_EDGE ( 'NONE', *, *, #2040, .F. ) ;
#290 = ADVANCED_FACE ( 'NONE', ( #703 ), #1592, .T. ) ;
#291 = DIRECTION ( 'NONE',  ( -7.924735217559104949E-17, -1.000000000000000000, 0.000000000000000000 ) ) ;
#292 = CARTESIAN_POINT ( 'NONE',  ( 1.000000000000000000, 1.200000000000001510, 11.00000000000000000 ) ) ;
#293 = FACE_OUTER_BOUND ( 'NONE', #2278, .T. ) ;
#294 = CARTESIAN_POINT ( 'NONE',  ( 11.87810525424555230, -0.2327765883344564135, 8.741958550453530208 ) ) ;
#295 = B_SPLINE_CURVE_WITH_KNOTS ( 'NONE', 3,
 ( #2261, #1185, #996, #1198 ),
 .UNSPECIFIED., .F., .F.,
 ( 4, 4 ),
 ( 0.8533155923499593509, 0.9549077499941688307 ),
 .UNSPECIFIED. ) ;
#296 = DIRECTION ( 'NONE',  ( -0.000000000000000000, -0.000000000000000000, 1.000000000000000000 ) ) ;
#297 = DIRECTION ( 'NONE',  ( 0.000000000000000000, 1.000000000000000000, 0.000000000000000000 ) ) ;
#298 = DIRECTION ( 'NONE',  ( 1.000000000000000000, 0.000000000000000000, 0.000000000000000000 ) ) ;
#299 = EDGE_LOOP ( 'NONE', ( #2665, #2005, #2144, #2411, #2157, #853, #350, #49 ) ) ;
#300 = EDGE_CURVE ( 'NONE', #699, #880, #1789, .T. ) ;
#301 = VERTEX_POINT ( 'NONE', #1368 ) ;
#302 = CARTESIAN_POINT ( 'NONE',  ( 3.485567739393007791, -7.100000000000004086, 2.258110998992224783 ) ) ;
#303 = EDGE_CURVE ( 'NONE', #1927, #1406, #76, .T. ) ;
#304 = CARTESIAN_POINT ( 'NONE',  ( 11.40000000000550173, 1.396097351028656309E-15, 2.006968277270041234 ) ) ;
#305 = CARTESIAN_POINT ( 'NONE',  ( 4.938625285948307742, -7.100000000000004086, 8.952953293641957799 ) ) ;
#306 = DIRECTION ( 'NONE',  ( 0.000000000000000000, 0.000000000000000000, 1.000000000000000000 ) ) ;
#307 = ORIENTED_EDGE ( 'NONE', *, *, #2471, .F. ) ;
#308 = DIRECTION ( 'NONE',  ( 0.000000000000000000, 0.000000000000000000, 1.000000000000000000 ) ) ;
#309 = DIRECTION ( 'NONE',  ( -1.000000000000000000, 0.000000000000000000, 0.000000000000000000 ) ) ;
#310 = B_SPLINE_SURFACE_WITH_KNOTS ( 'NONE', 3, 1, ( 
 ( #1028, #2696 ),
 ( #1038, #1257 ),
 ( #1470, #2310 ),
 ( #1892, #814 ) ),
 .UNSPECIFIED., .F., .F., .F.,
 ( 4, 4 ),
 ( 2, 2 ),
 ( 0.000000000000000000, 0.9557677950782295095 ),
 ( 0.000000000000000000, 1.000000000000000000 ),
 .UNSPECIFIED. ) ;
#311 = DIRECTION ( 'NONE',  ( 0.000000000000000000, 0.000000000000000000, -1.000000000000000000 ) ) ;
#312 = CARTESIAN_POINT ( 'NONE',  ( 4.938625285948308630, -3.550000000000001155, 8.952953293641957799 ) ) ;
#313 = ORIENTED_EDGE ( 'NONE', *, *, #1386, .T. ) ;
#314 = EDGE_LOOP ( 'NONE', ( #29, #1724, #1796, #1666, #11, #1696, #288, #2712 ) ) ;
#315 = CARTESIAN_POINT ( 'NONE',  ( -9.687847065765993376E-16, -7.100000000000000533, 1.603004712163095702 ) ) ;
#316 = CIRCLE ( 'NONE', #976, 1.600000000000000755 ) ;
#317 = CIRCLE ( 'NONE', #2694, 0.7999999999999899414 ) ;
#318 = FACE_OUTER_BOUND ( 'NONE', #84, .T. ) ;
#319 = CARTESIAN_POINT ( 'NONE',  ( 3.459999999999996856, -9.700000000000001066, 5.500000000000000888 ) ) ;
#320 = EDGE_CURVE ( 'NONE', #234, #2132, #1550, .T. ) ;
#321 = ORIENTED_EDGE ( 'NONE', *, *, #2051, .T. ) ;
#322 = EDGE_CURVE ( 'NONE', #2353, #995, #558, .T. ) ;
#323 = CARTESIAN_POINT ( 'NONE',  ( 0.5999999999999998668, -0.5999999999999998668, 11.00000000000000000 ) ) ;
#324 =( BOUNDED_CURVE ( )  B_SPLINE_CURVE ( 3, ( #235, #1078, #2341, #1584 ),
 .UNSPECIFIED., .F., .F. ) 
 B_SPLINE_CURVE_WITH_KNOTS ( ( 4, 4 ),
 ( 4.745868894889841094, 6.283185307179586232 ),
 .UNSPECIFIED. ) 
 CURVE ( )  GEOMETRIC_REPRESENTATION_ITEM ( )  RATIONAL_B_SPLINE_CURVE ( ( 1.000000000000000000, 0.8125627286994930865, 0.8125627286994930865, 1.000000000000000000 ) ) 
 REPRESENTATION_ITEM ( '' )  );
#325 = DIRECTION ( 'NONE',  ( -0.000000000000000000, -0.000000000000000000, 1.000000000000000000 ) ) ;
#326 = DIRECTION ( 'NONE',  ( -0.6427876096865426936, -0.7660444431189752379, 0.000000000000000000 ) ) ;
#327 = CARTESIAN_POINT ( 'NONE',  ( 4.859999999999996767, -9.700000000000001066, 5.500000000000000888 ) ) ;
#328 = ORIENTED_EDGE ( 'NONE', *, *, #2089, .T. ) ;
#329 = ORIENTED_EDGE ( 'NONE', *, *, #2455, .F. ) ;
#330 = DIRECTION ( 'NONE',  ( -0.000000000000000000, -0.000000000000000000, -1.000000000000000000 ) ) ;
#331 = CARTESIAN_POINT ( 'NONE',  ( 0.3939054436942366899, -7.100000000000004086, 2.002958279947452347 ) ) ;
#332 = B_SPLINE_CURVE_WITH_KNOTS ( 'NONE', 3,
 ( #1877, #1242, #2056, #2721 ),
 .UNSPECIFIED., .F., .F.,
 ( 4, 4 ),
 ( 0.06980146654469859824, 1.000000000000000000 ),
 .UNSPECIFIED. ) ;
#333 = ADVANCED_FACE ( 'NONE', ( #1382 ), #2648, .T. ) ;
#334 = CYLINDRICAL_SURFACE ( 'NONE', #1115, 0.5000000000000004441 ) ;
#335 = DIRECTION ( 'NONE',  ( 0.000000000000000000, 0.000000000000000000, 1.000000000000000000 ) ) ;
#336 = ADVANCED_FACE ( 'NONE', ( #777 ), #763, .F. ) ;
#337 = CARTESIAN_POINT ( 'NONE',  ( 11.99999999999999645, -4.299697111651274106, 11.00000000000000000 ) ) ;
#338 = CARTESIAN_POINT ( 'NONE',  ( 8.199997697072735292, -1.610450607901564357, 8.822285635760920286 ) ) ;
#339 = ORIENTED_EDGE ( 'NONE', *, *, #2119, .F. ) ;
#340 = ORIENTED_EDGE ( 'NONE', *, *, #641, .F. ) ;
#341 = DIRECTION ( 'NONE',  ( 1.000000000000000000, 0.000000000000000000, 0.000000000000000000 ) ) ;
#342 = DIRECTION ( 'NONE',  ( 1.000000000000000000, 0.000000000000000000, 0.000000000000000000 ) ) ;
#343 = CYLINDRICAL_SURFACE ( 'NONE', #1338, 1.400000000000000133 ) ;
#344 = ORIENTED_EDGE ( 'NONE', *, *, #1807, .T. ) ;
#345 = DIRECTION ( 'NONE',  ( 0.000000000000000000, 0.000000000000000000, -1.000000000000000000 ) ) ;
#346 = CARTESIAN_POINT ( 'NONE',  ( 1.399999999999996803, -3.000000000000000000, 0.000000000000000000 ) ) ;
#347 = DIRECTION ( 'NONE',  ( 0.000000000000000000, -0.000000000000000000, 1.000000000000000000 ) ) ;
#348 = EDGE_CURVE ( 'NONE', #2535, #952, #573, .T. ) ;
#349 = CARTESIAN_POINT ( 'NONE',  ( 2.781806840045824014, -7.100000000000004086, 2.169640988141233073 ) ) ;
#350 = ORIENTED_EDGE ( 'NONE', *, *, #562, .T. ) ;
#351 = ORIENTED_EDGE ( 'NONE', *, *, #2034, .F. ) ;
#352 = CARTESIAN_POINT ( 'NONE',  ( 1.402234809747919331E-15, -9.700000000000001066, 0.000000000000000000 ) ) ;
#353 = CARTESIAN_POINT ( 'NONE',  ( 10.49999999999999645, -8.600000000000001421, 8.500000000000000000 ) ) ;
#354 = VECTOR ( 'NONE', #1006, 1000.000000000000000 ) ;
#355 = B_SPLINE_CURVE_WITH_KNOTS ( 'NONE', 3,
 ( #1816, #1231, #2003, #759, #2046, #1401, #2422, #160, #525, #1634, #1375, #999, #1389, #1842, #2213, #121, #961, #2436, #338, #608, #1243, #201, #404, #2294, #2516, #1675 ),
 .UNSPECIFIED., .F., .F.,
 ( 4, 2, 2, 2, 2, 2, 2, 2, 2, 2, 2, 2, 4 ),
 ( 0.005015290961339079895, 0.005642069343723576935, 0.006268847726108074843, 0.006582236917300325098, 0.006895626108492575353, 0.007209015299684825608, 0.007522404490877075862, 0.007835793682069326985, 0.008149182873261575505, 0.008462572064453827494, 0.008775961255646077749, 0.009402739638030576524, 0.01002951802041507877 ),
 .UNSPECIFIED. ) ;
#356 = AXIS2_PLACEMENT_3D ( 'NONE', #1319, #2155, #1130 ) ;
#357 = CARTESIAN_POINT ( 'NONE',  ( 0.5000000000000000000, 0.5000000000000001110, 11.00000000000000000 ) ) ;
#358 = VERTEX_POINT ( 'NONE', #1425 ) ;
#359 = AXIS2_PLACEMENT_3D ( 'NONE', #664, #1509, #2349 ) ;
#360 = CARTESIAN_POINT ( 'NONE',  ( 10.05390558098984322, -4.208506603747277808, 8.642400323488358183 ) ) ;
#361 = AXIS2_PLACEMENT_3D ( 'NONE', #545, #1394, #2052 ) ;
#362 = CARTESIAN_POINT ( 'NONE',  ( 6.000000000000000000, 7.347880794884119736E-16, 9.000000000000001776 ) ) ;
#363 = DIRECTION ( 'NONE',  ( 1.445602896647339410E-16, -1.000000000000000000, -0.000000000000000000 ) ) ;
#364 = DIRECTION ( 'NONE',  ( 0.7660444431189747938, -0.6427876096865431377, 0.000000000000000000 ) ) ;
#365 = ORIENTED_EDGE ( 'NONE', *, *, #118, .T. ) ;
#366 = EDGE_CURVE ( 'NONE', #1705, #1805, #837, .T. ) ;
#367 = ORIENTED_EDGE ( 'NONE', *, *, #219, .T. ) ;
#368 = DIRECTION ( 'NONE',  ( 1.000000000000000000, 1.445602896647339410E-16, 0.000000000000000000 ) ) ;
#369 = CARTESIAN_POINT ( 'NONE',  ( 7.399999999999998579, -7.100000000000001421, 2.960000000000000409 ) ) ;
#370 = EDGE_CURVE ( 'NONE', #2094, #247, #1687, .T. ) ;
#371 = DIRECTION ( 'NONE',  ( 1.000000000000000000, 0.000000000000000000, 0.000000000000000000 ) ) ;
#372 = DIRECTION ( 'NONE',  ( -1.224646799147353207E-16, 1.000000000000000000, -0.000000000000000000 ) ) ;
#373 = DIRECTION ( 'NONE',  ( -0.000000000000000000, -1.000000000000000000, -0.000000000000000000 ) ) ;
#374 = CARTESIAN_POINT ( 'NONE',  ( 1.999999999999997113, -9.700000000000002842, 2.000000000000000888 ) ) ;
#375 = DIRECTION ( 'NONE',  ( 1.445602896647339410E-16, -1.000000000000000000, -0.000000000000000000 ) ) ;
#376 = CARTESIAN_POINT ( 'NONE',  ( -1.226133748538957997E-15, -9.700000000000001066, 0.000000000000000000 ) ) ;
#377 = ORIENTED_EDGE ( 'NONE', *, *, #1304, .T. ) ;
#378 = ORIENTED_EDGE ( 'NONE', *, *, #53, .T. ) ;
#379 = CARTESIAN_POINT ( 'NONE',  ( 11.59999999999999964, -7.100000000000002309, 1.603004712163095702 ) ) ;
#380 = CARTESIAN_POINT ( 'NONE',  ( 8.580264889953573615, -1.442165125502410383, 2.256303498769716587 ) ) ;
#381 = CARTESIAN_POINT ( 'NONE',  ( 11.99999999999999645, 1.469576158976823553E-15, 11.00000000000000000 ) ) ;
#382 = DIRECTION ( 'NONE',  ( 0.000000000000000000, 0.000000000000000000, -1.000000000000000000 ) ) ;
#383 = EDGE_CURVE ( 'NONE', #73, #1443, #1862, .T. ) ;
#384 = LINE ( 'NONE', #2678, #2078 ) ;
#385 = CARTESIAN_POINT ( 'NONE',  ( 2.999999999999997335, -3.000000000000000000, 11.00000000000000000 ) ) ;
#386 = ORIENTED_EDGE ( 'NONE', *, *, #1821, .T. ) ;
#387 =( NAMED_UNIT ( * ) PLANE_ANGLE_UNIT ( ) SI_UNIT ( $, .RADIAN. ) );
#388 = ORIENTED_EDGE ( 'NONE', *, *, #1226, .T. ) ;
#389 = VERTEX_POINT ( 'NONE', #1405 ) ;
#390 = DIRECTION ( 'NONE',  ( -0.000000000000000000, -1.000000000000000000, -0.000000000000000000 ) ) ;
#391 = CARTESIAN_POINT ( 'NONE',  ( 1.410427226303287540, -3.210199146103772883, 8.624848940992551505 ) ) ;
#392 = CARTESIAN_POINT ( 'NONE',  ( 11.60609455630576115, 0.000000000000000000, 2.002958279947451903 ) ) ;
#393 = PRESENTATION_STYLE_ASSIGNMENT (( #1061 ) ) ;
#394 = CARTESIAN_POINT ( 'NONE',  ( 10.79990317602644190, -7.130286390237287719, 5.619708495386324110 ) ) ;
#395 = AXIS2_PLACEMENT_3D ( 'NONE', #204, #1042, #1882 ) ;
#396 = EDGE_CURVE ( 'NONE', #2659, #1191, #1643, .T. ) ;
#397 = CARTESIAN_POINT ( 'NONE',  ( 11.60609455630576292, -0.03650640299899447772, 2.002958279947451903 ) ) ;
#398 = CARTESIAN_POINT ( 'NONE',  ( 11.99999999999999645, -4.299697111651274106, 11.00000000000000000 ) ) ;
#399 = ORIENTED_EDGE ( 'NONE', *, *, #720, .T. ) ;
#400 = ADVANCED_FACE ( 'NONE', ( #1809, #2260 ), #726, .F. ) ;
#401 = VECTOR ( 'NONE', #1991, 1000.000000000000000 ) ;
#402 = VECTOR ( 'NONE', #2541, 1000.000000000000000 ) ;
#403 = CARTESIAN_POINT ( 'NONE',  ( 1.945812265547418152, -1.791844965182062044, 8.642390217610008918 ) ) ;
#404 = CARTESIAN_POINT ( 'NONE',  ( 7.603211381850536021, -2.192200484756879231, 8.897106911983797772 ) ) ;
#405 = EDGE_LOOP ( 'NONE', ( #1102, #1806 ) ) ;
#406 = VERTEX_POINT ( 'NONE', #2704 ) ;
#407 = CARTESIAN_POINT ( 'NONE',  ( 4.599999999999997868, -3.000000000000000000, 11.00000000000000000 ) ) ;
#408 = CARTESIAN_POINT ( 'NONE',  ( 9.999999999999994671, -9.700000000000001066, 5.500000000000000000 ) ) ;
#409 = LINE ( 'NONE', #2123, #402 ) ;
#410 = FACE_OUTER_BOUND ( 'NONE', #1302, .T. ) ;
#411 = CARTESIAN_POINT ( 'NONE',  ( 11.60609455630576292, -4.769135339316289190, 2.002958279947451903 ) ) ;
#412 = ADVANCED_FACE ( 'NONE', ( #1656 ), #1824, .T. ) ;
#413 = ORIENTED_EDGE ( 'NONE', *, *, #467, .F. ) ;
#414 = CARTESIAN_POINT ( 'NONE',  ( 0.5013606076167856918, -0.008163645700713637043, 11.00000000000000000 ) ) ;
#415 = SURFACE_STYLE_FILL_AREA ( #595 ) ;
#416 = EDGE_CURVE ( 'NONE', #2532, #1352, #1196, .T. ) ;
#417 = ORIENTED_EDGE ( 'NONE', *, *, #2174, .T. ) ;
#418 = ORIENTED_EDGE ( 'NONE', *, *, #1904, .T. ) ;
#419 = CARTESIAN_POINT ( 'NONE',  ( 11.99999999999999645, -4.299697111651274106, 0.000000000000000000 ) ) ;
#420 = CARTESIAN_POINT ( 'NONE',  ( 11.99999999999999645, -9.509682261070923967E-16, 2.499999999999998668 ) ) ;
#421 = CARTESIAN_POINT ( 'NONE',  ( -8.652242485821863198E-16, -7.100000000000000533, 1.999999999999998668 ) ) ;
#422 = B_SPLINE_CURVE_WITH_KNOTS ( 'NONE', 3,
 ( #2198, #54, #1750, #2603 ),
 .UNSPECIFIED., .F., .F.,
 ( 4, 4 ),
 ( 0.04509225000583070436, 0.7626256323800050252 ),
 .UNSPECIFIED. ) ;
#423 = FILL_AREA_STYLE ('',( #220 ) ) ;
#424 = CARTESIAN_POINT ( 'NONE',  ( 11.99999999999999645, -9.699999999999999289, 11.00000000000000000 ) ) ;
#425 = CARTESIAN_POINT ( 'NONE',  ( 11.00414222394533503, -6.264376107407496619, 8.622105075057561407 ) ) ;
#426 = DIRECTION ( 'NONE',  ( -1.000000000000000000, 0.000000000000000000, 0.000000000000000000 ) ) ;
#427 = ORIENTED_EDGE ( 'NONE', *, *, #1574, .F. ) ;
#428 = CARTESIAN_POINT ( 'NONE',  ( 3.710217893672640432, -1.562471738228229601, 8.810693662074069010 ) ) ;
#429 = ORIENTED_EDGE ( 'NONE', *, *, #807, .T. ) ;
#430 = VERTEX_POINT ( 'NONE', #2007 ) ;
#431 = ADVANCED_FACE ( 'NONE', ( #125 ), #154, .F. ) ;
#432 = CARTESIAN_POINT ( 'NONE',  ( 5.999999999999998224, -6.100000000000001421, 8.040000000000002700 ) ) ;
#433 = CARTESIAN_POINT ( 'NONE',  ( 3.708573709989458234, -4.438342286636951073, 8.810482515869964004 ) ) ;
#434 = ORIENTED_EDGE ( 'NONE', *, *, #2342, .T. ) ;
#435 = DIRECTION ( 'NONE',  ( 1.000000000000000000, 0.000000000000000000, 0.000000000000000000 ) ) ;
#436 = ADVANCED_FACE ( 'NONE', ( #2228 ), #343, .F. ) ;
#437 = DIRECTION ( 'NONE',  ( -0.000000000000000000, -0.000000000000000000, 1.000000000000000000 ) ) ;
#438 = CARTESIAN_POINT ( 'NONE',  ( 1.999999999999997113, -9.700000000000001066, 2.000000000000000888 ) ) ;
#439 = DIRECTION ( 'NONE',  ( -0.000000000000000000, -0.000000000000000000, 1.000000000000000000 ) ) ;
#440 = VECTOR ( 'NONE', #1803, 1000.000000000000000 ) ;
#441 = VECTOR ( 'NONE', #2521, 1000.000000000000000 ) ;
#442 = AXIS2_PLACEMENT_3D ( 'NONE', #2615, #2667, #2406 ) ;
#443 = CARTESIAN_POINT ( 'NONE',  ( 11.60609455630576292, -0.03650640299899447772, 2.002958279947451903 ) ) ;
#444 = ORIENTED_EDGE ( 'NONE', *, *, #1029, .F. ) ;
#445 = AXIS2_PLACEMENT_3D ( 'NONE', #776, #1654, #1222 ) ;
#446 = ORIENTED_EDGE ( 'NONE', *, *, #303, .F. ) ;
#447 = FILL_AREA_STYLE ('',( #832 ) ) ;
#448 = AXIS2_PLACEMENT_3D ( 'NONE', #819, #612, #1261 ) ;
#449 = LINE ( 'NONE', #2591, #2031 ) ;
#450 = ORIENTED_EDGE ( 'NONE', *, *, #587, .F. ) ;
#451 = ORIENTED_EDGE ( 'NONE', *, *, #2628, .T. ) ;
#452 = SHAPE_DEFINITION_REPRESENTATION ( #2373, #1126 ) ;
#453 = CARTESIAN_POINT ( 'NONE',  ( 10.49999999999999645, -7.100000000000002309, 6.124499799839833614 ) ) ;
#454 = VECTOR ( 'NONE', #572, 1000.000000000000000 ) ;
#455 = ADVANCED_FACE ( 'NONE', ( #2041 ), #165, .T. ) ;
#456 = DIRECTION ( 'NONE',  ( -0.000000000000000000, 1.000000000000000000, -0.000000000000000000 ) ) ;
#457 = FACE_BOUND ( 'NONE', #405, .T. ) ;
#458 = CARTESIAN_POINT ( 'NONE',  ( 11.99999999999999645, -9.699999999999999289, 0.000000000000000000 ) ) ;
#459 = VERTEX_POINT ( 'NONE', #614 ) ;
#460 = ORIENTED_EDGE ( 'NONE', *, *, #239, .F. ) ;
#461 = DIRECTION ( 'NONE',  ( 1.445602896647339410E-16, -1.000000000000000000, 0.000000000000000000 ) ) ;
#462 = CARTESIAN_POINT ( 'NONE',  ( 1.300000000000000044, 1.500000000000001332, 11.00000000000000000 ) ) ;
#463 = FACE_OUTER_BOUND ( 'NONE', #2275, .T. ) ;
#464 = ORIENTED_EDGE ( 'NONE', *, *, #1267, .F. ) ;
#465 = CARTESIAN_POINT ( 'NONE',  ( 1.563307813538836966, -2.287968200710315259, 2.050543466324683095 ) ) ;
#466 = CARTESIAN_POINT ( 'NONE',  ( 11.53954598748715554, -0.01216664503821362694, 2.003972357661930381 ) ) ;
#467 = EDGE_CURVE ( 'NONE', #2074, #58, #929, .T. ) ;
#468 = FACE_OUTER_BOUND ( 'NONE', #834, .T. ) ;
#469 = FACE_OUTER_BOUND ( 'NONE', #162, .T. ) ;
#470 = EDGE_LOOP ( 'NONE', ( #1030, #1703, #1900 ) ) ;
#471 = FACE_OUTER_BOUND ( 'NONE', #1542, .T. ) ;
#472 = LINE ( 'NONE', #261, #1777 ) ;
#473 = ORIENTED_EDGE ( 'NONE', *, *, #2378, .T. ) ;
#474 = CARTESIAN_POINT ( 'NONE',  ( 11.99999999999999645, -7.100000000000002309, 2.499999999999999556 ) ) ;
#475 = ORIENTED_EDGE ( 'NONE', *, *, #106, .T. ) ;
#476 = CARTESIAN_POINT ( 'NONE',  ( 3.211402166031889216, -1.410623730483977045, 2.226768562952248676 ) ) ;
#477 = CARTESIAN_POINT ( 'NONE',  ( 11.60609455630576292, -0.03650640299899447772, 2.002958279947451903 ) ) ;
#478 = CARTESIAN_POINT ( 'NONE',  ( 11.20724166296895419, -6.434796771784537128, 8.622972274292809658 ) ) ;
#479 = CARTESIAN_POINT ( 'NONE',  ( 0.000000000000000000, 0.000000000000000000, 0.000000000000000000 ) ) ;
#480 = EDGE_CURVE ( 'NONE', #566, #859, #1903, .T. ) ;
#481 = CARTESIAN_POINT ( 'NONE',  ( 11.83477477191848237, -0.1813459676388838593, 1.931790613315117699 ) ) ;
#482 = AXIS2_PLACEMENT_3D ( 'NONE', #379, #975, #341 ) ;
#483 = EDGE_LOOP ( 'NONE', ( #1485, #904, #742, #2399, #191 ) ) ;
#484 = EDGE_CURVE ( 'NONE', #271, #724, #1930, .T. ) ;
#485 = CIRCLE ( 'NONE', #1506, 1.400000000000000133 ) ;
#486 = CARTESIAN_POINT ( 'NONE',  ( 3.000000000000000000, 3.673940397442059868E-16, 11.00000000000000000 ) ) ;
#487 = DIRECTION ( 'NONE',  ( 0.000000000000000000, 0.000000000000000000, -1.000000000000000000 ) ) ;
#488 = CIRCLE ( 'NONE', #2075, 0.5000000000000000000 ) ;
#489 = ORIENTED_EDGE ( 'NONE', *, *, #991, .F. ) ;
#490 = VERTEX_POINT ( 'NONE', #1462 ) ;
#491 = AXIS2_PLACEMENT_3D ( 'NONE', #2500, #1649, #2486 ) ;
#492 = CIRCLE ( 'NONE', #845, 1.600000000000000755 ) ;
#493 = VECTOR ( 'NONE', #1125, 1000.000000000000000 ) ;
#494 = CARTESIAN_POINT ( 'NONE',  ( 4.054306397392217320, -1.791873636112184087, 2.347560576853495728 ) ) ;
#495 = CARTESIAN_POINT ( 'NONE',  ( 1.375500200160163278, -7.105175662547657645, 2.499999999999999556 ) ) ;
#496 = CARTESIAN_POINT ( 'NONE',  ( 11.41032331525977028, -6.605202511320628744, 8.627009959900370006 ) ) ;
#497 = FACE_OUTER_BOUND ( 'NONE', #148, .T. ) ;
#498 = DIRECTION ( 'NONE',  ( -7.924735217559104949E-17, -1.000000000000000000, 0.000000000000000000 ) ) ;
#499 = EDGE_CURVE ( 'NONE', #874, #2160, #1526, .T. ) ;
#500 = DIRECTION ( 'NONE',  ( 0.000000000000000000, 0.000000000000000000, 1.000000000000000000 ) ) ;
#501 = EDGE_CURVE ( 'NONE', #673, #1431, #1669, .T. ) ;
#502 = DIRECTION ( 'NONE',  ( -7.924735217559104949E-17, -1.000000000000000000, 0.000000000000000000 ) ) ;
#503 = ORIENTED_EDGE ( 'NONE', *, *, #1554, .T. ) ;
#504 = ORIENTED_EDGE ( 'NONE', *, *, #1354, .F. ) ;
#505 = DIRECTION ( 'NONE',  ( 1.000000000000000000, -7.924735217559104949E-17, 0.000000000000000000 ) ) ;
#506 = LINE ( 'NONE', #1150, #1511 ) ;
#507 = CARTESIAN_POINT ( 'NONE',  ( 1.200530100123252675, -7.100000000000001421, 2.029118365185214490 ) ) ;
#508 = CARTESIAN_POINT ( 'NONE',  ( 10.05306917854252902, -1.790766893760278311, 2.080148119868089118 ) ) ;
#509 = ORIENTED_EDGE ( 'NONE', *, *, #2378, .F. ) ;
#510 = DIRECTION ( 'NONE',  ( 1.000000000000000000, 0.000000000000000000, 0.000000000000000000 ) ) ;
#511 = DIRECTION ( 'NONE',  ( -0.000000000000000000, -0.000000000000000000, -1.000000000000000000 ) ) ;
#512 = CARTESIAN_POINT ( 'NONE',  ( 8.789957531384809286, -4.589535286946544446, 2.226578962347971924 ) ) ;
#513 = CARTESIAN_POINT ( 'NONE',  ( 0.3999999999999994671, -7.100000000000001421, 1.603004712163095702 ) ) ;
#514 = VERTEX_POINT ( 'NONE', #424 ) ;
#515 = EDGE_CURVE ( 'NONE', #1090, #271, #2544, .T. ) ;
#516 = ORIENTED_EDGE ( 'NONE', *, *, #2124, .F. ) ;
#517 = CARTESIAN_POINT ( 'NONE',  ( 3.106003730659243178, -1.400138452421062718, 2.212131875402397529 ) ) ;
#518 = EDGE_CURVE ( 'NONE', #1352, #1748, #43, .T. ) ;
#519 = B_SPLINE_CURVE_WITH_KNOTS ( 'NONE', 3,
 ( #1043, #2726, #833, #2523 ),
 .UNSPECIFIED., .F., .F.,
 ( 4, 4 ),
 ( 0.000000000000000000, 0.9301985334553021234 ),
 .UNSPECIFIED. ) ;
#520 = LINE ( 'NONE', #1170, #1023 ) ;
#521 = CARTESIAN_POINT ( 'NONE',  ( 2.547956198715190634, -7.100000000000004086, 8.561422421571075247 ) ) ;
#522 = LINE ( 'NONE', #1569, #884 ) ;
#523 = SURFACE_STYLE_USAGE ( .BOTH. , #30 ) ;
#524 = CARTESIAN_POINT ( 'NONE',  ( 0.000000000000000000, 0.000000000000000000, 11.00000000000000000 ) ) ;
#525 = CARTESIAN_POINT ( 'NONE',  ( 9.706944186060612267, -1.560825846306954645, 8.662689153585736435 ) ) ;
#526 = ORIENTED_EDGE ( 'NONE', *, *, #257, .F. ) ;
#527 = PRESENTATION_LAYER_ASSIGNMENT (  '', '', ( #791 ) ) ;
#528 = ORIENTED_EDGE ( 'NONE', *, *, #615, .F. ) ;
#529 = FACE_BOUND ( 'NONE', #2501, .T. ) ;
#530 = MECHANICAL_DESIGN_GEOMETRIC_PRESENTATION_REPRESENTATION (  '', ( #1729 ), #1942 ) ;
#531 = EDGE_CURVE ( 'NONE', #2659, #459, #1769, .T. ) ;
#532 = AXIS2_PLACEMENT_3D ( 'NONE', #1630, #167, #1397 ) ;
#533 = AXIS2_PLACEMENT_3D ( 'NONE', #1741, #1766, #1754 ) ;
#534 = CYLINDRICAL_SURFACE ( 'NONE', #2305, 0.5000000000000000000 ) ;
#535 = EDGE_CURVE ( 'NONE', #514, #1058, #409, .T. ) ;
#536 = VERTEX_POINT ( 'NONE', #881 ) ;
#537 = CARTESIAN_POINT ( 'NONE',  ( 9.798918062712104415, -4.390190638595075079, 8.656641703368084251 ) ) ;
#538 = CARTESIAN_POINT ( 'NONE',  ( 2.500000000000000000, -0.9999999999999985567, 11.00000000000000000 ) ) ;
#539 = DIRECTION ( 'NONE',  ( 1.000000000000000000, 0.000000000000000000, -0.000000000000000000 ) ) ;
#540 = CARTESIAN_POINT ( 'NONE',  ( 1.442816881665670348, -3.422989130997601492, 2.042592736570435275 ) ) ;
#541 = ORIENTED_EDGE ( 'NONE', *, *, #1868, .T. ) ;
#542 = VERTEX_POINT ( 'NONE', #3 ) ;
#543 = CARTESIAN_POINT ( 'NONE',  ( 6.893150880076986731, -6.100000000000001421, 2.471826704798502305 ) ) ;
#544 = DIRECTION ( 'NONE',  ( 1.000000000000000000, 0.000000000000000000, 0.000000000000000000 ) ) ;
#545 = CARTESIAN_POINT ( 'NONE',  ( 11.99999999999999645, -9.509682261070923967E-16, 8.500000000000000000 ) ) ;
#546 = ORIENTED_EDGE ( 'NONE', *, *, #780, .T. ) ;
#547 = UNCERTAINTY_MEASURE_WITH_UNIT (LENGTH_MEASURE( 1.000000000000000082E-05 ), #1224, 'distance_accuracy_value', 'NONE');
#548 = EDGE_CURVE ( 'NONE', #1283, #1147, #209, .T. ) ;
#549 = CARTESIAN_POINT ( 'NONE',  ( 9.511067868158109562, -4.519802536266912085, 8.677320139978286662 ) ) ;
#550 = LINE ( 'NONE', #1985, #2165 ) ;
#551 = B_SPLINE_CURVE_WITH_KNOTS ( 'NONE', 3,
 ( #2273, #2066, #141, #1238, #560, #1008, #811, #2024, #795, #1645, #2009, #1838, #2666, #1407, #778, #1811, #549, #2431, #537, #1385, #360, #1215, #591, #2221, #2043, #127, #966, #2652, #577, #1427 ),
 .UNSPECIFIED., .F., .F.,
 ( 4, 2, 2, 2, 2, 2, 2, 2, 2, 2, 2, 2, 2, 2, 4 ),
 ( 0.000000000000000000, 0.0003134556850836946618, 0.0006269113701673893237, 0.0009403670552510838771, 0.001253822740334779732, 0.001880734110502166887, 0.002507645480669554259, 0.002821101165753245234, 0.003134556850836936210, 0.003448012535920626752, 0.003761468221004317294, 0.004074923906088007836, 0.004388379591171698811, 0.004701835276255389787, 0.005015290961339079895 ),
 .UNSPECIFIED. ) ;
#552 = CARTESIAN_POINT ( 'NONE',  ( 0.000000000000000000, 0.000000000000000000, 9.500000000000000000 ) ) ;
#553 = CARTESIAN_POINT ( 'NONE',  ( 1.723898260317698217, -3.987611253112246068, 2.061582149520638119 ) ) ;
#554 = ORIENTED_EDGE ( 'NONE', *, *, #89, .F. ) ;
#555 = VERTEX_POINT ( 'NONE', #1477 ) ;
#556 = CARTESIAN_POINT ( 'NONE',  ( 1.999999999999997113, -9.700000000000001066, 2.799999999999995381 ) ) ;
#557 = CARTESIAN_POINT ( 'NONE',  ( 3.000000000000000000, 0.5000000000000003331, 11.00000000000000000 ) ) ;
#558 = LINE ( 'NONE', #1019, #354 ) ;
#559 = ORIENTED_EDGE ( 'NONE', *, *, #2206, .T. ) ;
#560 = CARTESIAN_POINT ( 'NONE',  ( 7.482202757517458558, -3.517031303014229948, 8.910888044079811721 ) ) ;
#561 = DIRECTION ( 'NONE',  ( -1.224646799147353207E-16, 1.000000000000000000, -0.000000000000000000 ) ) ;
#562 = EDGE_CURVE ( 'NONE', #2336, #1531, #233, .T. ) ;
#563 = CARTESIAN_POINT ( 'NONE',  ( 10.94251380722911371, -5.559960081004736487, 8.621939644623777710 ) ) ;
#564 = CARTESIAN_POINT ( 'NONE',  ( 2.500000000000000000, 0.5000000000000002220, 11.00000000000000000 ) ) ;
#565 = EDGE_CURVE ( 'NONE', #2086, #2520, #1778, .T. ) ;
#566 = VERTEX_POINT ( 'NONE', #237 ) ;
#567 = VERTEX_POINT ( 'NONE', #1080 ) ;
#568 = DIRECTION ( 'NONE',  ( 0.000000000000000000, 1.000000000000000000, -0.000000000000000000 ) ) ;
#569 = CARTESIAN_POINT ( 'NONE',  ( 7.410454855312173628, -2.789534426289938196, 2.416128681060873529 ) ) ;
#570 = VECTOR ( 'NONE', #1206, 1000.000000000000000 ) ;
#571 = DIRECTION ( 'NONE',  ( -0.000000000000000000, -1.000000000000000000, -0.000000000000000000 ) ) ;
#572 = DIRECTION ( 'NONE',  ( 0.000000000000000000, 1.000000000000000000, 0.000000000000000000 ) ) ;
#573 = LINE ( 'NONE', #1629, #1211 ) ;
#574 = AXIS2_PLACEMENT_3D ( 'NONE', #1920, #34, #871 ) ;
#575 = VECTOR ( 'NONE', #114, 1000.000000000000000 ) ;
#576 = CARTESIAN_POINT ( 'NONE',  ( 1.499999999999997780, -8.600000000000001421, 8.500000000000000000 ) ) ;
#577 = CARTESIAN_POINT ( 'NONE',  ( 10.59999999999891784, -3.104664918578210031, 8.624677414323434377 ) ) ;
#578 = CIRCLE ( 'NONE', #1945, 0.5000000000000004441 ) ;
#579 = AXIS2_PLACEMENT_3D ( 'NONE', #1713, #1994, #505 ) ;
#580 = CARTESIAN_POINT ( 'NONE',  ( 0.000000000000000000, 0.000000000000000000, 11.00000000000000000 ) ) ;
#581 = ADVANCED_FACE ( 'NONE', ( #32 ), #869, .F. ) ;
#582 = CARTESIAN_POINT ( 'NONE',  ( 0.000000000000000000, 0.000000000000000000, 11.00000000000000000 ) ) ;
#583 = CARTESIAN_POINT ( 'NONE',  ( 1.999999999999997113, -7.100000000000001421, 2.799999999999995381 ) ) ;
#584 = B_SPLINE_CURVE_WITH_KNOTS ( 'NONE', 3,
 ( #495, #2179, #113, #1607 ),
 .UNSPECIFIED., .F., .F.,
 ( 4, 4 ),
 ( 0.000000000000000000, 0.0001761453598682775944 ),
 .UNSPECIFIED. ) ;
#585 = ORIENTED_EDGE ( 'NONE', *, *, #38, .F. ) ;
#586 = ORIENTED_EDGE ( 'NONE', *, *, #2581, .T. ) ;
#587 = EDGE_CURVE ( 'NONE', #215, #1058, #1169, .T. ) ;
#588 = DIRECTION ( 'NONE',  ( 0.000000000000000000, 0.000000000000000000, -1.000000000000000000 ) ) ;
#589 = CARTESIAN_POINT ( 'NONE',  ( 7.451406063185031847, -2.584300176115430947, 2.411393389457091363 ) ) ;
#590 = DIRECTION ( 'NONE',  ( 7.924735217559104949E-17, 1.000000000000000000, -0.000000000000000000 ) ) ;
#591 = CARTESIAN_POINT ( 'NONE',  ( 10.27053315122838306, -3.978092749849220677, 8.633320087578729485 ) ) ;
#592 = CARTESIAN_POINT ( 'NONE',  ( 0.5999999999944914952, 7.347880794816659063E-17, 2.006968277270041234 ) ) ;
#593 = ORIENTED_EDGE ( 'NONE', *, *, #2172, .F. ) ;
#594 = LINE ( 'NONE', #1469, #747 ) ;
#595 = FILL_AREA_STYLE ('',( #829 ) ) ;
#596 = EDGE_LOOP ( 'NONE', ( #2102, #1475, #937, #1712 ) ) ;
#597 = ORIENTED_EDGE ( 'NONE', *, *, #48, .T. ) ;
#598 = CARTESIAN_POINT ( 'NONE',  ( 1.375500200160163278, -7.105175662547657645, 2.499999999999999556 ) ) ;
#599 = EDGE_CURVE ( 'NONE', #956, #2132, #2126, .T. ) ;
#600 = DIRECTION ( 'NONE',  ( -1.000000000000000000, 0.000000000000000000, 0.000000000000000000 ) ) ;
#601 =( NAMED_UNIT ( * ) PLANE_ANGLE_UNIT ( ) SI_UNIT ( $, .RADIAN. ) );
#602 = DIRECTION ( 'NONE',  ( 1.000000000000000000, 0.000000000000000000, 0.000000000000000000 ) ) ;
#603 = EDGE_CURVE ( 'NONE', #1565, #2215, #1297, .T. ) ;
#604 = CARTESIAN_POINT ( 'NONE',  ( 0.2608355486738879181, -0.1008356814431575488, 8.654421084026651556 ) ) ;
#605 = DIRECTION ( 'NONE',  ( 1.000000000000000000, 0.000000000000000000, 0.000000000000000000 ) ) ;
#606 = ORIENTED_EDGE ( 'NONE', *, *, #768, .F. ) ;
#607 = DIRECTION ( 'NONE',  ( -0.000000000000000000, -0.000000000000000000, 1.000000000000000000 ) ) ;
#608 = CARTESIAN_POINT ( 'NONE',  ( 8.026579683911714724, -1.725910487447353869, 8.844582981131710042 ) ) ;
#609 = ORIENTED_EDGE ( 'NONE', *, *, #1839, .F. ) ;
#610 = ORIENTED_EDGE ( 'NONE', *, *, #1886, .F. ) ;
#611 = CARTESIAN_POINT ( 'NONE',  ( 11.00414222394533148, -6.264376107407495731, 2.038880479846711502 ) ) ;
#612 = DIRECTION ( 'NONE',  ( 0.000000000000000000, 0.000000000000000000, 1.000000000000000000 ) ) ;
#613 = ORIENTED_EDGE ( 'NONE', *, *, #1981, .F. ) ;
#614 = CARTESIAN_POINT ( 'NONE',  ( 7.399999999999998579, -7.100000000000001421, 8.040000000000002700 ) ) ;
#615 = EDGE_CURVE ( 'NONE', #1204, #673, #2513, .T. ) ;
#616 = B_SPLINE_CURVE_WITH_KNOTS ( 'NONE', 3,
 ( #1872, #217, #391, #1926, #2134, #2566, #1076, #865, #1883, #1698, #2106, #2327, #206, #1665, #1723, #2538, #2300, #433, #1474, #1285, #1912, #2116, #2504, #28, #2079, #1709, #1057, #2552 ),
 .UNSPECIFIED., .F., .F.,
 ( 4, 2, 2, 2, 2, 2, 2, 2, 2, 2, 2, 2, 2, 4 ),
 ( 0.000000000000000000, 0.0003134507405762164021, 0.0006269014811524328042, 0.0009403522217286492063, 0.001253802962304865608, 0.001880704443457301232, 0.002507605924609736855, 0.002821056665185955100, 0.003134507405762174213, 0.003447958146338392458, 0.003761408886914611571, 0.004388310368067048495, 0.004701761108643266740, 0.005015211849219484985 ),
 .UNSPECIFIED. ) ;
#617 = AXIS2_PLACEMENT_3D ( 'NONE', #1925, #2590, #297 ) ;
#618 = EDGE_CURVE ( 'NONE', #1964, #1866, #715, .T. ) ;
#619 = CARTESIAN_POINT ( 'NONE',  ( 11.99999999999999822, -4.299697111651270554, 1.834498215495565576 ) ) ;
#620 = AXIS2_PLACEMENT_3D ( 'NONE', #22, #2558, #649 ) ;
#621 = CIRCLE ( 'NONE', #1165, 0.7999999999999947153 ) ;
#622 = ORIENTED_EDGE ( 'NONE', *, *, #751, .T. ) ;
#623 = VECTOR ( 'NONE', #644, 1000.000000000000000 ) ;
#624 = CARTESIAN_POINT ( 'NONE',  ( 10.82553602878860133, -5.881353885848007224, 0.000000000000000000 ) ) ;
#625 = CARTESIAN_POINT ( 'NONE',  ( 0.5990290337845457502, 0.004854831077270018933, 9.500000000000000000 ) ) ;
#626 = VERTEX_POINT ( 'NONE', #940 ) ;
#627 = VERTEX_POINT ( 'NONE', #953 ) ;
#628 = CYLINDRICAL_SURFACE ( 'NONE', #2114, 1.600000000000001643 ) ;
#629 = B_SPLINE_CURVE_WITH_KNOTS ( 'NONE', 3,
 ( #2588, #2576, #2379, #284 ),
 .UNSPECIFIED., .F., .F.,
 ( 4, 4 ),
 ( 0.8082445808120455322, 1.000000000000000000 ),
 .UNSPECIFIED. ) ;
#630 = DIRECTION ( 'NONE',  ( -9.681143818873202712E-33, -1.221636250687892233E-16, -1.000000000000000000 ) ) ;
#631 = ORIENTED_EDGE ( 'NONE', *, *, #720, .F. ) ;
#632 = CYLINDRICAL_SURFACE ( 'NONE', #1132, 0.4000000000000000222 ) ;
#633 = CARTESIAN_POINT ( 'NONE',  ( 11.00414222394532970, -6.264376107407501948, 2.019751638364489565 ) ) ;
#634 = CARTESIAN_POINT ( 'NONE',  ( -7.753686109408941665E-17, -0.5999999999999997558, 9.033586978554254188 ) ) ;
#635 = CARTESIAN_POINT ( 'NONE',  ( 10.94251380722911371, -5.559960081004736487, 8.621939644623777710 ) ) ;
#636 = ORIENTED_EDGE ( 'NONE', *, *, #2363, .F. ) ;
#637 = EDGE_CURVE ( 'NONE', #358, #252, #1327, .T. ) ;
#638 = EDGE_CURVE ( 'NONE', #1843, #850, #2080, .T. ) ;
#639 = CARTESIAN_POINT ( 'NONE',  ( 11.39999999999999680, -0.5999999999999985345, 11.00000000000000000 ) ) ;
#640 = ORIENTED_EDGE ( 'NONE', *, *, #2065, .F. ) ;
#641 = EDGE_CURVE ( 'NONE', #970, #2295, #890, .T. ) ;
#642 = ORIENTED_EDGE ( 'NONE', *, *, #1851, .F. ) ;
#643 = DIRECTION ( 'NONE',  ( 1.224646799147353207E-16, -1.000000000000000000, 0.000000000000000000 ) ) ;
#644 = DIRECTION ( 'NONE',  ( -0.000000000000000000, -0.000000000000000000, -1.000000000000000000 ) ) ;
#645 = ORIENTED_EDGE ( 'NONE', *, *, #501, .F. ) ;
#646 = LINE ( 'NONE', #57, #2166 ) ;
#647 = CARTESIAN_POINT ( 'NONE',  ( 1.300000000000000044, 1.200000000000001510, 11.00000000000000000 ) ) ;
#648 = CARTESIAN_POINT ( 'NONE',  ( 0.02882488258020959870, -0.3820327682637003064, 8.855295759042100201 ) ) ;
#649 = DIRECTION ( 'NONE',  ( 1.000000000000000000, 0.000000000000000000, 0.000000000000000000 ) ) ;
#650 = ORIENTED_EDGE ( 'NONE', *, *, #2581, .F. ) ;
#651 = DIRECTION ( 'NONE',  ( -1.224646799147353207E-16, 1.000000000000000000, -0.000000000000000000 ) ) ;
#652 = EDGE_CURVE ( 'NONE', #567, #73, #2312, .T. ) ;
#653 = VERTEX_POINT ( 'NONE', #2178 ) ;
#654 = VERTEX_POINT ( 'NONE', #97 ) ;
#655 = DIRECTION ( 'NONE',  ( 0.000000000000000000, 0.000000000000000000, -1.000000000000000000 ) ) ;
#656 = EDGE_CURVE ( 'NONE', #1069, #626, #1784, .T. ) ;
#657 = LINE ( 'NONE', #407, #789 ) ;
#658 = VERTEX_POINT ( 'NONE', #315 ) ;
#659 = FACE_BOUND ( 'NONE', #2685, .T. ) ;
#660 = ORIENTED_EDGE ( 'NONE', *, *, #1621, .T. ) ;
#661 =( NAMED_UNIT ( * ) SI_UNIT ( $, .STERADIAN. ) SOLID_ANGLE_UNIT ( ) );
#662 = CARTESIAN_POINT ( 'NONE',  ( 0.1242003886410169983, -0.2296941986259229962, 1.896905718370681448 ) ) ;
#663 = CARTESIAN_POINT ( 'NONE',  ( -4.230929571535228715E-16, -0.4917370611801933911, 8.945190880151121959 ) ) ;
#664 = CARTESIAN_POINT ( 'NONE',  ( 5.999999999999998224, -7.100000000000001421, 2.960000000000000409 ) ) ;
#665 = AXIS2_PLACEMENT_3D ( 'NONE', #2182, #903, #680 ) ;
#666 = AXIS2_PLACEMENT_3D ( 'NONE', #1199, #2010, #2025 ) ;
#667 = CARTESIAN_POINT ( 'NONE',  ( 1.999999999999997113, -9.700000000000002842, 2.799999999999990941 ) ) ;
#668 = VERTEX_POINT ( 'NONE', #1234 ) ;
#669 = CIRCLE ( 'NONE', #793, 0.7999999999999947153 ) ;
#670 = ORIENTED_EDGE ( 'NONE', *, *, #238, .F. ) ;
#671 = DIRECTION ( 'NONE',  ( 1.000000000000000000, 0.000000000000000000, 0.000000000000000000 ) ) ;
#672 = FACE_OUTER_BOUND ( 'NONE', #813, .T. ) ;
#673 = VERTEX_POINT ( 'NONE', #1379 ) ;
#674 = FACE_OUTER_BOUND ( 'NONE', #2693, .T. ) ;
#675 = EDGE_CURVE ( 'NONE', #1518, #566, #1638, .T. ) ;
#676 = ORIENTED_EDGE ( 'NONE', *, *, #860, .T. ) ;
#677 = DIRECTION ( 'NONE',  ( 0.7660444431189746828, -0.6427876096865432487, 0.000000000000000000 ) ) ;
#678 = FACE_OUTER_BOUND ( 'NONE', #987, .T. ) ;
#679 = CARTESIAN_POINT ( 'NONE',  ( 6.000000000000000000, 7.347880794884119736E-16, 9.000000000000001776 ) ) ;
#680 = DIRECTION ( 'NONE',  ( 1.000000000000000000, 5.204170427930416550E-15, 0.000000000000000000 ) ) ;
#681 = DIRECTION ( 'NONE',  ( -1.292281018234824063E-16, -1.000000000000000000, 0.000000000000000000 ) ) ;
#682 = ORIENTED_EDGE ( 'NONE', *, *, #928, .F. ) ;
#683 = CARTESIAN_POINT ( 'NONE',  ( 8.893339216718622708, -4.599898908220771077, 2.212217725090808162 ) ) ;
#684 = DIRECTION ( 'NONE',  ( -1.224646799147353207E-16, 1.000000000000000000, -0.000000000000000000 ) ) ;
#685 = ORIENTED_EDGE ( 'NONE', *, *, #615, .T. ) ;
#686 = ORIENTED_EDGE ( 'NONE', *, *, #257, .T. ) ;
#687 = CARTESIAN_POINT ( 'NONE',  ( 1.399999999999997025, -2.999999999999999556, 2.040137090086451277 ) ) ;
#688 = EDGE_CURVE ( 'NONE', #459, #874, #752, .T. ) ;
#689 = B_SPLINE_CURVE_WITH_KNOTS ( 'NONE', 3,
 ( #1152, #808, #569, #589, #1445, #927, #1833, #1435, #2613, #1846, #2239, #380, #718, #1581, #1208, #2039, #2624, #1568, #2404, #1982, #508, #731, #990, #1627, #2686, #177, #1457, #1487 ),
 .UNSPECIFIED., .F., .F.,
 ( 4, 2, 2, 2, 2, 2, 2, 2, 2, 2, 2, 2, 2, 4 ),
 ( 0.000000000000000000, 0.0003138640111024600587, 0.0006277280222049201174, 0.0009415920333073802845, 0.001255456044409840235, 0.001883184066614760569, 0.002510912088819680470, 0.002824776099922140637, 0.003138640111024600804, 0.003452504122127060537, 0.003766368133229521138, 0.004394096155434440605, 0.004707960166536900339, 0.005021824177639360072 ),
 .UNSPECIFIED. ) ;
#690 = CYLINDRICAL_SURFACE ( 'NONE', #1513, 0.5999999999999999778 ) ;
#691 = DIRECTION ( 'NONE',  ( 0.000000000000000000, 0.000000000000000000, -1.000000000000000000 ) ) ;
#692 = LINE ( 'NONE', #479, #2650 ) ;
#693 = EDGE_CURVE ( 'NONE', #1748, #1179, #78, .T. ) ;
#694 = CARTESIAN_POINT ( 'NONE',  ( 11.87580177349511068, -0.2296968896030091578, 1.896903761266043320 ) ) ;
#695 = ORIENTED_EDGE ( 'NONE', *, *, #1498, .F. ) ;
#696 = CARTESIAN_POINT ( 'NONE',  ( 8.201205062544653757, -4.390240940983318296, 2.311252762737503463 ) ) ;
#697 = CARTESIAN_POINT ( 'NONE',  ( -1.226133748538957997E-15, -9.700000000000001066, 11.00000000000000000 ) ) ;
#698 = ORIENTED_EDGE ( 'NONE', *, *, #48, .F. ) ;
#699 = VERTEX_POINT ( 'NONE', #1590 ) ;
#700 = DIRECTION ( 'NONE',  ( 0.000000000000000000, -0.000000000000000000, -1.000000000000000000 ) ) ;
#701 = EDGE_CURVE ( 'NONE', #184, #1472, #1180, .T. ) ;
#702 = CARTESIAN_POINT ( 'NONE',  ( 11.99999999999999645, -0.5999999999999985345, 1.603004712163095702 ) ) ;
#703 = FACE_OUTER_BOUND ( 'NONE', #1104, .T. ) ;
#704 = DIRECTION ( 'NONE',  ( 1.000000000000000000, 1.224646799147353207E-16, 0.000000000000000000 ) ) ;
#705 = EDGE_CURVE ( 'NONE', #1026, #406, #762, .T. ) ;
#706 = DIRECTION ( 'NONE',  ( 0.000000000000000000, 0.000000000000000000, 1.000000000000000000 ) ) ;
#707 = VECTOR ( 'NONE', #1182, 1000.000000000000000 ) ;
#708 = FACE_OUTER_BOUND ( 'NONE', #2671, .T. ) ;
#709 = VECTOR ( 'NONE', #326, 1000.000000000000114 ) ;
#710 = CARTESIAN_POINT ( 'NONE',  ( 10.39726829679901954, -3.807078063906753407, 2.053142798307447059 ) ) ;
#711 = LINE ( 'NONE', #697, #2344 ) ;
#712 = ORIENTED_EDGE ( 'NONE', *, *, #2548, .F. ) ;
#713 = ORIENTED_EDGE ( 'NONE', *, *, #1007, .T. ) ;
#714 = VECTOR ( 'NONE', #684, 1000.000000000000000 ) ;
#715 = LINE ( 'NONE', #1314, #2301 ) ;
#716 = DIRECTION ( 'NONE',  ( 1.445602896647339410E-16, -1.000000000000000000, -0.000000000000000000 ) ) ;
#717 = FILL_AREA_STYLE_COLOUR ( '', #1597 ) ;
#718 = CARTESIAN_POINT ( 'NONE',  ( 8.789350993705655313, -1.400382137911551306, 2.226127270754155951 ) ) ;
#719 = CARTESIAN_POINT ( 'NONE',  ( 4.599999999999997868, -3.000000000000000000, 0.000000000000000000 ) ) ;
#720 = EDGE_CURVE ( 'NONE', #737, #2532, #2392, .T. ) ;
#721 = ORIENTED_EDGE ( 'NONE', *, *, #2584, .T. ) ;
#722 = CARTESIAN_POINT ( 'NONE',  ( 9.512478911307972851, -4.519319695232115741, 2.134240315526225285 ) ) ;
#723 = DIRECTION ( 'NONE',  ( -0.000000000000000000, -0.000000000000000000, -1.000000000000000000 ) ) ;
#724 = VERTEX_POINT ( 'NONE', #2643 ) ;
#725 = ORIENTED_EDGE ( 'NONE', *, *, #1239, .T. ) ;
#726 = B_SPLINE_SURFACE_WITH_KNOTS ( 'NONE', 3, 1, ( 
 ( #2481, #2271 ),
 ( #754, #2218 ),
 ( #2687, #1608 ),
 ( #331, #1236 ) ),
 .UNSPECIFIED., .F., .F., .F.,
 ( 4, 4 ),
 ( 2, 2 ),
 ( 0.000000000000000000, 0.9549077499941688307 ),
 ( 0.000000000000000000, 1.000000000000000000 ),
 .UNSPECIFIED. ) ;
#727 = B_SPLINE_CURVE_WITH_KNOTS ( 'NONE', 3,
 ( #1891, #1011, #800, #2112, #9, #1452, #2293, #2321, #428, #1693, #2276, #2072, #1230, #1648, #1280, #227, #1072, #1853, #403, #1256, #1908, #2087, #24, #1704 ),
 .UNSPECIFIED., .F., .F.,
 ( 4, 2, 2, 2, 2, 2, 2, 2, 2, 2, 2, 4 ),
 ( 0.005015211849219484985, 0.005641956188237529785, 0.006268700527255575451, 0.006582072696764596983, 0.006895444866273619383, 0.007208817035782640915, 0.007522189205291663315, 0.008148933544309705512, 0.008462305713818727912, 0.008775677883327748577, 0.009402422222345791641, 0.01002916656136383471 ),
 .UNSPECIFIED. ) ;
#728 = CARTESIAN_POINT ( 'NONE',  ( 2.781806840045824014, -7.100000000000004086, 2.169640988141233073 ) ) ;
#729 = CYLINDRICAL_SURFACE ( 'NONE', #2036, 0.5999999999999999778 ) ;
#730 = CARTESIAN_POINT ( 'NONE',  ( 2.781806840045824014, -7.100000000000004086, 2.169640988141233073 ) ) ;
#731 = CARTESIAN_POINT ( 'NONE',  ( 10.27820679034330809, -2.014614288103457884, 2.061410720357172099 ) ) ;
#732 = ORIENTED_EDGE ( 'NONE', *, *, #1025, .F. ) ;
#733 = CARTESIAN_POINT ( 'NONE',  ( 3.000000000000000000, 0.5000000000000003331, 9.500000000000000000 ) ) ;
#734 = EDGE_CURVE ( 'NONE', #2336, #1830, #171, .T. ) ;
#735 = LINE ( 'NONE', #159, #1017 ) ;
#736 = DIRECTION ( 'NONE',  ( 1.445602896647339410E-16, -1.000000000000000000, -0.000000000000000000 ) ) ;
#737 = VERTEX_POINT ( 'NONE', #2632 ) ;
#738 = ORIENTED_EDGE ( 'NONE', *, *, #565, .T. ) ;
#739 = ADVANCED_FACE ( 'NONE', ( #2216, #1434, #529, #2006, #2257, #2267 ), #1604, .T. ) ;
#740 = CARTESIAN_POINT ( 'NONE',  ( 10.82553602878860133, -5.881353885848018770, 2.027817538882102699 ) ) ;
#741 =( LENGTH_UNIT ( ) NAMED_UNIT ( * ) SI_UNIT ( .MILLI., .METRE. ) );
#742 = ORIENTED_EDGE ( 'NONE', *, *, #1933, .F. ) ;
#743 = CARTESIAN_POINT ( 'NONE',  ( 11.00414222394533148, -6.264376107407495731, 11.00000000000000000 ) ) ;
#744 = LINE ( 'NONE', #337, #709 ) ;
#745 = CARTESIAN_POINT ( 'NONE',  ( 3.108613872689945712, -4.599763857881531415, 2.212485724814041266 ) ) ;
#746 = ORIENTED_EDGE ( 'NONE', *, *, #1523, .F. ) ;
#747 = VECTOR ( 'NONE', #607, 1000.000000000000000 ) ;
#748 = ORIENTED_EDGE ( 'NONE', *, *, #2186, .F. ) ;
#749 = CARTESIAN_POINT ( 'NONE',  ( 7.295332143304351646, -6.100000000000001421, 2.428855350659963275 ) ) ;
#750 = AXIS2_PLACEMENT_3D ( 'NONE', #2169, #2181, #1306 ) ;
#751 = EDGE_CURVE ( 'NONE', #1764, #1866, #1221, .T. ) ;
#752 = CIRCLE ( 'NONE', #135, 1.400000000000000133 ) ;
#753 = CARTESIAN_POINT ( 'NONE',  ( 0.5013606076167856918, -0.008163645700713637043, 11.00000000000000000 ) ) ;
#754 = CARTESIAN_POINT ( 'NONE',  ( 4.090184500011661228, -7.100000000000004086, 2.499999999999998224 ) ) ;
#755 = CIRCLE ( 'NONE', #982, 0.5000000000000000000 ) ;
#756 = LINE ( 'NONE', #1612, #2473 ) ;
#757 = CARTESIAN_POINT ( 'NONE',  ( 11.99999999999999645, -4.299697111651274106, 0.000000000000000000 ) ) ;
#758 = DIRECTION ( 'NONE',  ( 0.000000000000000000, -0.000000000000000000, -1.000000000000000000 ) ) ;
#759 = CARTESIAN_POINT ( 'NONE',  ( 10.39773605793342881, -2.193788405342898429, 8.629132091717728770 ) ) ;
#760 = ORIENTED_EDGE ( 'NONE', *, *, #383, .T. ) ;
#761 = EDGE_LOOP ( 'NONE', ( #2236, #676, #1515, #2334, #246, #827, #1831, #1259, #377, #1934, #1010, #1155 ) ) ;
#762 = LINE ( 'NONE', #2425, #1677 ) ;
#763 = CYLINDRICAL_SURFACE ( 'NONE', #1423, 0.5000000000000000000 ) ;
#764 = EDGE_CURVE ( 'NONE', #1471, #995, #1820, .T. ) ;
#765 = ORIENTED_EDGE ( 'NONE', *, *, #908, .T. ) ;
#766 = UNCERTAINTY_MEASURE_WITH_UNIT (LENGTH_MEASURE( 1.000000000000000082E-05 ), #854, 'distance_accuracy_value', 'NONE');
#767 = DIRECTION ( 'NONE',  ( -0.000000000000000000, -0.000000000000000000, -1.000000000000000000 ) ) ;
#768 = EDGE_CURVE ( 'NONE', #2200, #1279, #2451, .T. ) ;
#769 = DIRECTION ( 'NONE',  ( -0.000000000000000000, -0.000000000000000000, 1.000000000000000000 ) ) ;
#770 = DIRECTION ( 'NONE',  ( 1.292281018234824063E-16, 1.000000000000000000, 0.000000000000000000 ) ) ;
#771 = DIRECTION ( 'NONE',  ( 0.000000000000000000, 0.000000000000000000, 1.000000000000000000 ) ) ;
#772 = ORIENTED_EDGE ( 'NONE', *, *, #2308, .T. ) ;
#773 = VERTEX_POINT ( 'NONE', #2037 ) ;
#774 =( BOUNDED_CURVE ( )  B_SPLINE_CURVE ( 3, ( #1228, #619, #1631, #411 ),
 .UNSPECIFIED., .F., .F. ) 
 B_SPLINE_CURVE_WITH_KNOTS ( ( 4, 4 ),
 ( 0.000000000000000000, 1.555559346453627922 ),
 .UNSPECIFIED. ) 
 CURVE ( )  GEOMETRIC_REPRESENTATION_ITEM ( )  RATIONAL_B_SPLINE_CURVE ( ( 1.000000000000000000, 0.8083155296697173142, 0.8083155296697173142, 1.000000000000000000 ) ) 
 REPRESENTATION_ITEM ( '' )  );
#775 = CARTESIAN_POINT ( 'NONE',  ( 11.00414222394532970, -6.264376107407501948, 2.019751638364489565 ) ) ;
#776 = CARTESIAN_POINT ( 'NONE',  ( 8.999999999999998224, -2.999999999999999556, 11.00000000000000000 ) ) ;
#777 = FACE_OUTER_BOUND ( 'NONE', #2723, .T. ) ;
#778 = CARTESIAN_POINT ( 'NONE',  ( 9.206422451818060182, -4.590060838974389767, 8.704357081812377217 ) ) ;
#779 = CARTESIAN_POINT ( 'NONE',  ( 1.000000000000000000, 0.5000000000000000000, 9.500000000000000000 ) ) ;
#780 = EDGE_CURVE ( 'NONE', #1830, #1531, #244, .T. ) ;
#781 = CARTESIAN_POINT ( 'NONE',  ( 5.999999999999998224, -9.700000000000001066, 8.040000000000002700 ) ) ;
#782 = CARTESIAN_POINT ( 'NONE',  ( 2.586682430352200246, -4.559850290006203899, 2.145027950986203802 ) ) ;
#783 = ORIENTED_EDGE ( 'NONE', *, *, #238, .T. ) ;
#784 = ORIENTED_EDGE ( 'NONE', *, *, #898, .T. ) ;
#785 = DIRECTION ( 'NONE',  ( -0.000000000000000000, -0.000000000000000000, -1.000000000000000000 ) ) ;
#786 = CARTESIAN_POINT ( 'NONE',  ( 11.61338946408942085, -0.03922826692527570103, 8.633811138549638997 ) ) ;
#787 = CIRCLE ( 'NONE', #1727, 0.5000000000000000000 ) ;
#788 = MECHANICAL_DESIGN_GEOMETRIC_PRESENTATION_REPRESENTATION (  '', ( #885 ), #1852 ) ;
#789 = VECTOR ( 'NONE', #1500, 1000.000000000000000 ) ;
#790 = CARTESIAN_POINT ( 'NONE',  ( 0.3939054436942358572, -0.03650640299899556018, 2.002958279947452347 ) ) ;
#791 = STYLED_ITEM ( 'NONE', ( #119 ), #116 ) ;
#792 = DIRECTION ( 'NONE',  ( -1.000000000000000000, -1.224646799147353207E-16, -0.000000000000000000 ) ) ;
#793 = AXIS2_PLACEMENT_3D ( 'NONE', #2716, #1273, #2315 ) ;
#794 = AXIS2_PLACEMENT_3D ( 'NONE', #1770, #282, #924 ) ;
#795 = CARTESIAN_POINT ( 'NONE',  ( 7.796179737727691794, -4.059093962186510751, 8.873714394002803374 ) ) ;
#796 = MECHANICAL_DESIGN_GEOMETRIC_PRESENTATION_REPRESENTATION (  '', ( #1983 ), #186 ) ;
#797 = FACE_BOUND ( 'NONE', #1800, .T. ) ;
#798 = ORIENTED_EDGE ( 'NONE', *, *, #416, .F. ) ;
#799 = AXIS2_PLACEMENT_3D ( 'NONE', #1714, #1328, #2622 ) ;
#800 = CARTESIAN_POINT ( 'NONE',  ( 4.557857975031017084, -2.579704572517431682, 8.915448415171663754 ) ) ;
#801 = EDGE_CURVE ( 'NONE', #555, #1738, #150, .T. ) ;
#802 = MECHANICAL_DESIGN_GEOMETRIC_PRESENTATION_REPRESENTATION (  '', ( #2130 ), #1692 ) ;
#803 = PRESENTATION_STYLE_ASSIGNMENT (( #1053 ) ) ;
#804 = ORIENTED_EDGE ( 'NONE', *, *, #1226, .F. ) ;
#805 = ORIENTED_EDGE ( 'NONE', *, *, #2053, .T. ) ;
#806 = FACE_OUTER_BOUND ( 'NONE', #2008, .T. ) ;
#807 = EDGE_CURVE ( 'NONE', #170, #2133, #1473, .T. ) ;
#808 = CARTESIAN_POINT ( 'NONE',  ( 7.399999999999882228, -2.893870895249370356, 2.417308015595516224 ) ) ;
#809 = CARTESIAN_POINT ( 'NONE',  ( -7.753686109408941665E-17, -0.5999999999999997558, 1.603004712163095702 ) ) ;
#810 = DIRECTION ( 'NONE',  ( -0.000000000000000000, -0.000000000000000000, -1.000000000000000000 ) ) ;
#811 = CARTESIAN_POINT ( 'NONE',  ( 7.612114802481671383, -3.802949118737137368, 8.895981634583010944 ) ) ;
#812 = CARTESIAN_POINT ( 'NONE',  ( 10.59999999999999964, -2.999999999999999556, 11.00000000000000000 ) ) ;
#813 = EDGE_LOOP ( 'NONE', ( #1454, #1014, #713, #1720 ) ) ;
#814 = CARTESIAN_POINT ( 'NONE',  ( 11.61338946408941908, 0.000000000000000000, 8.633811138549637221 ) ) ;
#815 = ORIENTED_EDGE ( 'NONE', *, *, #205, .F. ) ;
#816 = EDGE_CURVE ( 'NONE', #1471, #2489, #1056, .T. ) ;
#817 = ORIENTED_EDGE ( 'NONE', *, *, #2442, .T. ) ;
#818 = SURFACE_SIDE_STYLE ('',( #1486 ) ) ;
#819 = CARTESIAN_POINT ( 'NONE',  ( 8.999999999999998224, -2.999999999999999556, 11.00000000000000000 ) ) ;
#820 = ORIENTED_EDGE ( 'NONE', *, *, #1519, .F. ) ;
#821 = CARTESIAN_POINT ( 'NONE',  ( 1.999999999999997113, -7.100000000000001421, 2.000000000000000888 ) ) ;
#822 = ADVANCED_FACE ( 'NONE', ( #2314 ), #628, .F. ) ;
#823 = APPLICATION_PROTOCOL_DEFINITION ( 'draft international standard', 'automotive_design', 1998, #1194 ) ;
#824 = CARTESIAN_POINT ( 'NONE',  ( 11.99999999999999645, -0.5999999999999985345, 11.00000000000000000 ) ) ;
#825 = DIRECTION ( 'NONE',  ( 0.000000000000000000, 0.000000000000000000, -1.000000000000000000 ) ) ;
#826 = DIRECTION ( 'NONE',  ( 0.000000000000000000, 0.000000000000000000, -1.000000000000000000 ) ) ;
#827 = ORIENTED_EDGE ( 'NONE', *, *, #693, .T. ) ;
#828 = CARTESIAN_POINT ( 'NONE',  ( 10.82553602878860133, -5.881353885848018770, 2.027817538882102699 ) ) ;
#829 = FILL_AREA_STYLE_COLOUR ( '', #1376 ) ;
#830 = ORIENTED_EDGE ( 'NONE', *, *, #1791, .T. ) ;
#831 = ORIENTED_EDGE ( 'NONE', *, *, #1802, .F. ) ;
#832 = FILL_AREA_STYLE_COLOUR ( '', #1899 ) ;
#833 = CARTESIAN_POINT ( 'NONE',  ( 3.144475177821185241, 3.850871461517018993E-16, 2.067365344178801134 ) ) ;
#834 = EDGE_LOOP ( 'NONE', ( #1937, #1269, #1036, #1220, #115 ) ) ;
#835 = CARTESIAN_POINT ( 'NONE',  ( 5.999999999999999112, -7.100000000000002309, 2.499999999999999556 ) ) ;
#836 = CARTESIAN_POINT ( 'NONE',  ( 0.2659238702023364875, -0.09731385948407281217, 1.984112169558318373 ) ) ;
#837 = CIRCLE ( 'NONE', #1549, 1.400000000000000133 ) ;
#838 = EDGE_CURVE ( 'NONE', #2570, #2625, #1333, .T. ) ;
#839 = VECTOR ( 'NONE', #651, 1000.000000000000000 ) ;
#840 = CIRCLE ( 'NONE', #2387, 0.5000000000000000000 ) ;
#841 =( NAMED_UNIT ( * ) PLANE_ANGLE_UNIT ( ) SI_UNIT ( $, .RADIAN. ) );
#842 = DIRECTION ( 'NONE',  ( -0.000000000000000000, 0.000000000000000000, -1.000000000000000000 ) ) ;
#843 = AXIS2_PLACEMENT_3D ( 'NONE', #267, #1931, #902 ) ;
#844 = EDGE_LOOP ( 'NONE', ( #2429, #585 ) ) ;
#845 = AXIS2_PLACEMENT_3D ( 'NONE', #947, #1792, #1184 ) ;
#846 = VECTOR ( 'NONE', #785, 1000.000000000000000 ) ;
#847 = DIRECTION ( 'NONE',  ( -0.000000000000000000, -0.000000000000000000, -1.000000000000000000 ) ) ;
#848 = CIRCLE ( 'NONE', #2393, 1.499999999999999556 ) ;
#849 = ORIENTED_EDGE ( 'NONE', *, *, #1399, .T. ) ;
#850 = VERTEX_POINT ( 'NONE', #2105 ) ;
#851 = CYLINDRICAL_SURFACE ( 'NONE', #2204, 0.7999999999999942712 ) ;
#852 = CYLINDRICAL_SURFACE ( 'NONE', #2339, 1.400000000000000577 ) ;
#853 = ORIENTED_EDGE ( 'NONE', *, *, #860, .F. ) ;
#854 =( LENGTH_UNIT ( ) NAMED_UNIT ( * ) SI_UNIT ( .MILLI., .METRE. ) );
#855 = CARTESIAN_POINT ( 'NONE',  ( 10.59420603575378372, -7.100000000000001421, 6.049074606927078435 ) ) ;
#856 = ADVANCED_FACE ( 'NONE', ( #1871 ), #851, .F. ) ;
#857 = LINE ( 'NONE', #1095, #2125 ) ;
#858 = CARTESIAN_POINT ( 'NONE',  ( 5.999999999999999112, -6.100000000000003197, 2.499999999999999556 ) ) ;
#859 = VERTEX_POINT ( 'NONE', #1707 ) ;
#860 = EDGE_CURVE ( 'NONE', #2336, #1939, #1679, .T. ) ;
#861 = LINE ( 'NONE', #2711, #1813 ) ;
#862 = ORIENTED_EDGE ( 'NONE', *, *, #2584, .F. ) ;
#863 = EDGE_LOOP ( 'NONE', ( #1403, #289, #1484, #921 ) ) ;
#864 = PLANE ( 'NONE',  #2428 ) ;
#865 = CARTESIAN_POINT ( 'NONE',  ( 1.729008953537390036, -3.977534055842943506, 8.633303208041494869 ) ) ;
#866 = EDGE_LOOP ( 'NONE', ( #1710, #230, #1494, #2580 ) ) ;
#867 = LINE ( 'NONE', #1287, #1021 ) ;
#868 = EDGE_LOOP ( 'NONE', ( #37, #2684, #1377, #698, #413 ) ) ;
#869 = PLANE ( 'NONE',  #579 ) ;
#870 = DIRECTION ( 'NONE',  ( -1.000000000000000000, 0.000000000000000000, 0.000000000000000000 ) ) ;
#871 = DIRECTION ( 'NONE',  ( 0.000000000000000000, 0.000000000000000000, -1.000000000000000000 ) ) ;
#872 = CARTESIAN_POINT ( 'NONE',  ( 11.61338946408942085, -6.775595241908184185, 8.633811138549638997 ) ) ;
#873 = ADVANCED_FACE ( 'NONE', ( #806 ), #864, .F. ) ;
#874 = VERTEX_POINT ( 'NONE', #2337 ) ;
#875 = EDGE_LOOP ( 'NONE', ( #2474, #760, #1001, #2620 ) ) ;
#876 = DIRECTION ( 'NONE',  ( 1.000000000000000000, 0.000000000000000000, 0.000000000000000000 ) ) ;
#877 = LINE ( 'NONE', #1680, #1639 ) ;
#878 = EDGE_LOOP ( 'NONE', ( #2199, #725, #660, #965 ) ) ;
#879 = FACE_BOUND ( 'NONE', #1923, .T. ) ;
#880 = VERTEX_POINT ( 'NONE', #27 ) ;
#881 = CARTESIAN_POINT ( 'NONE',  ( 4.599999999999997868, -7.100000000000001421, 2.960000000000000409 ) ) ;
#882 = FACE_OUTER_BOUND ( 'NONE', #123, .T. ) ;
#883 = CARTESIAN_POINT ( 'NONE',  ( 1.000000000000000000, -0.9999999999999986677, 11.00000000000000000 ) ) ;
#884 = VECTOR ( 'NONE', #158, 1000.000000000000000 ) ;
#885 = STYLED_ITEM ( 'NONE', ( #1664 ), #856 ) ;
#886 = VECTOR ( 'NONE', #46, 1000.000000000000000 ) ;
#887 = CYLINDRICAL_SURFACE ( 'NONE', #1458, 0.2999999999999999334 ) ;
#888 = VECTOR ( 'NONE', #736, 1000.000000000000000 ) ;
#889 = VECTOR ( 'NONE', #140, 1000.000000000000000 ) ;
#890 = CIRCLE ( 'NONE', #2432, 0.4000000000000000777 ) ;
#891 = ORIENTED_EDGE ( 'NONE', *, *, #1153, .F. ) ;
#892 = EDGE_CURVE ( 'NONE', #2616, #2489, #2551, .T. ) ;
#893 = PLANE ( 'NONE',  #2688 ) ;
#894 = DIRECTION ( 'NONE',  ( 0.000000000000000000, 0.000000000000000000, -1.000000000000000000 ) ) ;
#895 = ORIENTED_EDGE ( 'NONE', *, *, #2455, .T. ) ;
#896 = CARTESIAN_POINT ( 'NONE',  ( -8.652242485821863198E-16, -7.100000000000000533, 1.999999999999998668 ) ) ;
#897 = ORIENTED_EDGE ( 'NONE', *, *, #219, .F. ) ;
#898 = EDGE_CURVE ( 'NONE', #31, #1283, #1094, .T. ) ;
#899 = CARTESIAN_POINT ( 'NONE',  ( 4.396556157979452983, -2.191317981592586950, 2.393126935406505673 ) ) ;
#900 = FACE_OUTER_BOUND ( 'NONE', #1503, .T. ) ;
#901 = CARTESIAN_POINT ( 'NONE',  ( 0.000000000000000000, 0.000000000000000000, 2.499999999999998668 ) ) ;
#902 = DIRECTION ( 'NONE',  ( 1.000000000000000000, 1.548860246407862843E-16, 0.000000000000000000 ) ) ;
#903 = DIRECTION ( 'NONE',  ( 0.000000000000000000, -0.000000000000000000, -1.000000000000000000 ) ) ;
#904 = ORIENTED_EDGE ( 'NONE', *, *, #480, .F. ) ;
#905 = CARTESIAN_POINT ( 'NONE',  ( 8.292771785455499867, -4.438999564315050606, 2.297969346389350243 ) ) ;
#906 = DIRECTION ( 'NONE',  ( 1.445602896647339410E-16, -1.000000000000000000, -0.000000000000000000 ) ) ;
#907 = ORIENTED_EDGE ( 'NONE', *, *, #638, .F. ) ;
#908 = EDGE_CURVE ( 'NONE', #673, #1748, #1032, .T. ) ;
#909 = CARTESIAN_POINT ( 'NONE',  ( 7.399999999999879563, -2.999999999999999112, 2.417308015595516224 ) ) ;
#910 = VERTEX_POINT ( 'NONE', #2092 ) ;
#911 = CARTESIAN_POINT ( 'NONE',  ( 2.794324902463277471, -1.399727272120917076, 2.170463915640941099 ) ) ;
#912 = EDGE_CURVE ( 'NONE', #859, #2535, #1595, .T. ) ;
#913 = CARTESIAN_POINT ( 'NONE',  ( 2.059999999999995612, -1.140202025355332438, 5.500000000000000888 ) ) ;
#914 = CARTESIAN_POINT ( 'NONE',  ( 1.999999999999997113, -9.700000000000001066, 1.200000000000006395 ) ) ;
#915 = DIRECTION ( 'NONE',  ( 1.000000000000000000, 0.000000000000000000, 0.000000000000000000 ) ) ;
#916 = DIRECTION ( 'NONE',  ( 0.000000000000000000, 0.000000000000000000, 1.000000000000000000 ) ) ;
#917 = DIRECTION ( 'NONE',  ( -7.924735217559104949E-17, -1.000000000000000000, 0.000000000000000000 ) ) ;
#918 = CARTESIAN_POINT ( 'NONE',  ( 5.999999999999998224, -9.700000000000001066, 2.960000000000000409 ) ) ;
#919 = DIRECTION ( 'NONE',  ( 1.224646799147353207E-16, -1.000000000000000000, 0.000000000000000000 ) ) ;
#920 = ORIENTED_EDGE ( 'NONE', *, *, #1483, .T. ) ;
#921 = ORIENTED_EDGE ( 'NONE', *, *, #2154, .F. ) ;
#922 = CARTESIAN_POINT ( 'NONE',  ( 0.5999999999944993778, 7.347880794816756438E-17, 8.627699113980087375 ) ) ;
#923 = DIRECTION ( 'NONE',  ( 0.000000000000000000, 1.000000000000000000, 0.000000000000000000 ) ) ;
#924 = DIRECTION ( 'NONE',  ( 1.000000000000000000, 3.469446951953611033E-15, 0.000000000000000000 ) ) ;
#925 = ADVANCED_FACE ( 'NONE', ( #471 ), #893, .T. ) ;
#926 = EDGE_CURVE ( 'NONE', #1764, #1090, #2565, .T. ) ;
#927 = CARTESIAN_POINT ( 'NONE',  ( 7.563207584038241116, -2.288184470101172874, 2.397995821568470021 ) ) ;
#928 = EDGE_CURVE ( 'NONE', #514, #2498, #1935, .T. ) ;
#929 = B_SPLINE_CURVE_WITH_KNOTS ( 'NONE', 3,
 ( #2330, #1685, #836, #2556, #662, #1062, #2506, #1263 ),
 .UNSPECIFIED., .F., .F.,
 ( 4, 2, 2, 4 ),
 ( 0.000000000000000000, 0.0002117424383562199817, 0.0004234848767124399635, 0.0008469697534248796017 ),
 .UNSPECIFIED. ) ;
#930 = LINE ( 'NONE', #1948, #1290 ) ;
#931 = ORIENTED_EDGE ( 'NONE', *, *, #838, .F. ) ;
#932 = VECTOR ( 'NONE', #2183, 1000.000000000000000 ) ;
#933 = CARTESIAN_POINT ( 'NONE',  ( 10.05509617109486875, -4.207355228299715755, 2.079975521449452192 ) ) ;
#934 = CARTESIAN_POINT ( 'NONE',  ( 4.056227620414664337, -4.206340276279559198, 2.347825771431364394 ) ) ;
#935 = CIRCLE ( 'NONE', #2469, 0.7999999999999986011 ) ;
#936 = CIRCLE ( 'NONE', #2468, 1.400000000000000133 ) ;
#937 = ORIENTED_EDGE ( 'NONE', *, *, #675, .F. ) ;
#938 = ORIENTED_EDGE ( 'NONE', *, *, #1272, .T. ) ;
#939 = VECTOR ( 'NONE', #1012, 1000.000000000000000 ) ;
#940 = CARTESIAN_POINT ( 'NONE',  ( 1.399999999999996581, -2.999999999999999556, 8.624677414323413061 ) ) ;
#941 = AXIS2_PLACEMENT_3D ( 'NONE', #1140, #1524, #1943 ) ;
#942 = CARTESIAN_POINT ( 'NONE',  ( -1.226133748538957997E-15, -9.700000000000001066, 11.00000000000000000 ) ) ;
#943 = CYLINDRICAL_SURFACE ( 'NONE', #2170, 0.7999999999999944933 ) ;
#944 = CARTESIAN_POINT ( 'NONE',  ( 3.619329033105977533, -7.100000000000004086, 8.838756549257908546 ) ) ;
#945 = ORIENTED_EDGE ( 'NONE', *, *, #1718, .T. ) ;
#946 = CARTESIAN_POINT ( 'NONE',  ( 0.3866105359105730943, -7.100000000000004086, 8.633811138549638997 ) ) ;
#947 = CARTESIAN_POINT ( 'NONE',  ( 2.999999999999997335, -3.000000000000000000, 11.00000000000000000 ) ) ;
#948 = EDGE_CURVE ( 'NONE', #1073, #1884, #2164, .T. ) ;
#949 = CYLINDRICAL_SURFACE ( 'NONE', #1552, 1.400000000000000133 ) ;
#950 = CARTESIAN_POINT ( 'NONE',  ( 3.516180310914686302, -4.518038936436098219, 2.270280987153415087 ) ) ;
#951 = EDGE_LOOP ( 'NONE', ( #2047, #2720 ) ) ;
#952 = VERTEX_POINT ( 'NONE', #486 ) ;
#953 = CARTESIAN_POINT ( 'NONE',  ( 1.000000000000000000, 0.5000000000000000000, 11.00000000000000000 ) ) ;
#954 = DIRECTION ( 'NONE',  ( -1.000000000000000000, 0.000000000000000000, 0.000000000000000000 ) ) ;
#955 = FILL_AREA_STYLE ('',( #717 ) ) ;
#956 = VERTEX_POINT ( 'NONE', #2396 ) ;
#957 = CARTESIAN_POINT ( 'NONE',  ( 11.40000000000549818, 1.396097351028656112E-15, 8.627699113980087375 ) ) ;
#958 =( LENGTH_UNIT ( ) NAMED_UNIT ( * ) SI_UNIT ( .MILLI., .METRE. ) );
#959 = CARTESIAN_POINT ( 'NONE',  ( 7.399999999999998579, -9.700000000000001066, 8.040000000000002700 ) ) ;
#960 = EDGE_CURVE ( 'NONE', #1077, #2086, #2354, .T. ) ;
#961 = CARTESIAN_POINT ( 'NONE',  ( 8.484554956046624241, -1.481703986011869922, 8.785987951625982006 ) ) ;
#962 = ORIENTED_EDGE ( 'NONE', *, *, #1836, .F. ) ;
#963 = ORIENTED_EDGE ( 'NONE', *, *, #2681, .F. ) ;
#964 =( NAMED_UNIT ( * ) PLANE_ANGLE_UNIT ( ) SI_UNIT ( $, .RADIAN. ) );
#965 = ORIENTED_EDGE ( 'NONE', *, *, #2154, .T. ) ;
#966 = CARTESIAN_POINT ( 'NONE',  ( 10.54837831553718708, -3.416548729961828013, 8.625631106054507669 ) ) ;
#967 = CYLINDRICAL_SURFACE ( 'NONE', #1018, 0.3999999999999993006 ) ;
#968 = DIRECTION ( 'NONE',  ( 0.000000000000000000, 1.000000000000000000, 0.000000000000000000 ) ) ;
#969 = CARTESIAN_POINT ( 'NONE',  ( 4.599999999999996980, -1.140202025355332438, 2.960000000000000409 ) ) ;
#970 = VERTEX_POINT ( 'NONE', #1962 ) ;
#971 = CIRCLE ( 'NONE', #2202, 1.600000000000000755 ) ;
#972 = VECTOR ( 'NONE', #1653, 1000.000000000000000 ) ;
#973 = EDGE_CURVE ( 'NONE', #1352, #737, #2100, .T. ) ;
#974 = ORIENTED_EDGE ( 'NONE', *, *, #562, .F. ) ;
#975 = DIRECTION ( 'NONE',  ( -7.924735217559104949E-17, -1.000000000000000000, 0.000000000000000000 ) ) ;
#976 = AXIS2_PLACEMENT_3D ( 'NONE', #385, #1035, #2097 ) ;
#977 = EDGE_CURVE ( 'NONE', #2133, #1077, #2117, .T. ) ;
#978 = CIRCLE ( 'NONE', #1337, 1.600000000000002531 ) ;
#979 = VECTOR ( 'NONE', #1970, 1000.000000000000000 ) ;
#980 = CARTESIAN_POINT ( 'NONE',  ( 5.999999999999998224, -9.700000000000001066, 2.960000000000000409 ) ) ;
#981 = ORIENTED_EDGE ( 'NONE', *, *, #366, .T. ) ;
#982 = AXIS2_PLACEMENT_3D ( 'NONE', #2634, #2440, #544 ) ;
#983 = FACE_OUTER_BOUND ( 'NONE', #124, .T. ) ;
#984 = DIRECTION ( 'NONE',  ( 0.000000000000000000, -0.000000000000000000, 1.000000000000000000 ) ) ;
#985 = DIRECTION ( 'NONE',  ( 1.000000000000000000, -1.292281018234824063E-16, 0.000000000000000000 ) ) ;
#986 = CARTESIAN_POINT ( 'NONE',  ( 2.295703955385269168, -4.440471508462798589, 2.113399304585220406 ) ) ;
#987 = EDGE_LOOP ( 'NONE', ( #138, #277, #1533, #1949 ) ) ;
#988 = ORIENTED_EDGE ( 'NONE', *, *, #2124, .T. ) ;
#989 = CARTESIAN_POINT ( 'NONE',  ( 5.999999999999999112, -6.100000000000003197, 2.499999999999999556 ) ) ;
#990 = CARTESIAN_POINT ( 'NONE',  ( 10.39646012114513063, -2.191132966152489647, 2.053196788524042748 ) ) ;
#991 = EDGE_CURVE ( 'NONE', #1443, #1402, #971, .T. ) ;
#992 = DIRECTION ( 'NONE',  ( -0.000000000000000000, 1.000000000000000000, -0.000000000000000000 ) ) ;
#993 = DIRECTION ( 'NONE',  ( -1.000000000000000000, -1.224646799147353207E-16, -0.000000000000000000 ) ) ;
#994 = ADVANCED_FACE ( 'NONE', ( #1973 ), #1529, .F. ) ;
#995 = VERTEX_POINT ( 'NONE', #1118 ) ;
#996 = CARTESIAN_POINT ( 'NONE',  ( 0.6809775461005493913, -7.100000000000004086, 2.007332730465849036 ) ) ;
#997 = CARTESIAN_POINT ( 'NONE',  ( 2.500000000000000000, 0.5000000000000002220, 9.500000000000000000 ) ) ;
#998 = CYLINDRICAL_SURFACE ( 'NONE', #2514, 0.3999999999999993006 ) ;
#999 = CARTESIAN_POINT ( 'NONE',  ( 9.207173939281551256, -1.410057943007009928, 8.704285912379109647 ) ) ;
#1000 = EDGE_LOOP ( 'NONE', ( #451, #1571, #1233, #2016 ) ) ;
#1001 = ORIENTED_EDGE ( 'NONE', *, *, #152, .F. ) ;
#1002 = CARTESIAN_POINT ( 'NONE',  ( 4.704667856695644801, -6.100000000000001421, 2.428855350659963275 ) ) ;
#1003 = CARTESIAN_POINT ( 'NONE',  ( 11.99999999999999645, -0.5999999999999985345, 9.033586978554255964 ) ) ;
#1004 = FACE_OUTER_BOUND ( 'NONE', #1391, .T. ) ;
#1005 = CARTESIAN_POINT ( 'NONE',  ( 11.99999999999999645, 1.469576158976823553E-15, 0.000000000000000000 ) ) ;
#1006 = DIRECTION ( 'NONE',  ( -0.000000000000000000, 0.000000000000000000, -1.000000000000000000 ) ) ;
#1007 = EDGE_CURVE ( 'NONE', #247, #1313, #1516, .T. ) ;
#1008 = CARTESIAN_POINT ( 'NONE',  ( 7.562809655966343136, -3.710994903357686781, 8.901709228637006532 ) ) ;
#1009 = CARTESIAN_POINT ( 'NONE',  ( 10.82553602878859600, -5.764346439151083246, 8.622169654530578597 ) ) ;
#1010 = ORIENTED_EDGE ( 'NONE', *, *, #1187, .T. ) ;
#1011 = CARTESIAN_POINT ( 'NONE',  ( 4.600000000002594902, -2.790669105198924083, 8.919885059346889022 ) ) ;
#1012 = DIRECTION ( 'NONE',  ( -1.000000000000000000, -1.224646799147353207E-16, 0.000000000000000000 ) ) ;
#1013 = EDGE_LOOP ( 'NONE', ( #1031, #2147, #2582, #642, #344, #988 ) ) ;
#1014 = ORIENTED_EDGE ( 'NONE', *, *, #2679, .T. ) ;
#1015 = CARTESIAN_POINT ( 'NONE',  ( 11.99999999999999645, -4.299697111651274106, 0.000000000000000000 ) ) ;
#1016 = DIRECTION ( 'NONE',  ( 1.000000000000000000, 0.000000000000000000, 0.000000000000000000 ) ) ;
#1017 = VECTOR ( 'NONE', #968, 1000.000000000000000 ) ;
#1018 = AXIS2_PLACEMENT_3D ( 'NONE', #1594, #561, #1613 ) ;
#1019 = CARTESIAN_POINT ( 'NONE',  ( 10.94251380722911371, -5.559960081004735599, 0.000000000000000000 ) ) ;
#1020 = CIRCLE ( 'NONE', #448, 1.600000000000002531 ) ;
#1021 = VECTOR ( 'NONE', #325, 1000.000000000000000 ) ;
#1022 =( NAMED_UNIT ( * ) SI_UNIT ( $, .STERADIAN. ) SOLID_ANGLE_UNIT ( ) );
#1023 = VECTOR ( 'NONE', #1346, 1000.000000000000000 ) ;
#1024 = LINE ( 'NONE', #2054, #1207 ) ;
#1025 = EDGE_CURVE ( 'NONE', #1805, #1705, #1681, .T. ) ;
#1026 = VERTEX_POINT ( 'NONE', #91 ) ;
#1027 = CARTESIAN_POINT ( 'NONE',  ( 11.99999999999999822, -0.4908659025179284985, 1.692112106930760307 ) ) ;
#1028 = CARTESIAN_POINT ( 'NONE',  ( 6.000000000000000888, -7.100000000000002309, 9.000000000000001776 ) ) ;
#1029 = EDGE_CURVE ( 'NONE', #555, #184, #240, .T. ) ;
#1030 = ORIENTED_EDGE ( 'NONE', *, *, #1307, .F. ) ;
#1031 = ORIENTED_EDGE ( 'NONE', *, *, #1136, .F. ) ;
#1032 = LINE ( 'NONE', #611, #136 ) ;
#1033 = DIRECTION ( 'NONE',  ( 0.000000000000000000, 1.000000000000000000, -1.221636250687892233E-16 ) ) ;
#1034 = DIRECTION ( 'NONE',  ( 1.000000000000000000, 0.000000000000000000, 0.000000000000000000 ) ) ;
#1035 = DIRECTION ( 'NONE',  ( 0.000000000000000000, 0.000000000000000000, 1.000000000000000000 ) ) ;
#1036 = ORIENTED_EDGE ( 'NONE', *, *, #764, .F. ) ;
#1037 = FACE_OUTER_BOUND ( 'NONE', #2502, .T. ) ;
#1038 = CARTESIAN_POINT ( 'NONE',  ( 7.911535590156459463, -7.100000000000002309, 9.000000000000001776 ) ) ;
#1039 = VERTEX_POINT ( 'NONE', #2470 ) ;
#1040 = EDGE_LOOP ( 'NONE', ( #820, #891, #1086, #2358 ) ) ;
#1041 = EDGE_CURVE ( 'NONE', #430, #737, #2447, .T. ) ;
#1042 = DIRECTION ( 'NONE',  ( -0.000000000000000000, 0.000000000000000000, 1.000000000000000000 ) ) ;
#1043 = CARTESIAN_POINT ( 'NONE',  ( 5.999999999999998224, 7.347880794884117764E-16, 2.499999999999999556 ) ) ;
#1044 = EDGE_LOOP ( 'NONE', ( #1138, #1844 ) ) ;
#1045 = CARTESIAN_POINT ( 'NONE',  ( 11.60609455630576292, -7.100000000000002309, 2.002958279947451903 ) ) ;
#1046 = EDGE_CURVE ( 'NONE', #1416, #170, #735, .T. ) ;
#1047 = DIRECTION ( 'NONE',  ( -0.000000000000000000, 0.000000000000000000, 1.000000000000000000 ) ) ;
#1048 = CYLINDRICAL_SURFACE ( 'NONE', #1990, 0.7999999999999944933 ) ;
#1049 = CARTESIAN_POINT ( 'NONE',  ( 1.300000000000000044, 1.200000000000001510, 9.500000000000000000 ) ) ;
#1050 = B_SPLINE_CURVE_WITH_KNOTS ( 'NONE', 3,
 ( #1624, #2683, #2460, #1615 ),
 .UNSPECIFIED., .F., .F.,
 ( 4, 4 ),
 ( 0.000000000000000000, 1.000000000000000000 ),
 .UNSPECIFIED. ) ;
#1051 = ORIENTED_EDGE ( 'NONE', *, *, #2085, .T. ) ;
#1052 = DIRECTION ( 'NONE',  ( 1.000000000000000000, 1.548860246407863336E-16, 0.000000000000000000 ) ) ;
#1053 = SURFACE_STYLE_USAGE ( .BOTH. , #1268 ) ;
#1054 = EDGE_LOOP ( 'NONE', ( #559, #1751, #378 ) ) ;
#1055 = VERTEX_POINT ( 'NONE', #1623 ) ;
#1056 = LINE ( 'NONE', #419, #95 ) ;
#1057 = CARTESIAN_POINT ( 'NONE',  ( 4.599999999998699352, -3.104691689951818212, 8.919885059346468026 ) ) ;
#1058 = VERTEX_POINT ( 'NONE', #2197 ) ;
#1059 = EDGE_CURVE ( 'NONE', #1363, #234, #1793, .T. ) ;
#1060 = ORIENTED_EDGE ( 'NONE', *, *, #637, .F. ) ;
#1061 = SURFACE_STYLE_USAGE ( .BOTH. , #1861 ) ;
#1062 = CARTESIAN_POINT ( 'NONE',  ( 0.02932933653445977604, -0.3800417751880456607, 1.782938498730276544 ) ) ;
#1063 = ADVANCED_FACE ( 'NONE', ( #1989 ), #2045, .F. ) ;
#1064 = VECTOR ( 'NONE', #1133, 1000.000000000000000 ) ;
#1065 = PRESENTATION_LAYER_ASSIGNMENT (  '', '', ( #885 ) ) ;
#1066 = CARTESIAN_POINT ( 'NONE',  ( 1.499999999999997780, -7.100000000000001421, 2.624499799839834502 ) ) ;
#1067 = CARTESIAN_POINT ( 'NONE',  ( 9.999999999999994671, -9.699999999999999289, 4.700000000000005507 ) ) ;
#1068 = CIRCLE ( 'NONE', #1774, 1.499999999999999556 ) ;
#1069 = VERTEX_POINT ( 'NONE', #2223 ) ;
#1070 = CIRCLE ( 'NONE', #1463, 1.400000000000000133 ) ;
#1071 = VECTOR ( 'NONE', #1887, 1000.000000000000000 ) ;
#1072 = CARTESIAN_POINT ( 'NONE',  ( 2.202885828230741527, -1.608759494683000391, 8.656755334414260261 ) ) ;
#1073 = VERTEX_POINT ( 'NONE', #1176 ) ;
#1074 = ORIENTED_EDGE ( 'NONE', *, *, #1137, .F. ) ;
#1075 = CARTESIAN_POINT ( 'NONE',  ( 8.999999999999998224, -2.999999999999999556, 11.00000000000000000 ) ) ;
#1076 = CARTESIAN_POINT ( 'NONE',  ( 1.612319888773768417, -3.803327442222675270, 8.629506529957918559 ) ) ;
#1077 = VERTEX_POINT ( 'NONE', #2459 ) ;
#1078 = CARTESIAN_POINT ( 'NONE',  ( 11.84140279379646365, -4.488705901919738395, 8.641447858892687961 ) ) ;
#1079 = ORIENTED_EDGE ( 'NONE', *, *, #1498, .T. ) ;
#1080 = CARTESIAN_POINT ( 'NONE',  ( 1.399999999999997025, -2.999999999999999556, 2.040137090086451277 ) ) ;
#1081 = ADVANCED_FACE ( 'NONE', ( #2250 ), #2212, .F. ) ;
#1082 = CARTESIAN_POINT ( 'NONE',  ( 10.82553602878861199, -6.027478677559345854, 8.622169654530578597 ) ) ;
#1083 = EDGE_CURVE ( 'NONE', #1610, #910, #744, .T. ) ;
#1084 = DIRECTION ( 'NONE',  ( -0.000000000000000000, -1.000000000000000000, -0.000000000000000000 ) ) ;
#1085 = CARTESIAN_POINT ( 'NONE',  ( 2.500000000000000000, 1.500000000000001332, 9.500000000000000000 ) ) ;
#1086 = ORIENTED_EDGE ( 'NONE', *, *, #122, .F. ) ;
#1087 = ORIENTED_EDGE ( 'NONE', *, *, #1588, .T. ) ;
#1088 = DIRECTION ( 'NONE',  ( -1.000000000000000000, 0.000000000000000000, 0.000000000000000000 ) ) ;
#1089 = PLANE ( 'NONE',  #1160 ) ;
#1090 = VERTEX_POINT ( 'NONE', #108 ) ;
#1091 = DIRECTION ( 'NONE',  ( -0.000000000000000000, 0.000000000000000000, 1.000000000000000000 ) ) ;
#1092 = ORIENTED_EDGE ( 'NONE', *, *, #129, .F. ) ;
#1093 = CARTESIAN_POINT ( 'NONE',  ( 7.061374714051688706, -7.100000000000001421, 8.952953293641957799 ) ) ;
#1094 = B_SPLINE_CURVE_WITH_KNOTS ( 'NONE', 3,
 ( #2281, #2077, #2715, #2503 ),
 .UNSPECIFIED., .F., .F.,
 ( 4, 4 ),
 ( 1.088724813842691541E-15, 0.0002170513237735511073 ),
 .UNSPECIFIED. ) ;
#1095 = CARTESIAN_POINT ( 'NONE',  ( 11.99999999999999645, 1.469576158976823553E-15, 11.00000000000000000 ) ) ;
#1096 = CARTESIAN_POINT ( 'NONE',  ( 3.144475177821187462, 3.850871461517021458E-16, 8.567365344178801578 ) ) ;
#1097 = ADVANCED_FACE ( 'NONE', ( #2002 ), #949, .F. ) ;
#1098 = DIRECTION ( 'NONE',  ( 0.000000000000000000, 0.000000000000000000, 1.000000000000000000 ) ) ;
#1099 = ORIENTED_EDGE ( 'NONE', *, *, #603, .T. ) ;
#1100 = DIRECTION ( 'NONE',  ( 0.000000000000000000, 1.000000000000000000, -1.221636250687892233E-16 ) ) ;
#1101 = CARTESIAN_POINT ( 'NONE',  ( 1.200530100123252675, -7.100000000000001421, 2.029118365185214490 ) ) ;
#1102 = ORIENTED_EDGE ( 'NONE', *, *, #1956, .T. ) ;
#1103 = SURFACE_STYLE_FILL_AREA ( #1711 ) ;
#1104 = EDGE_LOOP ( 'NONE', ( #464, #1890, #1546, #340 ) ) ;
#1105 = CARTESIAN_POINT ( 'NONE',  ( 3.800624522943578665, -1.610829160632687662, 2.311516461589340210 ) ) ;
#1106 = CARTESIAN_POINT ( 'NONE',  ( 2.500000000000000000, -0.9999999999999985567, 9.500000000000000000 ) ) ;
#1107 = CARTESIAN_POINT ( 'NONE',  ( 0.000000000000000000, 0.000000000000000000, 11.00000000000000000 ) ) ;
#1108 = VECTOR ( 'NONE', #2263, 1000.000000000000000 ) ;
#1109 = B_SPLINE_CURVE_WITH_KNOTS ( 'NONE', 3,
 ( #1159, #2143, #1360, #2420 ),
 .UNSPECIFIED., .F., .F.,
 ( 4, 4 ),
 ( 0.0004344303183099992621, 0.0007812304513341970661 ),
 .UNSPECIFIED. ) ;
#1110 = AXIS2_PLACEMENT_3D ( 'NONE', #1827, #1439, #1465 ) ;
#1111 = PRESENTATION_LAYER_ASSIGNMENT (  '', '', ( #1729 ) ) ;
#1112 = DIRECTION ( 'NONE',  ( 1.000000000000000000, 0.000000000000000000, 0.000000000000000000 ) ) ;
#1113 = ADVANCED_FACE ( 'NONE', ( #1585 ), #998, .T. ) ;
#1114 = CARTESIAN_POINT ( 'NONE',  ( 6.730251535963867937, -6.100000000000001421, 8.981614929606028142 ) ) ;
#1115 = AXIS2_PLACEMENT_3D ( 'NONE', #157, #345, #1826 ) ;
#1116 = AXIS2_PLACEMENT_3D ( 'NONE', #647, #1491, #602 ) ;
#1117 = ORIENTED_EDGE ( 'NONE', *, *, #1483, .F. ) ;
#1118 = CARTESIAN_POINT ( 'NONE',  ( 10.94251380722911371, -5.559960081004734711, 0.000000000000000000 ) ) ;
#1119 = ADVANCED_FACE ( 'NONE', ( #2421 ), #1841, .F. ) ;
#1120 = DIRECTION ( 'NONE',  ( -0.000000000000000000, -1.000000000000000000, -0.000000000000000000 ) ) ;
#1121 = VERTEX_POINT ( 'NONE', #959 ) ;
#1122 = DIRECTION ( 'NONE',  ( 1.292281018234824063E-16, 1.000000000000000000, 0.000000000000000000 ) ) ;
#1123 = AXIS2_PLACEMENT_3D ( 'NONE', #1381, #330, #1181 ) ;
#1124 = ORIENTED_EDGE ( 'NONE', *, *, #1041, .F. ) ;
#1125 = DIRECTION ( 'NONE',  ( -0.000000000000000000, -0.000000000000000000, -1.000000000000000000 ) ) ;
#1126 = ADVANCED_BREP_SHAPE_REPRESENTATION ( 'iris-lightshuttle-ld', ( #116, #2528 ), #1606 ) ;
#1127 = DIRECTION ( 'NONE',  ( 0.000000000000000000, 0.000000000000000000, -1.000000000000000000 ) ) ;
#1128 = SURFACE_STYLE_FILL_AREA ( #955 ) ;
#1129 = DIRECTION ( 'NONE',  ( -0.000000000000000000, -1.000000000000000000, -0.000000000000000000 ) ) ;
#1130 = DIRECTION ( 'NONE',  ( 0.000000000000000000, 0.000000000000000000, 1.000000000000000000 ) ) ;
#1131 = LINE ( 'NONE', #2407, #2122 ) ;
#1132 = AXIS2_PLACEMENT_3D ( 'NONE', #1655, #2492, #600 ) ;
#1133 = DIRECTION ( 'NONE',  ( -1.000000000000000000, -1.445602896647339410E-16, 0.000000000000000000 ) ) ;
#1134 = CARTESIAN_POINT ( 'NONE',  ( 11.61338946408941730, -7.100000000000002309, 8.633811138549638997 ) ) ;
#1135 = ORIENTED_EDGE ( 'NONE', *, *, #2617, .T. ) ;
#1136 = EDGE_CURVE ( 'NONE', #2412, #1909, #2233, .T. ) ;
#1137 = EDGE_CURVE ( 'NONE', #1191, #1121, #485, .T. ) ;
#1138 = ORIENTED_EDGE ( 'NONE', *, *, #2363, .T. ) ;
#1139 = CARTESIAN_POINT ( 'NONE',  ( 4.517810704740687910, -2.482955909137211759, 2.407801038078879241 ) ) ;
#1140 = CARTESIAN_POINT ( 'NONE',  ( 11.32553602878860310, -5.881353885848007224, 0.000000000000000000 ) ) ;
#1141 = SURFACE_STYLE_USAGE ( .BOTH. , #2586 ) ;
#1142 = CARTESIAN_POINT ( 'NONE',  ( 4.938625285948307742, -7.100000000000004086, 8.952953293641957799 ) ) ;
#1143 = FACE_OUTER_BOUND ( 'NONE', #878, .T. ) ;
#1144 = DIRECTION ( 'NONE',  ( -0.000000000000000000, 0.000000000000000000, 1.000000000000000000 ) ) ;
#1145 = CARTESIAN_POINT ( 'NONE',  ( 7.399999999999997691, -1.140202025355331994, 2.960000000000000409 ) ) ;
#1146 = EDGE_LOOP ( 'NONE', ( #2356, #2487, #1466 ) ) ;
#1147 = VERTEX_POINT ( 'NONE', #2638 ) ;
#1148 = CARTESIAN_POINT ( 'NONE',  ( 3.514481767334626028, -1.481384187130306618, 2.270035072089483297 ) ) ;
#1149 = PRODUCT_RELATED_PRODUCT_CATEGORY ( 'part', '', ( #2015 ) ) ;
#1150 = CARTESIAN_POINT ( 'NONE',  ( 4.859999999999995879, -1.140202025355331994, 5.500000000000000888 ) ) ;
#1151 =( NAMED_UNIT ( * ) PLANE_ANGLE_UNIT ( ) SI_UNIT ( $, .RADIAN. ) );
#1152 = CARTESIAN_POINT ( 'NONE',  ( 7.399999999999879563, -2.999999999999999112, 2.417308015595516224 ) ) ;
#1153 = EDGE_CURVE ( 'NONE', #2229, #1416, #130, .T. ) ;
#1154 = B_SPLINE_SURFACE_WITH_KNOTS ( 'NONE', 3, 1, ( 
 ( #2702, #1859 ),
 ( #2491, #103 ),
 ( #1419, #2464 ),
 ( #1357, #2417 ) ),
 .UNSPECIFIED., .F., .F., .F.,
 ( 4, 4 ),
 ( 2, 2 ),
 ( 0.04423220492176988677, 1.000000000000000000 ),
 ( 0.000000000000000000, 1.000000000000000000 ),
 .UNSPECIFIED. ) ;
#1155 = ORIENTED_EDGE ( 'NONE', *, *, #2085, .F. ) ;
#1156 = CARTESIAN_POINT ( 'NONE',  ( 4.704667856695644801, -6.100000000000001421, 2.428855350659963275 ) ) ;
#1157 = AXIS2_PLACEMENT_3D ( 'NONE', #2695, #375, #1052 ) ;
#1158 = VECTOR ( 'NONE', #643, 1000.000000000000000 ) ;
#1159 = CARTESIAN_POINT ( 'NONE',  ( 10.82553602878860133, -5.881353885848018770, 2.027817538882102699 ) ) ;
#1160 = AXIS2_PLACEMENT_3D ( 'NONE', #420, #630, #1033 ) ;
#1161 = CLOSED_SHELL ( 'NONE', ( #856, #2445, #1097, #1968, #1237, #2545, #2458, #2272, #185, #1921, #2697, #581, #2103, #1366, #2677, #1448, #333, #994, #1318, #1119, #1570, #35, #1609, #168, #1063, #1396, #1722, #2322, #822, #1999, #431, #1464, #1539, #2269, #1880, #100, #400, #2187, #86, #1113, #290, #873, #2511, #2249, #1759, #2326, #1773, #2488, #925, #1081, #1383, #336, #2692, #739, #455, #1288, #412, #1205, #2507, #2597, #1670, #436, #1755, #1689, #1635, #285, #200, #2288 ) ) ;
#1162 = CARTESIAN_POINT ( 'NONE',  ( 7.945371167797214973, -4.207741182134072666, 2.347603447630218110 ) ) ;
#1163 = LINE ( 'NONE', #1936, #401 ) ;
#1164 = VECTOR ( 'NONE', #1322, 1000.000000000000000 ) ;
#1165 = AXIS2_PLACEMENT_3D ( 'NONE', #1757, #1786, #1743 ) ;
#1166 = VERTEX_POINT ( 'NONE', #2669 ) ;
#1167 = ORIENTED_EDGE ( 'NONE', *, *, #153, .T. ) ;
#1168 = AXIS2_PLACEMENT_3D ( 'NONE', #62, #1316, #1367 ) ;
#1169 = LINE ( 'NONE', #2150, #1601 ) ;
#1170 = CARTESIAN_POINT ( 'NONE',  ( -7.753686109408941665E-17, -0.5999999999999997558, 11.00000000000000000 ) ) ;
#1171 = CARTESIAN_POINT ( 'NONE',  ( 10.50000000000061107, -7.100000000000003197, 4.875500200160654884 ) ) ;
#1172 = VERTEX_POINT ( 'NONE', #563 ) ;
#1173 = EDGE_CURVE ( 'NONE', #1678, #2055, #1411, .T. ) ;
#1174 = FACE_OUTER_BOUND ( 'NONE', #1501, .T. ) ;
#1175 = DIRECTION ( 'NONE',  ( 1.000000000000000000, 0.000000000000000000, 0.000000000000000000 ) ) ;
#1176 = CARTESIAN_POINT ( 'NONE',  ( -6.815272287100830059E-16, -8.599999999999997868, 2.499999999999999556 ) ) ;
#1177 = CARTESIAN_POINT ( 'NONE',  ( 2.203659796926486170, -4.391676604351667734, 2.104059352527416049 ) ) ;
#1178 = ORIENTED_EDGE ( 'NONE', *, *, #1537, .T. ) ;
#1179 = VERTEX_POINT ( 'NONE', #828 ) ;
#1180 = LINE ( 'NONE', #2017, #846 ) ;
#1181 = DIRECTION ( 'NONE',  ( -1.000000000000000000, 0.000000000000000000, 0.000000000000000000 ) ) ;
#1182 = DIRECTION ( 'NONE',  ( 1.445602896647339410E-16, -1.000000000000000000, -0.000000000000000000 ) ) ;
#1183 = ORIENTED_EDGE ( 'NONE', *, *, #1436, .T. ) ;
#1184 = DIRECTION ( 'NONE',  ( 1.000000000000000000, 0.000000000000000000, 0.000000000000000000 ) ) ;
#1185 = CARTESIAN_POINT ( 'NONE',  ( 0.9488039023217070822, -7.100000000000004086, 2.016402268630163697 ) ) ;
#1186 = DIRECTION ( 'NONE',  ( 0.000000000000000000, 1.000000000000000000, 0.000000000000000000 ) ) ;
#1187 = EDGE_CURVE ( 'NONE', #1363, #1587, #332, .T. ) ;
#1188 = DIRECTION ( 'NONE',  ( -1.224646799147353207E-16, 1.000000000000000000, -0.000000000000000000 ) ) ;
#1189 = CARTESIAN_POINT ( 'NONE',  ( -7.753686109408941665E-17, -0.5999999999999997558, 9.033586978554254188 ) ) ;
#1190 = EDGE_CURVE ( 'NONE', #1620, #2616, #594, .T. ) ;
#1191 = VERTEX_POINT ( 'NONE', #2515 ) ;
#1192 = ORIENTED_EDGE ( 'NONE', *, *, #1574, .T. ) ;
#1193 = B_SPLINE_CURVE_WITH_KNOTS ( 'NONE', 3,
 ( #1305, #1508, #1701, #1492 ),
 .UNSPECIFIED., .F., .F.,
 ( 4, 4 ),
 ( 5.553824967135426632E-18, 0.001043750488825484620 ),
 .UNSPECIFIED. ) ;
#1194 = APPLICATION_CONTEXT ( 'automotive_design' ) ;
#1195 = CARTESIAN_POINT ( 'NONE',  ( 0.5999999999944914952, 7.347880794816659063E-17, 2.006968277270041234 ) ) ;
#1196 = LINE ( 'NONE', #2494, #143 ) ;
#1197 = ORIENTED_EDGE ( 'NONE', *, *, #1, .F. ) ;
#1198 = CARTESIAN_POINT ( 'NONE',  ( 0.3939054436942366899, -7.100000000000004086, 2.002958279947452347 ) ) ;
#1199 = CARTESIAN_POINT ( 'NONE',  ( 1.499999999999997780, -8.600000000000001421, 2.499999999999999556 ) ) ;
#1200 = CARTESIAN_POINT ( 'NONE',  ( 11.59999999999999432, -3.550000000000001155, 9.033586978554255964 ) ) ;
#1201 = DIRECTION ( 'NONE',  ( 7.924735217559106182E-17, 1.000000000000000000, -0.000000000000000000 ) ) ;
#1202 = ORIENTED_EDGE ( 'NONE', *, *, #991, .T. ) ;
#1203 = VECTOR ( 'NONE', #66, 1000.000000000000000 ) ;
#1204 = VERTEX_POINT ( 'NONE', #624 ) ;
#1205 = ADVANCED_FACE ( 'NONE', ( #1674 ), #1660, .T. ) ;
#1206 = DIRECTION ( 'NONE',  ( -0.000000000000000000, -1.000000000000000000, -0.000000000000000000 ) ) ;
#1207 = VECTOR ( 'NONE', #426, 1000.000000000000000 ) ;
#1208 = CARTESIAN_POINT ( 'NONE',  ( 9.206523392902553837, -1.409966045255366618, 2.170896553619258817 ) ) ;
#1209 = AXIS2_PLACEMENT_3D ( 'NONE', #263, #1301, #435 ) ;
#1210 = VECTOR ( 'NONE', #1888, 1000.000000000000000 ) ;
#1211 = VECTOR ( 'NONE', #993, 1000.000000000000000 ) ;
#1212 = DIRECTION ( 'NONE',  ( -0.000000000000000000, 1.000000000000000000, -0.000000000000000000 ) ) ;
#1213 = DIRECTION ( 'NONE',  ( 1.445602896647339410E-16, -1.000000000000000000, -0.000000000000000000 ) ) ;
#1214 = ORIENTED_EDGE ( 'NONE', *, *, #2372, .F. ) ;
#1215 = CARTESIAN_POINT ( 'NONE',  ( 10.20393037332672570, -4.059130228594999501, 8.635774448876071929 ) ) ;
#1216 = DIRECTION ( 'NONE',  ( 1.000000000000000000, 0.000000000000000000, 0.000000000000000000 ) ) ;
#1217 = CARTESIAN_POINT ( 'NONE',  ( 11.99999999999999822, -7.100000000000002309, 8.649999999999998579 ) ) ;
#1218 = CARTESIAN_POINT ( 'NONE',  ( 1.603855517054213919, -3.809023888218127318, 2.053220283347007236 ) ) ;
#1219 = ORIENTED_EDGE ( 'NONE', *, *, #892, .F. ) ;
#1220 = ORIENTED_EDGE ( 'NONE', *, *, #816, .T. ) ;
#1221 = LINE ( 'NONE', #1392, #2023 ) ;
#1222 = DIRECTION ( 'NONE',  ( -1.000000000000000000, 0.000000000000000000, 0.000000000000000000 ) ) ;
#1223 = EDGE_CURVE ( 'NONE', #1565, #1531, #861, .T. ) ;
#1224 =( LENGTH_UNIT ( ) NAMED_UNIT ( * ) SI_UNIT ( .MILLI., .METRE. ) );
#1225 = DIRECTION ( 'NONE',  ( -1.224646799147353207E-16, 1.000000000000000000, -0.000000000000000000 ) ) ;
#1226 = EDGE_CURVE ( 'NONE', #2672, #653, #1716, .T. ) ;
#1227 = LINE ( 'NONE', #2707, #2653 ) ;
#1228 = CARTESIAN_POINT ( 'NONE',  ( 11.99999999999999645, -4.299697111651274106, 1.603004712163095702 ) ) ;
#1229 = ORIENTED_EDGE ( 'NONE', *, *, #603, .F. ) ;
#1230 = CARTESIAN_POINT ( 'NONE',  ( 3.109302115704109859, -1.400271645628629935, 8.737438763542588305 ) ) ;
#1231 = CARTESIAN_POINT ( 'NONE',  ( 10.60000000000216858, -2.790714568390292083, 8.624677414323373981 ) ) ;
#1232 = ORIENTED_EDGE ( 'NONE', *, *, #1918, .T. ) ;
#1233 = ORIENTED_EDGE ( 'NONE', *, *, #892, .T. ) ;
#1234 = CARTESIAN_POINT ( 'NONE',  ( 11.60609455630576292, -4.769135339316289190, 2.002958279947451903 ) ) ;
#1235 = CARTESIAN_POINT ( 'NONE',  ( 11.67983974685828485, -0.06451447411494684592, 8.636036719952597807 ) ) ;
#1236 = CARTESIAN_POINT ( 'NONE',  ( 0.3939054436942358017, 0.000000000000000000, 2.002958279947452347 ) ) ;
#1237 = ADVANCED_FACE ( 'NONE', ( #1037 ), #212, .F. ) ;
#1238 = CARTESIAN_POINT ( 'NONE',  ( 7.451274692676216560, -3.415176251100052074, 8.914300401098616433 ) ) ;
#1239 = EDGE_CURVE ( 'NONE', #1077, #1055, #1441, .T. ) ;
#1240 = CARTESIAN_POINT ( 'NONE',  ( 11.59999999999999432, -7.100000000000002309, 9.033586978554255964 ) ) ;
#1241 = EDGE_LOOP ( 'NONE', ( #645, #765, #1603, #2525, #132 ) ) ;
#1242 = CARTESIAN_POINT ( 'NONE',  ( 8.855524822178809430, 1.084489012825121111E-15, 2.067365344178801134 ) ) ;
#1243 = CARTESIAN_POINT ( 'NONE',  ( 7.944301633136632290, -1.793199989401469630, 8.855109071632561779 ) ) ;
#1244 = ORIENTED_EDGE ( 'NONE', *, *, #1336, .T. ) ;
#1245 = ORIENTED_EDGE ( 'NONE', *, *, #348, .T. ) ;
#1246 = CARTESIAN_POINT ( 'NONE',  ( 0.5999999999999997558, 7.347880794884116531E-17, 11.00000000000000000 ) ) ;
#1247 = CARTESIAN_POINT ( 'NONE',  ( 8.907782188977748206, 0.000000000000000000, 2.044075594500534887 ) ) ;
#1248 = VECTOR ( 'NONE', #335, 1000.000000000000000 ) ;
#1249 = CARTESIAN_POINT ( 'NONE',  ( 5.999999999999998224, -7.100000000000001421, 8.040000000000002700 ) ) ;
#1250 = VECTOR ( 'NONE', #241, 1000.000000000000000 ) ;
#1251 = AXIS2_PLACEMENT_3D ( 'NONE', #1249, #253, #2082 ) ;
#1252 = CARTESIAN_POINT ( 'NONE',  ( 0.3866105359105722061, -0.03922826692527819903, 8.633811138549638997 ) ) ;
#1253 = FACE_OUTER_BOUND ( 'NONE', #1262, .T. ) ;
#1254 = ORIENTED_EDGE ( 'NONE', *, *, #2012, .F. ) ;
#1255 = EDGE_CURVE ( 'NONE', #1384, #626, #727, .T. ) ;
#1256 = CARTESIAN_POINT ( 'NONE',  ( 1.723243038138446703, -2.013241097924535872, 8.632553362873323977 ) ) ;
#1257 = CARTESIAN_POINT ( 'NONE',  ( 7.911535590156457687, 0.000000000000000000, 9.000000000000001776 ) ) ;
#1258 = ORIENTED_EDGE ( 'NONE', *, *, #1354, .T. ) ;
#1259 = ORIENTED_EDGE ( 'NONE', *, *, #2395, .T. ) ;
#1260 =( NAMED_UNIT ( * ) SI_UNIT ( $, .STERADIAN. ) SOLID_ANGLE_UNIT ( ) );
#1261 = DIRECTION ( 'NONE',  ( 1.000000000000000000, 0.000000000000000000, 0.000000000000000000 ) ) ;
#1262 = EDGE_LOOP ( 'NONE', ( #2553, #2177, #772, #489 ) ) ;
#1263 = CARTESIAN_POINT ( 'NONE',  ( -7.753686109408941665E-17, -0.5999999999999997558, 1.603004712163095702 ) ) ;
#1264 = CARTESIAN_POINT ( 'NONE',  ( 5.999999999999997335, -1.140202025355332216, 2.960000000000000409 ) ) ;
#1265 = ORIENTED_EDGE ( 'NONE', *, *, #587, .T. ) ;
#1266 = CARTESIAN_POINT ( 'NONE',  ( 0.5013606076167858028, -0.008163645700713543368, 10.00000000000000000 ) ) ;
#1267 = EDGE_CURVE ( 'NONE', #2225, #970, #2547, .T. ) ;
#1268 = SURFACE_SIDE_STYLE ('',( #415 ) ) ;
#1269 = ORIENTED_EDGE ( 'NONE', *, *, #322, .T. ) ;
#1270 = ORIENTED_EDGE ( 'NONE', *, *, #1336, .F. ) ;
#1271 = DIRECTION ( 'NONE',  ( -1.000000000000000000, 0.000000000000000000, 0.000000000000000000 ) ) ;
#1272 = EDGE_CURVE ( 'NONE', #2616, #2423, #2377, .T. ) ;
#1273 = DIRECTION ( 'NONE',  ( 7.924735217559104949E-17, 1.000000000000000000, -0.000000000000000000 ) ) ;
#1274 = ORIENTED_EDGE ( 'NONE', *, *, #926, .T. ) ;
#1275 = DIRECTION ( 'NONE',  ( 2.608606730792191375E-16, -2.067251762827060288E-32, 1.000000000000000000 ) ) ;
#1276 = DIRECTION ( 'NONE',  ( 7.924735217559104949E-17, 1.000000000000000000, -0.000000000000000000 ) ) ;
#1277 = CARTESIAN_POINT ( 'NONE',  ( 9.999999999999994671, -7.100000000000003197, 6.299999999999998046 ) ) ;
#1278 = CARTESIAN_POINT ( 'NONE',  ( 4.704667856695644801, -7.100000000000004086, 2.428855350659962387 ) ) ;
#1279 = VERTEX_POINT ( 'NONE', #667 ) ;
#1280 = CARTESIAN_POINT ( 'NONE',  ( 2.586348282702509049, -1.440198625570540791, 8.684604001105787674 ) ) ;
#1281 = EDGE_LOOP ( 'NONE', ( #2107, #849, #1915, #682, #1879, #450, #2242, #25, #1528, #817, #1676, #1245, #2280, #1735, #2219, #1395, #738, #1296 ) ) ;
#1282 = EDGE_CURVE ( 'NONE', #2570, #2562, #629, .T. ) ;
#1283 = VERTEX_POINT ( 'NONE', #1746 ) ;
#1284 = DIRECTION ( 'NONE',  ( -0.6427876096865426936, -0.7660444431189752379, 0.000000000000000000 ) ) ;
#1285 = CARTESIAN_POINT ( 'NONE',  ( 3.974698007381808118, -4.273091463894076014, 8.844746807886229689 ) ) ;
#1286 = ORIENTED_EDGE ( 'NONE', *, *, #1554, .F. ) ;
#1287 = CARTESIAN_POINT ( 'NONE',  ( 11.99999999999999645, -7.100000000000000533, 0.000000000000000000 ) ) ;
#1288 = ADVANCED_FACE ( 'NONE', ( #1932 ), #887, .T. ) ;
#1289 = CARTESIAN_POINT ( 'NONE',  ( 11.40538943147734408, -6.601062491258521625, 2.006016656677159116 ) ) ;
#1290 = VECTOR ( 'NONE', #2559, 1000.000000000000000 ) ;
#1291 = AXIS2_PLACEMENT_3D ( 'NONE', #582, #985, #770 ) ;
#1292 = DIRECTION ( 'NONE',  ( -0.000000000000000000, -1.000000000000000000, -0.000000000000000000 ) ) ;
#1293 = DIRECTION ( 'NONE',  ( 0.000000000000000000, 0.000000000000000000, -1.000000000000000000 ) ) ;
#1294 = PRESENTATION_LAYER_ASSIGNMENT (  '', '', ( #1983 ) ) ;
#1295 = CARTESIAN_POINT ( 'NONE',  ( 11.84140279379646365, -6.966921142768867981, 8.641447858892689737 ) ) ;
#1296 = ORIENTED_EDGE ( 'NONE', *, *, #1802, .T. ) ;
#1297 = B_SPLINE_CURVE_WITH_KNOTS ( 'NONE', 3,
 ( #112, #2385, #302, #728 ),
 .UNSPECIFIED., .F., .F.,
 ( 4, 4 ),
 ( 0.2373743676199953911, 0.6088656788638349138 ),
 .UNSPECIFIED. ) ;
#1298 = ORIENTED_EDGE ( 'NONE', *, *, #129, .T. ) ;
#1299 = LINE ( 'NONE', #1246, #1600 ) ;
#1300 = ORIENTED_EDGE ( 'NONE', *, *, #1504, .F. ) ;
#1301 = DIRECTION ( 'NONE',  ( 0.000000000000000000, 0.000000000000000000, 1.000000000000000000 ) ) ;
#1302 = EDGE_LOOP ( 'NONE', ( #2724, #2550, #503, #446, #2370, #2384, #1309, #1135 ) ) ;
#1303 = CARTESIAN_POINT ( 'NONE',  ( 11.60609455630576292, -6.769474087477441948, 2.002958279947451903 ) ) ;
#1304 = EDGE_CURVE ( 'NONE', #668, #2423, #90, .T. ) ;
#1305 = CARTESIAN_POINT ( 'NONE',  ( 11.61338946408942085, -4.760441606757469302, 8.633811138549638997 ) ) ;
#1306 = DIRECTION ( 'NONE',  ( 1.000000000000000000, 0.000000000000000000, 0.000000000000000000 ) ) ;
#1307 = EDGE_CURVE ( 'NONE', #430, #1924, #930, .T. ) ;
#1308 = CARTESIAN_POINT ( 'NONE',  ( 4.599999999999999645, -3.000000000019841018, 8.919885059346608358 ) ) ;
#1309 = ORIENTED_EDGE ( 'NONE', *, *, #2679, .F. ) ;
#1310 = CARTESIAN_POINT ( 'NONE',  ( 8.485690468944145692, -4.518676133944236284, 2.270010132854984430 ) ) ;
#1311 = CARTESIAN_POINT ( 'NONE',  ( 6.000000000000000888, -20.99244398944980716, 2.499999999999999556 ) ) ;
#1312 = PLANE ( 'NONE',  #2519 ) ;
#1313 = VERTEX_POINT ( 'NONE', #1733 ) ;
#1314 = CARTESIAN_POINT ( 'NONE',  ( 11.99999999999999645, -9.509682261070923967E-16, 8.500000000000000000 ) ) ;
#1315 = EDGE_CURVE ( 'NONE', #1026, #910, #2386, .T. ) ;
#1316 = DIRECTION ( 'NONE',  ( 0.000000000000000000, 0.000000000000000000, 1.000000000000000000 ) ) ;
#1317 = PLANE ( 'NONE',  #2609 ) ;
#1318 = ADVANCED_FACE ( 'NONE', ( #1512 ), #1335, .F. ) ;
#1319 = CARTESIAN_POINT ( 'NONE',  ( 11.99999999999999645, 1.469576158976823553E-15, 11.00000000000000000 ) ) ;
#1320 = ORIENTED_EDGE ( 'NONE', *, *, #1605, .T. ) ;
#1321 = CARTESIAN_POINT ( 'NONE',  ( 11.99999999999999645, -9.509682261070923967E-16, 2.499999999999998668 ) ) ;
#1322 = DIRECTION ( 'NONE',  ( 1.224646799147353207E-16, -1.000000000000000000, 0.000000000000000000 ) ) ;
#1323 = ORIENTED_EDGE ( 'NONE', *, *, #2641, .F. ) ;
#1324 = LINE ( 'NONE', #2161, #1420 ) ;
#1325 = VERTEX_POINT ( 'NONE', #1527 ) ;
#1326 = CARTESIAN_POINT ( 'NONE',  ( 4.278572043099194921, -2.015226577624591009, 2.378232346086541771 ) ) ;
#1327 = B_SPLINE_CURVE_WITH_KNOTS ( 'NONE', 3,
 ( #2573, #1940, #1957, #922 ),
 .UNSPECIFIED., .F., .F.,
 ( 4, 4 ),
 ( 0.000000000000000000, 0.0002170513237746439289 ),
 .UNSPECIFIED. ) ;
#1328 = DIRECTION ( 'NONE',  ( -7.924735217559104949E-17, -1.000000000000000000, 0.000000000000000000 ) ) ;
#1329 = VECTOR ( 'NONE', #568, 1000.000000000000000 ) ;
#1330 = LINE ( 'NONE', #901, #575 ) ;
#1331 = DIRECTION ( 'NONE',  ( -1.292281018234824063E-16, -1.000000000000000000, 0.000000000000000000 ) ) ;
#1332 = VECTOR ( 'NONE', #2490, 1000.000000000000000 ) ;
#1333 = CIRCLE ( 'NONE', #1553, 1.400000000000000133 ) ;
#1334 = AXIS2_PLACEMENT_3D ( 'NONE', #2110, #2708, #223 ) ;
#1335 = PLANE ( 'NONE',  #2608 ) ;
#1336 = EDGE_CURVE ( 'NONE', #773, #514, #1558, .T. ) ;
#1337 = AXIS2_PLACEMENT_3D ( 'NONE', #2057, #771, #2658 ) ;
#1338 = AXIS2_PLACEMENT_3D ( 'NONE', #2020, #1213, #2241 ) ;
#1339 = CARTESIAN_POINT ( 'NONE',  ( 10.60000000000233200, -3.209575669942470455, 2.040137090086312277 ) ) ;
#1340 = AXIS2_PLACEMENT_3D ( 'NONE', #222, #33, #870 ) ;
#1341 = FACE_BOUND ( 'NONE', #1673, .T. ) ;
#1342 = EDGE_LOOP ( 'NONE', ( #1616, #2113, #1706, #981 ) ) ;
#1343 = PRODUCT_DEFINITION_FORMATION_WITH_SPECIFIED_SOURCE ( 'ANY', '', #2015, .NOT_KNOWN. ) ;
#1344 = ORIENTED_EDGE ( 'NONE', *, *, #2442, .F. ) ;
#1345 = CARTESIAN_POINT ( 'NONE',  ( 4.589450574982427256, -2.788698044577475166, 2.416118013394279895 ) ) ;
#1346 = DIRECTION ( 'NONE',  ( 0.000000000000000000, 0.000000000000000000, -1.000000000000000000 ) ) ;
#1347 = LINE ( 'NONE', #2180, #1775 ) ;
#1348 = CARTESIAN_POINT ( 'NONE',  ( 10.49999999999999645, -7.100000000000002309, 8.500000000000000000 ) ) ;
#1349 = EDGE_CURVE ( 'NONE', #1939, #1907, #226, .T. ) ;
#1350 = CARTESIAN_POINT ( 'NONE',  ( 11.99999999999999645, -7.100000000000002309, 2.499999999999999556 ) ) ;
#1351 = DIRECTION ( 'NONE',  ( 1.000000000000000000, 0.000000000000000000, 0.000000000000000000 ) ) ;
#1352 = VERTEX_POINT ( 'NONE', #268 ) ;
#1353 = ORIENTED_EDGE ( 'NONE', *, *, #751, .F. ) ;
#1354 = EDGE_CURVE ( 'NONE', #2589, #1058, #1972, .T. ) ;
#1355 = CARTESIAN_POINT ( 'NONE',  ( 1.612793079520386863, -2.195844957197661707, 2.053921787102902741 ) ) ;
#1356 = PLANE ( 'NONE',  #1426 ) ;
#1357 = CARTESIAN_POINT ( 'NONE',  ( 6.000000000000000888, -7.100000000000004086, 9.000000000000001776 ) ) ;
#1358 = ORIENTED_EDGE ( 'NONE', *, *, #515, .F. ) ;
#1359 = CARTESIAN_POINT ( 'NONE',  ( 7.860397066910604025, 9.626210108019314098E-16, 9.000000000000001776 ) ) ;
#1360 = CARTESIAN_POINT ( 'NONE',  ( 10.86716799253448329, -5.649753726322823688, 2.025674968788709229 ) ) ;
#1361 = CARTESIAN_POINT ( 'NONE',  ( 8.586658011118204925, -4.549157405591002679, 2.255399943235798510 ) ) ;
#1362 = LINE ( 'NONE', #1311, #714 ) ;
#1363 = VERTEX_POINT ( 'NONE', #1922 ) ;
#1364 = ORIENTED_EDGE ( 'NONE', *, *, #1956, .F. ) ;
#1365 = CARTESIAN_POINT ( 'NONE',  ( 2.199273377702736898, -1.599218338860711963, 2.102925128869621574 ) ) ;
#1366 = ADVANCED_FACE ( 'NONE', ( #469 ), #1776, .F. ) ;
#1367 = DIRECTION ( 'NONE',  ( 1.000000000000000000, 0.000000000000000000, 0.000000000000000000 ) ) ;
#1368 = CARTESIAN_POINT ( 'NONE',  ( 8.303701264327385425E-16, -7.100000000000000533, 8.500000000000000000 ) ) ;
#1369 = CARTESIAN_POINT ( 'NONE',  ( 11.73916415614898057, -0.1008354993132369870, 8.654420992753591335 ) ) ;
#1370 = ORIENTED_EDGE ( 'NONE', *, *, #1523, .T. ) ;
#1371 = LINE ( 'NONE', #743, #1248 ) ;
#1372 = AXIS2_PLACEMENT_3D ( 'NONE', #1495, #498, #2131 ) ;
#1373 = CIRCLE ( 'NONE', #1110, 0.7999999999999899414 ) ;
#1374 = CARTESIAN_POINT ( 'NONE',  ( 7.442841621973143695, -3.422991399843361648, 2.412565838742214641 ) ) ;
#1375 = CARTESIAN_POINT ( 'NONE',  ( 9.411446224576637931, -1.450306872314984785, 8.685588850234461589 ) ) ;
#1376 = COLOUR_RGB ( '',0.5372549019607842924, 0.3490196078431372362, 0.3372549019607843368 ) ;
#1377 = ORIENTED_EDGE ( 'NONE', *, *, #599, .F. ) ;
#1378 = ORIENTED_EDGE ( 'NONE', *, *, #1173, .F. ) ;
#1379 = CARTESIAN_POINT ( 'NONE',  ( 11.00414222394533148, -6.264376107407495731, 0.000000000000000000 ) ) ;
#1380 = CIRCLE ( 'NONE', #1644, 0.7999999999999986011 ) ;
#1381 = CARTESIAN_POINT ( 'NONE',  ( 2.999999999999997335, -3.000000000000000000, 11.00000000000000000 ) ) ;
#1382 = FACE_OUTER_BOUND ( 'NONE', #1146, .T. ) ;
#1383 = ADVANCED_FACE ( 'NONE', ( #1143 ), #2394, .T. ) ;
#1384 = VERTEX_POINT ( 'NONE', #1308 ) ;
#1385 = CARTESIAN_POINT ( 'NONE',  ( 9.972800252965342338, -4.274582186599046985, 8.646474799855772275 ) ) ;
#1386 = EDGE_CURVE ( 'NONE', #2589, #880, #2701, .T. ) ;
#1387 = CARTESIAN_POINT ( 'NONE',  ( 11.99999999999999289, -4.299697111651276771, 9.033586978554255964 ) ) ;
#1388 = CARTESIAN_POINT ( 'NONE',  ( 7.399999999999879563, -2.999999999999999112, 2.417308015595516224 ) ) ;
#1389 = CARTESIAN_POINT ( 'NONE',  ( 9.103476188273532443, -1.399879496796258449, 8.714628158583529682 ) ) ;
#1390 = ORIENTED_EDGE ( 'NONE', *, *, #19, .F. ) ;
#1391 = EDGE_LOOP ( 'NONE', ( #339, #26, #1092, #2631 ) ) ;
#1392 = CARTESIAN_POINT ( 'NONE',  ( 11.99999999999999645, -7.100000000000002309, 8.500000000000000000 ) ) ;
#1393 = DIRECTION ( 'NONE',  ( -0.000000000000000000, 0.000000000000000000, 1.000000000000000000 ) ) ;
#1394 = DIRECTION ( 'NONE',  ( 0.000000000000000000, 0.000000000000000000, 1.000000000000000000 ) ) ;
#1395 = ORIENTED_EDGE ( 'NONE', *, *, #960, .T. ) ;
#1396 = ADVANCED_FACE ( 'NONE', ( #245 ), #1717, .F. ) ;
#1397 = DIRECTION ( 'NONE',  ( -1.000000000000000000, 0.000000000000000000, 0.000000000000000000 ) ) ;
#1398 = LINE ( 'NONE', #2194, #1856 ) ;
#1399 = EDGE_CURVE ( 'NONE', #2672, #2660, #94, .T. ) ;
#1400 = CARTESIAN_POINT ( 'NONE',  ( 7.399999999999878675, -3.212212312141161430, 2.417308015595516668 ) ) ;
#1401 = CARTESIAN_POINT ( 'NONE',  ( 10.05597216007498496, -1.793412091404673392, 8.642304429068538241 ) ) ;
#1402 = VERTEX_POINT ( 'NONE', #346 ) ;
#1403 = ORIENTED_EDGE ( 'NONE', *, *, #1718, .F. ) ;
#1404 = DIRECTION ( 'NONE',  ( 7.924735217559104949E-17, 1.000000000000000000, -0.000000000000000000 ) ) ;
#1405 = CARTESIAN_POINT ( 'NONE',  ( 4.599999999999997868, -3.000000000000000000, 11.00000000000000000 ) ) ;
#1406 = VERTEX_POINT ( 'NONE', #2655 ) ;
#1407 = CARTESIAN_POINT ( 'NONE',  ( 9.100635081809921090, -4.600217593211350042, 8.714925248725313267 ) ) ;
#1408 = FACE_OUTER_BOUND ( 'NONE', #2313, .T. ) ;
#1409 = B_SPLINE_CURVE_WITH_KNOTS ( 'NONE', 3,
 ( #1771, #521, #944, #1142 ),
 .UNSPECIFIED., .F., .F.,
 ( 4, 4 ),
 ( 0.04423220492176988677, 0.8082445808120455322 ),
 .UNSPECIFIED. ) ;
#1410 = AXIS2_PLACEMENT_3D ( 'NONE', #2137, #1047, #44 ) ;
#1411 = LINE ( 'NONE', #2534, #98 ) ;
#1412 = EDGE_CURVE ( 'NONE', #430, #724, #2210, .T. ) ;
#1413 = FACE_OUTER_BOUND ( 'NONE', #1241, .T. ) ;
#1414 = ORIENTED_EDGE ( 'NONE', *, *, #484, .T. ) ;
#1415 = VECTOR ( 'NONE', #311, 1000.000000000000000 ) ;
#1416 = VERTEX_POINT ( 'NONE', #997 ) ;
#1417 = CARTESIAN_POINT ( 'NONE',  ( 6.474748735239989728, -6.100000000000001421, 2.499999999999999112 ) ) ;
#1418 = AXIS2_PLACEMENT_3D ( 'NONE', #374, #2531, #826 ) ;
#1419 = CARTESIAN_POINT ( 'NONE',  ( 4.088464409843541425, -7.100000000000004086, 9.000000000000001776 ) ) ;
#1420 = VECTOR ( 'NONE', #276, 1000.000000000000000 ) ;
#1421 = CARTESIAN_POINT ( 'NONE',  ( 4.599999999999999645, -2.999999999979185983, 2.417308015595453607 ) ) ;
#1422 =( GEOMETRIC_REPRESENTATION_CONTEXT ( 3 ) GLOBAL_UNCERTAINTY_ASSIGNED_CONTEXT ( ( #2286 ) ) GLOBAL_UNIT_ASSIGNED_CONTEXT ( ( #45, #841, #2306 ) ) REPRESENTATION_CONTEXT ( 'NONE', 'WORKASPACE' ) );
#1423 = AXIS2_PLACEMENT_3D ( 'NONE', #357, #178, #137 ) ;
#1424 = CARTESIAN_POINT ( 'NONE',  ( 1.999999999999997113, -7.100000000000001421, 2.000000000000000888 ) ) ;
#1425 = CARTESIAN_POINT ( 'NONE',  ( 0.3866105359105722061, -0.03922826692527819903, 8.633811138549638997 ) ) ;
#1426 = AXIS2_PLACEMENT_3D ( 'NONE', #1106, #1579, #1730 ) ;
#1427 = CARTESIAN_POINT ( 'NONE',  ( 10.59999999999999964, -3.000000000016590285, 8.624677414323413061 ) ) ;
#1428 = DIRECTION ( 'NONE',  ( 1.000000000000000000, 0.000000000000000000, 0.000000000000000000 ) ) ;
#1429 = DIRECTION ( 'NONE',  ( -1.224646799147353207E-16, 1.000000000000000000, -0.000000000000000000 ) ) ;
#1430 = CARTESIAN_POINT ( 'NONE',  ( 3.211917349517076303, -4.589286913965628933, 2.226841230786807735 ) ) ;
#1431 = VERTEX_POINT ( 'NONE', #1622 ) ;
#1432 = EDGE_CURVE ( 'NONE', #627, #2672, #787, .T. ) ;
#1433 = ORIENTED_EDGE ( 'NONE', *, *, #1272, .F. ) ;
#1434 = FACE_BOUND ( 'NONE', #2699, .T. ) ;
#1435 = CARTESIAN_POINT ( 'NONE',  ( 7.729287123422472483, -2.022112110714864297, 2.376865364125857472 ) ) ;
#1436 = EDGE_CURVE ( 'NONE', #2535, #31, #522, .T. ) ;
#1437 = DIRECTION ( 'NONE',  ( 1.000000000000000000, 0.000000000000000000, 0.000000000000000000 ) ) ;
#1438 = CARTESIAN_POINT ( 'NONE',  ( 0.3866105359105729833, -7.100000000000004086, 8.633811138549638997 ) ) ;
#1439 = DIRECTION ( 'NONE',  ( -0.000000000000000000, -1.000000000000000000, -0.000000000000000000 ) ) ;
#1440 = EDGE_LOOP ( 'NONE', ( #1998, #1966, #1117, #329 ) ) ;
#1441 = LINE ( 'NONE', #199, #1108 ) ;
#1442 = ORIENTED_EDGE ( 'NONE', *, *, #320, .F. ) ;
#1443 = VERTEX_POINT ( 'NONE', #719 ) ;
#1444 = DIRECTION ( 'NONE',  ( -0.000000000000000000, -0.000000000000000000, -1.000000000000000000 ) ) ;
#1445 = CARTESIAN_POINT ( 'NONE',  ( 7.482416536581744104, -2.482318411830365612, 2.407774000318176011 ) ) ;
#1446 = DIRECTION ( 'NONE',  ( 7.924735217559104949E-17, 1.000000000000000000, -0.000000000000000000 ) ) ;
#1447 = DIRECTION ( 'NONE',  ( 0.7660444431189746828, -0.6427876096865432487, 0.000000000000000000 ) ) ;
#1448 = ADVANCED_FACE ( 'NONE', ( #1174 ), #967, .T. ) ;
#1449 = CARTESIAN_POINT ( 'NONE',  ( 10.94251380722911371, -5.559960081004735599, 8.624324944968298823 ) ) ;
#1450 = FACE_OUTER_BOUND ( 'NONE', #262, .T. ) ;
#1451 = VERTEX_POINT ( 'NONE', #1790 ) ;
#1452 = CARTESIAN_POINT ( 'NONE',  ( 4.057308787705422581, -1.794612749104752991, 8.855313680693834399 ) ) ;
#1453 =( LENGTH_UNIT ( ) NAMED_UNIT ( * ) SI_UNIT ( .MILLI., .METRE. ) );
#1454 = ORIENTED_EDGE ( 'NONE', *, *, #948, .T. ) ;
#1455 = ORIENTED_EDGE ( 'NONE', *, *, #2714, .T. ) ;
#1456 = DIRECTION ( 'NONE',  ( 0.000000000000000000, 0.000000000000000000, 1.000000000000000000 ) ) ;
#1457 = CARTESIAN_POINT ( 'NONE',  ( 10.59999999999882547, -2.895189501448964808, 2.040137090086522331 ) ) ;
#1458 = AXIS2_PLACEMENT_3D ( 'NONE', #2600, #706, #1112 ) ;
#1459 = ORIENTED_EDGE ( 'NONE', *, *, #348, .F. ) ;
#1460 = VECTOR ( 'NONE', #1084, 1000.000000000000000 ) ;
#1461 = APPLICATION_PROTOCOL_DEFINITION ( 'draft international standard', 'automotive_design', 1998, #1988 ) ;
#1462 = CARTESIAN_POINT ( 'NONE',  ( 6.000000000000000000, 7.347880794884119736E-16, 9.000000000000001776 ) ) ;
#1463 = AXIS2_PLACEMENT_3D ( 'NONE', #20, #2287, #2109 ) ;
#1464 = ADVANCED_FACE ( 'NONE', ( #1408 ), #2245, .T. ) ;
#1465 = DIRECTION ( 'NONE',  ( 0.000000000000000000, 0.000000000000000000, -1.000000000000000000 ) ) ;
#1466 = ORIENTED_EDGE ( 'NONE', *, *, #2053, .F. ) ;
#1467 = AXIS2_PLACEMENT_3D ( 'NONE', #381, #954, #2675 ) ;
#1468 = EDGE_CURVE ( 'NONE', #234, #1620, #1684, .T. ) ;
#1469 = CARTESIAN_POINT ( 'NONE',  ( 11.99999999999999645, -0.5999999999999985345, 11.00000000000000000 ) ) ;
#1470 = CARTESIAN_POINT ( 'NONE',  ( 8.909579102204217449, -7.100000000000002309, 8.543253960945650149 ) ) ;
#1471 = VERTEX_POINT ( 'NONE', #757 ) ;
#1472 = VERTEX_POINT ( 'NONE', #2446 ) ;
#1473 = LINE ( 'NONE', #1858, #972 ) ;
#1474 = CARTESIAN_POINT ( 'NONE',  ( 3.801839830831318601, -4.388470729517348623, 8.822522342496675662 ) ) ;
#1475 = ORIENTED_EDGE ( 'NONE', *, *, #1933, .T. ) ;
#1476 = DIRECTION ( 'NONE',  ( 0.000000000000000000, 0.000000000000000000, -1.000000000000000000 ) ) ;
#1477 = CARTESIAN_POINT ( 'NONE',  ( 10.59999999999999964, -2.999999999982173371, 2.040137090086451277 ) ) ;
#1478 = CARTESIAN_POINT ( 'NONE',  ( 7.399999999999995914, -2.999999999999999556, 11.00000000000000000 ) ) ;
#1479 = PLANE ( 'NONE',  #1507 ) ;
#1480 = EDGE_CURVE ( 'NONE', #1518, #1610, #550, .T. ) ;
#1481 = ORIENTED_EDGE ( 'NONE', *, *, #38, .T. ) ;
#1482 = DIRECTION ( 'NONE',  ( 0.000000000000000000, 0.000000000000000000, -1.000000000000000000 ) ) ;
#1483 = EDGE_CURVE ( 'NONE', #699, #215, #1371, .T. ) ;
#1484 = ORIENTED_EDGE ( 'NONE', *, *, #565, .F. ) ;
#1485 = ORIENTED_EDGE ( 'NONE', *, *, #912, .F. ) ;
#1486 = SURFACE_STYLE_FILL_AREA ( #447 ) ;
#1487 = CARTESIAN_POINT ( 'NONE',  ( 10.59999999999999964, -2.999999999982173371, 2.040137090086451277 ) ) ;
#1488 = ORIENTED_EDGE ( 'NONE', *, *, #780, .F. ) ;
#1489 =( NAMED_UNIT ( * ) SI_UNIT ( $, .STERADIAN. ) SOLID_ANGLE_UNIT ( ) );
#1490 =( NAMED_UNIT ( * ) SI_UNIT ( $, .STERADIAN. ) SOLID_ANGLE_UNIT ( ) );
#1491 = DIRECTION ( 'NONE',  ( -0.000000000000000000, 0.000000000000000000, 1.000000000000000000 ) ) ;
#1492 = CARTESIAN_POINT ( 'NONE',  ( 10.94251380722911371, -5.559960081004736487, 8.621939644623777710 ) ) ;
#1493 = LINE ( 'NONE', #2331, #2247 ) ;
#1494 = ORIENTED_EDGE ( 'NONE', *, *, #2104, .F. ) ;
#1495 = CARTESIAN_POINT ( 'NONE',  ( 5.999999999999998224, -7.100000000000001421, 2.960000000000000409 ) ) ;
#1496 = ORIENTED_EDGE ( 'NONE', *, *, #2065, .T. ) ;
#1497 = EDGE_LOOP ( 'NONE', ( #2461, #417 ) ) ;
#1498 = EDGE_CURVE ( 'NONE', #490, #31, #1555, .T. ) ;
#1499 = CARTESIAN_POINT ( 'NONE',  ( 11.99999999999999645, 1.469576158976823553E-15, 1.603004712163095702 ) ) ;
#1500 = DIRECTION ( 'NONE',  ( -0.000000000000000000, -0.000000000000000000, -1.000000000000000000 ) ) ;
#1501 = EDGE_LOOP ( 'NONE', ( #1582, #798, #631 ) ) ;
#1502 = PLANE ( 'NONE',  #1557 ) ;
#1503 = EDGE_LOOP ( 'NONE', ( #2298, #429, #1300, #275 ) ) ;
#1504 = EDGE_CURVE ( 'NONE', #2229, #2133, #1801, .T. ) ;
#1505 = CARTESIAN_POINT ( 'NONE',  ( 10.49999999999999645, -7.100000000000002309, 2.499999999999999556 ) ) ;
#1506 = AXIS2_PLACEMENT_3D ( 'NONE', #781, #2029, #1598 ) ;
#1507 = AXIS2_PLACEMENT_3D ( 'NONE', #580, #2319, #1428 ) ;
#1508 = CARTESIAN_POINT ( 'NONE',  ( 11.38977819701789684, -5.026931137634504054, 8.626321853980186916 ) ) ;
#1509 = DIRECTION ( 'NONE',  ( -7.924735217559104949E-17, -1.000000000000000000, 0.000000000000000000 ) ) ;
#1510 = VECTOR ( 'NONE', #906, 1000.000000000000000 ) ;
#1511 = VECTOR ( 'NONE', #2167, 1000.000000000000000 ) ;
#1512 = FACE_OUTER_BOUND ( 'NONE', #1054, .T. ) ;
#1513 = AXIS2_PLACEMENT_3D ( 'NONE', #1535, #1127, #1958 ) ;
#1514 = ORIENTED_EDGE ( 'NONE', *, *, #21, .T. ) ;
#1515 = ORIENTED_EDGE ( 'NONE', *, *, #2051, .F. ) ;
#1516 = LINE ( 'NONE', #1350, #932 ) ;
#1517 = DIRECTION ( 'NONE',  ( -0.000000000000000000, 0.000000000000000000, 1.000000000000000000 ) ) ;
#1518 = VERTEX_POINT ( 'NONE', #1387 ) ;
#1519 = EDGE_CURVE ( 'NONE', #1416, #1545, #488, .T. ) ;
#1520 = CYLINDRICAL_SURFACE ( 'NONE', #2610, 1.600000000000000755 ) ;
#1521 = ORIENTED_EDGE ( 'NONE', *, *, #1886, .T. ) ;
#1522 = CARTESIAN_POINT ( 'NONE',  ( 1.399999999999997469, -2.893873937730760293, 2.040137090086451721 ) ) ;
#1523 = EDGE_CURVE ( 'NONE', #1924, #1964, #1398, .T. ) ;
#1524 = DIRECTION ( 'NONE',  ( 0.000000000000000000, 0.000000000000000000, -1.000000000000000000 ) ) ;
#1525 = CARTESIAN_POINT ( 'NONE',  ( 11.99999999999999645, -7.100000000000002309, 8.500000000000000000 ) ) ;
#1526 = B_SPLINE_CURVE_WITH_KNOTS ( 'NONE', 3,
 ( #1093, #2718, #18, #2346 ),
 .UNSPECIFIED., .F., .F.,
 ( 4, 4 ),
 ( 0.1917554191879538017, 0.9557677950782289544 ),
 .UNSPECIFIED. ) ;
#1527 = CARTESIAN_POINT ( 'NONE',  ( 7.399999999999995026, -2.999999999999999556, 11.00000000000000000 ) ) ;
#1528 = ORIENTED_EDGE ( 'NONE', *, *, #1083, .F. ) ;
#1529 = PLANE ( 'NONE',  #50 ) ;
#1530 = FACE_OUTER_BOUND ( 'NONE', #1719, .T. ) ;
#1531 = VERTEX_POINT ( 'NONE', #1156 ) ;
#1532 = CARTESIAN_POINT ( 'NONE',  ( 8.999999999999998224, -2.999999999999999556, 0.000000000000000000 ) ) ;
#1533 = ORIENTED_EDGE ( 'NONE', *, *, #1588, .F. ) ;
#1534 = CARTESIAN_POINT ( 'NONE',  ( 0.5999999999999998668, -0.5999999999999998668, 0.000000000000000000 ) ) ;
#1535 = CARTESIAN_POINT ( 'NONE',  ( 0.5999999999999998668, -0.5999999999999998668, 11.00000000000000000 ) ) ;
#1536 = CARTESIAN_POINT ( 'NONE',  ( 0.3999999999999996336, -3.549999999999990496, 9.033586978554254188 ) ) ;
#1537 = EDGE_CURVE ( 'NONE', #2295, #358, #2637, .T. ) ;
#1538 = DIRECTION ( 'NONE',  ( -0.7660444431189752379, 0.6427876096865426936, 0.000000000000000000 ) ) ;
#1539 = ADVANCED_FACE ( 'NONE', ( #1583 ), #2222, .T. ) ;
#1540 = DIRECTION ( 'NONE',  ( 1.000000000000000000, 0.000000000000000000, -0.000000000000000000 ) ) ;
#1541 = ORIENTED_EDGE ( 'NONE', *, *, #2285, .T. ) ;
#1542 = EDGE_LOOP ( 'NONE', ( #831, #1589, #2320, #1320 ) ) ;
#1543 = CARTESIAN_POINT ( 'NONE',  ( 8.027747923355157411, -4.274978088262805009, 2.336039564724020412 ) ) ;
#1544 = DIRECTION ( 'NONE',  ( -7.924735217559104949E-17, -1.000000000000000000, 0.000000000000000000 ) ) ;
#1545 = VERTEX_POINT ( 'NONE', #144 ) ;
#1546 = ORIENTED_EDGE ( 'NONE', *, *, #1537, .F. ) ;
#1547 = CARTESIAN_POINT ( 'NONE',  ( 1.482426556380984639, -2.482269795105031207, 2.045207660281064488 ) ) ;
#1548 = CARTESIAN_POINT ( 'NONE',  ( 11.99999999999999645, -4.299697111651274106, 1.603004712163095702 ) ) ;
#1549 = AXIS2_PLACEMENT_3D ( 'NONE', #980, #1835, #2465 ) ;
#1550 = LINE ( 'NONE', #2205, #2605 ) ;
#1551 = LINE ( 'NONE', #1067, #1460 ) ;
#1552 = AXIS2_PLACEMENT_3D ( 'NONE', #1815, #363, #2627 ) ;
#1553 = AXIS2_PLACEMENT_3D ( 'NONE', #432, #192, #216 ) ;
#1554 = EDGE_CURVE ( 'NONE', #1279, #1406, #1373, .T. ) ;
#1555 = B_SPLINE_CURVE_WITH_KNOTS ( 'NONE', 3,
 ( #362, #1359, #117, #957 ),
 .UNSPECIFIED., .F., .F.,
 ( 4, 4 ),
 ( 0.000000000000000000, 0.9301985334553017903 ),
 .UNSPECIFIED. ) ;
#1556 = CIRCLE ( 'NONE', #359, 1.400000000000000133 ) ;
#1557 = AXIS2_PLACEMENT_3D ( 'NONE', #251, #1091, #71 ) ;
#1558 = LINE ( 'NONE', #458, #1203 ) ;
#1559 = CARTESIAN_POINT ( 'NONE',  ( 8.999999999999998224, -2.999999999999999556, 11.00000000000000000 ) ) ;
#1560 = EDGE_CURVE ( 'NONE', #2489, #668, #774, .T. ) ;
#1561 = AXIS2_PLACEMENT_3D ( 'NONE', #2013, #1804, #131 ) ;
#1562 = CARTESIAN_POINT ( 'NONE',  ( 11.83756118774756594, -6.963697652550107975, 1.999431154471256855 ) ) ;
#1563 = CARTESIAN_POINT ( 'NONE',  ( 0.3939054436942366899, -7.100000000000004086, 2.002958279947452347 ) ) ;
#1564 = ORIENTED_EDGE ( 'NONE', *, *, #1412, .F. ) ;
#1565 = VERTEX_POINT ( 'NONE', #1278 ) ;
#1566 = CARTESIAN_POINT ( 'NONE',  ( 0.4000000000000000777, -7.100000000000001421, 9.033586978554254188 ) ) ;
#1567 = CARTESIAN_POINT ( 'NONE',  ( 6.000000000000000888, -6.100000000000003197, 9.000000000000001776 ) ) ;
#1568 = CARTESIAN_POINT ( 'NONE',  ( 9.704304177364168282, -1.559543208564546646, 2.113399097828365214 ) ) ;
#1569 = CARTESIAN_POINT ( 'NONE',  ( 11.39999999999999680, 1.396097351027982227E-15, 11.00000000000000000 ) ) ;
#1570 = ADVANCED_FACE ( 'NONE', ( #1253 ), #1690, .F. ) ;
#1571 = ORIENTED_EDGE ( 'NONE', *, *, #1190, .T. ) ;
#1572 = B_SPLINE_SURFACE_WITH_KNOTS ( 'NONE', 3, 1, ( 
 ( #1045, #392 ),
 ( #1668, #1247 ),
 ( #2, #194 ),
 ( #835, #1683 ) ),
 .UNSPECIFIED., .F., .F., .F.,
 ( 4, 4 ),
 ( 2, 2 ),
 ( 0.04509225000583070436, 1.000000000000000000 ),
 ( 0.000000000000000000, 1.000000000000000000 ),
 .UNSPECIFIED. ) ;
#1573 = CARTESIAN_POINT ( 'NONE',  ( 9.411022806767240567, -4.549792809792043258, 2.145943708839908481 ) ) ;
#1574 = EDGE_CURVE ( 'NONE', #1406, #1279, #2691, .T. ) ;
#1575 = LINE ( 'NONE', #312, #1987 ) ;
#1576 = VERTEX_POINT ( 'NONE', #1840 ) ;
#1577 = ORIENTED_EDGE ( 'NONE', *, *, #1255, .F. ) ;
#1578 = DIRECTION ( 'NONE',  ( 1.000000000000000000, 0.000000000000000000, 0.000000000000000000 ) ) ;
#1579 = DIRECTION ( 'NONE',  ( 1.000000000000000000, 0.000000000000000000, 0.000000000000000000 ) ) ;
#1580 = CARTESIAN_POINT ( 'NONE',  ( 1.806230861891511941, -7.100000000000004086, 2.059715694495313443 ) ) ;
#1581 = CARTESIAN_POINT ( 'NONE',  ( 9.100940259054105752, -1.399812935546785209, 2.184463055173217594 ) ) ;
#1582 = ORIENTED_EDGE ( 'NONE', *, *, #973, .F. ) ;
#1583 = FACE_OUTER_BOUND ( 'NONE', #2405, .T. ) ;
#1584 = CARTESIAN_POINT ( 'NONE',  ( 11.99999999999999289, -4.299697111651276771, 9.033586978554255964 ) ) ;
#1585 = FACE_OUTER_BOUND ( 'NONE', #596, .T. ) ;
#1586 = DIRECTION ( 'NONE',  ( -0.6427876096865432487, -0.7660444431189749048, 0.000000000000000000 ) ) ;
#1587 = VERTEX_POINT ( 'NONE', #197 ) ;
#1588 = EDGE_CURVE ( 'NONE', #1172, #406, #2633, .T. ) ;
#1589 = ORIENTED_EDGE ( 'NONE', *, *, #2040, .T. ) ;
#1590 = CARTESIAN_POINT ( 'NONE',  ( 11.00414222394533503, -6.264376107407496619, 8.622105075057561407 ) ) ;
#1591 = CARTESIAN_POINT ( 'NONE',  ( 11.99999999999999645, 1.469576158976823553E-15, 0.000000000000000000 ) ) ;
#1592 = CYLINDRICAL_SURFACE ( 'NONE', #1894, 0.4000000000000000222 ) ;
#1593 = ORIENTED_EDGE ( 'NONE', *, *, #2235, .F. ) ;
#1594 = CARTESIAN_POINT ( 'NONE',  ( 11.59999999999999964, -3.550000000000001155, 1.603004712163095702 ) ) ;
#1595 = CIRCLE ( 'NONE', #395, 0.5999999999999998668 ) ;
#1596 = VECTOR ( 'NONE', #2231, 1000.000000000000000 ) ;
#1597 = COLOUR_RGB ( '',0.5372549019607842924, 0.3490196078431372362, 0.3372549019607843368 ) ;
#1598 = DIRECTION ( 'NONE',  ( 1.000000000000000000, 0.000000000000000000, 0.000000000000000000 ) ) ;
#1599 = CARTESIAN_POINT ( 'NONE',  ( 2.029399852079114108, -4.276266760119886712, 2.087441396986416287 ) ) ;
#1600 = VECTOR ( 'NONE', #193, 1000.000000000000000 ) ;
#1601 = VECTOR ( 'NONE', #677, 999.9999999999998863 ) ;
#1602 = ORIENTED_EDGE ( 'NONE', *, *, #1432, .F. ) ;
#1603 = ORIENTED_EDGE ( 'NONE', *, *, #518, .F. ) ;
#1604 = PLANE ( 'NONE',  #16 ) ;
#1605 = EDGE_CURVE ( 'NONE', #1166, #627, #2289, .T. ) ;
#1606 =( GEOMETRIC_REPRESENTATION_CONTEXT ( 3 ) GLOBAL_UNCERTAINTY_ASSIGNED_CONTEXT ( ( #547 ) ) GLOBAL_UNIT_ASSIGNED_CONTEXT ( ( #1224, #964, #661 ) ) REPRESENTATION_CONTEXT ( 'NONE', 'WORKASPACE' ) );
#1607 = CARTESIAN_POINT ( 'NONE',  ( 1.499999999999997780, -7.100000000000001421, 2.624499799839834502 ) ) ;
#1608 = CARTESIAN_POINT ( 'NONE',  ( 3.092217811022250018, 0.000000000000000000, 2.044075594500535331 ) ) ;
#1609 = ADVANCED_FACE ( 'NONE', ( #2690, #2483, #797 ), #1479, .T. ) ;
#1610 = VERTEX_POINT ( 'NONE', #398 ) ;
#1611 = UNCERTAINTY_MEASURE_WITH_UNIT (LENGTH_MEASURE( 1.000000000000000082E-05 ), #2725, 'distance_accuracy_value', 'NONE');
#1612 = CARTESIAN_POINT ( 'NONE',  ( 10.82553602878860133, -5.881353885848007224, 0.000000000000000000 ) ) ;
#1613 = DIRECTION ( 'NONE',  ( -1.000000000000000000, 0.000000000000000000, 0.000000000000000000 ) ) ;
#1614 = CARTESIAN_POINT ( 'NONE',  ( 7.603701371884350024, -3.808711369848984063, 2.393092759634804612 ) ) ;
#1615 = CARTESIAN_POINT ( 'NONE',  ( 0.5990290337845457502, 0.004854831077270018933, 9.500000000000000000 ) ) ;
#1616 = ORIENTED_EDGE ( 'NONE', *, *, #2220, .F. ) ;
#1617 = ORIENTED_EDGE ( 'NONE', *, *, #701, .F. ) ;
#1618 = DIRECTION ( 'NONE',  ( -0.6427876096865426936, -0.7660444431189752379, 0.000000000000000000 ) ) ;
#1619 = CARTESIAN_POINT ( 'NONE',  ( 1.999999999999997113, -7.100000000000001421, 2.000000000000000888 ) ) ;
#1620 = VERTEX_POINT ( 'NONE', #1658 ) ;
#1621 = EDGE_CURVE ( 'NONE', #1055, #654, #1024, .T. ) ;
#1622 = CARTESIAN_POINT ( 'NONE',  ( 11.99999999999999645, -7.100000000000000533, 0.000000000000000000 ) ) ;
#1623 = CARTESIAN_POINT ( 'NONE',  ( 2.200000000000000178, 1.500000000000001332, 9.500000000000000000 ) ) ;
#1624 = CARTESIAN_POINT ( 'NONE',  ( 0.5000000000000001110, 6.123233995736767268E-17, 9.500000000000000000 ) ) ;
#1625 = EDGE_LOOP ( 'NONE', ( #1433, #51, #23, #250, #17 ) ) ;
#1626 = ORIENTED_EDGE ( 'NONE', *, *, #2614, .T. ) ;
#1627 = CARTESIAN_POINT ( 'NONE',  ( 10.51778154073150873, -2.482862801846803968, 2.045194344386964680 ) ) ;
#1628 = CARTESIAN_POINT ( 'NONE',  ( 1.375500200160163500, -9.700000000000001066, 2.500000000000000000 ) ) ;
#1629 = CARTESIAN_POINT ( 'NONE',  ( 0.000000000000000000, 0.000000000000000000, 11.00000000000000000 ) ) ;
#1630 = CARTESIAN_POINT ( 'NONE',  ( 2.999999999999997335, -3.000000000000000000, 11.00000000000000000 ) ) ;
#1631 = CARTESIAN_POINT ( 'NONE',  ( 11.83756118774756416, -4.493284149729843691, 1.999431154471256855 ) ) ;
#1632 = AXIS2_PLACEMENT_3D ( 'NONE', #323, #2044, #2419 ) ;
#1633 = CARTESIAN_POINT ( 'NONE',  ( 7.723548133933507032, -3.987012452079217617, 2.377944821396891673 ) ) ;
#1634 = CARTESIAN_POINT ( 'NONE',  ( 9.513093986236652810, -1.480879567594861612, 8.677157675201277343 ) ) ;
#1635 = ADVANCED_FACE ( 'NONE', ( #2262 ), #2274, .F. ) ;
#1636 = VERTEX_POINT ( 'NONE', #592 ) ;
#1637 = EDGE_LOOP ( 'NONE', ( #516, #83 ) ) ;
#1638 = LINE ( 'NONE', #2060, #1329 ) ;
#1639 = VECTOR ( 'NONE', #41, 1000.000000000000000 ) ;
#1640 = FACE_OUTER_BOUND ( 'NONE', #2340, .T. ) ;
#1641 = AXIS2_PLACEMENT_3D ( 'NONE', #2367, #502, #2382 ) ;
#1642 = PLANE ( 'NONE',  #1467 ) ;
#1643 = LINE ( 'NONE', #2676, #707 ) ;
#1644 = AXIS2_PLACEMENT_3D ( 'NONE', #2240, #2452, #2662 ) ;
#1645 = CARTESIAN_POINT ( 'NONE',  ( 8.017539360234268386, -4.279931275381709810, 8.845911007792947700 ) ) ;
#1646 = DIRECTION ( 'NONE',  ( 1.000000000000000000, 1.548860246407863336E-16, 0.000000000000000000 ) ) ;
#1647 = ORIENTED_EDGE ( 'NONE', *, *, #2235, .T. ) ;
#1648 = CARTESIAN_POINT ( 'NONE',  ( 2.793550309348055372, -1.399472097607096677, 8.703573107603627790 ) ) ;
#1649 = DIRECTION ( 'NONE',  ( -0.000000000000000000, -0.000000000000000000, -1.000000000000000000 ) ) ;
#1650 = ORIENTED_EDGE ( 'NONE', *, *, #2617, .F. ) ;
#1651 = ORIENTED_EDGE ( 'NONE', *, *, #1399, .F. ) ;
#1652 = EDGE_CURVE ( 'NONE', #1069, #389, #316, .T. ) ;
#1653 = DIRECTION ( 'NONE',  ( -0.000000000000000000, 0.000000000000000000, 1.000000000000000000 ) ) ;
#1654 = DIRECTION ( 'NONE',  ( -0.000000000000000000, -0.000000000000000000, -1.000000000000000000 ) ) ;
#1655 = CARTESIAN_POINT ( 'NONE',  ( 0.3999999999999990230, -3.550000000000001155, 1.603004712163095702 ) ) ;
#1656 = FACE_OUTER_BOUND ( 'NONE', #483, .T. ) ;
#1657 = LINE ( 'NONE', #1449, #1250 ) ;
#1658 = CARTESIAN_POINT ( 'NONE',  ( 11.99999999999999645, -0.5999999999999985345, 0.000000000000000000 ) ) ;
#1659 = ORIENTED_EDGE ( 'NONE', *, *, #531, .T. ) ;
#1660 = CYLINDRICAL_SURFACE ( 'NONE', #2291, 0.5999999999999998668 ) ;
#1661 = FACE_OUTER_BOUND ( 'NONE', #2149, .T. ) ;
#1662 = ORIENTED_EDGE ( 'NONE', *, *, #53, .F. ) ;
#1663 = ORIENTED_EDGE ( 'NONE', *, *, #2001, .T. ) ;
#1664 = PRESENTATION_STYLE_ASSIGNMENT (( #1911 ) ) ;
#1665 = CARTESIAN_POINT ( 'NONE',  ( 3.106529951266094880, -4.599838485247193631, 8.737133896976708058 ) ) ;
#1666 = ORIENTED_EDGE ( 'NONE', *, *, #838, .T. ) ;
#1667 = EDGE_CURVE ( 'NONE', #2160, #2589, #1901, .T. ) ;
#1668 = CARTESIAN_POINT ( 'NONE',  ( 8.907782188977749982, -7.100000000000002309, 2.044075594500534887 ) ) ;
#1669 = LINE ( 'NONE', #2284, #2253 ) ;
#1670 = ADVANCED_FACE ( 'NONE', ( #1875 ), #181, .T. ) ;
#1671 = FILL_AREA_STYLE ('',( #2083 ) ) ;
#1672 = DIRECTION ( 'NONE',  ( -7.924735217559104949E-17, -1.000000000000000000, 0.000000000000000000 ) ) ;
#1673 = EDGE_LOOP ( 'NONE', ( #2505, #2698 ) ) ;
#1674 = FACE_OUTER_BOUND ( 'NONE', #1625, .T. ) ;
#1675 = CARTESIAN_POINT ( 'NONE',  ( 7.399999999999702816, -2.999999999999999112, 8.919885059346752243 ) ) ;
#1676 = ORIENTED_EDGE ( 'NONE', *, *, #912, .T. ) ;
#1677 = VECTOR ( 'NONE', #588, 1000.000000000000000 ) ;
#1678 = VERTEX_POINT ( 'NONE', #812 ) ;
#1679 = LINE ( 'NONE', #231, #1158 ) ;
#1680 = CARTESIAN_POINT ( 'NONE',  ( 3.000000000000000000, 3.673940397442059868E-16, 11.00000000000000000 ) ) ;
#1681 = CIRCLE ( 'NONE', #2561, 1.400000000000000133 ) ;
#1682 = VERTEX_POINT ( 'NONE', #2497 ) ;
#1683 = CARTESIAN_POINT ( 'NONE',  ( 5.999999999999998224, 0.000000000000000000, 2.499999999999999556 ) ) ;
#1684 = CIRCLE ( 'NONE', #2567, 0.5999999999999998668 ) ;
#1685 = CARTESIAN_POINT ( 'NONE',  ( 0.3264690846724319639, -0.06117086514274215625, 2.001930673944608774 ) ) ;
#1686 = AXIS2_PLACEMENT_3D ( 'NONE', #2448, #1586, #364 ) ;
#1687 = CIRCLE ( 'NONE', #2524, 0.7999999999999947153 ) ;
#1688 = CYLINDRICAL_SURFACE ( 'NONE', #1340, 0.5000000000000004441 ) ;
#1689 = ADVANCED_FACE ( 'NONE', ( #1450 ), #1889, .T. ) ;
#1690 = CYLINDRICAL_SURFACE ( 'NONE', #1334, 1.600000000000000755 ) ;
#1691 = ORIENTED_EDGE ( 'NONE', *, *, #764, .T. ) ;
#1692 =( GEOMETRIC_REPRESENTATION_CONTEXT ( 3 ) GLOBAL_UNCERTAINTY_ASSIGNED_CONTEXT ( ( #766 ) ) GLOBAL_UNIT_ASSIGNED_CONTEXT ( ( #854, #601, #1490 ) ) REPRESENTATION_CONTEXT ( 'NONE', 'WORKASPACE' ) );
#1693 = CARTESIAN_POINT ( 'NONE',  ( 3.517415536681018917, -1.482377477010022648, 8.786235079829669559 ) ) ;
#1694 = FACE_OUTER_BOUND ( 'NONE', #1013, .T. ) ;
#1695 = ORIENTED_EDGE ( 'NONE', *, *, #2034, .T. ) ;
#1696 = ORIENTED_EDGE ( 'NONE', *, *, #688, .F. ) ;
#1697 = CARTESIAN_POINT ( 'NONE',  ( 9.999999999999994671, -9.699999999999999289, 5.500000000000000000 ) ) ;
#1698 = CARTESIAN_POINT ( 'NONE',  ( 2.019241188332312920, -4.281354681171183785, 8.645630283471735567 ) ) ;
#1699 = ORIENTED_EDGE ( 'NONE', *, *, #2564, .T. ) ;
#1700 = CARTESIAN_POINT ( 'NONE',  ( 10.77334445384752826, -7.124179045744905459, 5.262508588780072216 ) ) ;
#1701 = CARTESIAN_POINT ( 'NONE',  ( 11.16615369220972376, -5.293436444631741900, 8.622183893174913294 ) ) ;
#1702 = DIRECTION ( 'NONE',  ( -0.000000000000000000, 0.000000000000000000, -1.000000000000000000 ) ) ;
#1703 = ORIENTED_EDGE ( 'NONE', *, *, #1412, .T. ) ;
#1704 = CARTESIAN_POINT ( 'NONE',  ( 1.399999999999996581, -2.999999999999999556, 8.624677414323413061 ) ) ;
#1705 = VERTEX_POINT ( 'NONE', #210 ) ;
#1706 = ORIENTED_EDGE ( 'NONE', *, *, #2156, .T. ) ;
#1707 = CARTESIAN_POINT ( 'NONE',  ( 11.99999999999999645, -0.5999999999999985345, 11.00000000000000000 ) ) ;
#1708 = B_SPLINE_CURVE_WITH_KNOTS ( 'NONE', 3,
 ( #477, #466, #2402, #304 ),
 .UNSPECIFIED., .F., .F.,
 ( 4, 4 ),
 ( 0.000000000000000000, 0.0002093412612817983757 ),
 .UNSPECIFIED. ) ;
#1709 = CARTESIAN_POINT ( 'NONE',  ( 4.589479916420390992, -3.211019594592114945, 8.918759249074163620 ) ) ;
#1710 = ORIENTED_EDGE ( 'NONE', *, *, #4, .F. ) ;
#1711 = FILL_AREA_STYLE ('',( #2554 ) ) ;
#1712 = ORIENTED_EDGE ( 'NONE', *, *, #118, .F. ) ;
#1713 = CARTESIAN_POINT ( 'NONE',  ( 11.99999999999999645, -7.100000000000002309, 2.499999999999999556 ) ) ;
#1714 = CARTESIAN_POINT ( 'NONE',  ( 3.459999999999996412, -7.100000000000001421, 5.500000000000000888 ) ) ;
#1715 = CARTESIAN_POINT ( 'NONE',  ( 11.99999999999999645, -7.100000000000000533, 8.500000000000000000 ) ) ;
#1716 = B_SPLINE_CURVE_WITH_KNOTS ( 'NONE', 3,
 ( #414, #2499, #1266, #2099 ),
 .UNSPECIFIED., .F., .F.,
 ( 4, 4 ),
 ( 0.000000000000000000, 1.000000000000000000 ),
 .UNSPECIFIED. ) ;
#1717 = PLANE ( 'NONE',  #179 ) ;
#1718 = EDGE_CURVE ( 'NONE', #1451, #654, #12, .T. ) ;
#1719 = EDGE_LOOP ( 'NONE', ( #1274, #1232, #211, #2033, #1414, #1564, #1783, #399, #321, #2594, #541, #1514, #1099, #2604, #1254, #783, #1895, #475, #2577, #1521, #386, #1659, #1740, #39, #2254, #1626, #1353 ) ) ;
#1720 = ORIENTED_EDGE ( 'NONE', *, *, #239, .T. ) ;
#1721 = CARTESIAN_POINT ( 'NONE',  ( 11.99999999999999645, -9.699999999999999289, 11.00000000000000000 ) ) ;
#1722 = ADVANCED_FACE ( 'NONE', ( #2362 ), #2391, .F. ) ;
#1723 = CARTESIAN_POINT ( 'NONE',  ( 3.212109625204539132, -4.589293171507660141, 8.749220189448800866 ) ) ;
#1724 = ORIENTED_EDGE ( 'NONE', *, *, #1821, .F. ) ;
#1725 = ORIENTED_EDGE ( 'NONE', *, *, #2342, .F. ) ;
#1726 = CARTESIAN_POINT ( 'NONE',  ( 11.61338946408942085, 5.673543500723638737E-32, 8.633811138549638997 ) ) ;
#1727 = AXIS2_PLACEMENT_3D ( 'NONE', #128, #2000, #2457 ) ;
#1728 = AXIS2_PLACEMENT_3D ( 'NONE', #1107, #256, #704 ) ;
#1729 = STYLED_ITEM ( 'NONE', ( #1799 ), #285 ) ;
#1730 = DIRECTION ( 'NONE',  ( 0.000000000000000000, 0.000000000000000000, -1.000000000000000000 ) ) ;
#1731 = CARTESIAN_POINT ( 'NONE',  ( 2.200000000000000178, 1.200000000000001288, 9.500000000000000000 ) ) ;
#1732 = AXIS2_PLACEMENT_3D ( 'NONE', #2063, #372, #2453 ) ;
#1733 = CARTESIAN_POINT ( 'NONE',  ( -5.626562004466963824E-16, -7.099999999999998757, 2.499999999999999556 ) ) ;
#1734 = EDGE_LOOP ( 'NONE', ( #1214, #1976, #2214, #528 ) ) ;
#1735 = ORIENTED_EDGE ( 'NONE', *, *, #1504, .T. ) ;
#1736 = CARTESIAN_POINT ( 'NONE',  ( 9.103605991493191496, -4.600099633692515511, 2.184111411021127491 ) ) ;
#1737 = LINE ( 'NONE', #2579, #2571 ) ;
#1738 = VERTEX_POINT ( 'NONE', #2575 ) ;
#1739 = EDGE_CURVE ( 'NONE', #252, #490, #2140, .T. ) ;
#1740 = ORIENTED_EDGE ( 'NONE', *, *, #688, .T. ) ;
#1741 = CARTESIAN_POINT ( 'NONE',  ( 11.32553602878860310, -5.881353885848007224, 0.000000000000000000 ) ) ;
#1742 = DIRECTION ( 'NONE',  ( -1.000000000000000000, 0.000000000000000000, 0.000000000000000000 ) ) ;
#1743 = DIRECTION ( 'NONE',  ( 1.000000000000000000, 0.000000000000000000, 0.000000000000000000 ) ) ;
#1744 = CARTESIAN_POINT ( 'NONE',  ( 4.139602933089395975, 5.069551481748923402E-16, 9.000000000000001776 ) ) ;
#1745 = B_SPLINE_CURVE_WITH_KNOTS ( 'NONE', 3,
 ( #2127, #1874, #2347, #2496 ),
 .UNSPECIFIED., .F., .F.,
 ( 4, 4 ),
 ( 0.0005002496344047819904, 0.001532769379078840599 ),
 .UNSPECIFIED. ) ;
#1746 = CARTESIAN_POINT ( 'NONE',  ( 11.61338946408942085, -0.03922826692527570103, 8.633811138549638997 ) ) ;
#1747 = CARTESIAN_POINT ( 'NONE',  ( 7.061374714051688706, -6.100000000000001421, 8.952953293641957799 ) ) ;
#1748 = VERTEX_POINT ( 'NONE', #65 ) ;
#1749 = CARTESIAN_POINT ( 'NONE',  ( 2.999999999999997335, -3.000000000000000000, 0.000000000000000000 ) ) ;
#1750 = CARTESIAN_POINT ( 'NONE',  ( 8.511042521069420275, -7.100000000000002309, 2.298961877369768203 ) ) ;
#1751 = ORIENTED_EDGE ( 'NONE', *, *, #1767, .T. ) ;
#1752 = DIRECTION ( 'NONE',  ( -7.924735217559104949E-17, -1.000000000000000000, 0.000000000000000000 ) ) ;
#1753 = ORIENTED_EDGE ( 'NONE', *, *, #2139, .T. ) ;
#1754 = DIRECTION ( 'NONE',  ( 1.000000000000000000, 0.000000000000000000, 0.000000000000000000 ) ) ;
#1755 = ADVANCED_FACE ( 'NONE', ( #497 ), #242, .F. ) ;
#1756 = LINE ( 'NONE', #1979, #2350 ) ;
#1757 = CARTESIAN_POINT ( 'NONE',  ( 1.999999999999997113, -7.100000000000001421, 2.000000000000000888 ) ) ;
#1758 = DIRECTION ( 'NONE',  ( -1.000000000000000000, 0.000000000000000000, 0.000000000000000000 ) ) ;
#1759 = ADVANCED_FACE ( 'NONE', ( #468 ), #1317, .F. ) ;
#1760 = CARTESIAN_POINT ( 'NONE',  ( 11.99999999999999289, -7.099999999999998757, 9.033586978554255964 ) ) ;
#1761 = DIRECTION ( 'NONE',  ( 1.000000000000000000, 0.000000000000000000, 0.000000000000000000 ) ) ;
#1762 = CARTESIAN_POINT ( 'NONE',  ( 11.60609455630576292, -6.769474087477441948, 2.002958279947451903 ) ) ;
#1763 = PLANE ( 'NONE',  #1641 ) ;
#1764 = VERTEX_POINT ( 'NONE', #1348 ) ;
#1765 = ORIENTED_EDGE ( 'NONE', *, *, #499, .F. ) ;
#1766 = DIRECTION ( 'NONE',  ( -0.000000000000000000, 0.000000000000000000, 1.000000000000000000 ) ) ;
#1767 = EDGE_CURVE ( 'NONE', #301, #1039, #2141, .T. ) ;
#1768 = CYLINDRICAL_SURFACE ( 'NONE', #941, 0.5000000000000004441 ) ;
#1769 = CIRCLE ( 'NONE', #1251, 1.400000000000000133 ) ;
#1770 = CARTESIAN_POINT ( 'NONE',  ( 11.32553602878860310, -5.881353885848007224, 11.00000000000000000 ) ) ;
#1771 = CARTESIAN_POINT ( 'NONE',  ( 0.3866105359105729833, -7.100000000000004086, 8.633811138549638997 ) ) ;
#1772 = VECTOR ( 'NONE', #296, 1000.000000000000000 ) ;
#1773 = ADVANCED_FACE ( 'NONE', ( #2153 ), #2587, .F. ) ;
#1774 = AXIS2_PLACEMENT_3D ( 'NONE', #353, #306, #1016 ) ;
#1775 = VECTOR ( 'NONE', #1997, 1000.000000000000000 ) ;
#1776 = PLANE ( 'NONE',  #356 ) ;
#1777 = VECTOR ( 'NONE', #2397, 1000.000000000000000 ) ;
#1778 = CIRCLE ( 'NONE', #1116, 0.2999999999999999334 ) ;
#1779 = CARTESIAN_POINT ( 'NONE',  ( 9.972494170406379865, -4.274836284363836114, 2.087268808680365684 ) ) ;
#1780 = CIRCLE ( 'NONE', #2348, 1.500000000000000000 ) ;
#1781 = CARTESIAN_POINT ( 'NONE',  ( 3.973993625394475426, -4.273657840379140538, 2.336285907979179566 ) ) ;
#1782 = ORIENTED_EDGE ( 'NONE', *, *, #1839, .T. ) ;
#1783 = ORIENTED_EDGE ( 'NONE', *, *, #1041, .T. ) ;
#1784 = LINE ( 'NONE', #2201, #493 ) ;
#1785 = DIRECTION ( 'NONE',  ( 0.000000000000000000, 0.000000000000000000, -1.000000000000000000 ) ) ;
#1786 = DIRECTION ( 'NONE',  ( 7.924735217559104949E-17, 1.000000000000000000, -0.000000000000000000 ) ) ;
#1787 = DIRECTION ( 'NONE',  ( 0.000000000000000000, 0.000000000000000000, -1.000000000000000000 ) ) ;
#1788 = ORIENTED_EDGE ( 'NONE', *, *, #1307, .T. ) ;
#1789 = B_SPLINE_CURVE_WITH_KNOTS ( 'NONE', 3,
 ( #2375, #478, #496, #2168 ),
 .UNSPECIFIED., .F., .F.,
 ( 4, 4 ),
 ( 0.0004999703355791863726, 0.001295350523704360711 ),
 .UNSPECIFIED. ) ;
#1790 = CARTESIAN_POINT ( 'NONE',  ( 1.000000000000000000, 1.200000000000001510, 9.500000000000000000 ) ) ;
#1791 = EDGE_CURVE ( 'NONE', #542, #2226, #2430, .T. ) ;
#1792 = DIRECTION ( 'NONE',  ( 0.000000000000000000, 0.000000000000000000, 1.000000000000000000 ) ) ;
#1793 = LINE ( 'NONE', #2656, #1415 ) ;
#1794 = CARTESIAN_POINT ( 'NONE',  ( 11.32553602878860310, -5.881353885848007224, 0.000000000000000000 ) ) ;
#1795 = EDGE_CURVE ( 'NONE', #956, #2193, #692, .T. ) ;
#1796 = ORIENTED_EDGE ( 'NONE', *, *, #2139, .F. ) ;
#1797 = ORIENTED_EDGE ( 'NONE', *, *, #2413, .F. ) ;
#1798 = LINE ( 'NONE', #1628, #454 ) ;
#1799 = PRESENTATION_STYLE_ASSIGNMENT (( #1141 ) ) ;
#1800 = EDGE_LOOP ( 'NONE', ( #1993, #96 ) ) ;
#1801 = LINE ( 'NONE', #538, #55 ) ;
#1802 = EDGE_CURVE ( 'NONE', #2520, #627, #283, .T. ) ;
#1803 = DIRECTION ( 'NONE',  ( -0.000000000000000000, -1.000000000000000000, -0.000000000000000000 ) ) ;
#1804 = DIRECTION ( 'NONE',  ( -1.224646799147353207E-16, 1.000000000000000000, -0.000000000000000000 ) ) ;
#1805 = VERTEX_POINT ( 'NONE', #1960 ) ;
#1806 = ORIENTED_EDGE ( 'NONE', *, *, #1255, .T. ) ;
#1807 = EDGE_CURVE ( 'NONE', #2323, #1576, #1551, .T. ) ;
#1808 = LINE ( 'NONE', #1591, #2479 ) ;
#1809 = FACE_BOUND ( 'NONE', #1497, .T. ) ;
#1810 = ORIENTED_EDGE ( 'NONE', *, *, #1059, .T. ) ;
#1811 = CARTESIAN_POINT ( 'NONE',  ( 9.411335511764042039, -4.549744106946800315, 8.685596608093732129 ) ) ;
#1812 = CARTESIAN_POINT ( 'NONE',  ( 11.99999999999999645, -7.100000000000002309, 2.499999999999999556 ) ) ;
#1813 = VECTOR ( 'NONE', #1429, 1000.000000000000000 ) ;
#1814 = AXIS2_PLACEMENT_3D ( 'NONE', #1240, #2067, #605 ) ;
#1815 = CARTESIAN_POINT ( 'NONE',  ( 5.999999999999997335, -1.140202025355332216, 2.960000000000000409 ) ) ;
#1816 = CARTESIAN_POINT ( 'NONE',  ( 10.59999999999999964, -3.000000000016590285, 8.624677414323413061 ) ) ;
#1817 = PRESENTATION_LAYER_ASSIGNMENT (  '', '', ( #2522 ) ) ;
#1818 = VERTEX_POINT ( 'NONE', #1906 ) ;
#1819 = ORIENTED_EDGE ( 'NONE', *, *, #548, .T. ) ;
#1820 = LINE ( 'NONE', #2049, #1980 ) ;
#1821 = EDGE_CURVE ( 'NONE', #224, #2659, #274, .T. ) ;
#1822 = PRESENTATION_LAYER_ASSIGNMENT (  '', '', ( #2130 ) ) ;
#1823 = CARTESIAN_POINT ( 'NONE',  ( 0.4604540125125428651, -0.01216664503832093173, 2.003972357661467640 ) ) ;
#1824 = CYLINDRICAL_SURFACE ( 'NONE', #2243, 0.5999999999999998668 ) ;
#1825 = ORIENTED_EDGE ( 'NONE', *, *, #2285, .F. ) ;
#1826 = DIRECTION ( 'NONE',  ( -1.000000000000000000, 0.000000000000000000, 0.000000000000000000 ) ) ;
#1827 = CARTESIAN_POINT ( 'NONE',  ( 1.999999999999997113, -9.700000000000002842, 2.000000000000000888 ) ) ;
#1828 = CARTESIAN_POINT ( 'NONE',  ( 9.999999999999994671, -9.699999999999999289, 6.299999999999993605 ) ) ;
#1829 = CARTESIAN_POINT ( 'NONE',  ( 1.399999999999997025, -3.212199147130741395, 2.040137090086451277 ) ) ;
#1830 = VERTEX_POINT ( 'NONE', #858 ) ;
#1831 = ORIENTED_EDGE ( 'NONE', *, *, #4, .T. ) ;
#1832 = CARTESIAN_POINT ( 'NONE',  ( 5.999999999999999112, -6.100000000000003197, 2.499999999999999556 ) ) ;
#1833 = CARTESIAN_POINT ( 'NONE',  ( 7.612621732560452159, -2.196160786135117338, 2.391878121009881841 ) ) ;
#1834 = CARTESIAN_POINT ( 'NONE',  ( 0.5291530158650633586, 6.067673226331714164E-17, 2.005286613925167494 ) ) ;
#1835 = DIRECTION ( 'NONE',  ( 1.445602896647339410E-16, -1.000000000000000000, 0.000000000000000000 ) ) ;
#1836 = EDGE_CURVE ( 'NONE', #1055, #170, #2518, .T. ) ;
#1837 = EDGE_LOOP ( 'NONE', ( #1323, #1881, #2475, #2185 ) ) ;
#1838 = CARTESIAN_POINT ( 'NONE',  ( 8.579096436402949166, -4.557538883591412571, 8.773995194188776381 ) ) ;
#1839 = EDGE_CURVE ( 'NONE', #252, #2266, #1493, .T. ) ;
#1840 = CARTESIAN_POINT ( 'NONE',  ( 9.999999999999994671, -9.700000000000001066, 4.700000000000009948 ) ) ;
#1841 = PLANE ( 'NONE',  #2335 ) ;
#1842 = CARTESIAN_POINT ( 'NONE',  ( 8.892830214814930301, -1.400122634869784832, 8.737199557510404446 ) ) ;
#1843 = VERTEX_POINT ( 'NONE', #2129 ) ;
#1844 = ORIENTED_EDGE ( 'NONE', *, *, #2256, .T. ) ;
#1845 = CARTESIAN_POINT ( 'NONE',  ( 10.59999999999999964, -2.999999999999999556, 11.00000000000000000 ) ) ;
#1846 = CARTESIAN_POINT ( 'NONE',  ( 8.018709156579767239, -1.719154919911259682, 2.337574585226422474 ) ) ;
#1847 = CARTESIAN_POINT ( 'NONE',  ( 4.599999999999997868, -3.000000000000000000, 11.00000000000000000 ) ) ;
#1848 = DIRECTION ( 'NONE',  ( 0.000000000000000000, 0.000000000000000000, -1.000000000000000000 ) ) ;
#1849 = CARTESIAN_POINT ( 'NONE',  ( 10.82553602878860666, -5.881353885848038310, 8.622169654530578597 ) ) ;
#1850 = ORIENTED_EDGE ( 'NONE', *, *, #599, .T. ) ;
#1851 = EDGE_CURVE ( 'NONE', #2323, #271, #139, .T. ) ;
#1852 =( GEOMETRIC_REPRESENTATION_CONTEXT ( 3 ) GLOBAL_UNCERTAINTY_ASSIGNED_CONTEXT ( ( #1611 ) ) GLOBAL_UNIT_ASSIGNED_CONTEXT ( ( #2725, #2537, #1260 ) ) REPRESENTATION_CONTEXT ( 'NONE', 'WORKASPACE' ) );
#1853 = CARTESIAN_POINT ( 'NONE',  ( 2.028539928165052242, -1.724379964370059470, 8.646545148710789164 ) ) ;
#1854 = PLANE ( 'NONE',  #1686 ) ;
#1855 = ORIENTED_EDGE ( 'NONE', *, *, #303, .T. ) ;
#1856 = VECTOR ( 'NONE', #308, 1000.000000000000000 ) ;
#1857 = ORIENTED_EDGE ( 'NONE', *, *, #1046, .F. ) ;
#1858 = CARTESIAN_POINT ( 'NONE',  ( 2.500000000000000000, 1.200000000000001288, 9.500000000000000000 ) ) ;
#1859 = CARTESIAN_POINT ( 'NONE',  ( 0.3866105359105719286, 0.000000000000000000, 8.633811138549637221 ) ) ;
#1860 = CIRCLE ( 'NONE', #1168, 1.600000000000002531 ) ;
#1861 = SURFACE_SIDE_STYLE ('',( #2062 ) ) ;
#1862 = LINE ( 'NONE', #1847, #1946 ) ;
#1863 = CIRCLE ( 'NONE', #2700, 0.7999999999999947153 ) ;
#1864 = CARTESIAN_POINT ( 'NONE',  ( 9.999999999999994671, -9.699999999999999289, 5.500000000000000000 ) ) ;
#1865 = DIRECTION ( 'NONE',  ( -7.924735217559104949E-17, -1.000000000000000000, 0.000000000000000000 ) ) ;
#1866 = VERTEX_POINT ( 'NONE', #1715 ) ;
#1867 = CARTESIAN_POINT ( 'NONE',  ( 11.97067270144161633, -0.3800464759262927594, 1.782934769998448798 ) ) ;
#1868 = EDGE_CURVE ( 'NONE', #1907, #536, #1556, .T. ) ;
#1869 = ORIENTED_EDGE ( 'NONE', *, *, #926, .F. ) ;
#1870 = ORIENTED_EDGE ( 'NONE', *, *, #166, .F. ) ;
#1871 = FACE_OUTER_BOUND ( 'NONE', #1837, .T. ) ;
#1872 = CARTESIAN_POINT ( 'NONE',  ( 1.399999999999996581, -2.999999999999999556, 8.624677414323413061 ) ) ;
#1873 = CARTESIAN_POINT ( 'NONE',  ( 10.80009629775915414, -7.130325811009887715, 5.381589150847822189 ) ) ;
#1874 = CARTESIAN_POINT ( 'NONE',  ( 11.16365867132438439, -5.296409894735435664, 2.012665587139358614 ) ) ;
#1875 = FACE_OUTER_BOUND ( 'NONE', #2135, .T. ) ;
#1876 = EDGE_LOOP ( 'NONE', ( #1442, #2642, #2115, #1691, #56, #685, #2343, #2352, #2035, #174, #1850 ) ) ;
#1877 = CARTESIAN_POINT ( 'NONE',  ( 11.40000000000550173, 1.396097351028656309E-15, 2.006968277270041234 ) ) ;
#1878 = DIRECTION ( 'NONE',  ( -1.224646799147353207E-16, 1.000000000000000000, -0.000000000000000000 ) ) ;
#1879 = ORIENTED_EDGE ( 'NONE', *, *, #535, .T. ) ;
#1880 = ADVANCED_FACE ( 'NONE', ( #457, #1971 ), #1154, .F. ) ;
#1881 = ORIENTED_EDGE ( 'NONE', *, *, #1136, .T. ) ;
#1882 = DIRECTION ( 'NONE',  ( 1.000000000000000000, 0.000000000000000000, 0.000000000000000000 ) ) ;
#1883 = CARTESIAN_POINT ( 'NONE',  ( 1.796901863955436607, -4.059950136304479429, 8.635811495769649682 ) ) ;
#1884 = VERTEX_POINT ( 'NONE', #598 ) ;
#1885 = DIRECTION ( 'NONE',  ( 1.000000000000000000, 0.000000000000000000, 0.000000000000000000 ) ) ;
#1886 = EDGE_CURVE ( 'NONE', #2295, #224, #1409, .T. ) ;
#1887 = DIRECTION ( 'NONE',  ( 1.224646799147353207E-16, -1.000000000000000000, 0.000000000000000000 ) ) ;
#1888 = DIRECTION ( 'NONE',  ( -0.000000000000000000, -0.000000000000000000, -1.000000000000000000 ) ) ;
#1889 = PLANE ( 'NONE',  #229 ) ;
#1890 = ORIENTED_EDGE ( 'NONE', *, *, #2398, .T. ) ;
#1891 = CARTESIAN_POINT ( 'NONE',  ( 4.599999999999999645, -3.000000000019841018, 8.919885059346608358 ) ) ;
#1892 = CARTESIAN_POINT ( 'NONE',  ( 11.61338946408942085, -7.100000000000002309, 8.633811138549637221 ) ) ;
#1893 = ORIENTED_EDGE ( 'NONE', *, *, #801, .F. ) ;
#1894 = AXIS2_PLACEMENT_3D ( 'NONE', #1536, #2416, #1959 ) ;
#1895 = ORIENTED_EDGE ( 'NONE', *, *, #1767, .F. ) ;
#1896 = DIRECTION ( 'NONE',  ( -0.000000000000000000, -0.000000000000000000, 1.000000000000000000 ) ) ;
#1897 = FACE_OUTER_BOUND ( 'NONE', #2443, .T. ) ;
#1898 = VECTOR ( 'NONE', #2433, 1000.000000000000000 ) ;
#1899 = COLOUR_RGB ( '',0.5372549019607842924, 0.3490196078431372362, 0.3372549019607843368 ) ;
#1900 = ORIENTED_EDGE ( 'NONE', *, *, #2533, .T. ) ;
#1901 = CIRCLE ( 'NONE', #1814, 0.3999999999999993006 ) ;
#1902 = DIRECTION ( 'NONE',  ( 1.000000000000000000, 0.000000000000000000, 0.000000000000000000 ) ) ;
#1903 = LINE ( 'NONE', #824, #225 ) ;
#1904 = EDGE_CURVE ( 'NONE', #1964, #1764, #1068, .T. ) ;
#1905 = CARTESIAN_POINT ( 'NONE',  ( 0.3201600873681213488, -0.06451453719647648466, 8.636036725504757428 ) ) ;
#1906 = CARTESIAN_POINT ( 'NONE',  ( 7.399999999999702816, -2.999999999999999112, 8.919885059346752243 ) ) ;
#1907 = VERTEX_POINT ( 'NONE', #369 ) ;
#1908 = CARTESIAN_POINT ( 'NONE',  ( 1.603398829137204551, -2.191819742942866966, 8.629163338412755735 ) ) ;
#1909 = VERTEX_POINT ( 'NONE', #2478 ) ;
#1910 = ORIENTED_EDGE ( 'NONE', *, *, #1950, .F. ) ;
#1911 = SURFACE_STYLE_USAGE ( .BOTH. , #818 ) ;
#1912 = CARTESIAN_POINT ( 'NONE',  ( 4.055376433462184238, -4.207189615191887277, 8.855069460041756102 ) ) ;
#1913 = ORIENTED_EDGE ( 'NONE', *, *, #928, .T. ) ;
#1914 = LINE ( 'NONE', #896, #2209 ) ;
#1915 = ORIENTED_EDGE ( 'NONE', *, *, #1, .T. ) ;
#1916 = CARTESIAN_POINT ( 'NONE',  ( 0.000000000000000000, 0.000000000000000000, 0.000000000000000000 ) ) ;
#1917 = CARTESIAN_POINT ( 'NONE',  ( 10.59418437882431263, -7.100000000000002309, 4.950908053652251617 ) ) ;
#1918 = EDGE_CURVE ( 'NONE', #1090, #2412, #935, .T. ) ;
#1919 = FACE_OUTER_BOUND ( 'NONE', #866, .T. ) ;
#1920 = CARTESIAN_POINT ( 'NONE',  ( 9.999999999999994671, -7.100000000000003197, 5.500000000000000000 ) ) ;
#1921 = ADVANCED_FACE ( 'NONE', ( #1640 ), #88, .F. ) ;
#1922 = CARTESIAN_POINT ( 'NONE',  ( 11.40000000000550173, 1.396097351028656309E-15, 2.006968277270041234 ) ) ;
#1923 = EDGE_LOOP ( 'NONE', ( #1992, #2383 ) ) ;
#1924 = VERTEX_POINT ( 'NONE', #2192 ) ;
#1925 = CARTESIAN_POINT ( 'NONE',  ( 1.499999999999997780, -8.600000000000001421, 2.499999999999999556 ) ) ;
#1926 = CARTESIAN_POINT ( 'NONE',  ( 1.451284057818351680, -3.415215864741491636, 8.625624456546438168 ) ) ;
#1927 = VERTEX_POINT ( 'NONE', #2674 ) ;
#1928 = CARTESIAN_POINT ( 'NONE',  ( 3.000000000000000000, 0.5000000000000003331, 11.00000000000000000 ) ) ;
#1929 = ORIENTED_EDGE ( 'NONE', *, *, #2232, .T. ) ;
#1930 = LINE ( 'NONE', #1505, #60 ) ;
#1931 = DIRECTION ( 'NONE',  ( 1.445602896647339410E-16, -1.000000000000000000, -0.000000000000000000 ) ) ;
#1932 = FACE_OUTER_BOUND ( 'NONE', #863, .T. ) ;
#1933 = EDGE_CURVE ( 'NONE', #1283, #566, #2495, .T. ) ;
#1934 = ORIENTED_EDGE ( 'NONE', *, *, #2529, .T. ) ;
#1935 = LINE ( 'NONE', #1721, #1064 ) ;
#1936 = CARTESIAN_POINT ( 'NONE',  ( 1.300000000000000044, 1.500000000000001332, 9.500000000000000000 ) ) ;
#1937 = ORIENTED_EDGE ( 'NONE', *, *, #2395, .F. ) ;
#1938 =( NAMED_UNIT ( * ) PLANE_ANGLE_UNIT ( ) SI_UNIT ( $, .RADIAN. ) );
#1939 = VERTEX_POINT ( 'NONE', #2061 ) ;
#1940 = CARTESIAN_POINT ( 'NONE',  ( 0.4553294526054861846, -0.01307878052743264609, 8.631509575085628327 ) ) ;
#1941 = VECTOR ( 'NONE', #2435, 1000.000000000000000 ) ;
#1942 =( GEOMETRIC_REPRESENTATION_CONTEXT ( 3 ) GLOBAL_UNCERTAINTY_ASSIGNED_CONTEXT ( ( #5 ) ) GLOBAL_UNIT_ASSIGNED_CONTEXT ( ( #741, #1151, #102 ) ) REPRESENTATION_CONTEXT ( 'NONE', 'WORKASPACE' ) );
#1943 = DIRECTION ( 'NONE',  ( -1.000000000000000000, 0.000000000000000000, 0.000000000000000000 ) ) ;
#1944 = CARTESIAN_POINT ( 'NONE',  ( 0.5999999999944993778, 7.347880794816756438E-17, 8.627699113980087375 ) ) ;
#1945 = AXIS2_PLACEMENT_3D ( 'NONE', #1794, #1517, #1351 ) ;
#1946 = VECTOR ( 'NONE', #810, 1000.000000000000000 ) ;
#1947 = VECTOR ( 'NONE', #716, 1000.000000000000000 ) ;
#1948 = CARTESIAN_POINT ( 'NONE',  ( 11.99999999999999645, -9.509682261070923967E-16, 2.499999999999998668 ) ) ;
#1949 = ORIENTED_EDGE ( 'NONE', *, *, #2408, .F. ) ;
#1950 = EDGE_CURVE ( 'NONE', #184, #555, #689, .T. ) ;
#1951 = DIRECTION ( 'NONE',  ( -9.681143818873202712E-33, -1.221636250687892233E-16, -1.000000000000000000 ) ) ;
#1952 = CARTESIAN_POINT ( 'NONE',  ( 4.599999999999999645, -2.999999999979185983, 2.417308015595453607 ) ) ;
#1953 = ORIENTED_EDGE ( 'NONE', *, *, #2714, .F. ) ;
#1954 = DIRECTION ( 'NONE',  ( 0.000000000000000000, 0.000000000000000000, 1.000000000000000000 ) ) ;
#1955 = ORIENTED_EDGE ( 'NONE', *, *, #2172, .T. ) ;
#1956 = EDGE_CURVE ( 'NONE', #626, #1384, #616, .T. ) ;
#1957 = CARTESIAN_POINT ( 'NONE',  ( 0.5264579395339248347, -9.471146220419585434E-13, 8.629442919455266647 ) ) ;
#1958 = DIRECTION ( 'NONE',  ( -1.000000000000000000, 0.000000000000000000, 0.000000000000000000 ) ) ;
#1959 = DIRECTION ( 'NONE',  ( -1.000000000000000000, 0.000000000000000000, 0.000000000000000000 ) ) ;
#1960 = CARTESIAN_POINT ( 'NONE',  ( 4.599999999999997868, -9.700000000000001066, 2.960000000000000409 ) ) ;
#1961 = DIRECTION ( 'NONE',  ( 0.000000000000000000, 1.000000000000000000, -0.000000000000000000 ) ) ;
#1962 = CARTESIAN_POINT ( 'NONE',  ( 9.695619848047081731E-16, -7.100000000000000533, 9.033586978554254188 ) ) ;
#1963 = CARTESIAN_POINT ( 'NONE',  ( 9.999999999999994671, -9.700000000000001066, 5.500000000000000000 ) ) ;
#1964 = VERTEX_POINT ( 'NONE', #2282 ) ;
#1965 = EDGE_CURVE ( 'NONE', #1545, #952, #877, .T. ) ;
#1966 = ORIENTED_EDGE ( 'NONE', *, *, #243, .F. ) ;
#1967 = CARTESIAN_POINT ( 'NONE',  ( 4.599999999998637179, -2.895166524295612831, 2.417308015595298620 ) ) ;
#1968 = ADVANCED_FACE ( 'NONE', ( #1897 ), #852, .F. ) ;
#1969 = DIRECTION ( 'NONE',  ( 0.7660444431189747938, -0.6427876096865431377, 0.000000000000000000 ) ) ;
#1970 = DIRECTION ( 'NONE',  ( -0.000000000000000000, -1.000000000000000000, -0.000000000000000000 ) ) ;
#1971 = FACE_OUTER_BOUND ( 'NONE', #2418, .T. ) ;
#1972 = LINE ( 'NONE', #2364, #1772 ) ;
#1973 = FACE_OUTER_BOUND ( 'NONE', #470, .T. ) ;
#1974 = CARTESIAN_POINT ( 'NONE',  ( 4.397397410203183199, -3.806816280101209760, 2.393229543277457960 ) ) ;
#1975 = ORIENTED_EDGE ( 'NONE', *, *, #1836, .T. ) ;
#1976 = ORIENTED_EDGE ( 'NONE', *, *, #693, .F. ) ;
#1977 = CARTESIAN_POINT ( 'NONE',  ( 1.729686536807210073, -2.021576738664651707, 2.062485957873366971 ) ) ;
#1978 = AXIS2_PLACEMENT_3D ( 'NONE', #1085, #1961, #916 ) ;
#1979 = CARTESIAN_POINT ( 'NONE',  ( 11.99999999999999822, -7.100000000000002309, 8.649999999999998579 ) ) ;
#1980 = VECTOR ( 'NONE', #1618, 1000.000000000000114 ) ;
#1981 = EDGE_CURVE ( 'NONE', #389, #1384, #657, .T. ) ;
#1982 = CARTESIAN_POINT ( 'NONE',  ( 9.971957854880699301, -1.724781982341822228, 2.087318744205010734 ) ) ;
#1983 = STYLED_ITEM ( 'NONE', ( #803 ), #2288 ) ;
#1984 = CIRCLE ( 'NONE', #2651, 1.400000000000000133 ) ;
#1985 = CARTESIAN_POINT ( 'NONE',  ( 11.99999999999999645, -4.299697111651274106, 0.000000000000000000 ) ) ;
#1986 = CYLINDRICAL_SURFACE ( 'NONE', #2032, 1.600000000000001643 ) ;
#1987 = VECTOR ( 'NONE', #2184, 1000.000000000000000 ) ;
#1988 = APPLICATION_CONTEXT ( 'automotive_design' ) ;
#1989 = FACE_OUTER_BOUND ( 'NONE', #2188, .T. ) ;
#1990 = AXIS2_PLACEMENT_3D ( 'NONE', #438, #1292, #825 ) ;
#1991 = DIRECTION ( 'NONE',  ( 0.000000000000000000, 0.000000000000000000, 1.000000000000000000 ) ) ;
#1992 = ORIENTED_EDGE ( 'NONE', *, *, #166, .T. ) ;
#1993 = ORIENTED_EDGE ( 'NONE', *, *, #2018, .F. ) ;
#1994 = DIRECTION ( 'NONE',  ( -7.924735217559104949E-17, -1.000000000000000000, 0.000000000000000000 ) ) ;
#1995 = CIRCLE ( 'NONE', #2703, 0.7999999999999899414 ) ;
#1996 = DIRECTION ( 'NONE',  ( -0.6427876096865432487, -0.7660444431189749048, 0.000000000000000000 ) ) ;
#1997 = DIRECTION ( 'NONE',  ( 0.000000000000000000, 0.000000000000000000, 1.000000000000000000 ) ) ;
#1998 = ORIENTED_EDGE ( 'NONE', *, *, #705, .F. ) ;
#1999 = ADVANCED_FACE ( 'NONE', ( #672 ), #1089, .F. ) ;
#2000 = DIRECTION ( 'NONE',  ( 0.000000000000000000, -0.000000000000000000, -1.000000000000000000 ) ) ;
#2001 = EDGE_CURVE ( 'NONE', #2132, #1636, #1299, .T. ) ;
#2002 = FACE_OUTER_BOUND ( 'NONE', #299, .T. ) ;
#2003 = CARTESIAN_POINT ( 'NONE',  ( 10.55788000144048588, -2.579698769786928914, 8.625274208089004802 ) ) ;
#2004 = ORIENTED_EDGE ( 'NONE', *, *, #370, .F. ) ;
#2005 = ORIENTED_EDGE ( 'NONE', *, *, #2220, .T. ) ;
#2006 = FACE_BOUND ( 'NONE', #2290, .T. ) ;
#2007 = CARTESIAN_POINT ( 'NONE',  ( 11.99999999999999822, -7.100000000000002309, 2.499999999999998668 ) ) ;
#2008 = EDGE_LOOP ( 'NONE', ( #2328, #259, #2048, #365, #2332 ) ) ;
#2009 = CARTESIAN_POINT ( 'NONE',  ( 8.195587896132275674, -4.398573684472499856, 8.822639541054380530 ) ) ;
#2010 = DIRECTION ( 'NONE',  ( 0.000000000000000000, 0.000000000000000000, 1.000000000000000000 ) ) ;
#2011 = DIRECTION ( 'NONE',  ( -1.000000000000000000, 0.000000000000000000, 0.000000000000000000 ) ) ;
#2012 = EDGE_CURVE ( 'NONE', #2400, #2200, #669, .T. ) ;
#2013 = CARTESIAN_POINT ( 'NONE',  ( 11.59999999999999964, -3.550000000000001155, 1.603004712163095702 ) ) ;
#2014 = ORIENTED_EDGE ( 'NONE', *, *, #1223, .T. ) ;
#2015 = PRODUCT ( 'iris-lightshuttle-ld', 'iris-lightshuttle-ld', '', ( #2345 ) ) ;
#2016 = ORIENTED_EDGE ( 'NONE', *, *, #816, .F. ) ;
#2017 = CARTESIAN_POINT ( 'NONE',  ( 7.399999999999995914, -2.999999999999999556, 11.00000000000000000 ) ) ;
#2018 = EDGE_CURVE ( 'NONE', #1325, #1678, #1020, .T. ) ;
#2019 = CARTESIAN_POINT ( 'NONE',  ( -7.753686109408941665E-17, -0.5999999999999997558, 11.00000000000000000 ) ) ;
#2020 = CARTESIAN_POINT ( 'NONE',  ( 5.999999999999997335, -1.140202025355332216, 8.040000000000002700 ) ) ;
#2021 = ORIENTED_EDGE ( 'NONE', *, *, #2069, .T. ) ;
#2022 = LINE ( 'NONE', #156, #889 ) ;
#2023 = VECTOR ( 'NONE', #2227, 1000.000000000000000 ) ;
#2024 = CARTESIAN_POINT ( 'NONE',  ( 7.728532987150537714, -3.976895206256485071, 8.882022241233505255 ) ) ;
#2025 = DIRECTION ( 'NONE',  ( 1.000000000000000000, 0.000000000000000000, 0.000000000000000000 ) ) ;
#2026 = VECTOR ( 'NONE', #68, 1000.000000000000000 ) ;
#2027 = AXIS2_PLACEMENT_3D ( 'NONE', #821, #1446, #2283 ) ;
#2028 = AXIS2_PLACEMENT_3D ( 'NONE', #1264, #169, #1646 ) ;
#2029 = DIRECTION ( 'NONE',  ( 1.445602896647339410E-16, -1.000000000000000000, 0.000000000000000000 ) ) ;
#2030 = CARTESIAN_POINT ( 'NONE',  ( 0.000000000000000000, 0.000000000000000000, 9.500000000000000000 ) ) ;
#2031 = VECTOR ( 'NONE', #919, 1000.000000000000000 ) ;
#2032 = AXIS2_PLACEMENT_3D ( 'NONE', #1559, #511, #309 ) ;
#2033 = ORIENTED_EDGE ( 'NONE', *, *, #1851, .T. ) ;
#2034 = EDGE_CURVE ( 'NONE', #1587, #1636, #519, .T. ) ;
#2035 = ORIENTED_EDGE ( 'NONE', *, *, #2360, .F. ) ;
#2036 = AXIS2_PLACEMENT_3D ( 'NONE', #2361, #1785, #1742 ) ;
#2037 = CARTESIAN_POINT ( 'NONE',  ( 11.99999999999999645, -9.699999999999999289, 0.000000000000000000 ) ) ;
#2038 = B_SPLINE_CURVE_WITH_KNOTS ( 'NONE', 3,
 ( #2318, #1082, #2530, #425 ),
 .UNSPECIFIED., .F., .F.,
 ( 4, 4 ),
 ( 0.0003473241439525407890, 0.0007810800255146872284 ),
 .UNSPECIFIED. ) ;
#2039 = CARTESIAN_POINT ( 'NONE',  ( 9.411027026088163439, -1.450188181461387504, 2.145941941144741794 ) ) ;
#2040 = EDGE_CURVE ( 'NONE', #2520, #1451, #2093, .T. ) ;
#2041 = FACE_OUTER_BOUND ( 'NONE', #13, .T. ) ;
#2042 = EDGE_LOOP ( 'NONE', ( #1647, #67, #815, #945, #213, #1975, #1857, #2640 ) ) ;
#2043 = CARTESIAN_POINT ( 'NONE',  ( 10.43729530712970011, -3.710806382408338155, 8.628179493715588677 ) ) ;
#2044 = DIRECTION ( 'NONE',  ( -0.000000000000000000, 0.000000000000000000, 1.000000000000000000 ) ) ;
#2045 = PLANE ( 'NONE',  #1291 ) ;
#2046 = CARTESIAN_POINT ( 'NONE',  ( 10.27803491358990939, -2.014934978931479659, 8.632510955766099059 ) ) ;
#2047 = ORIENTED_EDGE ( 'NONE', *, *, #1950, .T. ) ;
#2048 = ORIENTED_EDGE ( 'NONE', *, *, #2426, .F. ) ;
#2049 = CARTESIAN_POINT ( 'NONE',  ( 11.99999999999999645, -4.299697111651274106, 0.000000000000000000 ) ) ;
#2050 = CARTESIAN_POINT ( 'NONE',  ( 11.83790377057746568, -0.1847436800286476333, 8.707189516723023104 ) ) ;
#2051 = EDGE_CURVE ( 'NONE', #2532, #1939, #422, .T. ) ;
#2052 = DIRECTION ( 'NONE',  ( 1.000000000000000000, 0.000000000000000000, -0.000000000000000000 ) ) ;
#2053 = EDGE_CURVE ( 'NONE', #880, #2160, #449, .T. ) ;
#2054 = CARTESIAN_POINT ( 'NONE',  ( 2.500000000000000000, 1.500000000000001332, 9.500000000000000000 ) ) ;
#2055 = VERTEX_POINT ( 'NONE', #2355 ) ;
#2056 = CARTESIAN_POINT ( 'NONE',  ( 7.860397066910600472, 9.626210108019310154E-16, 2.499999999999998224 ) ) ;
#2057 = CARTESIAN_POINT ( 'NONE',  ( 8.999999999999998224, -2.999999999999999556, 0.000000000000000000 ) ) ;
#2058 = VERTEX_POINT ( 'NONE', #1563 ) ;
#2059 = ORIENTED_EDGE ( 'NONE', *, *, #2018, .T. ) ;
#2060 = CARTESIAN_POINT ( 'NONE',  ( 11.99999999999999645, 1.469576158976823553E-15, 9.033586978554255964 ) ) ;
#2061 = CARTESIAN_POINT ( 'NONE',  ( 7.295332143304351646, -7.100000000000001421, 2.428855350659962831 ) ) ;
#2062 = SURFACE_STYLE_FILL_AREA ( #423 ) ;
#2063 = CARTESIAN_POINT ( 'NONE',  ( 11.59999999999999432, -3.550000000000001155, 9.033586978554255964 ) ) ;
#2064 = PRODUCT_DEFINITION_CONTEXT ( 'detailed design', #1988, 'design' ) ;
#2065 = EDGE_CURVE ( 'NONE', #2498, #2193, #711, .T. ) ;
#2066 = CARTESIAN_POINT ( 'NONE',  ( 7.399999999999701927, -3.105991231453903101, 8.919885059346754019 ) ) ;
#2067 = DIRECTION ( 'NONE',  ( -7.924735217559104949E-17, -1.000000000000000000, 0.000000000000000000 ) ) ;
#2068 = ORIENTED_EDGE ( 'NONE', *, *, #396, .T. ) ;
#2069 = EDGE_CURVE ( 'NONE', #874, #2625, #472, .T. ) ;
#2070 = AXIS2_PLACEMENT_3D ( 'NONE', #552, #347, #539 ) ;
#2071 = MECHANICAL_DESIGN_GEOMETRIC_PRESENTATION_REPRESENTATION (  '', ( #791 ), #2647 ) ;
#2072 = CARTESIAN_POINT ( 'NONE',  ( 3.212760395550212422, -1.410815987480253275, 8.749296936568416783 ) ) ;
#2073 = LINE ( 'NONE', #10, #2299 ) ;
#2074 = VERTEX_POINT ( 'NONE', #2159 ) ;
#2075 = AXIS2_PLACEMENT_3D ( 'NONE', #733, #984, #1216 ) ;
#2076 = EDGE_LOOP ( 'NONE', ( #418, #622, #2316 ) ) ;
#2077 = CARTESIAN_POINT ( 'NONE',  ( 11.47354206045750757, 1.396097351027982030E-15, 8.629442919681350688 ) ) ;
#2078 = VECTOR ( 'NONE', #767, 1000.000000000000000 ) ;
#2079 = CARTESIAN_POINT ( 'NONE',  ( 4.548392392992758992, -3.416481297692654628, 8.914263753058722983 ) ) ;
#2080 = CIRCLE ( 'NONE', #279, 1.399999999999999689 ) ;
#2081 = DIRECTION ( 'NONE',  ( 0.000000000000000000, 0.000000000000000000, 1.000000000000000000 ) ) ;
#2082 = DIRECTION ( 'NONE',  ( 1.000000000000000000, 0.000000000000000000, 0.000000000000000000 ) ) ;
#2083 = FILL_AREA_STYLE_COLOUR ( '', #278 ) ;
#2084 = DIRECTION ( 'NONE',  ( 1.000000000000000000, -7.924735217559104949E-17, 0.000000000000000000 ) ) ;
#2085 = EDGE_CURVE ( 'NONE', #1830, #1587, #1362, .T. ) ;
#2086 = VERTEX_POINT ( 'NONE', #462 ) ;
#2087 = CARTESIAN_POINT ( 'NONE',  ( 1.442702747029602550, -2.577536481760711151, 8.625284380945673846 ) ) ;
#2088 = CYLINDRICAL_SURFACE ( 'NONE', #491, 1.600000000000001643 ) ;
#2089 = EDGE_CURVE ( 'NONE', #2058, #658, #59, .T. ) ;
#2090 = EDGE_LOOP ( 'NONE', ( #1765, #2021, #1390, #1541, #1079, #784, #1819, #218, #1087, #895, #2592, #805 ) ) ;
#2091 = ORIENTED_EDGE ( 'NONE', *, *, #977, .F. ) ;
#2092 = CARTESIAN_POINT ( 'NONE',  ( 10.94251380722911371, -5.559960081004734711, 11.00000000000000000 ) ) ;
#2093 = LINE ( 'NONE', #2338, #623 ) ;
#2094 = VERTEX_POINT ( 'NONE', #1101 ) ;
#2095 = FACE_BOUND ( 'NONE', #951, .T. ) ;
#2096 = CARTESIAN_POINT ( 'NONE',  ( 10.77255825401528000, -7.124052388149410220, 5.739340360560343690 ) ) ;
#2097 = DIRECTION ( 'NONE',  ( 1.000000000000000000, 0.000000000000000000, 0.000000000000000000 ) ) ;
#2098 = ORIENTED_EDGE ( 'NONE', *, *, #300, .F. ) ;
#2099 = CARTESIAN_POINT ( 'NONE',  ( 0.5000000000000001110, 6.123233995736767268E-17, 9.500000000000000000 ) ) ;
#2100 =( BOUNDED_CURVE ( )  B_SPLINE_CURVE ( 3, ( #1762, #1562, #2578, #2173 ),
 .UNSPECIFIED., .F., .F. ) 
 B_SPLINE_CURVE_WITH_KNOTS ( ( 4, 4 ),
 ( 1.586033307136165638, 3.141592653589793116 ),
 .UNSPECIFIED. ) 
 CURVE ( )  GEOMETRIC_REPRESENTATION_ITEM ( )  RATIONAL_B_SPLINE_CURVE ( ( 1.000000000000000000, 0.8083155296697174252, 0.8083155296697174252, 1.000000000000000000 ) ) 
 REPRESENTATION_ITEM ( '' )  );
#2101 = ORIENTED_EDGE ( 'NONE', *, *, #366, .F. ) ;
#2102 = ORIENTED_EDGE ( 'NONE', *, *, #548, .F. ) ;
#2103 = ADVANCED_FACE ( 'NONE', ( #1341, #1530 ), #1763, .F. ) ;
#2104 = EDGE_CURVE ( 'NONE', #995, #1204, #578, .T. ) ;
#2105 = CARTESIAN_POINT ( 'NONE',  ( 2.059999999999996945, -7.100000000000001421, 5.500000000000000888 ) ) ;
#2106 = CARTESIAN_POINT ( 'NONE',  ( 2.198382926382028923, -4.400311843199179229, 8.655609669438820930 ) ) ;
#2107 = ORIENTED_EDGE ( 'NONE', *, *, #1432, .T. ) ;
#2108 = DIRECTION ( 'NONE',  ( -0.000000000000000000, -0.000000000000000000, -1.000000000000000000 ) ) ;
#2109 = DIRECTION ( 'NONE',  ( 1.000000000000000000, 0.000000000000000000, 0.000000000000000000 ) ) ;
#2110 = CARTESIAN_POINT ( 'NONE',  ( 2.999999999999997335, -3.000000000000000000, 11.00000000000000000 ) ) ;
#2111 = ORIENTED_EDGE ( 'NONE', *, *, #2533, .F. ) ;
#2112 = CARTESIAN_POINT ( 'NONE',  ( 4.397890623193780435, -2.194102039760987832, 8.897235508332201448 ) ) ;
#2113 = ORIENTED_EDGE ( 'NONE', *, *, #1868, .F. ) ;
#2114 = AXIS2_PLACEMENT_3D ( 'NONE', #1075, #1444, #1271 ) ;
#2115 = ORIENTED_EDGE ( 'NONE', *, *, #2628, .F. ) ;
#2116 = CARTESIAN_POINT ( 'NONE',  ( 4.279395853549890383, -3.983692524754233411, 8.883206848893921759 ) ) ;
#2117 = CIRCLE ( 'NONE', #2467, 0.2999999999999999334 ) ;
#2118 = ORIENTED_EDGE ( 'NONE', *, *, #734, .T. ) ;
#2119 = EDGE_CURVE ( 'NONE', #2074, #2058, #287, .T. ) ;
#2120 = FACE_OUTER_BOUND ( 'NONE', #1876, .T. ) ;
#2121 = AXIS2_PLACEMENT_3D ( 'NONE', #2376, #1293, #1758 ) ;
#2122 = VECTOR ( 'NONE', #681, 1000.000000000000000 ) ;
#2123 = CARTESIAN_POINT ( 'NONE',  ( 11.99999999999999645, 1.469576158976823553E-15, 11.00000000000000000 ) ) ;
#2124 = EDGE_CURVE ( 'NONE', #1576, #1909, #317, .T. ) ;
#2125 = VECTOR ( 'NONE', #456, 1000.000000000000000 ) ;
#2126 = CIRCLE ( 'NONE', #187, 0.5999999999999998668 ) ;
#2127 = CARTESIAN_POINT ( 'NONE',  ( 10.94251380722912259, -5.559960081004726717, 2.022368954370115102 ) ) ;
#2128 = VECTOR ( 'NONE', #2203, 1000.000000000000000 ) ;
#2129 = CARTESIAN_POINT ( 'NONE',  ( 4.859999999999995879, -7.100000000000001421, 5.500000000000000888 ) ) ;
#2130 = STYLED_ITEM ( 'NONE', ( #393 ), #1126 ) ;
#2131 = DIRECTION ( 'NONE',  ( 1.000000000000000000, 0.000000000000000000, 0.000000000000000000 ) ) ;
#2132 = VERTEX_POINT ( 'NONE', #2175 ) ;
#2133 = VERTEX_POINT ( 'NONE', #2146 ) ;
#2134 = CARTESIAN_POINT ( 'NONE',  ( 1.482214883846858733, -3.517089960410975102, 8.626239237435543217 ) ) ;
#2135 = EDGE_LOOP ( 'NONE', ( #2484, #931, #175 ) ) ;
#2136 = ORIENTED_EDGE ( 'NONE', *, *, #1791, .F. ) ;
#2137 = CARTESIAN_POINT ( 'NONE',  ( 2.200000000000000178, 1.200000000000001288, 9.500000000000000000 ) ) ;
#2138 = SURFACE_SIDE_STYLE ('',( #196 ) ) ;
#2139 = EDGE_CURVE ( 'NONE', #2570, #224, #1575, .T. ) ;
#2140 = B_SPLINE_CURVE_WITH_KNOTS ( 'NONE', 3,
 ( #1944, #1096, #1744, #679 ),
 .UNSPECIFIED., .F., .F.,
 ( 4, 4 ),
 ( 0.06980146654469807088, 1.000000000000000000 ),
 .UNSPECIFIED. ) ;
#2141 = LINE ( 'NONE', #1525, #886 ) ;
#2142 = CARTESIAN_POINT ( 'NONE',  ( 11.99999999999999645, 1.469576158976823553E-15, 11.00000000000000000 ) ) ;
#2143 = CARTESIAN_POINT ( 'NONE',  ( 10.82553602878884824, -5.765705250909523905, 2.027817538882094262 ) ) ;
#2144 = ORIENTED_EDGE ( 'NONE', *, *, #1025, .T. ) ;
#2145 = DIRECTION ( 'NONE',  ( 0.000000000000000000, 0.000000000000000000, 1.000000000000000000 ) ) ;
#2146 = CARTESIAN_POINT ( 'NONE',  ( 2.500000000000000000, 1.200000000000001288, 11.00000000000000000 ) ) ;
#2147 = ORIENTED_EDGE ( 'NONE', *, *, #1918, .F. ) ;
#2148 = CARTESIAN_POINT ( 'NONE',  ( 2.999999999999997335, -3.000000000000000000, 11.00000000000000000 ) ) ;
#2149 = EDGE_LOOP ( 'NONE', ( #2059, #133, #636, #509 ) ) ;
#2150 = CARTESIAN_POINT ( 'NONE',  ( 10.62112000238584208, -5.942982302564223218, 11.00000000000000000 ) ) ;
#2151 = CARTESIAN_POINT ( 'NONE',  ( 4.938625285948307742, -6.100000000000003197, 8.952953293641957799 ) ) ;
#2152 = CARTESIAN_POINT ( 'NONE',  ( 11.39999999999999680, 1.396097351027982227E-15, 0.000000000000000000 ) ) ;
#2153 = FACE_OUTER_BOUND ( 'NONE', #1440, .T. ) ;
#2154 = EDGE_CURVE ( 'NONE', #654, #2086, #1163, .T. ) ;
#2155 = DIRECTION ( 'NONE',  ( -1.000000000000000000, 0.000000000000000000, 0.000000000000000000 ) ) ;
#2156 = EDGE_CURVE ( 'NONE', #1907, #1705, #69, .T. ) ;
#2157 = ORIENTED_EDGE ( 'NONE', *, *, #1349, .F. ) ;
#2158 = CARTESIAN_POINT ( 'NONE',  ( 10.27734820724120368, -3.985961392603461384, 2.061490059992331147 ) ) ;
#2159 = CARTESIAN_POINT ( 'NONE',  ( 0.3939054436942358572, -0.03650640299899556018, 2.002958279947452347 ) ) ;
#2160 = VERTEX_POINT ( 'NONE', #1134 ) ;
#2161 = CARTESIAN_POINT ( 'NONE',  ( 1.000000000000000000, -0.9999999999999986677, 9.500000000000000000 ) ) ;
#2162 = ORIENTED_EDGE ( 'NONE', *, *, #320, .T. ) ;
#2163 = CARTESIAN_POINT ( 'NONE',  ( 4.548262203662241987, -2.583003842477787693, 2.411354759862538888 ) ) ;
#2164 = CIRCLE ( 'NONE', #617, 1.499999999999999556 ) ;
#2165 = VECTOR ( 'NONE', #769, 1000.000000000000000 ) ;
#2166 = VECTOR ( 'NONE', #1122, 1000.000000000000000 ) ;
#2167 = DIRECTION ( 'NONE',  ( 1.445602896647339410E-16, -1.000000000000000000, -0.000000000000000000 ) ) ;
#2168 = CARTESIAN_POINT ( 'NONE',  ( 11.61338946408942085, -6.775595241908184185, 8.633811138549638997 ) ) ;
#2169 = CARTESIAN_POINT ( 'NONE',  ( 3.459999999999996856, -9.700000000000001066, 5.500000000000000888 ) ) ;
#2170 = AXIS2_PLACEMENT_3D ( 'NONE', #2623, #63, #691 ) ;
#2171 = CARTESIAN_POINT ( 'NONE',  ( 11.67353166906914907, -0.06117114081940866477, 2.001930662458973220 ) ) ;
#2172 = EDGE_CURVE ( 'NONE', #1682, #1073, #1737, .T. ) ;
#2173 = CARTESIAN_POINT ( 'NONE',  ( 11.99999999999999822, -7.100000000000002309, 1.603004712163095702 ) ) ;
#2174 = EDGE_CURVE ( 'NONE', #73, #567, #2599, .T. ) ;
#2175 = CARTESIAN_POINT ( 'NONE',  ( 0.5999999999999997558, 7.347880794884116531E-17, 0.000000000000000000 ) ) ;
#2176 = ORIENTED_EDGE ( 'NONE', *, *, #134, .F. ) ;
#2177 = ORIENTED_EDGE ( 'NONE', *, *, #652, .F. ) ;
#2178 = CARTESIAN_POINT ( 'NONE',  ( 0.5000000000000001110, 6.123233995736767268E-17, 9.500000000000000000 ) ) ;
#2179 = CARTESIAN_POINT ( 'NONE',  ( 1.412380550319443318, -7.102103999812571011, 2.546063542584986905 ) ) ;
#2180 = CARTESIAN_POINT ( 'NONE',  ( 1.499999999999997780, -7.100000000000001421, 2.499999999999999556 ) ) ;
#2181 = DIRECTION ( 'NONE',  ( 1.445602896647339410E-16, -1.000000000000000000, 0.000000000000000000 ) ) ;
#2182 = CARTESIAN_POINT ( 'NONE',  ( 11.32553602878860310, -5.881353885848007224, 11.00000000000000000 ) ) ;
#2183 = DIRECTION ( 'NONE',  ( -1.000000000000000000, 7.924735217559104949E-17, 0.000000000000000000 ) ) ;
#2184 = DIRECTION ( 'NONE',  ( 1.224646799147353207E-16, -1.000000000000000000, 0.000000000000000000 ) ) ;
#2185 = ORIENTED_EDGE ( 'NONE', *, *, #1807, .F. ) ;
#2186 = EDGE_CURVE ( 'NONE', #1738, #1472, #978, .T. ) ;
#2187 = ADVANCED_FACE ( 'NONE', ( #2234 ), #2264, .T. ) ;
#2188 = EDGE_LOOP ( 'NONE', ( #1298, #597, #2380, #640, #1197, #149, #236, #203, #110, #1955, #460, #2176 ) ) ;
#2189 = CARTESIAN_POINT ( 'NONE',  ( 3.415296964881041841, -1.451343733146622572, 2.255680302772555823 ) ) ;
#2190 = CARTESIAN_POINT ( 'NONE',  ( 10.62112000238584208, -5.942982302564223218, 0.000000000000000000 ) ) ;
#2191 = DIRECTION ( 'NONE',  ( 1.000000000000000000, 0.000000000000000000, 0.000000000000000000 ) ) ;
#2192 = CARTESIAN_POINT ( 'NONE',  ( 11.99999999999999645, -8.599999999999997868, 2.499999999999999556 ) ) ;
#2193 = VERTEX_POINT ( 'NONE', #376 ) ;
#2194 = CARTESIAN_POINT ( 'NONE',  ( 11.99999999999999645, -8.600000000000001421, 11.00000000000000000 ) ) ;
#2195 = CARTESIAN_POINT ( 'NONE',  ( 6.000000000000000888, -6.100000000000003197, 9.000000000000001776 ) ) ;
#2196 = B_SPLINE_CURVE_WITH_KNOTS ( 'NONE', 3,
 ( #1195, #1834, #1823, #790 ),
 .UNSPECIFIED., .F., .F.,
 ( 4, 4 ),
 ( 9.975395632840276670E-16, 0.0002093412612827894449 ),
 .UNSPECIFIED. ) ;
#2197 = CARTESIAN_POINT ( 'NONE',  ( 11.99999999999999645, -7.100000000000000533, 11.00000000000000000 ) ) ;
#2198 = CARTESIAN_POINT ( 'NONE',  ( 11.60609455630576292, -7.100000000000002309, 2.002958279947452347 ) ) ;
#2199 = ORIENTED_EDGE ( 'NONE', *, *, #960, .F. ) ;
#2200 = VERTEX_POINT ( 'NONE', #583 ) ;
#2201 = CARTESIAN_POINT ( 'NONE',  ( 1.399999999999996803, -3.000000000000000000, 11.00000000000000000 ) ) ;
#2202 = AXIS2_PLACEMENT_3D ( 'NONE', #1749, #500, #671 ) ;
#2203 = DIRECTION ( 'NONE',  ( 1.445602896647339410E-16, -1.000000000000000000, -0.000000000000000000 ) ) ;
#2204 = AXIS2_PLACEMENT_3D ( 'NONE', #1697, #390, #655 ) ;
#2205 = CARTESIAN_POINT ( 'NONE',  ( 0.000000000000000000, 0.000000000000000000, 0.000000000000000000 ) ) ;
#2206 = EDGE_CURVE ( 'NONE', #1682, #301, #2670, .T. ) ;
#2207 = EDGE_LOOP ( 'NONE', ( #1459, #1183, #695, #2630, #1782, #1593, #2560 ) ) ;
#2208 = AXIS2_PLACEMENT_3D ( 'NONE', #7, #1865, #2084 ) ;
#2209 = VECTOR ( 'NONE', #2329, 1000.000000000000000 ) ;
#2210 = LINE ( 'NONE', #1812, #1898 ) ;
#2211 = DIRECTION ( 'NONE',  ( 1.000000000000000000, 0.000000000000000000, 0.000000000000000000 ) ) ;
#2212 = PLANE ( 'NONE',  #2070 ) ;
#2213 = CARTESIAN_POINT ( 'NONE',  ( 8.789239901551075818, -1.410549098809718460, 8.749064428753229095 ) ) ;
#2214 = ORIENTED_EDGE ( 'NONE', *, *, #908, .F. ) ;
#2215 = VERTEX_POINT ( 'NONE', #349 ) ;
#2216 = FACE_BOUND ( 'NONE', #1637, .T. ) ;
#2217 = FACE_OUTER_BOUND ( 'NONE', #228, .T. ) ;
#2218 = CARTESIAN_POINT ( 'NONE',  ( 4.090184500011660340, 0.000000000000000000, 2.499999999999998224 ) ) ;
#2219 = ORIENTED_EDGE ( 'NONE', *, *, #977, .T. ) ;
#2220 = EDGE_CURVE ( 'NONE', #536, #1805, #2472, .T. ) ;
#2221 = CARTESIAN_POINT ( 'NONE',  ( 10.38695878442807974, -3.804527964694651487, 8.629528038388825095 ) ) ;
#2222 = CYLINDRICAL_SURFACE ( 'NONE', #666, 1.500000000000000000 ) ;
#2223 = CARTESIAN_POINT ( 'NONE',  ( 1.399999999999996803, -3.000000000000000000, 11.00000000000000000 ) ) ;
#2224 = CARTESIAN_POINT ( 'NONE',  ( 2.793380810453687246, -4.600460561154204875, 2.170327994795345106 ) ) ;
#2225 = VERTEX_POINT ( 'NONE', #1189 ) ;
#2226 = VERTEX_POINT ( 'NONE', #327 ) ;
#2227 = DIRECTION ( 'NONE',  ( 1.000000000000000000, -7.924735217559104949E-17, 0.000000000000000000 ) ) ;
#2228 = FACE_OUTER_BOUND ( 'NONE', #314, .T. ) ;
#2229 = VERTEX_POINT ( 'NONE', #564 ) ;
#2230 = DIRECTION ( 'NONE',  ( 0.000000000000000000, 0.000000000000000000, -1.000000000000000000 ) ) ;
#2231 = DIRECTION ( 'NONE',  ( -1.224646799147353207E-16, 1.000000000000000000, -0.000000000000000000 ) ) ;
#2232 = EDGE_CURVE ( 'NONE', #653, #2266, #1050, .T. ) ;
#2233 = LINE ( 'NONE', #1828, #440 ) ;
#2234 = FACE_OUTER_BOUND ( 'NONE', #2549, .T. ) ;
#2235 = EDGE_CURVE ( 'NONE', #1545, #2266, #2639, .T. ) ;
#2236 = ORIENTED_EDGE ( 'NONE', *, *, #734, .F. ) ;
#2237 = EDGE_LOOP ( 'NONE', ( #2004, #434, #328, #2454, #70 ) ) ;
#2238 = CARTESIAN_POINT ( 'NONE',  ( 10.89167113060912229, -6.170001654470977925, 2.024370336002852433 ) ) ;
#2239 = CARTESIAN_POINT ( 'NONE',  ( 8.196891344814266844, -1.600698907749885214, 2.311865259273462314 ) ) ;
#2240 = CARTESIAN_POINT ( 'NONE',  ( 9.999999999999994671, -7.100000000000003197, 5.500000000000000000 ) ) ;
#2241 = DIRECTION ( 'NONE',  ( 1.000000000000000000, 1.548860246407863336E-16, 0.000000000000000000 ) ) ;
#2242 = ORIENTED_EDGE ( 'NONE', *, *, #243, .T. ) ;
#2243 = AXIS2_PLACEMENT_3D ( 'NONE', #2663, #382, #2441 ) ;
#2244 = CARTESIAN_POINT ( 'NONE',  ( 10.94251380722912259, -5.559960081004726717, 2.022368954370115102 ) ) ;
#2245 = CYLINDRICAL_SURFACE ( 'NONE', #442, 1.499999999999999556 ) ;
#2246 = VECTOR ( 'NONE', #2485, 1000.000000000000000 ) ;
#2247 = VECTOR ( 'NONE', #439, 1000.000000000000000 ) ;
#2248 = AXIS2_PLACEMENT_3D ( 'NONE', #1532, #1954, #1175 ) ;
#2249 = ADVANCED_FACE ( 'NONE', ( #1413 ), #1854, .F. ) ;
#2250 = FACE_OUTER_BOUND ( 'NONE', #2042, .T. ) ;
#2251 = CARTESIAN_POINT ( 'NONE',  ( 0.000000000000000000, 0.000000000000000000, 8.500000000000000000 ) ) ;
#2252 = VECTOR ( 'NONE', #1201, 1000.000000000000000 ) ;
#2253 = VECTOR ( 'NONE', #1447, 999.9999999999998863 ) ;
#2254 = ORIENTED_EDGE ( 'NONE', *, *, #1667, .T. ) ;
#2255 = ORIENTED_EDGE ( 'NONE', *, *, #535, .F. ) ;
#2256 = EDGE_CURVE ( 'NONE', #2055, #1818, #355, .T. ) ;
#2257 = FACE_BOUND ( 'NONE', #2649, .T. ) ;
#2258 = DIRECTION ( 'NONE',  ( -0.000000000000000000, -1.000000000000000000, -0.000000000000000000 ) ) ;
#2259 = CYLINDRICAL_SURFACE ( 'NONE', #1123, 1.600000000000000755 ) ;
#2260 = FACE_OUTER_BOUND ( 'NONE', #2517, .T. ) ;
#2261 = CARTESIAN_POINT ( 'NONE',  ( 1.200530100123252675, -7.100000000000001421, 2.029118365185214490 ) ) ;
#2262 = FACE_OUTER_BOUND ( 'NONE', #1342, .T. ) ;
#2263 = DIRECTION ( 'NONE',  ( -0.000000000000000000, -0.000000000000000000, -1.000000000000000000 ) ) ;
#2264 = CYLINDRICAL_SURFACE ( 'NONE', #1561, 0.3999999999999993006 ) ;
#2265 = ORIENTED_EDGE ( 'NONE', *, *, #1605, .F. ) ;
#2266 = VERTEX_POINT ( 'NONE', #625 ) ;
#2267 = FACE_OUTER_BOUND ( 'NONE', #2302, .T. ) ;
#2268 = CARTESIAN_POINT ( 'NONE',  ( 11.99999999999999822, -0.4916910794789001726, 8.945153336357490659 ) ) ;
#2269 = ADVANCED_FACE ( 'NONE', ( #2277, #189 ), #310, .F. ) ;
#2270 = CARTESIAN_POINT ( 'NONE',  ( 4.599999999999997868, -7.100000000000001421, 8.040000000000002700 ) ) ;
#2271 = CARTESIAN_POINT ( 'NONE',  ( 5.999999999999998224, 0.000000000000000000, 2.499999999999999556 ) ) ;
#2272 = ADVANCED_FACE ( 'NONE', ( #1661 ), #2088, .F. ) ;
#2273 = CARTESIAN_POINT ( 'NONE',  ( 7.399999999999702816, -2.999999999999999112, 8.919885059346752243 ) ) ;
#2274 = CYLINDRICAL_SURFACE ( 'NONE', #2028, 1.400000000000000133 ) ;
#2275 = EDGE_LOOP ( 'NONE', ( #686, #554, #1953 ) ) ;
#2276 = CARTESIAN_POINT ( 'NONE',  ( 3.416294294736251569, -1.451622826397557020, 8.773628746000554202 ) ) ;
#2277 = FACE_BOUND ( 'NONE', #1044, .T. ) ;
#2278 = EDGE_LOOP ( 'NONE', ( #606, #105, #1455, #1855, #1192 ) ) ;
#2279 = B_SPLINE_CURVE_WITH_KNOTS ( 'NONE', 3,
 ( #2195, #269, #1114, #1747 ),
 .UNSPECIFIED., .F., .F.,
 ( 4, 4 ),
 ( 0.000000000000000000, 0.1917554191879538017 ),
 .UNSPECIFIED. ) ;
#2280 = ORIENTED_EDGE ( 'NONE', *, *, #122, .T. ) ;
#2281 = CARTESIAN_POINT ( 'NONE',  ( 11.40000000000549818, 1.396097351028656112E-15, 8.627699113980087375 ) ) ;
#2282 = CARTESIAN_POINT ( 'NONE',  ( 11.99999999999999645, -8.600000000000001421, 8.500000000000000000 ) ) ;
#2283 = DIRECTION ( 'NONE',  ( 1.000000000000000000, 0.000000000000000000, 0.000000000000000000 ) ) ;
#2284 = CARTESIAN_POINT ( 'NONE',  ( 10.62112000238584208, -5.942982302564223218, 0.000000000000000000 ) ) ;
#2285 = EDGE_CURVE ( 'NONE', #2562, #490, #2073, .T. ) ;
#2286 = UNCERTAINTY_MEASURE_WITH_UNIT (LENGTH_MEASURE( 1.000000000000000082E-05 ), #45, 'distance_accuracy_value', 'NONE');
#2287 = DIRECTION ( 'NONE',  ( 1.445602896647339410E-16, -1.000000000000000000, 0.000000000000000000 ) ) ;
#2288 = ADVANCED_FACE ( 'NONE', ( #1694 ), #2722, .F. ) ;
#2289 = LINE ( 'NONE', #779, #2296 ) ;
#2290 = EDGE_LOOP ( 'NONE', ( #897, #2136 ) ) ;
#2291 = AXIS2_PLACEMENT_3D ( 'NONE', #639, #1482, #2309 ) ;
#2292 = COLOUR_RGB ( '',0.5372549019607842924, 0.3490196078431372362, 0.3372549019607843368 ) ;
#2293 = CARTESIAN_POINT ( 'NONE',  ( 3.975169095671351016, -1.727241012302234813, 8.844807319497306253 ) ) ;
#2294 = CARTESIAN_POINT ( 'NONE',  ( 7.442733252295126611, -2.577532513545026216, 8.915384197565892066 ) ) ;
#2295 = VERTEX_POINT ( 'NONE', #1438 ) ;
#2296 = VECTOR ( 'NONE', #2466, 1000.000000000000000 ) ;
#2297 = CIRCLE ( 'NONE', #794, 0.5000000000000004441 ) ;
#2298 = ORIENTED_EDGE ( 'NONE', *, *, #1046, .T. ) ;
#2299 = VECTOR ( 'NONE', #1878, 1000.000000000000000 ) ;
#2300 = CARTESIAN_POINT ( 'NONE',  ( 3.515604625749764622, -4.518241451786137119, 8.786007964887403432 ) ) ;
#2301 = VECTOR ( 'NONE', #265, 1000.000000000000000 ) ;
#2302 = EDGE_LOOP ( 'NONE', ( #1496, #2717, #1244, #1913 ) ) ;
#2303 = DIRECTION ( 'NONE',  ( 0.000000000000000000, 0.000000000000000000, 1.000000000000000000 ) ) ;
#2304 = CARTESIAN_POINT ( 'NONE',  ( 10.66959219259639902, -7.108709336524344558, 5.953625792536369588 ) ) ;
#2305 = AXIS2_PLACEMENT_3D ( 'NONE', #557, #1393, #342 ) ;
#2306 =( NAMED_UNIT ( * ) SI_UNIT ( $, .STERADIAN. ) SOLID_ANGLE_UNIT ( ) );
#2307 = ORIENTED_EDGE ( 'NONE', *, *, #2256, .F. ) ;
#2308 = EDGE_CURVE ( 'NONE', #567, #1402, #384, .T. ) ;
#2309 = DIRECTION ( 'NONE',  ( -1.000000000000000000, 0.000000000000000000, 0.000000000000000000 ) ) ;
#2310 = CARTESIAN_POINT ( 'NONE',  ( 8.909579102204215673, 0.000000000000000000, 8.543253960945650149 ) ) ;
#2311 = ORIENTED_EDGE ( 'NONE', *, *, #656, .F. ) ;
#2312 = B_SPLINE_CURVE_WITH_KNOTS ( 'NONE', 3,
 ( #687, #1522, #2414, #2359, #1547, #465, #1355, #1977, #2371, #2401, #1365, #85, #911, #517, #476, #2189, #1148, #2595, #1105, #61, #494, #1326, #899, #1139, #2163, #1345, #1967, #280 ),
 .UNSPECIFIED., .F., .F.,
 ( 4, 2, 2, 2, 2, 2, 2, 2, 2, 2, 2, 2, 2, 4 ),
 ( 0.000000000000000000, 0.0003138597149674155580, 0.0006277194299348311159, 0.0009415791449022466739, 0.001255438859869662232, 0.001883158289804493348, 0.002510877719739324464, 0.002824737434706740130, 0.003138597149674156664, 0.003452456864641572330, 0.003766316579608987563, 0.004394036009543819329, 0.004707895724511235863, 0.005021755439478653264 ),
 .UNSPECIFIED. ) ;
#2313 = EDGE_LOOP ( 'NONE', ( #1358, #1869, #2437, #746, #2111, #2539 ) ) ;
#2314 = FACE_OUTER_BOUND ( 'NONE', #2568, .T. ) ;
#2315 = DIRECTION ( 'NONE',  ( 1.000000000000000000, 0.000000000000000000, 3.794707603699290763E-15 ) ) ;
#2316 = ORIENTED_EDGE ( 'NONE', *, *, #618, .F. ) ;
#2317 = CARTESIAN_POINT ( 'NONE',  ( 5.999999999999998224, -6.100000000000001421, 2.960000000000000409 ) ) ;
#2318 = CARTESIAN_POINT ( 'NONE',  ( 10.82553602878860666, -5.881353885848038310, 8.622169654530578597 ) ) ;
#2319 = DIRECTION ( 'NONE',  ( -0.000000000000000000, 0.000000000000000000, 1.000000000000000000 ) ) ;
#2320 = ORIENTED_EDGE ( 'NONE', *, *, #205, .T. ) ;
#2321 = CARTESIAN_POINT ( 'NONE',  ( 3.801751222472286695, -1.611452131476154070, 8.822511006404289091 ) ) ;
#2322 = ADVANCED_FACE ( 'NONE', ( #983 ), #2456, .F. ) ;
#2323 = VERTEX_POINT ( 'NONE', #2482 ) ;
#2324 = ORIENTED_EDGE ( 'NONE', *, *, #2664, .T. ) ;
#2325 = DIRECTION ( 'NONE',  ( -0.7660444431189752379, 0.6427876096865426936, 0.000000000000000000 ) ) ;
#2326 = ADVANCED_FACE ( 'NONE', ( #180 ), #334, .F. ) ;
#2327 = CARTESIAN_POINT ( 'NONE',  ( 2.583974082420811946, -4.558969411766027768, 8.684416013034919501 ) ) ;
#2328 = ORIENTED_EDGE ( 'NONE', *, *, #1083, .T. ) ;
#2329 = DIRECTION ( 'NONE',  ( 2.608606730792191375E-16, -2.067251762827060288E-32, 1.000000000000000000 ) ) ;
#2330 = CARTESIAN_POINT ( 'NONE',  ( 0.3939054436942358572, -0.03650640299899556018, 2.002958279947452347 ) ) ;
#2331 = CARTESIAN_POINT ( 'NONE',  ( 0.5999999999999997558, 7.347880794884116531E-17, 11.00000000000000000 ) ) ;
#2332 = ORIENTED_EDGE ( 'NONE', *, *, #1480, .T. ) ;
#2333 = CARTESIAN_POINT ( 'NONE',  ( 11.99999999999999112, -7.099999999999998757, 8.805445798532565149 ) ) ;
#2334 = ORIENTED_EDGE ( 'NONE', *, *, #416, .T. ) ;
#2335 = AXIS2_PLACEMENT_3D ( 'NONE', #524, #2682, #120 ) ;
#2336 = VERTEX_POINT ( 'NONE', #2444 ) ;
#2337 = CARTESIAN_POINT ( 'NONE',  ( 7.061374714051688706, -7.100000000000001421, 8.952953293641957799 ) ) ;
#2338 = CARTESIAN_POINT ( 'NONE',  ( 1.000000000000000000, 1.200000000000001510, 9.500000000000000000 ) ) ;
#2339 = AXIS2_PLACEMENT_3D ( 'NONE', #249, #232, #15 ) ;
#2340 = EDGE_LOOP ( 'NONE', ( #444, #8, #1870, #1617 ) ) ;
#2341 = CARTESIAN_POINT ( 'NONE',  ( 11.99999999999999112, -4.299697111651276771, 8.805445798532565149 ) ) ;
#2342 = EDGE_CURVE ( 'NONE', #2094, #2058, #295, .T. ) ;
#2343 = ORIENTED_EDGE ( 'NONE', *, *, #501, .T. ) ;
#2344 = VECTOR ( 'NONE', #894, 1000.000000000000000 ) ;
#2345 = PRODUCT_CONTEXT ( 'NONE', #1194, 'mechanical' ) ;
#2346 = CARTESIAN_POINT ( 'NONE',  ( 11.61338946408941730, -7.100000000000002309, 8.633811138549638997 ) ) ;
#2347 = CARTESIAN_POINT ( 'NONE',  ( 11.38485427674155659, -5.032799237313478891, 2.006329574641425140 ) ) ;
#2348 = AXIS2_PLACEMENT_3D ( 'NONE', #576, #2081, #1885 ) ;
#2349 = DIRECTION ( 'NONE',  ( 1.000000000000000000, 0.000000000000000000, 0.000000000000000000 ) ) ;
#2350 = VECTOR ( 'NONE', #2596, 1000.000000000000000 ) ;
#2351 = DIRECTION ( 'NONE',  ( 0.000000000000000000, 0.000000000000000000, 1.000000000000000000 ) ) ;
#2352 = ORIENTED_EDGE ( 'NONE', *, *, #2644, .F. ) ;
#2353 = VERTEX_POINT ( 'NONE', #2244 ) ;
#2354 = LINE ( 'NONE', #40, #270 ) ;
#2355 = CARTESIAN_POINT ( 'NONE',  ( 10.59999999999999964, -3.000000000016590285, 8.624677414323413061 ) ) ;
#2356 = ORIENTED_EDGE ( 'NONE', *, *, #1386, .F. ) ;
#2357 = DIRECTION ( 'NONE',  ( -1.000000000000000000, 0.000000000000000000, 0.000000000000000000 ) ) ;
#2358 = ORIENTED_EDGE ( 'NONE', *, *, #1965, .F. ) ;
#2359 = CARTESIAN_POINT ( 'NONE',  ( 1.451413793751706649, -2.584267530632662346, 2.043275973613285501 ) ) ;
#2360 = EDGE_CURVE ( 'NONE', #2193, #773, #1227, .T. ) ;
#2361 = CARTESIAN_POINT ( 'NONE',  ( 0.5999999999999998668, -0.5999999999999998668, 11.00000000000000000 ) ) ;
#2362 = FACE_OUTER_BOUND ( 'NONE', #2207, .T. ) ;
#2363 = EDGE_CURVE ( 'NONE', #1818, #2055, #551, .T. ) ;
#2364 = CARTESIAN_POINT ( 'NONE',  ( 11.99999999999999645, -7.100000000000000533, 0.000000000000000000 ) ) ;
#2365 = ORIENTED_EDGE ( 'NONE', *, *, #1652, .T. ) ;
#2366 = CARTESIAN_POINT ( 'NONE',  ( 1.000000000000000000, -0.9999999999999986677, 9.500000000000000000 ) ) ;
#2367 = CARTESIAN_POINT ( 'NONE',  ( 11.99999999999999645, -7.100000000000002309, 2.499999999999999556 ) ) ;
#2368 = ORIENTED_EDGE ( 'NONE', *, *, #1480, .F. ) ;
#2369 = DIRECTION ( 'NONE',  ( -0.000000000000000000, -0.000000000000000000, -1.000000000000000000 ) ) ;
#2370 = ORIENTED_EDGE ( 'NONE', *, *, #89, .T. ) ;
#2371 = CARTESIAN_POINT ( 'NONE',  ( 1.797658956971660782, -1.939191446119411966, 2.067724986577154755 ) ) ;
#2372 = EDGE_CURVE ( 'NONE', #1179, #1204, #756, .T. ) ;
#2373 = PRODUCT_DEFINITION_SHAPE ( 'NONE', 'NONE',  #214 ) ;
#2374 = LINE ( 'NONE', #2415, #1947 ) ;
#2375 = CARTESIAN_POINT ( 'NONE',  ( 11.00414222394533503, -6.264376107407496619, 8.622105075057561407 ) ) ;
#2376 = CARTESIAN_POINT ( 'NONE',  ( 11.32553602878860310, -5.881353885848007224, 0.000000000000000000 ) ) ;
#2377 = B_SPLINE_CURVE_WITH_KNOTS ( 'NONE', 3,
 ( #188, #1027, #1867, #694, #481, #36, #2171, #443 ),
 .UNSPECIFIED., .F., .F.,
 ( 4, 2, 2, 4 ),
 ( -4.898994182874466107E-06, 0.0004177738572989764102, 0.0006291102830399006524, 0.0008404467087808249488 ),
 .UNSPECIFIED. ) ;
#2378 = EDGE_CURVE ( 'NONE', #1325, #1818, #6, .T. ) ;
#2379 = CARTESIAN_POINT ( 'NONE',  ( 5.616489161624092397, -6.100000000000003197, 9.000000000000001776 ) ) ;
#2380 = ORIENTED_EDGE ( 'NONE', *, *, #1795, .T. ) ;
#2381 = DIRECTION ( 'NONE',  ( -1.000000000000000000, 0.000000000000000000, 0.000000000000000000 ) ) ;
#2382 = DIRECTION ( 'NONE',  ( 1.000000000000000000, -7.924735217559104949E-17, 0.000000000000000000 ) ) ;
#2383 = ORIENTED_EDGE ( 'NONE', *, *, #2186, .T. ) ;
#2384 = ORIENTED_EDGE ( 'NONE', *, *, #370, .T. ) ;
#2385 = CARTESIAN_POINT ( 'NONE',  ( 4.075253458114842964, -7.100000000000004086, 2.361605104330060545 ) ) ;
#2386 = CIRCLE ( 'NONE', #665, 0.5000000000000004441 ) ;
#2387 = AXIS2_PLACEMENT_3D ( 'NONE', #1928, #2540, #2211 ) ;
#2388 = AXIS2_PLACEMENT_3D ( 'NONE', #1731, #1702, #2543 ) ;
#2389 = PLANE ( 'NONE',  #145 ) ;
#2390 = DIRECTION ( 'NONE',  ( 1.445602896647339410E-16, -1.000000000000000000, 0.000000000000000000 ) ) ;
#2391 = PLANE ( 'NONE',  #1728 ) ;
#2392 = CIRCLE ( 'NONE', #482, 0.3999999999999993006 ) ;
#2393 = AXIS2_PLACEMENT_3D ( 'NONE', #87, #75, #923 ) ;
#2394 = PLANE ( 'NONE',  #1978 ) ;
#2395 = EDGE_CURVE ( 'NONE', #2353, #668, #1745, .T. ) ;
#2396 = CARTESIAN_POINT ( 'NONE',  ( -7.753686109408941665E-17, -0.5999999999999997558, 0.000000000000000000 ) ) ;
#2397 = DIRECTION ( 'NONE',  ( -1.224646799147353207E-16, 1.000000000000000000, -0.000000000000000000 ) ) ;
#2398 = EDGE_CURVE ( 'NONE', #2225, #358, #2434, .T. ) ;
#2399 = ORIENTED_EDGE ( 'NONE', *, *, #898, .F. ) ;
#2400 = VERTEX_POINT ( 'NONE', #1066 ) ;
#2401 = CARTESIAN_POINT ( 'NONE',  ( 2.020149291908138967, -1.717951765026504374, 2.086241370064642275 ) ) ;
#2402 = CARTESIAN_POINT ( 'NONE',  ( 11.47084698413810422, -4.029334268582549238E-13, 2.005286614160004532 ) ) ;
#2403 = CARTESIAN_POINT ( 'NONE',  ( 0.5999999999944993778, 7.347880794816756438E-17, 8.627699113980087375 ) ) ;
#2404 = CARTESIAN_POINT ( 'NONE',  ( 9.798141315228001247, -1.609369385799932939, 2.103880893624985760 ) ) ;
#2405 = EDGE_LOOP ( 'NONE', ( #1650, #2619, #593, #1662, #670 ) ) ;
#2406 = DIRECTION ( 'NONE',  ( 1.000000000000000000, 0.000000000000000000, 0.000000000000000000 ) ) ;
#2407 = CARTESIAN_POINT ( 'NONE',  ( 0.000000000000000000, 0.000000000000000000, 11.00000000000000000 ) ) ;
#2408 = EDGE_CURVE ( 'NONE', #910, #1172, #1657, .T. ) ;
#2409 = CARTESIAN_POINT ( 'NONE',  ( 10.59999999999999964, -2.999999999982173371, 2.040137090086451277 ) ) ;
#2410 = CARTESIAN_POINT ( 'NONE',  ( 3.708938890211122885, -4.438155059740862107, 2.298217548502349494 ) ) ;
#2411 = ORIENTED_EDGE ( 'NONE', *, *, #2156, .F. ) ;
#2412 = VERTEX_POINT ( 'NONE', #1277 ) ;
#2413 = EDGE_CURVE ( 'NONE', #1121, #1191, #1070, .T. ) ;
#2414 = CARTESIAN_POINT ( 'NONE',  ( 1.410454263169480082, -2.789531297355960060, 2.040756918758600325 ) ) ;
#2415 = CARTESIAN_POINT ( 'NONE',  ( 7.399999999999997691, -1.140202025355331994, 8.040000000000002700 ) ) ;
#2416 = DIRECTION ( 'NONE',  ( -1.224646799147353207E-16, 1.000000000000000000, -0.000000000000000000 ) ) ;
#2417 = CARTESIAN_POINT ( 'NONE',  ( 6.000000000000000000, 0.000000000000000000, 9.000000000000001776 ) ) ;
#2418 = EDGE_LOOP ( 'NONE', ( #2636, #1753, #610, #1178, #2450, #2710, #1825 ) ) ;
#2419 = DIRECTION ( 'NONE',  ( 1.000000000000000000, 0.000000000000000000, 0.000000000000000000 ) ) ;
#2420 = CARTESIAN_POINT ( 'NONE',  ( 10.94251380722912259, -5.559960081004726717, 2.022368954370115102 ) ) ;
#2421 = FACE_OUTER_BOUND ( 'NONE', #264, .T. ) ;
#2422 = CARTESIAN_POINT ( 'NONE',  ( 9.973401654439420838, -1.725850166226515103, 8.646441407002400936 ) ) ;
#2423 = VERTEX_POINT ( 'NONE', #397 ) ;
#2424 = ORIENTED_EDGE ( 'NONE', *, *, #531, .F. ) ;
#2425 = CARTESIAN_POINT ( 'NONE',  ( 10.82553602878860133, -5.881353885848007224, 0.000000000000000000 ) ) ;
#2426 = EDGE_CURVE ( 'NONE', #1147, #1172, #1193, .T. ) ;
#2427 = FACE_OUTER_BOUND ( 'NONE', #1040, .T. ) ;
#2428 = AXIS2_PLACEMENT_3D ( 'NONE', #1015, #2325, #1284 ) ;
#2429 = ORIENTED_EDGE ( 'NONE', *, *, #1652, .F. ) ;
#2430 = CIRCLE ( 'NONE', #750, 1.400000000000000133 ) ;
#2431 = CARTESIAN_POINT ( 'NONE',  ( 9.705005497139341131, -4.440124079414798253, 8.662822840124775325 ) ) ;
#2432 = AXIS2_PLACEMENT_3D ( 'NONE', #1566, #74, #1578 ) ;
#2433 = DIRECTION ( 'NONE',  ( -1.000000000000000000, 7.924735217559104949E-17, 0.000000000000000000 ) ) ;
#2434 = B_SPLINE_CURVE_WITH_KNOTS ( 'NONE', 3,
 ( #634, #663, #648, #255, #2557, #604, #1905, #1252 ),
 .UNSPECIFIED., .F., .F.,
 ( 4, 2, 2, 4 ),
 ( -4.898994182842610045E-06, 0.0004143998876646307929, 0.0006240493285883674541, 0.0008336987695121041153 ),
 .UNSPECIFIED. ) ;
#2435 = DIRECTION ( 'NONE',  ( 0.000000000000000000, 0.000000000000000000, -1.000000000000000000 ) ) ;
#2436 = CARTESIAN_POINT ( 'NONE',  ( 8.291567624421398719, -1.561587698655075185, 8.810464363842253732 ) ) ;
#2437 = ORIENTED_EDGE ( 'NONE', *, *, #1904, .F. ) ;
#2438 = ORIENTED_EDGE ( 'NONE', *, *, #2398, .F. ) ;
#2439 = DIRECTION ( 'NONE',  ( 1.445602896647339410E-16, -1.000000000000000000, 0.000000000000000000 ) ) ;
#2440 = DIRECTION ( 'NONE',  ( 0.000000000000000000, -0.000000000000000000, 1.000000000000000000 ) ) ;
#2441 = DIRECTION ( 'NONE',  ( -1.000000000000000000, 0.000000000000000000, 0.000000000000000000 ) ) ;
#2442 = EDGE_CURVE ( 'NONE', #1610, #859, #857, .T. ) ;
#2443 = EDGE_LOOP ( 'NONE', ( #307, #586, #830, #862 ) ) ;
#2444 = CARTESIAN_POINT ( 'NONE',  ( 7.295332143304351646, -6.100000000000001421, 2.428855350659963275 ) ) ;
#2445 = ADVANCED_FACE ( 'NONE', ( #410 ), #1048, .F. ) ;
#2446 = CARTESIAN_POINT ( 'NONE',  ( 7.399999999999995026, -2.999999999999999556, 0.000000000000000000 ) ) ;
#2447 = LINE ( 'NONE', #1217, #1941 ) ;
#2448 = CARTESIAN_POINT ( 'NONE',  ( 10.62112000238584208, -5.942982302564223218, 0.000000000000000000 ) ) ;
#2449 = ORIENTED_EDGE ( 'NONE', *, *, #701, .T. ) ;
#2450 = ORIENTED_EDGE ( 'NONE', *, *, #637, .T. ) ;
#2451 = LINE ( 'NONE', #556, #570 ) ;
#2452 = DIRECTION ( 'NONE',  ( -0.000000000000000000, -1.000000000000000000, -0.000000000000000000 ) ) ;
#2453 = DIRECTION ( 'NONE',  ( -1.000000000000000000, 0.000000000000000000, 0.000000000000000000 ) ) ;
#2454 = ORIENTED_EDGE ( 'NONE', *, *, #134, .T. ) ;
#2455 = EDGE_CURVE ( 'NONE', #406, #699, #2038, .T. ) ;
#2456 = CYLINDRICAL_SURFACE ( 'NONE', #532, 1.600000000000000755 ) ;
#2457 = DIRECTION ( 'NONE',  ( 1.000000000000000000, 0.000000000000000000, 0.000000000000000000 ) ) ;
#2458 = ADVANCED_FACE ( 'NONE', ( #1919 ), #1688, .F. ) ;
#2459 = CARTESIAN_POINT ( 'NONE',  ( 2.200000000000000178, 1.500000000000001332, 11.00000000000000000 ) ) ;
#2460 = CARTESIAN_POINT ( 'NONE',  ( 0.5669702645170744404, 9.906365469067363338E-17, 9.500000000000000000 ) ) ;
#2461 = ORIENTED_EDGE ( 'NONE', *, *, #652, .T. ) ;
#2462 = ORIENTED_EDGE ( 'NONE', *, *, #2119, .T. ) ;
#2463 = DIRECTION ( 'NONE',  ( 1.000000000000000000, 0.000000000000000000, 0.000000000000000000 ) ) ;
#2464 = CARTESIAN_POINT ( 'NONE',  ( 4.088464409843540537, 0.000000000000000000, 9.000000000000001776 ) ) ;
#2465 = DIRECTION ( 'NONE',  ( 1.000000000000000000, 0.000000000000000000, 0.000000000000000000 ) ) ;
#2466 = DIRECTION ( 'NONE',  ( -0.000000000000000000, -0.000000000000000000, 1.000000000000000000 ) ) ;
#2467 = AXIS2_PLACEMENT_3D ( 'NONE', #81, #1144, #876 ) ;
#2468 = AXIS2_PLACEMENT_3D ( 'NONE', #80, #917, #1761 ) ;
#2469 = AXIS2_PLACEMENT_3D ( 'NONE', #151, #2258, #1787 ) ;
#2470 = CARTESIAN_POINT ( 'NONE',  ( 1.499999999999998002, -7.100000000000001421, 8.500000000000000000 ) ) ;
#2471 = EDGE_CURVE ( 'NONE', #850, #1843, #2476, .T. ) ;
#2472 = LINE ( 'NONE', #969, #888 ) ;
#2473 = VECTOR ( 'NONE', #2230, 1000.000000000000000 ) ;
#2474 = ORIENTED_EDGE ( 'NONE', *, *, #2174, .F. ) ;
#2475 = ORIENTED_EDGE ( 'NONE', *, *, #72, .T. ) ;
#2476 = CIRCLE ( 'NONE', #799, 1.399999999999999689 ) ;
#2477 = CARTESIAN_POINT ( 'NONE',  ( 10.82553602878885535, -6.026224860522476412, 2.027817538882094262 ) ) ;
#2478 = CARTESIAN_POINT ( 'NONE',  ( 9.999999999999994671, -9.700000000000001066, 6.299999999999990052 ) ) ;
#2479 = VECTOR ( 'NONE', #992, 1000.000000000000000 ) ;
#2480 = FACE_OUTER_BOUND ( 'NONE', #875, .T. ) ;
#2481 = CARTESIAN_POINT ( 'NONE',  ( 5.999999999999999112, -7.100000000000004086, 2.499999999999999556 ) ) ;
#2482 = CARTESIAN_POINT ( 'NONE',  ( 9.999999999999994671, -7.100000000000003197, 4.700000000000001066 ) ) ;
#2483 = FACE_BOUND ( 'NONE', #844, .T. ) ;
#2484 = ORIENTED_EDGE ( 'NONE', *, *, #19, .T. ) ;
#2485 = DIRECTION ( 'NONE',  ( -1.292281018234824063E-16, -1.000000000000000000, -0.000000000000000000 ) ) ;
#2486 = DIRECTION ( 'NONE',  ( -1.000000000000000000, 0.000000000000000000, 0.000000000000000000 ) ) ;
#2487 = ORIENTED_EDGE ( 'NONE', *, *, #1667, .F. ) ;
#2488 = ADVANCED_FACE ( 'NONE', ( #900 ), #1356, .T. ) ;
#2489 = VERTEX_POINT ( 'NONE', #1548 ) ;
#2490 = DIRECTION ( 'NONE',  ( -0.000000000000000000, -1.000000000000000000, 0.000000000000000000 ) ) ;
#2491 = CARTESIAN_POINT ( 'NONE',  ( 3.090420897795782995, -7.100000000000004086, 8.543253960945648373 ) ) ;
#2492 = DIRECTION ( 'NONE',  ( -1.224646799147353207E-16, 1.000000000000000000, -0.000000000000000000 ) ) ;
#2493 = EDGE_CURVE ( 'NONE', #459, #1121, #2374, .T. ) ;
#2494 = CARTESIAN_POINT ( 'NONE',  ( 11.60609455630576292, -7.100000000000002309, 2.002958279947451903 ) ) ;
#2495 = B_SPLINE_CURVE_WITH_KNOTS ( 'NONE', 3,
 ( #786, #1235, #1369, #2050, #294, #164, #2268, #1003 ),
 .UNSPECIFIED., .F., .F.,
 ( 4, 2, 2, 4 ),
 ( 0.000000000000000000, 0.0002097384837355698603, 0.0004194769674711397206, 0.0008389539349422766223 ),
 .UNSPECIFIED. ) ;
#2496 = CARTESIAN_POINT ( 'NONE',  ( 11.60609455630576292, -4.769135339316289190, 2.002958279947451903 ) ) ;
#2497 = CARTESIAN_POINT ( 'NONE',  ( -1.111361675681948827E-15, -8.600000000000001421, 8.500000000000000000 ) ) ;
#2498 = VERTEX_POINT ( 'NONE', #942 ) ;
#2499 = CARTESIAN_POINT ( 'NONE',  ( 0.5013606076167858028, -0.008163645700713543368, 10.49999999999999822 ) ) ;
#2500 = CARTESIAN_POINT ( 'NONE',  ( 8.999999999999998224, -2.999999999999999556, 11.00000000000000000 ) ) ;
#2501 = EDGE_LOOP ( 'NONE', ( #2101, #732 ) ) ;
#2502 = EDGE_LOOP ( 'NONE', ( #2424, #2068, #2606, #198 ) ) ;
#2503 = CARTESIAN_POINT ( 'NONE',  ( 11.61338946408942085, -0.03922826692527570103, 8.633811138549638997 ) ) ;
#2504 = CARTESIAN_POINT ( 'NONE',  ( 4.397074660495265519, -3.807710416662529518, 8.897141969915271176 ) ) ;
#2505 = ORIENTED_EDGE ( 'NONE', *, *, #638, .T. ) ;
#2506 = CARTESIAN_POINT ( 'NONE',  ( -7.408714845317612318E-16, -0.4906562376650062673, 1.692283297135748432 ) ) ;
#2507 = ADVANCED_FACE ( 'NONE', ( #2574 ), #729, .T. ) ;
#2508 = UNCERTAINTY_MEASURE_WITH_UNIT (LENGTH_MEASURE( 1.000000000000000082E-05 ), #958, 'distance_accuracy_value', 'NONE');
#2509 = PRESENTATION_STYLE_ASSIGNMENT (( #2542 ) ) ;
#2510 = DIRECTION ( 'NONE',  ( 1.000000000000000000, -7.924735217559104949E-17, 0.000000000000000000 ) ) ;
#2511 = ADVANCED_FACE ( 'NONE', ( #318 ), #2389, .F. ) ;
#2512 = ORIENTED_EDGE ( 'NONE', *, *, #2232, .F. ) ;
#2513 = CIRCLE ( 'NONE', #533, 0.5000000000000004441 ) ;
#2514 = AXIS2_PLACEMENT_3D ( 'NONE', #1200, #1188, #2011 ) ;
#2515 = CARTESIAN_POINT ( 'NONE',  ( 4.599999999999997868, -9.700000000000001066, 8.040000000000002700 ) ) ;
#2516 = CARTESIAN_POINT ( 'NONE',  ( 7.399999999999706368, -2.788062505295187954, 8.919885059346754019 ) ) ;
#2517 = EDGE_LOOP ( 'NONE', ( #1229, #2014, #1488, #1051, #1695, #2324, #2462, #1725, #526 ) ) ;
#2518 = CIRCLE ( 'NONE', #2388, 0.2999999999999999334 ) ;
#2519 = AXIS2_PLACEMENT_3D ( 'NONE', #474, #1752, #2593 ) ;
#2520 = VERTEX_POINT ( 'NONE', #292 ) ;
#2521 = DIRECTION ( 'NONE',  ( -0.000000000000000000, -0.000000000000000000, -1.000000000000000000 ) ) ;
#2522 = STYLED_ITEM ( 'NONE', ( #2509 ), #2445 ) ;
#2523 = CARTESIAN_POINT ( 'NONE',  ( 0.5999999999944914952, 7.347880794816659063E-17, 2.006968277270041234 ) ) ;
#2524 = AXIS2_PLACEMENT_3D ( 'NONE', #1619, #590, #1437 ) ;
#2525 = ORIENTED_EDGE ( 'NONE', *, *, #973, .T. ) ;
#2526 = LINE ( 'NONE', #421, #2563 ) ;
#2527 = CARTESIAN_POINT ( 'NONE',  ( 11.20473650664942866, -6.432694696040777593, 2.011514105626925009 ) ) ;
#2528 = AXIS2_PLACEMENT_3D ( 'NONE', #1916, #2303, #1902 ) ;
#2529 = EDGE_CURVE ( 'NONE', #2423, #1363, #1708, .T. ) ;
#2530 = CARTESIAN_POINT ( 'NONE',  ( 10.89178927766795191, -6.170100791646860650, 8.621625347543092843 ) ) ;
#2531 = DIRECTION ( 'NONE',  ( -0.000000000000000000, -1.000000000000000000, -0.000000000000000000 ) ) ;
#2532 = VERTEX_POINT ( 'NONE', #2611 ) ;
#2533 = EDGE_CURVE ( 'NONE', #724, #1924, #848, .T. ) ;
#2534 = CARTESIAN_POINT ( 'NONE',  ( 10.59999999999999964, -2.999999999999999556, 11.00000000000000000 ) ) ;
#2535 = VERTEX_POINT ( 'NONE', #281 ) ;
#2536 = ORIENTED_EDGE ( 'NONE', *, *, #480, .T. ) ;
#2537 =( NAMED_UNIT ( * ) PLANE_ANGLE_UNIT ( ) SI_UNIT ( $, .RADIAN. ) );
#2538 = CARTESIAN_POINT ( 'NONE',  ( 3.416316311949908258, -4.548394008807093769, 8.773630330976283531 ) ) ;
#2539 = ORIENTED_EDGE ( 'NONE', *, *, #484, .F. ) ;
#2540 = DIRECTION ( 'NONE',  ( 0.000000000000000000, -0.000000000000000000, -1.000000000000000000 ) ) ;
#2541 = DIRECTION ( 'NONE',  ( -0.000000000000000000, 1.000000000000000000, -0.000000000000000000 ) ) ;
#2542 = SURFACE_STYLE_USAGE ( .BOTH. , #2138 ) ;
#2543 = DIRECTION ( 'NONE',  ( 1.000000000000000000, 0.000000000000000000, 0.000000000000000000 ) ) ;
#2544 = B_SPLINE_CURVE_WITH_KNOTS ( 'NONE', 3,
 ( #453, #855, #2304, #2096, #394, #1873, #1700, #221, #1917, #195 ),
 .UNSPECIFIED., .F., .F.,
 ( 4, 2, 2, 2, 4 ),
 ( 2.453269466693398698E-18, 0.0003567015382402197675, 0.0007134030764804371498, 0.001070104614720654478, 0.001426806152960871698 ),
 .UNSPECIFIED. ) ;
#2545 = ADVANCED_FACE ( 'NONE', ( #678 ), #1768, .F. ) ;
#2546 = ORIENTED_EDGE ( 'NONE', *, *, #618, .T. ) ;
#2547 = LINE ( 'NONE', #172, #2246 ) ;
#2548 = EDGE_CURVE ( 'NONE', #2660, #2225, #520, .T. ) ;
#2549 = EDGE_LOOP ( 'NONE', ( #1219, #938, #155, #161 ) ) ;
#2550 = ORIENTED_EDGE ( 'NONE', *, *, #768, .T. ) ;
#2551 = LINE ( 'NONE', #1499, #1332 ) ;
#2552 = CARTESIAN_POINT ( 'NONE',  ( 4.599999999999999645, -3.000000000019841018, 8.919885059346608358 ) ) ;
#2553 = ORIENTED_EDGE ( 'NONE', *, *, #383, .F. ) ;
#2554 = FILL_AREA_STYLE_COLOUR ( '', #2292 ) ;
#2555 = ORIENTED_EDGE ( 'NONE', *, *, #656, .T. ) ;
#2556 = CARTESIAN_POINT ( 'NONE',  ( 0.1652272584312887982, -0.1813439603251729426, 1.931791972378698707 ) ) ;
#2557 = CARTESIAN_POINT ( 'NONE',  ( 0.1620957856225736238, -0.1847441258764079275, 8.707189820375331735 ) ) ;
#2558 = DIRECTION ( 'NONE',  ( -7.924735217559104949E-17, -1.000000000000000000, 0.000000000000000000 ) ) ;
#2559 = DIRECTION ( 'NONE',  ( -7.924735217559106182E-17, -1.000000000000000000, 1.221636250687892233E-16 ) ) ;
#2560 = ORIENTED_EDGE ( 'NONE', *, *, #1965, .T. ) ;
#2561 = AXIS2_PLACEMENT_3D ( 'NONE', #918, #461, #2602 ) ;
#2562 = VERTEX_POINT ( 'NONE', #1567 ) ;
#2563 = VECTOR ( 'NONE', #1275, 1000.000000000000000 ) ;
#2564 = EDGE_CURVE ( 'NONE', #1678, #1325, #1860, .T. ) ;
#2565 = LINE ( 'NONE', #286, #2026 ) ;
#2566 = CARTESIAN_POINT ( 'NONE',  ( 1.562929787323003694, -3.711254448007406559, 8.628185396594163947 ) ) ;
#2567 = AXIS2_PLACEMENT_3D ( 'NONE', #2626, #107, #510 ) ;
#2568 = EDGE_LOOP ( 'NONE', ( #1378, #1699, #473, #2307 ) ) ;
#2569 = CARTESIAN_POINT ( 'NONE',  ( 2.500000000000000000, 1.200000000000001288, 9.500000000000000000 ) ) ;
#2570 = VERTEX_POINT ( 'NONE', #2151 ) ;
#2571 = VECTOR ( 'NONE', #723, 1000.000000000000000 ) ;
#2572 = CIRCLE ( 'NONE', #2248, 1.600000000000002531 ) ;
#2573 = CARTESIAN_POINT ( 'NONE',  ( 0.3866105359105722061, -0.03922826692527819903, 8.633811138549638997 ) ) ;
#2574 = FACE_OUTER_BOUND ( 'NONE', #868, .T. ) ;
#2575 = CARTESIAN_POINT ( 'NONE',  ( 10.59999999999999964, -2.999999999999999556, 0.000000000000000000 ) ) ;
#2576 = CARTESIAN_POINT ( 'NONE',  ( 5.269748464036132063, -6.100000000000003197, 8.981614929606026365 ) ) ;
#2577 = ORIENTED_EDGE ( 'NONE', *, *, #641, .T. ) ;
#2578 = CARTESIAN_POINT ( 'NONE',  ( 11.99999999999999822, -7.100000000000002309, 1.834498215495565798 ) ) ;
#2579 = CARTESIAN_POINT ( 'NONE',  ( -1.111361675681948827E-15, -8.600000000000001421, 11.00000000000000000 ) ) ;
#2580 = ORIENTED_EDGE ( 'NONE', *, *, #322, .F. ) ;
#2581 = EDGE_CURVE ( 'NONE', #850, #542, #266, .T. ) ;
#2582 = ORIENTED_EDGE ( 'NONE', *, *, #515, .T. ) ;
#2583 = DIRECTION ( 'NONE',  ( 1.000000000000000000, 0.000000000000000000, 0.000000000000000000 ) ) ;
#2584 = EDGE_CURVE ( 'NONE', #1843, #2226, #506, .T. ) ;
#2585 = CARTESIAN_POINT ( 'NONE',  ( 11.99999999999999289, -7.099999999999998757, 9.033586978554255964 ) ) ;
#2586 = SURFACE_SIDE_STYLE ('',( #1128 ) ) ;
#2587 = CYLINDRICAL_SURFACE ( 'NONE', #2121, 0.5000000000000004441 ) ;
#2588 = CARTESIAN_POINT ( 'NONE',  ( 4.938625285948307742, -6.100000000000003197, 8.952953293641957799 ) ) ;
#2589 = VERTEX_POINT ( 'NONE', #2585 ) ;
#2590 = DIRECTION ( 'NONE',  ( -9.681143818873202712E-33, -1.221636250687892233E-16, -1.000000000000000000 ) ) ;
#2591 = CARTESIAN_POINT ( 'NONE',  ( 11.61338946408942085, 5.673543500723638737E-32, 8.633811138549638997 ) ) ;
#2592 = ORIENTED_EDGE ( 'NONE', *, *, #300, .T. ) ;
#2593 = DIRECTION ( 'NONE',  ( 1.000000000000000000, -7.924735217559104949E-17, 0.000000000000000000 ) ) ;
#2594 = ORIENTED_EDGE ( 'NONE', *, *, #1349, .T. ) ;
#2595 = CARTESIAN_POINT ( 'NONE',  ( 3.707339512818253358, -1.561057231984650517, 2.297985499128711862 ) ) ;
#2596 = DIRECTION ( 'NONE',  ( 0.000000000000000000, 0.000000000000000000, -1.000000000000000000 ) ) ;
#2597 = ADVANCED_FACE ( 'NONE', ( #882 ), #690, .T. ) ;
#2598 = DIRECTION ( 'NONE',  ( -0.6427876096865426936, -0.7660444431189752379, 0.000000000000000000 ) ) ;
#2599 = B_SPLINE_CURVE_WITH_KNOTS ( 'NONE', 3,
 ( #1952, #109, #82, #1974, #92, #934, #1781, #2618, #2410, #950, #2629, #1430, #745, #2224, #782, #986, #1177, #1599, #173, #553, #1218, #540, #1829, #147 ),
 .UNSPECIFIED., .F., .F.,
 ( 4, 2, 2, 2, 2, 2, 2, 2, 2, 2, 2, 4 ),
 ( 0.005021755439478653264, 0.005649318192780642539, 0.006276880946082631814, 0.006590662322733626018, 0.006904443699384621956, 0.007218225076035617027, 0.007532006452686612966, 0.008159569205988603108, 0.008473350582639599046, 0.008787131959290594985, 0.009414694712592583392, 0.01004225746589457353 ),
 .UNSPECIFIED. ) ;
#2600 = CARTESIAN_POINT ( 'NONE',  ( 1.300000000000000044, 1.200000000000001510, 9.500000000000000000 ) ) ;
#2601 = CARTESIAN_POINT ( 'NONE',  ( 11.40000000000549818, 1.396097351028656112E-15, 8.627699113980087375 ) ) ;
#2602 = DIRECTION ( 'NONE',  ( 1.000000000000000000, 0.000000000000000000, 0.000000000000000000 ) ) ;
#2603 = CARTESIAN_POINT ( 'NONE',  ( 7.295332143304351646, -7.100000000000001421, 2.428855350659962831 ) ) ;
#2604 = ORIENTED_EDGE ( 'NONE', *, *, #254, .F. ) ;
#2605 = VECTOR ( 'NONE', #792, 1000.000000000000000 ) ;
#2606 = ORIENTED_EDGE ( 'NONE', *, *, #1137, .T. ) ;
#2607 = DIRECTION ( 'NONE',  ( 1.000000000000000000, 0.000000000000000000, 0.000000000000000000 ) ) ;
#2608 = AXIS2_PLACEMENT_3D ( 'NONE', #79, #2351, #1540 ) ;
#2609 = AXIS2_PLACEMENT_3D ( 'NONE', #77, #1538, #2598 ) ;
#2610 = AXIS2_PLACEMENT_3D ( 'NONE', #2148, #2369, #2357 ) ;
#2611 = CARTESIAN_POINT ( 'NONE',  ( 11.60609455630576292, -7.100000000000002309, 2.002958279947452347 ) ) ;
#2612 = CARTESIAN_POINT ( 'NONE',  ( 2.318715818120353322, -7.100000000000004086, 2.111425665617989722 ) ) ;
#2613 = CARTESIAN_POINT ( 'NONE',  ( 7.797051171466828023, -1.939911288819348156, 2.367889707742101280 ) ) ;
#2614 = EDGE_CURVE ( 'NONE', #2589, #1866, #1756, .T. ) ;
#2615 = CARTESIAN_POINT ( 'NONE',  ( 10.49999999999999645, -8.600000000000001421, 11.00000000000000000 ) ) ;
#2616 = VERTEX_POINT ( 'NONE', #702 ) ;
#2617 = EDGE_CURVE ( 'NONE', #1884, #2400, #584, .T. ) ;
#2618 = CARTESIAN_POINT ( 'NONE',  ( 3.800488361991874786, -4.389275443885731320, 2.311497223366398845 ) ) ;
#2619 = ORIENTED_EDGE ( 'NONE', *, *, #948, .F. ) ;
#2620 = ORIENTED_EDGE ( 'NONE', *, *, #2308, .F. ) ;
#2621 = CARTESIAN_POINT ( 'NONE',  ( 3.459999999999996412, -7.100000000000001421, 5.500000000000000888 ) ) ;
#2622 = DIRECTION ( 'NONE',  ( 1.000000000000000000, 0.000000000000000000, 0.000000000000000000 ) ) ;
#2623 = CARTESIAN_POINT ( 'NONE',  ( 1.999999999999997113, -9.700000000000001066, 2.000000000000000888 ) ) ;
#2624 = CARTESIAN_POINT ( 'NONE',  ( 9.510599768708908996, -1.480049994756553300, 2.134452938387123133 ) ) ;
#2625 = VERTEX_POINT ( 'NONE', #101 ) ;
#2626 = CARTESIAN_POINT ( 'NONE',  ( 11.39999999999999680, -0.5999999999999985345, 0.000000000000000000 ) ) ;
#2627 = DIRECTION ( 'NONE',  ( 1.000000000000000000, 1.548860246407863336E-16, 0.000000000000000000 ) ) ;
#2628 = EDGE_CURVE ( 'NONE', #1471, #1620, #2646, .T. ) ;
#2629 = CARTESIAN_POINT ( 'NONE',  ( 3.415183958317745017, -4.548665276515341027, 2.255664663315319896 ) ) ;
#2630 = ORIENTED_EDGE ( 'NONE', *, *, #1739, .F. ) ;
#2631 = ORIENTED_EDGE ( 'NONE', *, *, #2089, .F. ) ;
#2632 = CARTESIAN_POINT ( 'NONE',  ( 11.99999999999999822, -7.100000000000002309, 1.603004712163095702 ) ) ;
#2633 = B_SPLINE_CURVE_WITH_KNOTS ( 'NONE', 3,
 ( #635, #2680, #1009, #1849 ),
 .UNSPECIFIED., .F., .F.,
 ( 4, 4 ),
 ( 8.673617379884035472E-19, 0.0003473241439525407890 ),
 .UNSPECIFIED. ) ;
#2634 = CARTESIAN_POINT ( 'NONE',  ( 0.5000000000000000000, 0.5000000000000001110, 9.500000000000000000 ) ) ;
#2635 = CARTESIAN_POINT ( 'NONE',  ( 1.375500200160163278, -7.100000000000001421, 2.499999999999999556 ) ) ;
#2636 = ORIENTED_EDGE ( 'NONE', *, *, #1282, .F. ) ;
#2637 = LINE ( 'NONE', #946, #1596 ) ;
#2638 = CARTESIAN_POINT ( 'NONE',  ( 11.61338946408942085, -4.760441606757469302, 8.633811138549638997 ) ) ;
#2639 = LINE ( 'NONE', #2030, #939 ) ;
#2640 = ORIENTED_EDGE ( 'NONE', *, *, #1519, .T. ) ;
#2641 = EDGE_CURVE ( 'NONE', #2412, #2323, #1380, .T. ) ;
#2642 = ORIENTED_EDGE ( 'NONE', *, *, #1468, .T. ) ;
#2643 = CARTESIAN_POINT ( 'NONE',  ( 10.49999999999999645, -7.100000000000002309, 2.499999999999998668 ) ) ;
#2644 = EDGE_CURVE ( 'NONE', #773, #1431, #1808, .T. ) ;
#2645 = VECTOR ( 'NONE', #758, 1000.000000000000000 ) ;
#2646 = LINE ( 'NONE', #1005, #2657 ) ;
#2647 =( GEOMETRIC_REPRESENTATION_CONTEXT ( 3 ) GLOBAL_UNCERTAINTY_ASSIGNED_CONTEXT ( ( #2508 ) ) GLOBAL_UNIT_ASSIGNED_CONTEXT ( ( #958, #1938, #1489 ) ) REPRESENTATION_CONTEXT ( 'NONE', 'WORKASPACE' ) );
#2648 = CYLINDRICAL_SURFACE ( 'NONE', #1732, 0.3999999999999993006 ) ;
#2649 = EDGE_LOOP ( 'NONE', ( #1797, #1074 ) ) ;
#2650 = VECTOR ( 'NONE', #1331, 1000.000000000000000 ) ;
#2651 = AXIS2_PLACEMENT_3D ( 'NONE', #319, #2390, #2191 ) ;
#2652 = CARTESIAN_POINT ( 'NONE',  ( 10.58949051553652509, -3.210969555808481868, 8.624850263889655366 ) ) ;
#2653 = VECTOR ( 'NONE', #2689, 1000.000000000000000 ) ;
#2654 = AXIS2_PLACEMENT_3D ( 'NONE', #2317, #1276, #1034 ) ;
#2655 = CARTESIAN_POINT ( 'NONE',  ( 1.999999999999997113, -9.700000000000002842, 1.200000000000011058 ) ) ;
#2656 = CARTESIAN_POINT ( 'NONE',  ( 11.39999999999999680, 1.396097351027982227E-15, 11.00000000000000000 ) ) ;
#2657 = VECTOR ( 'NONE', #1212, 1000.000000000000000 ) ;
#2658 = DIRECTION ( 'NONE',  ( 1.000000000000000000, 0.000000000000000000, 0.000000000000000000 ) ) ;
#2659 = VERTEX_POINT ( 'NONE', #2270 ) ;
#2660 = VERTEX_POINT ( 'NONE', #2019 ) ;
#2661 = CARTESIAN_POINT ( 'NONE',  ( 5.999999999999998224, -7.100000000000001421, 8.040000000000002700 ) ) ;
#2662 = DIRECTION ( 'NONE',  ( 0.000000000000000000, 0.000000000000000000, -1.000000000000000000 ) ) ;
#2663 = CARTESIAN_POINT ( 'NONE',  ( 11.39999999999999680, -0.5999999999999985345, 11.00000000000000000 ) ) ;
#2664 = EDGE_CURVE ( 'NONE', #1636, #2074, #2196, .T. ) ;
#2665 = ORIENTED_EDGE ( 'NONE', *, *, #21, .F. ) ;
#2666 = CARTESIAN_POINT ( 'NONE',  ( 8.788523807708228830, -4.599553963250327726, 8.748391180361554831 ) ) ;
#2667 = DIRECTION ( 'NONE',  ( 0.000000000000000000, 0.000000000000000000, 1.000000000000000000 ) ) ;
#2668 = CARTESIAN_POINT ( 'NONE',  ( 11.00414222394533148, -6.264376107407495731, 11.00000000000000000 ) ) ;
#2669 = CARTESIAN_POINT ( 'NONE',  ( 1.000000000000000000, 0.5000000000000000000, 9.500000000000000000 ) ) ;
#2670 = LINE ( 'NONE', #2251, #2252 ) ;
#2671 = EDGE_LOOP ( 'NONE', ( #1893, #1910, #2449, #748 ) ) ;
#2672 = VERTEX_POINT ( 'NONE', #753 ) ;
#2673 = CARTESIAN_POINT ( 'NONE',  ( 5.525251264760008496, -6.100000000000003197, 2.499999999999999112 ) ) ;
#2674 = CARTESIAN_POINT ( 'NONE',  ( 1.999999999999997113, -7.100000000000001421, 1.200000000000006395 ) ) ;
#2675 = DIRECTION ( 'NONE',  ( 0.000000000000000000, 0.000000000000000000, 1.000000000000000000 ) ) ;
#2676 = CARTESIAN_POINT ( 'NONE',  ( 4.599999999999996980, -1.140202025355332438, 8.040000000000002700 ) ) ;
#2677 = ADVANCED_FACE ( 'NONE', ( #2217 ), #1642, .F. ) ;
#2678 = CARTESIAN_POINT ( 'NONE',  ( 1.399999999999996803, -3.000000000000000000, 11.00000000000000000 ) ) ;
#2679 = EDGE_CURVE ( 'NONE', #1884, #247, #1798, .T. ) ;
#2680 = CARTESIAN_POINT ( 'NONE',  ( 10.86702375835242051, -5.649925617958647450, 8.621857198235163722 ) ) ;
#2681 = EDGE_CURVE ( 'NONE', #2266, #1166, #755, .T. ) ;
#2682 = DIRECTION ( 'NONE',  ( 1.224646799147353207E-16, -1.000000000000000000, 0.000000000000000000 ) ) ;
#2683 = CARTESIAN_POINT ( 'NONE',  ( 0.5339409380029261909, -0.002733590636356831097, 9.500000000000000000 ) ) ;
#2684 = ORIENTED_EDGE ( 'NONE', *, *, #2001, .F. ) ;
#2685 = EDGE_LOOP ( 'NONE', ( #93, #1202 ) ) ;
#2686 = CARTESIAN_POINT ( 'NONE',  ( 10.54825057646112718, -2.582948354126348267, 2.043296826707975633 ) ) ;
#2687 = CARTESIAN_POINT ( 'NONE',  ( 3.092217811022250906, -7.100000000000004086, 2.044075594500535331 ) ) ;
#2688 = AXIS2_PLACEMENT_3D ( 'NONE', #2366, #2381, #2145 ) ;
#2689 = DIRECTION ( 'NONE',  ( 1.000000000000000000, 1.445602896647339410E-16, 0.000000000000000000 ) ) ;
#2690 = FACE_OUTER_BOUND ( 'NONE', #1281, .T. ) ;
#2691 = CIRCLE ( 'NONE', #1418, 0.7999999999999899414 ) ;
#2692 = ADVANCED_FACE ( 'NONE', ( #2427 ), #534, .F. ) ;
#2693 = EDGE_LOOP ( 'NONE', ( #2365, #42, #1364, #2311 ) ) ;
#2694 = AXIS2_PLACEMENT_3D ( 'NONE', #1963, #1120, #487 ) ;
#2695 = CARTESIAN_POINT ( 'NONE',  ( 5.999999999999997335, -1.140202025355332216, 8.040000000000002700 ) ) ;
#2696 = CARTESIAN_POINT ( 'NONE',  ( 6.000000000000000000, 0.000000000000000000, 9.000000000000001776 ) ) ;
#2697 = ADVANCED_FACE ( 'NONE', ( #2480 ), #2259, .F. ) ;
#2698 = ORIENTED_EDGE ( 'NONE', *, *, #2471, .T. ) ;
#2699 = EDGE_LOOP ( 'NONE', ( #427, #1286 ) ) ;
#2700 = AXIS2_PLACEMENT_3D ( 'NONE', #1424, #1404, #371 ) ;
#2701 =( BOUNDED_CURVE ( )  B_SPLINE_CURVE ( 3, ( #1760, #2333, #1295, #872 ),
 .UNSPECIFIED., .F., .F. ) 
 B_SPLINE_CURVE_WITH_KNOTS ( ( 4, 4 ),
 ( 3.141592653589793116, 4.678909065879538254 ),
 .UNSPECIFIED. ) 
 CURVE ( )  GEOMETRIC_REPRESENTATION_ITEM ( )  RATIONAL_B_SPLINE_CURVE ( ( 1.000000000000000000, 0.8125627286994930865, 0.8125627286994930865, 1.000000000000000000 ) ) 
 REPRESENTATION_ITEM ( '' )  );
#2702 = CARTESIAN_POINT ( 'NONE',  ( 0.3866105359105728168, -7.100000000000004086, 8.633811138549637221 ) ) ;
#2703 = AXIS2_PLACEMENT_3D ( 'NONE', #408, #571, #1476 ) ;
#2704 = CARTESIAN_POINT ( 'NONE',  ( 10.82553602878860666, -5.881353885848038310, 8.622169654530578597 ) ) ;
#2705 = CIRCLE ( 'NONE', #2027, 0.7999999999999947153 ) ;
#2706 = UNCERTAINTY_MEASURE_WITH_UNIT (LENGTH_MEASURE( 1.000000000000000082E-05 ), #1453, 'distance_accuracy_value', 'NONE');
#2707 = CARTESIAN_POINT ( 'NONE',  ( -1.226133748538957997E-15, -9.700000000000001066, 0.000000000000000000 ) ) ;
#2708 = DIRECTION ( 'NONE',  ( -0.000000000000000000, -0.000000000000000000, -1.000000000000000000 ) ) ;
#2709 = B_SPLINE_CURVE_WITH_KNOTS ( 'NONE', 3,
 ( #730, #2612, #1580, #507 ),
 .UNSPECIFIED., .F., .F.,
 ( 4, 4 ),
 ( 0.6088656788638349138, 0.8533155923499593509 ),
 .UNSPECIFIED. ) ;
#2710 = ORIENTED_EDGE ( 'NONE', *, *, #1739, .T. ) ;
#2711 = CARTESIAN_POINT ( 'NONE',  ( 4.704667856695644801, -3.550000000000000711, 2.428855350659962387 ) ) ;
#2712 = ORIENTED_EDGE ( 'NONE', *, *, #2413, .T. ) ;
#2713 = ORIENTED_EDGE ( 'NONE', *, *, #2644, .T. ) ;
#2714 = EDGE_CURVE ( 'NONE', #2215, #1927, #1863, .T. ) ;
#2715 = CARTESIAN_POINT ( 'NONE',  ( 11.54467054739486365, -0.01307878052756622674, 8.631509575085132724 ) ) ;
#2716 = CARTESIAN_POINT ( 'NONE',  ( 1.999999999999997113, -7.100000000000001421, 2.000000000000000888 ) ) ;
#2717 = ORIENTED_EDGE ( 'NONE', *, *, #2360, .T. ) ;
#2718 = CARTESIAN_POINT ( 'NONE',  ( 8.380670966894021134, -7.100000000000002309, 8.838756549257912098 ) ) ;
#2719 = CARTESIAN_POINT ( 'NONE',  ( 11.99999999999999645, -6.100000000000002309, 2.499999999999999556 ) ) ;
#2720 = ORIENTED_EDGE ( 'NONE', *, *, #1029, .T. ) ;
#2721 = CARTESIAN_POINT ( 'NONE',  ( 5.999999999999998224, 7.347880794884117764E-16, 2.499999999999999556 ) ) ;
#2722 = CYLINDRICAL_SURFACE ( 'NONE', #104, 0.7999999999999942712 ) ;
#2723 = EDGE_LOOP ( 'NONE', ( #1602, #2265, #963, #2512, #804 ) ) ;
#2724 = ORIENTED_EDGE ( 'NONE', *, *, #2012, .T. ) ;
#2725 =( LENGTH_UNIT ( ) NAMED_UNIT ( * ) SI_UNIT ( .MILLI., .METRE. ) );
#2726 = CARTESIAN_POINT ( 'NONE',  ( 4.139602933089394199, 5.069551481748921430E-16, 2.499999999999998224 ) ) ;
ENDSEC;
END-ISO-10303-21;
