ISO-10303-21;
HEADER;
FILE_DESCRIPTION (( 'STEP AP214' ),
    '1' );
FILE_NAME ('ld-hs-threaded.STEP',
    '2024-02-22T18:37:08',
    ( '' ),
    ( '' ),
    'SwSTEP 2.0',
    'SolidWorks 2022',
    '' );
FILE_SCHEMA (( 'AUTOMOTIVE_DESIGN' ));
ENDSEC;

DATA;
#1 = ORIENTED_EDGE ( 'NONE', *, *, #2864, .F. ) ;
#2 = CARTESIAN_POINT ( 'NONE',  ( -0.5000000000000000000, 7.500000000000000000, 3.000000000000000000 ) ) ;
#3 = ORIENTED_EDGE ( 'NONE', *, *, #166, .F. ) ;
#4 = DIRECTION ( 'NONE',  ( 1.156482317317871478E-16, -1.000000000000000000, 0.000000000000000000 ) ) ;
#5 = LINE ( 'NONE', #1366, #509 ) ;
#6 = EDGE_LOOP ( 'NONE', ( #947, #1153, #1839, #3138, #1308, #3109, #1765, #883 ) ) ;
#7 = AXIS2_PLACEMENT_3D ( 'NONE', #2147, #2706, #3192 ) ;
#8 = EDGE_CURVE ( 'NONE', #312, #1054, #1960, .T. ) ;
#9 = EDGE_CURVE ( 'NONE', #1827, #2711, #2073, .T. ) ;
#10 = ORIENTED_EDGE ( 'NONE', *, *, #39, .F. ) ;
#11 = VECTOR ( 'NONE', #2431, 1000.000000000000000 ) ;
#12 = CARTESIAN_POINT ( 'NONE',  ( 0.4999999999999995559, 3.524712754253884750, 1.200000000000000178 ) ) ;
#13 = CARTESIAN_POINT ( 'NONE',  ( 0.000000000000000000, 0.000000000000000000, 1.000000000000000000 ) ) ;
#14 = DIRECTION ( 'NONE',  ( -1.652117596168387756E-16, -0.000000000000000000, -1.000000000000000000 ) ) ;
#15 = AXIS2_PLACEMENT_3D ( 'NONE', #1918, #68, #1115 ) ;
#16 = ORIENTED_EDGE ( 'NONE', *, *, #1991, .T. ) ;
#17 = CARTESIAN_POINT ( 'NONE',  ( -13.50000000000000178, 7.500000000000000000, 3.000000000000000000 ) ) ;
#18 = CARTESIAN_POINT ( 'NONE',  ( 0.000000000000000000, 0.000000000000000000, 3.000000000000000000 ) ) ;
#19 = VECTOR ( 'NONE', #2225, 1000.000000000000000 ) ;
#20 = VERTEX_POINT ( 'NONE', #2768 ) ;
#21 = ORIENTED_EDGE ( 'NONE', *, *, #416, .T. ) ;
#22 = CARTESIAN_POINT ( 'NONE',  ( 2.700000000000000178, 5.181818181818186098, 0.000000000000000000 ) ) ;
#23 = ORIENTED_EDGE ( 'NONE', *, *, #1544, .T. ) ;
#24 = EDGE_LOOP ( 'NONE', ( #1526, #2114, #1260, #1007 ) ) ;
#25 = DIRECTION ( 'NONE',  ( -0.000000000000000000, -0.000000000000000000, 1.000000000000000000 ) ) ;
#26 = CARTESIAN_POINT ( 'NONE',  ( 0.4999999999999994449, -8.531472846220966133, 3.000000000000000000 ) ) ;
#27 = EDGE_CURVE ( 'NONE', #1581, #1221, #2260, .T. ) ;
#28 = ORIENTED_EDGE ( 'NONE', *, *, #2427, .F. ) ;
#29 = AXIS2_PLACEMENT_3D ( 'NONE', #513, #1039, #3122 ) ;
#30 = CARTESIAN_POINT ( 'NONE',  ( -6.099999999999999645, 2.000000000000000000, 3.000000000000000000 ) ) ;
#31 = PLANE ( 'NONE',  #2314 ) ;
#32 = LINE ( 'NONE', #894, #1741 ) ;
#33 = CIRCLE ( 'NONE', #2833, 0.4999999999999995559 ) ;
#34 = VERTEX_POINT ( 'NONE', #163 ) ;
#35 = DIRECTION ( 'NONE',  ( 0.000000000000000000, -0.000000000000000000, -1.000000000000000000 ) ) ;
#36 = AXIS2_PLACEMENT_3D ( 'NONE', #2011, #2800, #1739 ) ;
#37 = DIRECTION ( 'NONE',  ( -4.625929269271485914E-16, 1.000000000000000000, -0.000000000000000000 ) ) ;
#38 = EDGE_CURVE ( 'NONE', #346, #1657, #725, .T. ) ;
#39 = EDGE_CURVE ( 'NONE', #298, #740, #2732, .T. ) ;
#40 = ORIENTED_EDGE ( 'NONE', *, *, #2950, .F. ) ;
#41 = DIRECTION ( 'NONE',  ( 1.000000000000000000, 0.000000000000000000, 0.000000000000000000 ) ) ;
#42 = ORIENTED_EDGE ( 'NONE', *, *, #3010, .T. ) ;
#43 = EDGE_LOOP ( 'NONE', ( #550, #958, #2101, #1141 ) ) ;
#44 = PLANE ( 'NONE',  #341 ) ;
#45 = VERTEX_POINT ( 'NONE', #423 ) ;
#46 = EDGE_CURVE ( 'NONE', #941, #2900, #3116, .T. ) ;
#47 = CARTESIAN_POINT ( 'NONE',  ( -2.700000000000000178, -5.181818181818181657, 0.000000000000000000 ) ) ;
#48 = DIRECTION ( 'NONE',  ( 1.000000000000000000, 0.000000000000000000, 0.000000000000000000 ) ) ;
#49 = DIRECTION ( 'NONE',  ( 4.328546897633577931E-17, 1.000000000000000000, 0.000000000000000000 ) ) ;
#50 = ORIENTED_EDGE ( 'NONE', *, *, #451, .F. ) ;
#51 = CARTESIAN_POINT ( 'NONE',  ( 14.50000000000000000, -7.500000000000000000, -10.00000000000000000 ) ) ;
#52 = DIRECTION ( 'NONE',  ( 0.000000000000000000, 0.000000000000000000, 1.000000000000000000 ) ) ;
#53 = EDGE_CURVE ( 'NONE', #1898, #2700, #453, .T. ) ;
#54 = EDGE_CURVE ( 'NONE', #796, #406, #192, .T. ) ;
#55 = AXIS2_PLACEMENT_3D ( 'NONE', #1783, #3328, #3016 ) ;
#56 = EDGE_CURVE ( 'NONE', #1392, #3323, #2499, .T. ) ;
#57 = ORIENTED_EDGE ( 'NONE', *, *, #2249, .T. ) ;
#58 = LINE ( 'NONE', #1102, #620 ) ;
#59 = ORIENTED_EDGE ( 'NONE', *, *, #2659, .T. ) ;
#60 = DIRECTION ( 'NONE',  ( -0.000000000000000000, -0.000000000000000000, 1.000000000000000000 ) ) ;
#61 = EDGE_LOOP ( 'NONE', ( #1058, #2844, #1344, #215 ) ) ;
#62 = CIRCLE ( 'NONE', #1269, 4.000000000000000000 ) ;
#63 = CARTESIAN_POINT ( 'NONE',  ( 12.50000000000000000, 7.500000000000000000, 0.4999999999999998890 ) ) ;
#64 = LINE ( 'NONE', #2420, #615 ) ;
#65 = LINE ( 'NONE', #1901, #2122 ) ;
#66 = AXIS2_PLACEMENT_3D ( 'NONE', #216, #3118, #3324 ) ;
#67 = EDGE_LOOP ( 'NONE', ( #494, #458, #3364, #2429 ) ) ;
#68 = DIRECTION ( 'NONE',  ( -0.000000000000000000, 1.000000000000000000, -0.000000000000000000 ) ) ;
#69 = CARTESIAN_POINT ( 'NONE',  ( -0.4999999999999995559, 3.524712754253884750, 1.200000000000000178 ) ) ;
#70 = VERTEX_POINT ( 'NONE', #3336 ) ;
#71 = ORIENTED_EDGE ( 'NONE', *, *, #2054, .T. ) ;
#72 = VECTOR ( 'NONE', #1650, 1000.000000000000000 ) ;
#73 = EDGE_CURVE ( 'NONE', #2207, #152, #2278, .T. ) ;
#74 = CARTESIAN_POINT ( 'NONE',  ( 0.000000000000000000, 0.000000000000000000, 1.200000000000000178 ) ) ;
#75 = PRODUCT ( 'ld-hs-threaded', 'ld-hs-threaded', '', ( #2022 ) ) ;
#76 = ORIENTED_EDGE ( 'NONE', *, *, #1418, .T. ) ;
#77 = DIRECTION ( 'NONE',  ( 0.000000000000000000, 0.000000000000000000, 1.000000000000000000 ) ) ;
#78 = ORIENTED_EDGE ( 'NONE', *, *, #964, .T. ) ;
#79 = DIRECTION ( 'NONE',  ( 1.156482317317871478E-16, 1.000000000000000000, -0.000000000000000000 ) ) ;
#80 = CARTESIAN_POINT ( 'NONE',  ( -6.100000000000000533, 4.000000000000000000, 0.000000000000000000 ) ) ;
#81 = CARTESIAN_POINT ( 'NONE',  ( 16.50000000000000000, 7.500000000000000000, -10.00000000000000000 ) ) ;
#82 = VECTOR ( 'NONE', #2859, 1000.000000000000000 ) ;
#83 = EDGE_LOOP ( 'NONE', ( #1761, #779, #2465, #855 ) ) ;
#84 = CARTESIAN_POINT ( 'NONE',  ( -6.099999999999999645, 0.4999999999999995559, 0.000000000000000000 ) ) ;
#85 = DIRECTION ( 'NONE',  ( -1.000000000000000000, 0.000000000000000000, 0.000000000000000000 ) ) ;
#86 = VECTOR ( 'NONE', #3354, 1000.000000000000000 ) ;
#87 = ORIENTED_EDGE ( 'NONE', *, *, #880, .T. ) ;
#88 = VECTOR ( 'NONE', #379, 1000.000000000000000 ) ;
#89 = EDGE_CURVE ( 'NONE', #3331, #1392, #2059, .T. ) ;
#90 = EDGE_LOOP ( 'NONE', ( #1937, #1980, #667, #16 ) ) ;
#91 = ORIENTED_EDGE ( 'NONE', *, *, #3161, .F. ) ;
#92 = CARTESIAN_POINT ( 'NONE',  ( -13.50000000000000178, -3.499999999999999556, 0.000000000000000000 ) ) ;
#93 = CARTESIAN_POINT ( 'NONE',  ( 3.348449755875717138, 2.188123449985367230, 7.200000000000001954 ) ) ;
#94 = VERTEX_POINT ( 'NONE', #2030 ) ;
#95 = LINE ( 'NONE', #1158, #2698 ) ;
#96 = ORIENTED_EDGE ( 'NONE', *, *, #877, .T. ) ;
#97 = VECTOR ( 'NONE', #2245, 1000.000000000000000 ) ;
#98 = DIRECTION ( 'NONE',  ( 1.000000000000000000, 0.000000000000000000, 0.000000000000000000 ) ) ;
#99 = FACE_OUTER_BOUND ( 'NONE', #119, .T. ) ;
#100 = FACE_OUTER_BOUND ( 'NONE', #3082, .T. ) ;
#101 = ORIENTED_EDGE ( 'NONE', *, *, #2804, .F. ) ;
#102 = DIRECTION ( 'NONE',  ( 0.000000000000000000, 0.000000000000000000, -1.000000000000000000 ) ) ;
#103 = CARTESIAN_POINT ( 'NONE',  ( 13.50000000000000533, 7.500000000000000000, -10.00000000000000000 ) ) ;
#104 = ORIENTED_EDGE ( 'NONE', *, *, #1212, .F. ) ;
#105 = VERTEX_POINT ( 'NONE', #2477 ) ;
#106 = ORIENTED_EDGE ( 'NONE', *, *, #2393, .T. ) ;
#107 = PLANE ( 'NONE',  #1677 ) ;
#108 = DIRECTION ( 'NONE',  ( 1.000000000000000000, 0.000000000000000000, 0.000000000000000000 ) ) ;
#109 = ORIENTED_EDGE ( 'NONE', *, *, #590, .T. ) ;
#110 = DIRECTION ( 'NONE',  ( 0.000000000000000000, -1.000000000000000000, 0.000000000000000000 ) ) ;
#111 = ORIENTED_EDGE ( 'NONE', *, *, #3310, .T. ) ;
#112 = DIRECTION ( 'NONE',  ( -0.000000000000000000, -0.000000000000000000, 1.000000000000000000 ) ) ;
#113 = DIRECTION ( 'NONE',  ( 4.328546897633577315E-17, 1.000000000000000000, -0.000000000000000000 ) ) ;
#114 = DIRECTION ( 'NONE',  ( -1.000000000000000000, 0.000000000000000000, 0.000000000000000000 ) ) ;
#115 = EDGE_CURVE ( 'NONE', #1599, #3103, #124, .T. ) ;
#116 = EDGE_CURVE ( 'NONE', #2550, #1307, #196, .T. ) ;
#117 = EDGE_LOOP ( 'NONE', ( #1570, #21, #3182, #2842 ) ) ;
#118 = VECTOR ( 'NONE', #270, 1000.000000000000000 ) ;
#119 = EDGE_LOOP ( 'NONE', ( #1362, #658, #1224, #527 ) ) ;
#120 = CIRCLE ( 'NONE', #1323, 0.5000000000000004441 ) ;
#121 = CARTESIAN_POINT ( 'NONE',  ( 0.000000000000000000, 0.000000000000000000, 3.000000000000000000 ) ) ;
#122 = FACE_OUTER_BOUND ( 'NONE', #43, .T. ) ;
#123 = VECTOR ( 'NONE', #2843, 1000.000000000000000 ) ;
#124 = LINE ( 'NONE', #662, #2288 ) ;
#125 = DIRECTION ( 'NONE',  ( -0.000000000000000000, 0.000000000000000000, 1.000000000000000000 ) ) ;
#126 = AXIS2_PLACEMENT_3D ( 'NONE', #1641, #3168, #1858 ) ;
#127 = CARTESIAN_POINT ( 'NONE',  ( -6.099999999999999645, 0.000000000000000000, 3.000000000000000000 ) ) ;
#128 = CIRCLE ( 'NONE', #1171, 3.799999999999999822 ) ;
#129 = VERTEX_POINT ( 'NONE', #1977 ) ;
#130 = FACE_OUTER_BOUND ( 'NONE', #1114, .T. ) ;
#131 = VECTOR ( 'NONE', #253, 1000.000000000000000 ) ;
#132 = ORIENTED_EDGE ( 'NONE', *, *, #2840, .F. ) ;
#133 = EDGE_CURVE ( 'NONE', #2573, #129, #1972, .T. ) ;
#134 = DIRECTION ( 'NONE',  ( -0.000000000000000000, -0.000000000000000000, 1.000000000000000000 ) ) ;
#135 = FACE_OUTER_BOUND ( 'NONE', #1627, .T. ) ;
#136 = FACE_OUTER_BOUND ( 'NONE', #2154, .T. ) ;
#137 = VERTEX_POINT ( 'NONE', #402 ) ;
#138 = ORIENTED_EDGE ( 'NONE', *, *, #1737, .F. ) ;
#139 = DIRECTION ( 'NONE',  ( 0.000000000000000000, -0.000000000000000000, -1.000000000000000000 ) ) ;
#140 = LINE ( 'NONE', #1220, #2607 ) ;
#141 = VECTOR ( 'NONE', #519, 1000.000000000000000 ) ;
#142 = AXIS2_PLACEMENT_3D ( 'NONE', #3312, #2740, #1180 ) ;
#143 = CARTESIAN_POINT ( 'NONE',  ( -0.4571056322550006712, 3.973795973746104160, -8.313708498984759387 ) ) ;
#144 = EDGE_CURVE ( 'NONE', #2436, #1363, #842, .T. ) ;
#145 = DIRECTION ( 'NONE',  ( 1.000000000000000000, 0.000000000000000000, 0.000000000000000000 ) ) ;
#146 = LINE ( 'NONE', #2716, #2918 ) ;
#147 = CIRCLE ( 'NONE', #589, 0.4999999999999995559 ) ;
#148 = EDGE_CURVE ( 'NONE', #1202, #3393, #2747, .T. ) ;
#149 = EDGE_LOOP ( 'NONE', ( #2232, #2528, #87, #23 ) ) ;
#150 = AXIS2_PLACEMENT_3D ( 'NONE', #3334, #2028, #3284 ) ;
#151 = CARTESIAN_POINT ( 'NONE',  ( -13.50000000000000178, -6.500000000000000888, 3.000000000000000000 ) ) ;
#152 = VERTEX_POINT ( 'NONE', #2526 ) ;
#153 = CARTESIAN_POINT ( 'NONE',  ( -13.50000000000000178, 7.500000000000000000, 3.000000000000000000 ) ) ;
#154 = CARTESIAN_POINT ( 'NONE',  ( 11.50000000000000355, 7.500000000000000000, -10.00000000000000000 ) ) ;
#155 = CARTESIAN_POINT ( 'NONE',  ( 0.000000000000000000, 0.000000000000000000, 1.200000000000000178 ) ) ;
#156 = VERTEX_POINT ( 'NONE', #1465 ) ;
#157 = ORIENTED_EDGE ( 'NONE', *, *, #3237, .F. ) ;
#158 = UNCERTAINTY_MEASURE_WITH_UNIT (LENGTH_MEASURE( 1.000000000000000082E-05 ), #1731, 'distance_accuracy_value', 'NONE');
#159 = EDGE_CURVE ( 'NONE', #747, #2467, #2786, .T. ) ;
#160 = CARTESIAN_POINT ( 'NONE',  ( 0.000000000000000000, 0.000000000000000000, 1.449999999999999956 ) ) ;
#161 = DIRECTION ( 'NONE',  ( 0.000000000000000000, 1.000000000000000000, 0.000000000000000000 ) ) ;
#162 = CARTESIAN_POINT ( 'NONE',  ( -6.099999999999999645, -2.000000000000000000, 0.000000000000000000 ) ) ;
#163 = CARTESIAN_POINT ( 'NONE',  ( -4.650000000000000355, 0.000000000000000000, 1.000000000000000000 ) ) ;
#164 = LINE ( 'NONE', #523, #2883 ) ;
#165 = ADVANCED_FACE ( 'NONE', ( #1321 ), #3144, .T. ) ;
#166 = EDGE_CURVE ( 'NONE', #3019, #740, #2343, .T. ) ;
#167 = ORIENTED_EDGE ( 'NONE', *, *, #2803, .T. ) ;
#168 = FACE_OUTER_BOUND ( 'NONE', #1733, .T. ) ;
#169 = ORIENTED_EDGE ( 'NONE', *, *, #1121, .F. ) ;
#170 = LINE ( 'NONE', #3053, #1838 ) ;
#171 = DIRECTION ( 'NONE',  ( -1.000000000000000000, 0.000000000000000000, 0.000000000000000000 ) ) ;
#172 = EDGE_LOOP ( 'NONE', ( #1198, #101, #167, #686 ) ) ;
#173 = CARTESIAN_POINT ( 'NONE',  ( -13.50000000000000178, 7.500000000000000000, 3.000000000000000000 ) ) ;
#174 = LINE ( 'NONE', #1219, #176 ) ;
#175 = DIRECTION ( 'NONE',  ( 1.000000000000000000, 0.000000000000000000, 0.000000000000000000 ) ) ;
#176 = VECTOR ( 'NONE', #693, 1000.000000000000000 ) ;
#177 = ORIENTED_EDGE ( 'NONE', *, *, #2393, .F. ) ;
#178 = CYLINDRICAL_SURFACE ( 'NONE', #2007, 4.000000000000000000 ) ;
#179 = AXIS2_PLACEMENT_3D ( 'NONE', #632, #2266, #1416 ) ;
#180 = ORIENTED_EDGE ( 'NONE', *, *, #3227, .T. ) ;
#181 = CARTESIAN_POINT ( 'NONE',  ( -13.50000000000000178, 7.500000000000000000, 0.000000000000000000 ) ) ;
#182 = ORIENTED_EDGE ( 'NONE', *, *, #325, .T. ) ;
#183 = CYLINDRICAL_SURFACE ( 'NONE', #2445, 0.5000000000000004441 ) ;
#184 = EDGE_CURVE ( 'NONE', #1781, #2070, #492, .T. ) ;
#185 = APPLICATION_PROTOCOL_DEFINITION ( 'draft international standard', 'automotive_design', 1998, #2170 ) ;
#186 = CARTESIAN_POINT ( 'NONE',  ( 0.4999999999999989453, -3.968626966596886074, 3.000000000000000000 ) ) ;
#187 = AXIS2_PLACEMENT_3D ( 'NONE', #2066, #622, #2690 ) ;
#188 = VERTEX_POINT ( 'NONE', #3114 ) ;
#189 = DIRECTION ( 'NONE',  ( -0.000000000000000000, -0.000000000000000000, -1.000000000000000000 ) ) ;
#190 = CYLINDRICAL_SURFACE ( 'NONE', #1431, 0.5000000000000004441 ) ;
#191 = PLANE ( 'NONE',  #150 ) ;
#192 = LINE ( 'NONE', #2543, #1728 ) ;
#193 = CARTESIAN_POINT ( 'NONE',  ( -13.50000000000000178, -5.500000000000000000, 3.000000000000000000 ) ) ;
#194 = AXIS2_PLACEMENT_3D ( 'NONE', #2486, #3014, #431 ) ;
#195 = ORIENTED_EDGE ( 'NONE', *, *, #3015, .T. ) ;
#196 = CIRCLE ( 'NONE', #2712, 1.100000000000000311 ) ;
#197 = CARTESIAN_POINT ( 'NONE',  ( 0.000000000000000000, 0.000000000000000000, 7.200000000000001066 ) ) ;
#198 = AXIS2_PLACEMENT_3D ( 'NONE', #2047, #1794, #2083 ) ;
#199 = ORIENTED_EDGE ( 'NONE', *, *, #562, .T. ) ;
#200 = ORIENTED_EDGE ( 'NONE', *, *, #487, .F. ) ;
#201 = ORIENTED_EDGE ( 'NONE', *, *, #2760, .T. ) ;
#202 = CARTESIAN_POINT ( 'NONE',  ( -0.4999999999999995559, 3.524712754253884750, 1.200000000000000178 ) ) ;
#203 = FILL_AREA_STYLE_COLOUR ( '', #2626 ) ;
#204 = FILL_AREA_STYLE ('',( #530 ) ) ;
#205 = ORIENTED_EDGE ( 'NONE', *, *, #582, .F. ) ;
#206 = EDGE_CURVE ( 'NONE', #3131, #2700, #3095, .T. ) ;
#207 = ORIENTED_EDGE ( 'NONE', *, *, #2824, .T. ) ;
#208 = CARTESIAN_POINT ( 'NONE',  ( -13.50000000000000178, 0.4999999999999995559, 0.000000000000000000 ) ) ;
#209 = VERTEX_POINT ( 'NONE', #1519 ) ;
#210 = CARTESIAN_POINT ( 'NONE',  ( -13.50000000000000178, 5.500000000000000000, 3.000000000000000000 ) ) ;
#211 = DIRECTION ( 'NONE',  ( -1.156482317317871478E-16, 1.000000000000000000, 0.000000000000000000 ) ) ;
#212 = EDGE_CURVE ( 'NONE', #2086, #156, #2372, .T. ) ;
#213 = DIRECTION ( 'NONE',  ( 0.8092510388073146377, 0.5874629828246898944, 0.000000000000000000 ) ) ;
#214 = PLANE ( 'NONE',  #1679 ) ;
#215 = ORIENTED_EDGE ( 'NONE', *, *, #2493, .T. ) ;
#216 = CARTESIAN_POINT ( 'NONE',  ( 0.000000000000000000, 0.000000000000000000, 7.200000000000001066 ) ) ;
#217 = EDGE_LOOP ( 'NONE', ( #2056, #2655, #3037, #366 ) ) ;
#218 = ORIENTED_EDGE ( 'NONE', *, *, #3273, .T. ) ;
#219 = CARTESIAN_POINT ( 'NONE',  ( -6.099999999999999645, 1.500000000000000000, 3.000000000000000000 ) ) ;
#220 = SHAPE_DEFINITION_REPRESENTATION ( #815, #455 ) ;
#221 = CARTESIAN_POINT ( 'NONE',  ( -13.50000000000000178, 7.500000000000000000, 3.000000000000000000 ) ) ;
#222 = ORIENTED_EDGE ( 'NONE', *, *, #3397, .T. ) ;
#223 = LINE ( 'NONE', #501, #2490 ) ;
#224 = EDGE_CURVE ( 'NONE', #249, #1827, #3146, .T. ) ;
#225 = EDGE_CURVE ( 'NONE', #1417, #747, #1254, .T. ) ;
#226 = CARTESIAN_POINT ( 'NONE',  ( -0.4999999999999990563, -7.500000000000000000, 3.000000000000000000 ) ) ;
#227 = CARTESIAN_POINT ( 'NONE',  ( -6.099999999999999645, 2.000000000000000000, 3.000000000000000000 ) ) ;
#228 = DIRECTION ( 'NONE',  ( 1.156482317317871478E-16, -1.000000000000000000, 0.000000000000000000 ) ) ;
#229 = LINE ( 'NONE', #2606, #2289 ) ;
#230 = ADVANCED_FACE ( 'NONE', ( #1807 ), #2853, .F. ) ;
#231 = VECTOR ( 'NONE', #3074, 1000.000000000000000 ) ;
#232 = ORIENTED_EDGE ( 'NONE', *, *, #326, .F. ) ;
#233 = MECHANICAL_DESIGN_GEOMETRIC_PRESENTATION_REPRESENTATION (  '', ( #2809 ), #2096 ) ;
#234 = LINE ( 'NONE', #510, #2914 ) ;
#235 = AXIS2_PLACEMENT_3D ( 'NONE', #702, #110, #666 ) ;
#236 = ORIENTED_EDGE ( 'NONE', *, *, #978, .T. ) ;
#237 = LINE ( 'NONE', #464, #248 ) ;
#238 = ORIENTED_EDGE ( 'NONE', *, *, #3079, .F. ) ;
#239 = B_SPLINE_CURVE_WITH_KNOTS ( 'NONE', 3,
 ( #2676, #1375, #2710, #69 ),
 .UNSPECIFIED., .F., .F.,
 ( 4, 4 ),
 ( 0.000000000000000000, 0.0003554641715376446543 ),
 .UNSPECIFIED. ) ;
#240 = LINE ( 'NONE', #208, #131 ) ;
#241 = FACE_OUTER_BOUND ( 'NONE', #217, .T. ) ;
#242 = DIRECTION ( 'NONE',  ( 1.000000000000000000, 0.000000000000000000, 0.000000000000000000 ) ) ;
#243 = VECTOR ( 'NONE', #2092, 1000.000000000000000 ) ;
#244 = CARTESIAN_POINT ( 'NONE',  ( -13.50000000000000178, 6.500000000000000000, 0.000000000000000000 ) ) ;
#245 = DIRECTION ( 'NONE',  ( -1.000000000000000000, 0.000000000000000000, 0.000000000000000000 ) ) ;
#246 = ORIENTED_EDGE ( 'NONE', *, *, #73, .F. ) ;
#247 = CARTESIAN_POINT ( 'NONE',  ( 0.4999999999999995559, 3.524712754253884750, 1.200000000000000178 ) ) ;
#248 = VECTOR ( 'NONE', #1782, 1000.000000000000000 ) ;
#249 = VERTEX_POINT ( 'NONE', #1017 ) ;
#250 = CIRCLE ( 'NONE', #311, 1.100000000000000311 ) ;
#251 = DIRECTION ( 'NONE',  ( -1.000000000000000000, 0.000000000000000000, 0.000000000000000000 ) ) ;
#252 = CIRCLE ( 'NONE', #2012, 4.650000000000000355 ) ;
#253 = DIRECTION ( 'NONE',  ( -1.000000000000000000, -0.000000000000000000, -0.000000000000000000 ) ) ;
#254 = DIRECTION ( 'NONE',  ( -0.000000000000000000, 1.000000000000000000, -0.000000000000000000 ) ) ;
#255 = CARTESIAN_POINT ( 'NONE',  ( 16.50000000000000000, 7.500000000000000000, -10.00000000000000000 ) ) ;
#256 = VECTOR ( 'NONE', #2440, 1000.000000000000000 ) ;
#257 = DIRECTION ( 'NONE',  ( 0.000000000000000000, 0.000000000000000000, 1.000000000000000000 ) ) ;
#258 = FACE_OUTER_BOUND ( 'NONE', #1297, .T. ) ;
#259 = ORIENTED_EDGE ( 'NONE', *, *, #2804, .T. ) ;
#260 = ADVANCED_FACE ( 'NONE', ( #761 ), #1549, .T. ) ;
#261 = ADVANCED_FACE ( 'NONE', ( #1046 ), #505, .F. ) ;
#262 = DIRECTION ( 'NONE',  ( 0.000000000000000000, 1.000000000000000000, 0.000000000000000000 ) ) ;
#263 = VERTEX_POINT ( 'NONE', #2046 ) ;
#264 = CARTESIAN_POINT ( 'NONE',  ( -13.50000000000000178, -6.500000000000000888, 0.000000000000000000 ) ) ;
#265 = FACE_OUTER_BOUND ( 'NONE', #1008, .T. ) ;
#266 = ORIENTED_EDGE ( 'NONE', *, *, #927, .T. ) ;
#267 = ORIENTED_EDGE ( 'NONE', *, *, #654, .T. ) ;
#268 = VERTEX_POINT ( 'NONE', #2592 ) ;
#269 = CARTESIAN_POINT ( 'NONE',  ( 8.500000000000000000, -7.500000000000000000, -10.00000000000000000 ) ) ;
#270 = DIRECTION ( 'NONE',  ( -0.000000000000000000, -0.000000000000000000, 1.000000000000000000 ) ) ;
#271 = DIRECTION ( 'NONE',  ( 0.000000000000000000, 0.000000000000000000, 1.000000000000000000 ) ) ;
#272 = VERTEX_POINT ( 'NONE', #1064 ) ;
#273 = CARTESIAN_POINT ( 'NONE',  ( -13.50000000000000178, 7.500000000000000000, 0.000000000000000000 ) ) ;
#274 = DIRECTION ( 'NONE',  ( -0.000000000000000000, -0.000000000000000000, -1.000000000000000000 ) ) ;
#275 = EDGE_LOOP ( 'NONE', ( #200, #2413, #2006, #138 ) ) ;
#276 = EDGE_CURVE ( 'NONE', #1926, #2104, #776, .T. ) ;
#277 = ORIENTED_EDGE ( 'NONE', *, *, #2013, .T. ) ;
#278 = CARTESIAN_POINT ( 'NONE',  ( -13.50000000000000178, 5.500000000000000000, 0.000000000000000000 ) ) ;
#279 = VECTOR ( 'NONE', #1318, 1000.000000000000000 ) ;
#280 = EDGE_CURVE ( 'NONE', #1781, #1699, #1820, .T. ) ;
#281 = EDGE_LOOP ( 'NONE', ( #2938, #984, #852, #2737 ) ) ;
#282 = ORIENTED_EDGE ( 'NONE', *, *, #2054, .F. ) ;
#283 = CARTESIAN_POINT ( 'NONE',  ( 13.00000000000000355, -7.500000000000000000, 1.000000000000001332 ) ) ;
#284 = CARTESIAN_POINT ( 'NONE',  ( -13.50000000000000178, -6.500000000000000888, 0.000000000000000000 ) ) ;
#285 = AXIS2_PLACEMENT_3D ( 'NONE', #2483, #1197, #388 ) ;
#286 = EDGE_LOOP ( 'NONE', ( #3018, #2752, #236, #169 ) ) ;
#287 = ORIENTED_EDGE ( 'NONE', *, *, #775, .F. ) ;
#288 = EDGE_CURVE ( 'NONE', #1135, #2404, #744, .T. ) ;
#289 = VECTOR ( 'NONE', #928, 1000.000000000000000 ) ;
#290 = CARTESIAN_POINT ( 'NONE',  ( 11.00000000000000355, -7.500000000000000000, 0.5000000000000000000 ) ) ;
#291 = LINE ( 'NONE', #3127, #1157 ) ;
#292 = DIRECTION ( 'NONE',  ( -1.000000000000000000, 0.000000000000000000, 0.000000000000000000 ) ) ;
#293 = AXIS2_PLACEMENT_3D ( 'NONE', #1191, #3269, #922 ) ;
#294 = ORIENTED_EDGE ( 'NONE', *, *, #954, .F. ) ;
#295 = CARTESIAN_POINT ( 'NONE',  ( -7.500000000000001776, -4.000000000000000000, 3.000000000000000000 ) ) ;
#296 = CARTESIAN_POINT ( 'NONE',  ( 16.50000000000000000, 7.500000000000000000, -10.00000000000000000 ) ) ;
#297 = VECTOR ( 'NONE', #2166, 1000.000000000000000 ) ;
#298 = VERTEX_POINT ( 'NONE', #2838 ) ;
#299 = ORIENTED_EDGE ( 'NONE', *, *, #3353, .T. ) ;
#300 = DIRECTION ( 'NONE',  ( 0.000000000000000000, 0.000000000000000000, -1.000000000000000000 ) ) ;
#301 = EDGE_CURVE ( 'NONE', #1125, #1881, #1578, .T. ) ;
#302 = ORIENTED_EDGE ( 'NONE', *, *, #811, .T. ) ;
#303 = VECTOR ( 'NONE', #3302, 1000.000000000000000 ) ;
#304 = DIRECTION ( 'NONE',  ( -0.000000000000000000, 1.000000000000000000, -0.000000000000000000 ) ) ;
#305 = ORIENTED_EDGE ( 'NONE', *, *, #1290, .F. ) ;
#306 = CIRCLE ( 'NONE', #2234, 0.5000000000000004441 ) ;
#307 = CARTESIAN_POINT ( 'NONE',  ( 7.500000000000001776, 7.500000000000000000, 0.000000000000000000 ) ) ;
#308 = CARTESIAN_POINT ( 'NONE',  ( -4.650000000000000355, 0.000000000000000000, 0.000000000000000000 ) ) ;
#309 = FACE_OUTER_BOUND ( 'NONE', #2459, .T. ) ;
#310 = EDGE_CURVE ( 'NONE', #565, #2118, #2870, .T. ) ;
#311 = AXIS2_PLACEMENT_3D ( 'NONE', #2885, #2854, #2580 ) ;
#312 = VERTEX_POINT ( 'NONE', #1273 ) ;
#313 = CARTESIAN_POINT ( 'NONE',  ( -13.50000000000000178, 7.500000000000000000, 0.000000000000000000 ) ) ;
#314 = VECTOR ( 'NONE', #2475, 1000.000000000000000 ) ;
#315 = EDGE_CURVE ( 'NONE', #2446, #849, #2377, .T. ) ;
#316 = DIRECTION ( 'NONE',  ( 1.000000000000000000, 1.156482317317871478E-16, -0.000000000000000000 ) ) ;
#317 = ORIENTED_EDGE ( 'NONE', *, *, #1022, .T. ) ;
#318 = LINE ( 'NONE', #525, #3194 ) ;
#319 = VERTEX_POINT ( 'NONE', #2641 ) ;
#320 = FACE_OUTER_BOUND ( 'NONE', #1508, .T. ) ;
#321 = ORIENTED_EDGE ( 'NONE', *, *, #954, .T. ) ;
#322 = CARTESIAN_POINT ( 'NONE',  ( -5.500000000000000888, 0.000000000000000000, 7.200000000000001066 ) ) ;
#323 = DIRECTION ( 'NONE',  ( 0.000000000000000000, 0.000000000000000000, -1.000000000000000000 ) ) ;
#324 = CARTESIAN_POINT ( 'NONE',  ( -13.50000000000000178, -5.500000000000000000, 0.000000000000000000 ) ) ;
#325 = EDGE_CURVE ( 'NONE', #20, #1477, #2411, .T. ) ;
#326 = EDGE_CURVE ( 'NONE', #447, #3150, #3314, .T. ) ;
#327 = EDGE_LOOP ( 'NONE', ( #1864, #2537, #575, #1812 ) ) ;
#328 = DIRECTION ( 'NONE',  ( -1.652117596168387756E-16, -0.000000000000000000, -1.000000000000000000 ) ) ;
#329 = CARTESIAN_POINT ( 'NONE',  ( 0.000000000000000000, 0.000000000000000000, 1.000000000000000000 ) ) ;
#330 = ORIENTED_EDGE ( 'NONE', *, *, #652, .F. ) ;
#331 = ORIENTED_EDGE ( 'NONE', *, *, #2241, .T. ) ;
#332 = EDGE_CURVE ( 'NONE', #3323, #1471, #2675, .T. ) ;
#333 = CARTESIAN_POINT ( 'NONE',  ( -6.099999999999999645, 1.499999999999999556, 0.000000000000000000 ) ) ;
#334 = ORIENTED_EDGE ( 'NONE', *, *, #1692, .T. ) ;
#335 = CARTESIAN_POINT ( 'NONE',  ( -0.4999999999999982792, -5.310000000000000497, 3.000000000000000000 ) ) ;
#336 = ORIENTED_EDGE ( 'NONE', *, *, #2919, .F. ) ;
#337 = CIRCLE ( 'NONE', #3355, 5.500000000000000888 ) ;
#338 = CARTESIAN_POINT ( 'NONE',  ( -13.50000000000000178, 4.500000000000000000, 0.000000000000000000 ) ) ;
#339 = CARTESIAN_POINT ( 'NONE',  ( 15.00000000000000355, -7.500000000000000000, 0.5000000000000000000 ) ) ;
#340 = DIRECTION ( 'NONE',  ( -0.000000000000000000, -0.000000000000000000, -1.000000000000000000 ) ) ;
#341 = AXIS2_PLACEMENT_3D ( 'NONE', #1107, #599, #2107 ) ;
#342 = CIRCLE ( 'NONE', #1659, 0.5000000000000013323 ) ;
#343 = ORIENTED_EDGE ( 'NONE', *, *, #1195, .F. ) ;
#344 = CARTESIAN_POINT ( 'NONE',  ( -0.4999999999999995559, 3.766961640367472608, 1.200000000000000178 ) ) ;
#345 = CARTESIAN_POINT ( 'NONE',  ( 1.762194958653875365E-15, -5.310000000000000497, 0.000000000000000000 ) ) ;
#346 = VERTEX_POINT ( 'NONE', #2187 ) ;
#347 = ORIENTED_EDGE ( 'NONE', *, *, #2694, .F. ) ;
#348 = AXIS2_PLACEMENT_3D ( 'NONE', #1132, #3229, #1904 ) ;
#349 = DIRECTION ( 'NONE',  ( -1.000000000000000000, -1.214255053933703751E-16, 0.000000000000000000 ) ) ;
#350 = LINE ( 'NONE', #470, #2634 ) ;
#351 = ORIENTED_EDGE ( 'NONE', *, *, #2659, .F. ) ;
#352 = EDGE_CURVE ( 'NONE', #463, #414, #825, .T. ) ;
#353 = CARTESIAN_POINT ( 'NONE',  ( 16.50000000000000711, -7.500000000000000000, 3.000000000000000000 ) ) ;
#354 = EDGE_LOOP ( 'NONE', ( #299, #2971, #2485, #2262 ) ) ;
#355 = CARTESIAN_POINT ( 'NONE',  ( 0.000000000000000000, 0.000000000000000000, 1.200000000000000178 ) ) ;
#356 = DIRECTION ( 'NONE',  ( 1.000000000000000000, 0.000000000000000000, 0.000000000000000000 ) ) ;
#357 = DIRECTION ( 'NONE',  ( -1.000000000000000000, 0.000000000000000000, 0.000000000000000000 ) ) ;
#358 = ORIENTED_EDGE ( 'NONE', *, *, #1522, .T. ) ;
#359 = VECTOR ( 'NONE', #3327, 1000.000000000000000 ) ;
#360 = ORIENTED_EDGE ( 'NONE', *, *, #38, .F. ) ;
#361 = AXIS2_PLACEMENT_3D ( 'NONE', #2513, #697, #381 ) ;
#362 = LINE ( 'NONE', #572, #787 ) ;
#363 = CYLINDRICAL_SURFACE ( 'NONE', #1740, 0.5000000000000000000 ) ;
#364 = AXIS2_PLACEMENT_3D ( 'NONE', #493, #552, #3165 ) ;
#365 = AXIS2_PLACEMENT_3D ( 'NONE', #2963, #1390, #2658 ) ;
#366 = ORIENTED_EDGE ( 'NONE', *, *, #2068, .F. ) ;
#367 = LINE ( 'NONE', #1331, #798 ) ;
#368 = DIRECTION ( 'NONE',  ( 1.214255053933703751E-16, 1.000000000000000000, 0.000000000000000000 ) ) ;
#369 = ORIENTED_EDGE ( 'NONE', *, *, #978, .F. ) ;
#370 = EDGE_CURVE ( 'NONE', #1706, #105, #2897, .T. ) ;
#371 = EDGE_CURVE ( 'NONE', #1086, #1471, #2916, .T. ) ;
#372 = CARTESIAN_POINT ( 'NONE',  ( -6.099999999999999645, 1.500000000000000000, 0.000000000000000000 ) ) ;
#373 = ORIENTED_EDGE ( 'NONE', *, *, #3093, .T. ) ;
#374 = CARTESIAN_POINT ( 'NONE',  ( 4.900000000000000355, 5.181818181818186098, 0.000000000000000000 ) ) ;
#375 = CYLINDRICAL_SURFACE ( 'NONE', #3294, 0.4999999999999995559 ) ;
#376 = CARTESIAN_POINT ( 'NONE',  ( 8.500000000000000000, -7.500000000000000000, -10.00000000000000000 ) ) ;
#377 = ORIENTED_EDGE ( 'NONE', *, *, #2721, .F. ) ;
#378 = DIRECTION ( 'NONE',  ( -0.000000000000000000, -0.000000000000000000, 1.000000000000000000 ) ) ;
#379 = DIRECTION ( 'NONE',  ( 0.000000000000000000, -0.000000000000000000, 1.000000000000000000 ) ) ;
#380 = EDGE_LOOP ( 'NONE', ( #1567, #2385, #495, #784 ) ) ;
#381 = DIRECTION ( 'NONE',  ( -1.000000000000000000, 0.000000000000000000, 0.000000000000000000 ) ) ;
#382 = LINE ( 'NONE', #1311, #2773 ) ;
#383 = CYLINDRICAL_SURFACE ( 'NONE', #730, 0.5000000000000004441 ) ;
#384 = VECTOR ( 'NONE', #3240, 1000.000000000000000 ) ;
#385 = EDGE_CURVE ( 'NONE', #105, #3124, #1342, .T. ) ;
#386 = EDGE_CURVE ( 'NONE', #2367, #1660, #2442, .T. ) ;
#387 = ORIENTED_EDGE ( 'NONE', *, *, #1206, .T. ) ;
#388 = DIRECTION ( 'NONE',  ( 1.000000000000000000, 0.000000000000000000, 0.000000000000000000 ) ) ;
#389 = EDGE_CURVE ( 'NONE', #2416, #1796, #2702, .T. ) ;
#390 = ORIENTED_EDGE ( 'NONE', *, *, #848, .F. ) ;
#391 = LINE ( 'NONE', #2981, #854 ) ;
#392 = PLANE ( 'NONE',  #3189 ) ;
#393 = FACE_OUTER_BOUND ( 'NONE', #90, .T. ) ;
#394 = VECTOR ( 'NONE', #534, 1000.000000000000000 ) ;
#395 = UNCERTAINTY_MEASURE_WITH_UNIT (LENGTH_MEASURE( 1.000000000000000082E-05 ), #738, 'distance_accuracy_value', 'NONE');
#396 = EDGE_CURVE ( 'NONE', #3185, #1352, #592, .T. ) ;
#397 = ORIENTED_EDGE ( 'NONE', *, *, #1453, .F. ) ;
#398 = VECTOR ( 'NONE', #1969, 1000.000000000000000 ) ;
#399 = CARTESIAN_POINT ( 'NONE',  ( 4.000000000000001776, 0.000000000000000000, -8.313708498984759387 ) ) ;
#400 = DIRECTION ( 'NONE',  ( 1.000000000000000000, -3.552713678800500929E-15, 0.000000000000000000 ) ) ;
#401 = AXIS2_PLACEMENT_3D ( 'NONE', #2034, #2807, #459 ) ;
#402 = CARTESIAN_POINT ( 'NONE',  ( -5.600000000000000533, 4.000000000000000000, 0.000000000000000000 ) ) ;
#403 = CYLINDRICAL_SURFACE ( 'NONE', #1236, 0.4999999999999995559 ) ;
#404 = DIRECTION ( 'NONE',  ( -3.787379036400652809E-16, -1.000000000000000000, -0.000000000000000000 ) ) ;
#405 = VECTOR ( 'NONE', #1772, 1000.000000000000000 ) ;
#406 = VERTEX_POINT ( 'NONE', #1870 ) ;
#407 = CARTESIAN_POINT ( 'NONE',  ( 10.50000000000000000, -7.500000000000000000, -10.00000000000000000 ) ) ;
#408 = EDGE_CURVE ( 'NONE', #2810, #3221, #362, .T. ) ;
#409 = VECTOR ( 'NONE', #3110, 1000.000000000000000 ) ;
#410 = ORIENTED_EDGE ( 'NONE', *, *, #3237, .T. ) ;
#411 = ORIENTED_EDGE ( 'NONE', *, *, #2305, .T. ) ;
#412 = CARTESIAN_POINT ( 'NONE',  ( -13.50000000000000178, 4.500000000000000000, 0.000000000000000000 ) ) ;
#413 = DIRECTION ( 'NONE',  ( -1.000000000000000000, 0.000000000000000000, 0.000000000000000000 ) ) ;
#414 = VERTEX_POINT ( 'NONE', #1616 ) ;
#415 = FACE_OUTER_BOUND ( 'NONE', #61, .T. ) ;
#416 = EDGE_CURVE ( 'NONE', #2446, #2207, #1887, .T. ) ;
#417 = ADVANCED_FACE ( 'NONE', ( #2460 ), #1635, .F. ) ;
#418 = CARTESIAN_POINT ( 'NONE',  ( 0.000000000000000000, 0.000000000000000000, 1.200000000000000178 ) ) ;
#419 = DIRECTION ( 'NONE',  ( 1.000000000000000000, 0.000000000000000000, 0.000000000000000000 ) ) ;
#420 = CIRCLE ( 'NONE', #2400, 1.100000000000000311 ) ;
#421 = EDGE_CURVE ( 'NONE', #1395, #2404, #551, .T. ) ;
#422 = AXIS2_PLACEMENT_3D ( 'NONE', #1261, #2829, #736 ) ;
#423 = CARTESIAN_POINT ( 'NONE',  ( 8.500000000000000000, 7.500000000000000000, 0.4999999999999998890 ) ) ;
#424 = CARTESIAN_POINT ( 'NONE',  ( 1.734723475976807094E-15, 0.000000000000000000, -8.313708498984759387 ) ) ;
#425 = VECTOR ( 'NONE', #2032, 1000.000000000000000 ) ;
#426 = ORIENTED_EDGE ( 'NONE', *, *, #1583, .F. ) ;
#427 = CIRCLE ( 'NONE', #1628, 0.5000000000000004441 ) ;
#428 = PLANE ( 'NONE',  #3252 ) ;
#429 = ORIENTED_EDGE ( 'NONE', *, *, #669, .T. ) ;
#430 = ORIENTED_EDGE ( 'NONE', *, *, #2156, .T. ) ;
#431 = DIRECTION ( 'NONE',  ( -1.156482317317871478E-16, 1.000000000000000000, 0.000000000000000000 ) ) ;
#432 = PRESENTATION_STYLE_ASSIGNMENT (( #2778 ) ) ;
#433 = CYLINDRICAL_SURFACE ( 'NONE', #1217, 4.650000000000000355 ) ;
#434 = ORIENTED_EDGE ( 'NONE', *, *, #3310, .F. ) ;
#435 = DIRECTION ( 'NONE',  ( -1.156482317317871478E-16, 1.000000000000000000, 0.000000000000000000 ) ) ;
#436 = DIRECTION ( 'NONE',  ( 1.156482317317871478E-16, 1.000000000000000000, 0.000000000000000000 ) ) ;
#437 = CARTESIAN_POINT ( 'NONE',  ( 0.000000000000000000, 0.000000000000000000, 7.200000000000001066 ) ) ;
#438 = CARTESIAN_POINT ( 'NONE',  ( 0.4999999999999991673, -6.071275269668507664E-17, 1.000000000000000000 ) ) ;
#439 = CARTESIAN_POINT ( 'NONE',  ( -13.50000000000000178, 7.500000000000000000, 0.000000000000000000 ) ) ;
#440 = ORIENTED_EDGE ( 'NONE', *, *, #1361, .F. ) ;
#441 = DIRECTION ( 'NONE',  ( 1.000000000000000000, 0.000000000000000000, 0.000000000000000000 ) ) ;
#442 = EDGE_LOOP ( 'NONE', ( #1430, #91, #1, #2164 ) ) ;
#443 = VECTOR ( 'NONE', #913, 1000.000000000000000 ) ;
#444 = DIRECTION ( 'NONE',  ( -1.000000000000000000, 0.000000000000000000, 0.000000000000000000 ) ) ;
#445 = LINE ( 'NONE', #376, #3244 ) ;
#446 = ORIENTED_EDGE ( 'NONE', *, *, #2013, .F. ) ;
#447 = VERTEX_POINT ( 'NONE', #2134 ) ;
#448 = CYLINDRICAL_SURFACE ( 'NONE', #1502, 0.5000000000000004441 ) ;
#449 = CARTESIAN_POINT ( 'NONE',  ( -6.100000000000000533, 4.000000000000000000, 3.000000000000000000 ) ) ;
#450 = DIRECTION ( 'NONE',  ( -0.000000000000000000, 1.000000000000000000, -0.000000000000000000 ) ) ;
#451 = EDGE_CURVE ( 'NONE', #543, #2771, #1359, .T. ) ;
#452 = AXIS2_PLACEMENT_3D ( 'NONE', #2523, #2027, #1769 ) ;
#453 = LINE ( 'NONE', #1207, #1786 ) ;
#454 = CARTESIAN_POINT ( 'NONE',  ( -3.424894045943700949, -2.066422215826032360, 3.000000000000000000 ) ) ;
#455 = ADVANCED_BREP_SHAPE_REPRESENTATION ( 'ld-hs-threaded', ( #2330, #608 ), #882 ) ;
#456 = VECTOR ( 'NONE', #786, 1000.000000000000000 ) ;
#457 = VECTOR ( 'NONE', #1069, 1000.000000000000000 ) ;
#458 = ORIENTED_EDGE ( 'NONE', *, *, #1726, .T. ) ;
#459 = DIRECTION ( 'NONE',  ( -1.000000000000000000, 0.000000000000000000, 0.000000000000000000 ) ) ;
#460 = VECTOR ( 'NONE', #3352, 1000.000000000000000 ) ;
#461 = ORIENTED_EDGE ( 'NONE', *, *, #371, .F. ) ;
#462 = ORIENTED_EDGE ( 'NONE', *, *, #2090, .T. ) ;
#463 = VERTEX_POINT ( 'NONE', #863 ) ;
#464 = CARTESIAN_POINT ( 'NONE',  ( -13.50000000000000000, -7.500000000000000000, 0.000000000000000000 ) ) ;
#465 = DIRECTION ( 'NONE',  ( 0.01705417637246715509, -0.9998545669587436402, 0.000000000000000000 ) ) ;
#466 = DIRECTION ( 'NONE',  ( -0.000000000000000000, -0.000000000000000000, 1.000000000000000000 ) ) ;
#467 = VECTOR ( 'NONE', #469, 1000.000000000000000 ) ;
#468 = ORIENTED_EDGE ( 'NONE', *, *, #2020, .F. ) ;
#469 = DIRECTION ( 'NONE',  ( -0.000000000000000000, -0.000000000000000000, -1.000000000000000000 ) ) ;
#470 = CARTESIAN_POINT ( 'NONE',  ( 15.50000000000000178, -7.500000000000000000, -10.00000000000000000 ) ) ;
#471 = DIRECTION ( 'NONE',  ( 1.000000000000000000, 1.156482317317871478E-16, -0.000000000000000000 ) ) ;
#472 = DIRECTION ( 'NONE',  ( -0.000000000000000000, -0.000000000000000000, -1.000000000000000000 ) ) ;
#473 = FACE_OUTER_BOUND ( 'NONE', #2614, .T. ) ;
#474 = ORIENTED_EDGE ( 'NONE', *, *, #1897, .T. ) ;
#475 = DIRECTION ( 'NONE',  ( 0.000000000000000000, 0.000000000000000000, 1.000000000000000000 ) ) ;
#476 = AXIS2_PLACEMENT_3D ( 'NONE', #629, #1055, #1828 ) ;
#477 = ORIENTED_EDGE ( 'NONE', *, *, #1803, .F. ) ;
#478 = EDGE_CURVE ( 'NONE', #3308, #1471, #128, .T. ) ;
#479 = ADVANCED_FACE ( 'NONE', ( #1149 ), #2202, .F. ) ;
#481 = VERTEX_POINT ( 'NONE', #3178 ) ;
#480 = AXIS2_PLACEMENT_3D ( 'NONE', #1975, #450, #981 ) ;
#482 = FACE_OUTER_BOUND ( 'NONE', #1907, .T. ) ;
#483 =( NAMED_UNIT ( * ) SI_UNIT ( $, .STERADIAN. ) SOLID_ANGLE_UNIT ( ) );
#484 = LINE ( 'NONE', #221, #2913 ) ;
#485 = VERTEX_POINT ( 'NONE', #3039 ) ;
#486 = EDGE_LOOP ( 'NONE', ( #2988, #1556, #1593, #498 ) ) ;
#487 = EDGE_CURVE ( 'NONE', #2924, #1125, #1880, .T. ) ;
#488 = DIRECTION ( 'NONE',  ( 0.000000000000000000, -0.000000000000000000, -1.000000000000000000 ) ) ;
#489 = CARTESIAN_POINT ( 'NONE',  ( 13.00000000000000355, -7.500000000000000000, 0.5000000000000000000 ) ) ;
#490 = CARTESIAN_POINT ( 'NONE',  ( 0.000000000000000000, 0.000000000000000000, 3.000000000000000000 ) ) ;
#491 = B_SPLINE_CURVE_WITH_KNOTS ( 'NONE', 3,
 ( #12, #2656, #1093, #3224 ),
 .UNSPECIFIED., .F., .F.,
 ( 4, 4 ),
 ( 0.000000000000000000, 0.0003554641715376446543 ),
 .UNSPECIFIED. ) ;
#492 = LINE ( 'NONE', #536, #3254 ) ;
#493 = CARTESIAN_POINT ( 'NONE',  ( -3.800000000000000266, -5.181818181818181657, 0.000000000000000000 ) ) ;
#494 = ORIENTED_EDGE ( 'NONE', *, *, #2217, .T. ) ;
#495 = ORIENTED_EDGE ( 'NONE', *, *, #2755, .T. ) ;
#496 = CARTESIAN_POINT ( 'NONE',  ( 15.50000000000000355, -7.500000000000000000, 0.4999999999999998890 ) ) ;
#497 = ADVANCED_FACE ( 'NONE', ( #2744 ), #448, .F. ) ;
#498 = ORIENTED_EDGE ( 'NONE', *, *, #27, .T. ) ;
#499 = PLANE ( 'NONE',  #1401 ) ;
#500 = PRESENTATION_STYLE_ASSIGNMENT (( #3345 ) ) ;
#501 = CARTESIAN_POINT ( 'NONE',  ( -0.4999999999999987232, -7.500000000000000000, 3.000000000000000000 ) ) ;
#502 = DIRECTION ( 'NONE',  ( -1.000000000000000000, 0.000000000000000000, 0.000000000000000000 ) ) ;
#503 = CARTESIAN_POINT ( 'NONE',  ( 12.50000000000000000, 7.500000000000000000, -10.00000000000000000 ) ) ;
#504 = EDGE_CURVE ( 'NONE', #1599, #1477, #1973, .T. ) ;
#505 = CYLINDRICAL_SURFACE ( 'NONE', #1057, 3.799999999999999822 ) ;
#506 = DIRECTION ( 'NONE',  ( 0.000000000000000000, 0.000000000000000000, 1.000000000000000000 ) ) ;
#507 = VECTOR ( 'NONE', #1533, 1000.000000000000000 ) ;
#508 = ORIENTED_EDGE ( 'NONE', *, *, #2071, .T. ) ;
#509 = VECTOR ( 'NONE', #60, 1000.000000000000000 ) ;
#510 = CARTESIAN_POINT ( 'NONE',  ( -13.50000000000000178, 3.499999999999999556, 3.000000000000000000 ) ) ;
#511 = CIRCLE ( 'NONE', #1438, 1.100000000000000311 ) ;
#512 = ORIENTED_EDGE ( 'NONE', *, *, #1692, .F. ) ;
#513 = CARTESIAN_POINT ( 'NONE',  ( -6.100000000000000533, 6.000000000000000000, 3.000000000000000000 ) ) ;
#514 = CARTESIAN_POINT ( 'NONE',  ( 11.50000000000000178, -7.500000000000000000, -10.00000000000000000 ) ) ;
#515 = ORIENTED_EDGE ( 'NONE', *, *, #3377, .T. ) ;
#516 = VECTOR ( 'NONE', #1084, 1000.000000000000000 ) ;
#517 = DIRECTION ( 'NONE',  ( 0.000000000000000000, 0.000000000000000000, 1.000000000000000000 ) ) ;
#518 = DIRECTION ( 'NONE',  ( 0.000000000000000000, -0.000000000000000000, -1.000000000000000000 ) ) ;
#519 = DIRECTION ( 'NONE',  ( 1.000000000000000000, 0.000000000000000000, 0.000000000000000000 ) ) ;
#520 = EDGE_CURVE ( 'NONE', #3306, #1906, #2257, .T. ) ;
#521 = ADVANCED_FACE ( 'NONE', ( #678 ), #1186, .F. ) ;
#522 = CARTESIAN_POINT ( 'NONE',  ( -4.655689363101329192, -2.928234374893023517, 7.200000000000001066 ) ) ;
#523 = CARTESIAN_POINT ( 'NONE',  ( -13.50000000000000000, -1.500000000000000444, 3.000000000000000000 ) ) ;
#524 = VERTEX_POINT ( 'NONE', #1478 ) ;
#525 = CARTESIAN_POINT ( 'NONE',  ( -4.900000000000000355, -5.181818181818181657, 0.000000000000000000 ) ) ;
#526 = AXIS2_PLACEMENT_3D ( 'NONE', #2812, #2553, #1245 ) ;
#527 = ORIENTED_EDGE ( 'NONE', *, *, #2840, .T. ) ;
#528 = AXIS2_PLACEMENT_3D ( 'NONE', #1047, #1274, #2326 ) ;
#529 = CARTESIAN_POINT ( 'NONE',  ( 0.4999999999999990563, -7.500000000000000000, 3.000000000000000000 ) ) ;
#530 = FILL_AREA_STYLE_COLOUR ( '', #3026 ) ;
#531 = ORIENTED_EDGE ( 'NONE', *, *, #2755, .F. ) ;
#532 = AXIS2_PLACEMENT_3D ( 'NONE', #2443, #3197, #85 ) ;
#533 = DIRECTION ( 'NONE',  ( 1.000000000000000000, 0.000000000000000000, 0.000000000000000000 ) ) ;
#534 = DIRECTION ( 'NONE',  ( -1.000000000000000000, 0.000000000000000000, 0.000000000000000000 ) ) ;
#535 = PLANE ( 'NONE',  #2508 ) ;
#536 = CARTESIAN_POINT ( 'NONE',  ( -13.50000000000000178, 7.500000000000000000, 0.000000000000000000 ) ) ;
#537 = CARTESIAN_POINT ( 'NONE',  ( 11.50000000000000355, -7.500000000000000000, 0.4999999999999998890 ) ) ;
#538 = ADVANCED_FACE ( 'NONE', ( #2728 ), #692, .T. ) ;
#539 = EDGE_LOOP ( 'NONE', ( #1603, #571, #887, #2009 ) ) ;
#540 = ORIENTED_EDGE ( 'NONE', *, *, #54, .T. ) ;
#541 = DIRECTION ( 'NONE',  ( -0.000000000000000000, -0.000000000000000000, 1.000000000000000000 ) ) ;
#542 = ADVANCED_FACE ( 'NONE', ( #2522 ), #2921, .F. ) ;
#543 = VERTEX_POINT ( 'NONE', #2539 ) ;
#544 = LINE ( 'NONE', #2630, #1463 ) ;
#545 = DIRECTION ( 'NONE',  ( -1.000000000000000000, 0.000000000000000000, 0.000000000000000000 ) ) ;
#546 = ORIENTED_EDGE ( 'NONE', *, *, #1779, .T. ) ;
#547 = CARTESIAN_POINT ( 'NONE',  ( -7.500000000000001776, -6.000000000000000000, 0.000000000000000000 ) ) ;
#548 = FACE_OUTER_BOUND ( 'NONE', #903, .T. ) ;
#549 = CARTESIAN_POINT ( 'NONE',  ( 4.563391365275700551, 3.070091081275471367, 3.000000000000000000 ) ) ;
#550 = ORIENTED_EDGE ( 'NONE', *, *, #2761, .F. ) ;
#551 = LINE ( 'NONE', #808, #2976 ) ;
#552 = DIRECTION ( 'NONE',  ( -0.000000000000000000, -0.000000000000000000, 1.000000000000000000 ) ) ;
#553 = ADVANCED_FACE ( 'NONE', ( #415 ), #2008, .F. ) ;
#554 = ORIENTED_EDGE ( 'NONE', *, *, #1484, .T. ) ;
#555 = ORIENTED_EDGE ( 'NONE', *, *, #2767, .F. ) ;
#556 = CARTESIAN_POINT ( 'NONE',  ( 11.00000000000000355, 7.500000000000000000, 0.5000000000000000000 ) ) ;
#557 = VECTOR ( 'NONE', #2276, 1000.000000000000000 ) ;
#558 = VECTOR ( 'NONE', #976, 1000.000000000000000 ) ;
#559 = EDGE_LOOP ( 'NONE', ( #1240, #843, #96, #1192 ) ) ;
#560 = ADVANCED_FACE ( 'NONE', ( #1935 ), #1700, .F. ) ;
#561 = DIRECTION ( 'NONE',  ( -1.000000000000000000, 1.445602896647339163E-16, -0.000000000000000000 ) ) ;
#562 = EDGE_CURVE ( 'NONE', #1928, #2403, #3020, .T. ) ;
#563 = LINE ( 'NONE', #1862, #1328 ) ;
#564 = VECTOR ( 'NONE', #2252, 1000.000000000000000 ) ;
#565 = VERTEX_POINT ( 'NONE', #2275 ) ;
#566 = VECTOR ( 'NONE', #2992, 1000.000000000000000 ) ;
#567 = LINE ( 'NONE', #307, #297 ) ;
#568 = CARTESIAN_POINT ( 'NONE',  ( -7.500000000000001776, -3.500000000000000444, 3.000000000000000000 ) ) ;
#569 = CARTESIAN_POINT ( 'NONE',  ( 0.000000000000000000, 0.000000000000000000, 7.200000000000001066 ) ) ;
#570 = VECTOR ( 'NONE', #606, 1000.000000000000000 ) ;
#571 = ORIENTED_EDGE ( 'NONE', *, *, #836, .F. ) ;
#572 = CARTESIAN_POINT ( 'NONE',  ( 15.50000000000000178, 7.500000000000000000, -10.00000000000000000 ) ) ;
#573 = DIRECTION ( 'NONE',  ( -0.000000000000000000, 0.000000000000000000, 1.000000000000000000 ) ) ;
#574 = AXIS2_PLACEMENT_3D ( 'NONE', #3126, #3332, #720 ) ;
#575 = ORIENTED_EDGE ( 'NONE', *, *, #2251, .F. ) ;
#576 = ORIENTED_EDGE ( 'NONE', *, *, #389, .F. ) ;
#577 = CARTESIAN_POINT ( 'NONE',  ( -7.500000000000001776, -5.500000000000000888, 0.000000000000000000 ) ) ;
#578 = ORIENTED_EDGE ( 'NONE', *, *, #1376, .F. ) ;
#579 = EDGE_LOOP ( 'NONE', ( #1727, #2482, #1330, #1671 ) ) ;
#580 = CARTESIAN_POINT ( 'NONE',  ( 4.000000000000001776, 0.000000000000000000, 7.200000000000001066 ) ) ;
#581 = CIRCLE ( 'NONE', #2293, 3.309999999999999609 ) ;
#582 = EDGE_CURVE ( 'NONE', #796, #152, #1113, .T. ) ;
#583 = EDGE_CURVE ( 'NONE', #1906, #2026, #2538, .T. ) ;
#584 = VERTEX_POINT ( 'NONE', #3058 ) ;
#585 = VECTOR ( 'NONE', #1143, 1000.000000000000000 ) ;
#586 = DIRECTION ( 'NONE',  ( 0.000000000000000000, 0.000000000000000000, 1.000000000000000000 ) ) ;
#587 = LINE ( 'NONE', #617, #2857 ) ;
#588 = CARTESIAN_POINT ( 'NONE',  ( -13.50000000000000178, -4.500000000000000888, 0.000000000000000000 ) ) ;
#589 = AXIS2_PLACEMENT_3D ( 'NONE', #1703, #1208, #2261 ) ;
#590 = EDGE_CURVE ( 'NONE', #2879, #584, #1954, .T. ) ;
#591 = ORIENTED_EDGE ( 'NONE', *, *, #2327, .T. ) ;
#592 = LINE ( 'NONE', #313, #570 ) ;
#593 = AXIS2_PLACEMENT_3D ( 'NONE', #162, #1205, #3041 ) ;
#594 = CARTESIAN_POINT ( 'NONE',  ( 16.50000000000000000, 7.500000000000000000, -10.00000000000000000 ) ) ;
#595 = ORIENTED_EDGE ( 'NONE', *, *, #1335, .T. ) ;
#596 = ORIENTED_EDGE ( 'NONE', *, *, #704, .T. ) ;
#597 = DIRECTION ( 'NONE',  ( -0.000000000000000000, -0.000000000000000000, 1.000000000000000000 ) ) ;
#598 = VERTEX_POINT ( 'NONE', #3245 ) ;
#599 = DIRECTION ( 'NONE',  ( 1.000000000000000000, 0.000000000000000000, -1.652117596168387756E-16 ) ) ;
#600 = EDGE_LOOP ( 'NONE', ( #3311, #78 ) ) ;
#601 = ORIENTED_EDGE ( 'NONE', *, *, #2731, .F. ) ;
#602 = DIRECTION ( 'NONE',  ( 1.000000000000000000, 0.000000000000000000, 0.000000000000000000 ) ) ;
#603 = DIRECTION ( 'NONE',  ( 0.000000000000000000, -0.000000000000000000, -1.000000000000000000 ) ) ;
#604 = DIRECTION ( 'NONE',  ( 1.000000000000000000, 0.000000000000000000, 0.000000000000000000 ) ) ;
#605 = ORIENTED_EDGE ( 'NONE', *, *, #301, .F. ) ;
#606 = DIRECTION ( 'NONE',  ( 1.156482317317871478E-16, -1.000000000000000000, 0.000000000000000000 ) ) ;
#607 = DIRECTION ( 'NONE',  ( 0.000000000000000000, 0.000000000000000000, -1.000000000000000000 ) ) ;
#608 = AXIS2_PLACEMENT_3D ( 'NONE', #1262, #2795, #1491 ) ;
#609 = EDGE_CURVE ( 'NONE', #1706, #946, #899, .T. ) ;
#610 = ORIENTED_EDGE ( 'NONE', *, *, #562, .F. ) ;
#611 = CARTESIAN_POINT ( 'NONE',  ( 0.4999999999999991673, -6.071275269668507664E-17, 1.200000000000000178 ) ) ;
#612 = ORIENTED_EDGE ( 'NONE', *, *, #408, .F. ) ;
#613 = DIRECTION ( 'NONE',  ( 1.000000000000000000, 0.000000000000000000, 0.000000000000000000 ) ) ;
#614 = ORIENTED_EDGE ( 'NONE', *, *, #1877, .F. ) ;
#615 = VECTOR ( 'NONE', #2184, 1000.000000000000000 ) ;
#616 = DIRECTION ( 'NONE',  ( -0.000000000000000000, -0.000000000000000000, 1.000000000000000000 ) ) ;
#617 = CARTESIAN_POINT ( 'NONE',  ( -13.50000000000000178, -4.500000000000000888, 3.000000000000000000 ) ) ;
#618 = LINE ( 'NONE', #1129, #256 ) ;
#619 = VECTOR ( 'NONE', #3261, 1000.000000000000000 ) ;
#620 = VECTOR ( 'NONE', #3149, 1000.000000000000000 ) ;
#621 = ORIENTED_EDGE ( 'NONE', *, *, #2263, .T. ) ;
#622 = DIRECTION ( 'NONE',  ( 0.000000000000000000, 0.000000000000000000, 1.000000000000000000 ) ) ;
#623 = LINE ( 'NONE', #2461, #1019 ) ;
#624 = ORIENTED_EDGE ( 'NONE', *, *, #1674, .T. ) ;
#625 = EDGE_CURVE ( 'NONE', #406, #70, #739, .T. ) ;
#626 = EDGE_CURVE ( 'NONE', #1857, #2700, #918, .T. ) ;
#627 = ORIENTED_EDGE ( 'NONE', *, *, #1227, .F. ) ;
#628 = AXIS2_PLACEMENT_3D ( 'NONE', #1495, #2243, #3282 ) ;
#629 = CARTESIAN_POINT ( 'NONE',  ( -7.500000000000001776, -6.000000000000000000, 0.000000000000000000 ) ) ;
#630 = PLANE ( 'NONE',  #2045 ) ;
#631 = VERTEX_POINT ( 'NONE', #1250 ) ;
#632 = CARTESIAN_POINT ( 'NONE',  ( 13.00000000000000355, -7.500000000000000000, 0.5000000000000000000 ) ) ;
#633 = ORIENTED_EDGE ( 'NONE', *, *, #943, .T. ) ;
#634 = ORIENTED_EDGE ( 'NONE', *, *, #3079, .T. ) ;
#635 = DIRECTION ( 'NONE',  ( 1.000000000000000000, 0.000000000000000000, 0.000000000000000000 ) ) ;
#636 = DIRECTION ( 'NONE',  ( 1.000000000000000000, 0.000000000000000000, 0.000000000000000000 ) ) ;
#637 = CARTESIAN_POINT ( 'NONE',  ( 11.50000000000000178, -7.500000000000000000, -10.00000000000000000 ) ) ;
#638 = ORIENTED_EDGE ( 'NONE', *, *, #1851, .T. ) ;
#639 = ORIENTED_EDGE ( 'NONE', *, *, #386, .T. ) ;
#640 = CARTESIAN_POINT ( 'NONE',  ( 0.000000000000000000, 0.000000000000000000, 1.200000000000000178 ) ) ;
#641 = DIRECTION ( 'NONE',  ( -1.000000000000000000, 0.000000000000000000, 0.000000000000000000 ) ) ;
#642 = VECTOR ( 'NONE', #2246, 1000.000000000000000 ) ;
#643 = EDGE_CURVE ( 'NONE', #2711, #1776, #2587, .T. ) ;
#644 = ORIENTED_EDGE ( 'NONE', *, *, #857, .T. ) ;
#645 = VECTOR ( 'NONE', #3179, 1000.000000000000000 ) ;
#646 = EDGE_LOOP ( 'NONE', ( #2173, #898, #1021, #813 ) ) ;
#647 = LINE ( 'NONE', #92, #746 ) ;
#648 = EDGE_CURVE ( 'NONE', #2792, #3009, #788, .T. ) ;
#649 = CARTESIAN_POINT ( 'NONE',  ( -0.4999999999999994449, -8.531472846220966133, 3.000000000000000000 ) ) ;
#650 = ORIENTED_EDGE ( 'NONE', *, *, #811, .F. ) ;
#651 = DIRECTION ( 'NONE',  ( -0.000000000000000000, -0.000000000000000000, 1.000000000000000000 ) ) ;
#652 = EDGE_CURVE ( 'NONE', #849, #70, #1767, .T. ) ;
#653 = ORIENTED_EDGE ( 'NONE', *, *, #2379, .T. ) ;
#654 = EDGE_CURVE ( 'NONE', #2936, #1142, #2380, .T. ) ;
#655 = DIRECTION ( 'NONE',  ( 1.000000000000000000, 0.000000000000000000, 0.000000000000000000 ) ) ;
#656 = DIRECTION ( 'NONE',  ( -0.000000000000000000, -0.000000000000000000, 1.000000000000000000 ) ) ;
#657 = LINE ( 'NONE', #1698, #619 ) ;
#658 = ORIENTED_EDGE ( 'NONE', *, *, #159, .F. ) ;
#659 = DIRECTION ( 'NONE',  ( 1.000000000000000000, 0.000000000000000000, 0.000000000000000000 ) ) ;
#660 = CARTESIAN_POINT ( 'NONE',  ( 1.734723475976807094E-15, 0.000000000000000000, 2.999999999999999112 ) ) ;
#661 = EDGE_CURVE ( 'NONE', #1917, #1634, #2616, .T. ) ;
#662 = CARTESIAN_POINT ( 'NONE',  ( 16.50000000000000000, -7.500000000000000000, -10.00000000000000000 ) ) ;
#663 = CARTESIAN_POINT ( 'NONE',  ( 14.50000000000000000, -7.500000000000000000, -10.00000000000000000 ) ) ;
#664 = DIRECTION ( 'NONE',  ( -0.000000000000000000, -0.000000000000000000, 1.000000000000000000 ) ) ;
#665 = ORIENTED_EDGE ( 'NONE', *, *, #148, .T. ) ;
#666 = DIRECTION ( 'NONE',  ( 0.000000000000000000, -0.000000000000000000, -1.000000000000000000 ) ) ;
#667 = ORIENTED_EDGE ( 'NONE', *, *, #2549, .T. ) ;
#668 = EDGE_CURVE ( 'NONE', #481, #2403, #1722, .T. ) ;
#669 = EDGE_CURVE ( 'NONE', #272, #1135, #2863, .T. ) ;
#670 = LINE ( 'NONE', #687, #2828 ) ;
#671 = LINE ( 'NONE', #3034, #1372 ) ;
#672 = CYLINDRICAL_SURFACE ( 'NONE', #948, 3.309999999999999609 ) ;
#673 = ORIENTED_EDGE ( 'NONE', *, *, #2721, .T. ) ;
#674 = AXIS2_PLACEMENT_3D ( 'NONE', #966, #3111, #759 ) ;
#675 = ADVANCED_FACE ( 'NONE', ( #1575 ), #1301, .F. ) ;
#676 = ORIENTED_EDGE ( 'NONE', *, *, #3038, .F. ) ;
#677 = VECTOR ( 'NONE', #1282, 1000.000000000000000 ) ;
#678 = FACE_OUTER_BOUND ( 'NONE', #2437, .T. ) ;
#679 = LINE ( 'NONE', #2819, #864 ) ;
#680 = DIRECTION ( 'NONE',  ( 0.000000000000000000, 1.000000000000000000, 0.000000000000000000 ) ) ;
#681 = DIRECTION ( 'NONE',  ( -0.000000000000000000, -0.000000000000000000, 1.000000000000000000 ) ) ;
#682 = CARTESIAN_POINT ( 'NONE',  ( 0.5000000000000000000, 7.500000000000000000, 0.000000000000000000 ) ) ;
#683 = AXIS2_PLACEMENT_3D ( 'NONE', #173, #1442, #435 ) ;
#684 = ORIENTED_EDGE ( 'NONE', *, *, #1037, .F. ) ;
#685 = DIRECTION ( 'NONE',  ( -0.000000000000000000, -0.000000000000000000, 1.000000000000000000 ) ) ;
#686 = ORIENTED_EDGE ( 'NONE', *, *, #2351, .F. ) ;
#687 = CARTESIAN_POINT ( 'NONE',  ( 3.799999999999999822, 4.653657836759942730E-16, 1.200000000000000178 ) ) ;
#688 = FACE_OUTER_BOUND ( 'NONE', #1185, .T. ) ;
#689 = ADVANCED_FACE ( 'NONE', ( #1013 ), #3398, .F. ) ;
#690 = EDGE_CURVE ( 'NONE', #346, #565, #3073, .T. ) ;
#691 = ORIENTED_EDGE ( 'NONE', *, *, #3210, .T. ) ;
#692 = PLANE ( 'NONE',  #2542 ) ;
#693 = DIRECTION ( 'NONE',  ( 0.000000000000000000, 0.000000000000000000, -1.000000000000000000 ) ) ;
#694 = CARTESIAN_POINT ( 'NONE',  ( -0.4999999999999994449, 3.272017726113352065, 3.000000000000000000 ) ) ;
#695 = CIRCLE ( 'NONE', #1946, 4.650000000000000355 ) ;
#696 = CIRCLE ( 'NONE', #1295, 0.5000000000000013323 ) ;
#697 = DIRECTION ( 'NONE',  ( 0.000000000000000000, 0.000000000000000000, -1.000000000000000000 ) ) ;
#698 = CARTESIAN_POINT ( 'NONE',  ( 16.50000000000000000, 7.500000000000000000, 3.000000000000000000 ) ) ;
#699 = VECTOR ( 'NONE', #2172, 1000.000000000000000 ) ;
#700 = ORIENTED_EDGE ( 'NONE', *, *, #9, .T. ) ;
#701 = CIRCLE ( 'NONE', #36, 5.500000000000000888 ) ;
#702 = CARTESIAN_POINT ( 'NONE',  ( -13.50000000000000178, 1.499999999999999556, 0.000000000000000000 ) ) ;
#703 = ORIENTED_EDGE ( 'NONE', *, *, #609, .F. ) ;
#704 = EDGE_CURVE ( 'NONE', #2754, #2363, #1514, .T. ) ;
#705 = LINE ( 'NONE', #1747, #1894 ) ;
#706 = LINE ( 'NONE', #2983, #398 ) ;
#707 = CARTESIAN_POINT ( 'NONE',  ( -7.000000000000000888, -6.000000000000000000, 0.000000000000000000 ) ) ;
#708 = LINE ( 'NONE', #3091, #507 ) ;
#709 = LINE ( 'NONE', #1443, #2837 ) ;
#710 = CARTESIAN_POINT ( 'NONE',  ( 9.000000000000003553, -7.500000000000000000, 0.5000000000000000000 ) ) ;
#711 = EDGE_CURVE ( 'NONE', #1087, #3050, #223, .T. ) ;
#712 = DIRECTION ( 'NONE',  ( 4.625929269271485914E-16, -1.000000000000000000, 0.000000000000000000 ) ) ;
#713 = EDGE_LOOP ( 'NONE', ( #795, #3235, #2354, #3283 ) ) ;
#714 = CYLINDRICAL_SURFACE ( 'NONE', #401, 3.309999999999999609 ) ;
#715 = ORIENTED_EDGE ( 'NONE', *, *, #2584, .F. ) ;
#716 = CARTESIAN_POINT ( 'NONE',  ( 0.000000000000000000, 0.000000000000000000, 1.200000000000000178 ) ) ;
#717 =( NAMED_UNIT ( * ) PLANE_ANGLE_UNIT ( ) SI_UNIT ( $, .RADIAN. ) );
#718 = SURFACE_STYLE_FILL_AREA ( #204 ) ;
#719 = ORIENTED_EDGE ( 'NONE', *, *, #648, .T. ) ;
#720 = DIRECTION ( 'NONE',  ( 0.000000000000000000, 0.000000000000000000, 1.000000000000000000 ) ) ;
#721 = LINE ( 'NONE', #2510, #3022 ) ;
#722 = DIRECTION ( 'NONE',  ( 1.000000000000000000, 8.881784197001252323E-16, 0.000000000000000000 ) ) ;
#723 = AXIS2_PLACEMENT_3D ( 'NONE', #682, #2209, #368 ) ;
#724 = PRESENTATION_LAYER_ASSIGNMENT (  '', '', ( #2809 ) ) ;
#725 = LINE ( 'NONE', #438, #2129 ) ;
#726 = DIRECTION ( 'NONE',  ( 0.000000000000000000, 0.000000000000000000, 1.000000000000000000 ) ) ;
#727 = VECTOR ( 'NONE', #2904, 1000.000000000000000 ) ;
#728 = EDGE_CURVE ( 'NONE', #2367, #2070, #240, .T. ) ;
#729 = EDGE_CURVE ( 'NONE', #2790, #1868, #2979, .T. ) ;
#730 = AXIS2_PLACEMENT_3D ( 'NONE', #2230, #1979, #3271 ) ;
#731 = ORIENTED_EDGE ( 'NONE', *, *, #2776, .F. ) ;
#732 = DIRECTION ( 'NONE',  ( -0.000000000000000000, -0.000000000000000000, 1.000000000000000000 ) ) ;
#733 = VECTOR ( 'NONE', #2425, 1000.000000000000000 ) ;
#734 = ORIENTED_EDGE ( 'NONE', *, *, #212, .F. ) ;
#735 = VERTEX_POINT ( 'NONE', #2575 ) ;
#736 = DIRECTION ( 'NONE',  ( 1.000000000000000000, 0.000000000000000000, 0.000000000000000000 ) ) ;
#737 = SURFACE_SIDE_STYLE ('',( #3296 ) ) ;
#738 =( LENGTH_UNIT ( ) NAMED_UNIT ( * ) SI_UNIT ( .MILLI., .METRE. ) );
#739 = CIRCLE ( 'NONE', #3203, 5.500000000000000888 ) ;
#740 = VERTEX_POINT ( 'NONE', #2601 ) ;
#741 = DIRECTION ( 'NONE',  ( -0.000000000000000000, -0.000000000000000000, 1.000000000000000000 ) ) ;
#742 = CARTESIAN_POINT ( 'NONE',  ( 13.00000000000000355, 7.500000000000000000, 0.5000000000000000000 ) ) ;
#743 = FACE_OUTER_BOUND ( 'NONE', #1754, .T. ) ;
#744 = LINE ( 'NONE', #522, #1774 ) ;
#745 = CARTESIAN_POINT ( 'NONE',  ( -13.50000000000000178, 2.499999999999999556, 0.000000000000000000 ) ) ;
#746 = VECTOR ( 'NONE', #561, 1000.000000000000000 ) ;
#747 = VERTEX_POINT ( 'NONE', #3348 ) ;
#748 = ADVANCED_FACE ( 'NONE', ( #994 ), #2355, .F. ) ;
#749 = CARTESIAN_POINT ( 'NONE',  ( 3.800000000000000266, 5.181818181818186098, 3.000000000000000000 ) ) ;
#750 = VECTOR ( 'NONE', #2906, 1000.000000000000000 ) ;
#752 = ORIENTED_EDGE ( 'NONE', *, *, #939, .F. ) ;
#751 = CIRCLE ( 'NONE', #2941, 5.500000000000000888 ) ;
#753 = ORIENTED_EDGE ( 'NONE', *, *, #224, .T. ) ;
#754 = DIRECTION ( 'NONE',  ( -0.000000000000000000, -0.000000000000000000, -1.000000000000000000 ) ) ;
#755 = ADVANCED_FACE ( 'NONE', ( #1532 ), #2322, .F. ) ;
#756 = DIRECTION ( 'NONE',  ( 1.000000000000000000, 0.000000000000000000, -1.652117596168387756E-16 ) ) ;
#757 = EDGE_CURVE ( 'NONE', #1243, #1489, #2648, .T. ) ;
#758 = DIRECTION ( 'NONE',  ( 0.000000000000000000, 0.000000000000000000, 1.000000000000000000 ) ) ;
#759 = DIRECTION ( 'NONE',  ( -1.652117596168387756E-16, 0.000000000000000000, -1.000000000000000000 ) ) ;
#760 = FACE_OUTER_BOUND ( 'NONE', #2364, .T. ) ;
#761 = FACE_OUTER_BOUND ( 'NONE', #1035, .T. ) ;
#762 = DIRECTION ( 'NONE',  ( -1.000000000000000000, -0.000000000000000000, -0.000000000000000000 ) ) ;
#763 = EDGE_CURVE ( 'NONE', #524, #926, #1283, .T. ) ;
#764 = ORIENTED_EDGE ( 'NONE', *, *, #1037, .T. ) ;
#765 = DIRECTION ( 'NONE',  ( -3.787379036400652809E-16, -1.000000000000000000, -0.000000000000000000 ) ) ;
#766 = ORIENTED_EDGE ( 'NONE', *, *, #2787, .T. ) ;
#767 = DIRECTION ( 'NONE',  ( 0.000000000000000000, -0.000000000000000000, -1.000000000000000000 ) ) ;
#768 = LINE ( 'NONE', #1764, #1597 ) ;
#769 = ORIENTED_EDGE ( 'NONE', *, *, #3027, .F. ) ;
#770 = EDGE_CURVE ( 'NONE', #1781, #2790, #2145, .T. ) ;
#771 = EDGE_CURVE ( 'NONE', #2900, #1076, #2704, .T. ) ;
#772 = DIRECTION ( 'NONE',  ( -0.8191520442889890230, -0.5735764363510501562, 0.000000000000000000 ) ) ;
#773 = CARTESIAN_POINT ( 'NONE',  ( 0.000000000000000000, 0.000000000000000000, 1.200000000000000178 ) ) ;
#774 = LINE ( 'NONE', #2866, #141 ) ;
#775 = EDGE_CURVE ( 'NONE', #2708, #2206, #491, .T. ) ;
#776 = LINE ( 'NONE', #2358, #1826 ) ;
#777 = CARTESIAN_POINT ( 'NONE',  ( -5.599999999999998757, -2.000000000000000000, 0.000000000000000000 ) ) ;
#778 = VECTOR ( 'NONE', #822, 1000.000000000000000 ) ;
#779 = ORIENTED_EDGE ( 'NONE', *, *, #3330, .T. ) ;
#780 = AXIS2_PLACEMENT_3D ( 'NONE', #3313, #1214, #2286 ) ;
#781 = CARTESIAN_POINT ( 'NONE',  ( -7.500000000000001776, -6.000000000000000000, 0.000000000000000000 ) ) ;
#782 = AXIS2_PLACEMENT_3D ( 'NONE', #1119, #1379, #41 ) ;
#783 = ORIENTED_EDGE ( 'NONE', *, *, #876, .T. ) ;
#784 = ORIENTED_EDGE ( 'NONE', *, *, #626, .T. ) ;
#785 = CARTESIAN_POINT ( 'NONE',  ( -6.099999999999999645, -1.500000000000000444, 0.000000000000000000 ) ) ;
#786 = DIRECTION ( 'NONE',  ( -1.000000000000000000, -0.000000000000000000, -0.000000000000000000 ) ) ;
#787 = VECTOR ( 'NONE', #328, 1000.000000000000000 ) ;
#788 = LINE ( 'NONE', #1043, #846 ) ;
#789 = EDGE_CURVE ( 'NONE', #3393, #2346, #2947, .T. ) ;
#790 = DIRECTION ( 'NONE',  ( 0.000000000000000000, 0.000000000000000000, 1.000000000000000000 ) ) ;
#791 = CARTESIAN_POINT ( 'NONE',  ( 15.00000000000000355, 7.500000000000000000, 1.000000000000001332 ) ) ;
#792 = DIRECTION ( 'NONE',  ( 0.8191520442889890230, 0.5735764363510501562, 0.000000000000000000 ) ) ;
#793 = LINE ( 'NONE', #1018, #2775 ) ;
#794 = ADVANCED_FACE ( 'NONE', ( #1661 ), #3190, .F. ) ;
#795 = ORIENTED_EDGE ( 'NONE', *, *, #1444, .T. ) ;
#796 = VERTEX_POINT ( 'NONE', #2927 ) ;
#797 = DIRECTION ( 'NONE',  ( -1.000000000000000000, 0.000000000000000000, -0.000000000000000000 ) ) ;
#798 = VECTOR ( 'NONE', #2650, 1000.000000000000000 ) ;
#799 = ORIENTED_EDGE ( 'NONE', *, *, #2241, .F. ) ;
#800 = PLANE ( 'NONE',  #2937 ) ;
#801 = DIRECTION ( 'NONE',  ( 0.000000000000000000, 0.000000000000000000, -1.000000000000000000 ) ) ;
#802 = ORIENTED_EDGE ( 'NONE', *, *, #225, .T. ) ;
#803 = AXIS2_PLACEMENT_3D ( 'NONE', #2766, #2226, #419 ) ;
#804 = DIRECTION ( 'NONE',  ( 0.000000000000000000, 0.000000000000000000, 1.000000000000000000 ) ) ;
#805 = CARTESIAN_POINT ( 'NONE',  ( 0.000000000000000000, 0.000000000000000000, 3.000000000000000000 ) ) ;
#806 = CARTESIAN_POINT ( 'NONE',  ( -3.800000000000000266, -5.181818181818181657, 0.000000000000000000 ) ) ;
#807 = ORIENTED_EDGE ( 'NONE', *, *, #2584, .T. ) ;
#808 = CARTESIAN_POINT ( 'NONE',  ( 0.4999999999999991673, 0.6818181818181827669, 3.000000000000000000 ) ) ;
#809 = LINE ( 'NONE', #296, #86 ) ;
#810 = VERTEX_POINT ( 'NONE', #1913 ) ;
#811 = EDGE_CURVE ( 'NONE', #2207, #272, #1503, .T. ) ;
#812 = VERTEX_POINT ( 'NONE', #63 ) ;
#813 = ORIENTED_EDGE ( 'NONE', *, *, #3198, .F. ) ;
#814 = DIRECTION ( 'NONE',  ( 1.000000000000000000, 0.000000000000000000, 0.000000000000000000 ) ) ;
#815 = PRODUCT_DEFINITION_SHAPE ( 'NONE', 'NONE',  #851 ) ;
#816 = ORIENTED_EDGE ( 'NONE', *, *, #386, .F. ) ;
#817 = DIRECTION ( 'NONE',  ( 1.000000000000000000, 0.000000000000000000, 0.000000000000000000 ) ) ;
#818 = CARTESIAN_POINT ( 'NONE',  ( -13.50000000000000178, 3.499999999999999556, 0.000000000000000000 ) ) ;
#819 = ORIENTED_EDGE ( 'NONE', *, *, #2157, .F. ) ;
#820 = ORIENTED_EDGE ( 'NONE', *, *, #1253, .T. ) ;
#821 = DIRECTION ( 'NONE',  ( 0.000000000000000000, 0.000000000000000000, -1.000000000000000000 ) ) ;
#822 = DIRECTION ( 'NONE',  ( 1.000000000000000000, 0.000000000000000000, 0.000000000000000000 ) ) ;
#823 = LINE ( 'NONE', #324, #3113 ) ;
#824 = ORIENTED_EDGE ( 'NONE', *, *, #3316, .T. ) ;
#825 = LINE ( 'NONE', #1374, #72 ) ;
#826 = CARTESIAN_POINT ( 'NONE',  ( 3.800000000000000266, 5.181818181818186098, 3.000000000000000000 ) ) ;
#827 = ORIENTED_EDGE ( 'NONE', *, *, #771, .F. ) ;
#828 = ORIENTED_EDGE ( 'NONE', *, *, #2327, .F. ) ;
#829 = EDGE_CURVE ( 'NONE', #3009, #872, #567, .T. ) ;
#830 = EDGE_CURVE ( 'NONE', #810, #3131, #2222, .T. ) ;
#831 = CARTESIAN_POINT ( 'NONE',  ( -7.500000000000001776, -3.500000000000000444, 0.000000000000000000 ) ) ;
#832 = AXIS2_PLACEMENT_3D ( 'NONE', #1591, #1832, #2406 ) ;
#833 = AXIS2_PLACEMENT_3D ( 'NONE', #2318, #2846, #1040 ) ;
#834 = VERTEX_POINT ( 'NONE', #2636 ) ;
#835 = DIRECTION ( 'NONE',  ( 0.000000000000000000, 1.000000000000000000, 0.000000000000000000 ) ) ;
#836 = EDGE_CURVE ( 'NONE', #319, #2831, #3106, .T. ) ;
#837 = AXIS2_PLACEMENT_3D ( 'NONE', #74, #2139, #797 ) ;
#838 = ORIENTED_EDGE ( 'NONE', *, *, #582, .T. ) ;
#839 = DIRECTION ( 'NONE',  ( 0.000000000000000000, -1.000000000000000000, 0.000000000000000000 ) ) ;
#840 = DIRECTION ( 'NONE',  ( -0.000000000000000000, 1.000000000000000000, 0.000000000000000000 ) ) ;
#841 = CARTESIAN_POINT ( 'NONE',  ( -7.500000000000001776, -4.000000000000000000, 0.000000000000000000 ) ) ;
#842 = CIRCLE ( 'NONE', #1391, 0.5000000000000013323 ) ;
#843 = ORIENTED_EDGE ( 'NONE', *, *, #133, .F. ) ;
#844 = DIRECTION ( 'NONE',  ( -0.000000000000000000, -0.000000000000000000, 1.000000000000000000 ) ) ;
#845 = CARTESIAN_POINT ( 'NONE',  ( 16.50000000000000000, 7.500000000000000000, 3.000000000000000000 ) ) ;
#846 = VECTOR ( 'NONE', #741, 1000.000000000000000 ) ;
#847 = ORIENTED_EDGE ( 'NONE', *, *, #3292, .F. ) ;
#848 = EDGE_CURVE ( 'NONE', #209, #740, #1355, .T. ) ;
#849 = VERTEX_POINT ( 'NONE', #322 ) ;
#850 = FACE_OUTER_BOUND ( 'NONE', #149, .T. ) ;
#851 = PRODUCT_DEFINITION ( 'UNKNOWN', '', #1974, #3279 ) ;
#852 = ORIENTED_EDGE ( 'NONE', *, *, #3266, .F. ) ;
#853 = CARTESIAN_POINT ( 'NONE',  ( 0.000000000000000000, 0.000000000000000000, -10.00000000000000000 ) ) ;
#854 = VECTOR ( 'NONE', #2254, 1000.000000000000000 ) ;
#855 = ORIENTED_EDGE ( 'NONE', *, *, #1253, .F. ) ;
#856 = AXIS2_PLACEMENT_3D ( 'NONE', #1298, #3068, #767 ) ;
#857 = EDGE_CURVE ( 'NONE', #1054, #1104, #2117, .T. ) ;
#858 = DIRECTION ( 'NONE',  ( 0.000000000000000000, 1.000000000000000000, 0.000000000000000000 ) ) ;
#859 = DIRECTION ( 'NONE',  ( 0.000000000000000000, -1.000000000000000000, 0.000000000000000000 ) ) ;
#860 = CARTESIAN_POINT ( 'NONE',  ( 4.650000000000000355, 5.694607616035192869E-16, 0.000000000000000000 ) ) ;
#861 = AXIS2_PLACEMENT_3D ( 'NONE', #18, #1343, #1550 ) ;
#862 = ORIENTED_EDGE ( 'NONE', *, *, #654, .F. ) ;
#863 = CARTESIAN_POINT ( 'NONE',  ( -0.4999999999999996669, 4.623040125285525548, 0.000000000000000000 ) ) ;
#864 = VECTOR ( 'NONE', #1718, 1000.000000000000000 ) ;
#865 = DIRECTION ( 'NONE',  ( 1.000000000000000000, 0.000000000000000000, 0.000000000000000000 ) ) ;
#866 = ORIENTED_EDGE ( 'NONE', *, *, #1159, .F. ) ;
#867 = ORIENTED_EDGE ( 'NONE', *, *, #2549, .F. ) ;
#868 = ORIENTED_EDGE ( 'NONE', *, *, #1705, .T. ) ;
#869 = DIRECTION ( 'NONE',  ( -1.000000000000000000, 0.000000000000000000, 0.000000000000000000 ) ) ;
#870 = VERTEX_POINT ( 'NONE', #1338 ) ;
#871 = CARTESIAN_POINT ( 'NONE',  ( 9.000000000000003553, 7.500000000000000000, 0.5000000000000000000 ) ) ;
#872 = VERTEX_POINT ( 'NONE', #1388 ) ;
#873 = CARTESIAN_POINT ( 'NONE',  ( -13.50000000000000178, -0.5000000000000004441, 0.000000000000000000 ) ) ;
#874 = DIRECTION ( 'NONE',  ( 0.000000000000000000, -0.000000000000000000, 1.000000000000000000 ) ) ;
#875 = LINE ( 'NONE', #2458, #3220 ) ;
#876 = EDGE_CURVE ( 'NONE', #2792, #2381, #1369, .T. ) ;
#877 = EDGE_CURVE ( 'NONE', #2573, #2206, #1060, .T. ) ;
#878 = EDGE_LOOP ( 'NONE', ( #2551, #2024, #769, #2583 ) ) ;
#879 = DIRECTION ( 'NONE',  ( 0.01705417637246715856, -0.9998545669587437512, 0.000000000000000000 ) ) ;
#880 = EDGE_CURVE ( 'NONE', #2550, #2926, #2110, .T. ) ;
#881 = LINE ( 'NONE', #594, #1354 ) ;
#882 =( GEOMETRIC_REPRESENTATION_CONTEXT ( 3 ) GLOBAL_UNCERTAINTY_ASSIGNED_CONTEXT ( ( #158 ) ) GLOBAL_UNIT_ASSIGNED_CONTEXT ( ( #1731, #717, #483 ) ) REPRESENTATION_CONTEXT ( 'NONE', 'WORKASPACE' ) );
#883 = ORIENTED_EDGE ( 'NONE', *, *, #148, .F. ) ;
#884 = ORIENTED_EDGE ( 'NONE', *, *, #1168, .T. ) ;
#885 = CARTESIAN_POINT ( 'NONE',  ( -4.900000000000000355, -5.181818181818181657, 0.000000000000000000 ) ) ;
#886 = FACE_OUTER_BOUND ( 'NONE', #3057, .T. ) ;
#887 = ORIENTED_EDGE ( 'NONE', *, *, #2029, .T. ) ;
#888 = CIRCLE ( 'NONE', #2476, 0.5000000000000004441 ) ;
#889 = FACE_OUTER_BOUND ( 'NONE', #354, .T. ) ;
#890 = ORIENTED_EDGE ( 'NONE', *, *, #1799, .T. ) ;
#891 = VECTOR ( 'NONE', #2306, 1000.000000000000000 ) ;
#892 = CARTESIAN_POINT ( 'NONE',  ( -7.500000000000001776, -6.500000000000000888, 3.000000000000000000 ) ) ;
#893 = CARTESIAN_POINT ( 'NONE',  ( -6.100000000000000533, 5.500000000000000000, 0.000000000000000000 ) ) ;
#894 = CARTESIAN_POINT ( 'NONE',  ( 16.50000000000000711, -7.500000000000000000, 3.000000000000000000 ) ) ;
#895 = AXIS2_PLACEMENT_3D ( 'NONE', #3241, #1663, #1592 ) ;
#896 = VECTOR ( 'NONE', #1351, 1000.000000000000000 ) ;
#897 = EDGE_LOOP ( 'NONE', ( #2664, #2441, #111, #2160 ) ) ;
#898 = ORIENTED_EDGE ( 'NONE', *, *, #1271, .T. ) ;
#899 = LINE ( 'NONE', #1424, #19 ) ;
#900 = CARTESIAN_POINT ( 'NONE',  ( -13.50000000000000178, 7.500000000000000000, 3.000000000000000000 ) ) ;
#901 = VECTOR ( 'NONE', #2561, 1000.000000000000000 ) ;
#902 = ORIENTED_EDGE ( 'NONE', *, *, #668, .T. ) ;
#903 = EDGE_LOOP ( 'NONE', ( #177, #3228, #2215, #2939, #2287, #3067, #1259, #2224, #3172, #612, #1367, #397, #2707, #2674, #2722, #1768, #238, #1624, #2418, #347, #2123, #862, #2296, #2615, #1921, #2644 ) ) ;
#904 = ORIENTED_EDGE ( 'NONE', *, *, #1170, .T. ) ;
#905 = EDGE_CURVE ( 'NONE', #2879, #2901, #2935, .T. ) ;
#906 = AXIS2_PLACEMENT_3D ( 'NONE', #2042, #3090, #1542 ) ;
#907 = CARTESIAN_POINT ( 'NONE',  ( -13.50000000000000178, 5.500000000000000000, 0.000000000000000000 ) ) ;
#908 = FACE_OUTER_BOUND ( 'NONE', #1005, .T. ) ;
#909 = ORIENTED_EDGE ( 'NONE', *, *, #2280, .F. ) ;
#910 = DIRECTION ( 'NONE',  ( 0.000000000000000000, 0.000000000000000000, 1.000000000000000000 ) ) ;
#911 = ORIENTED_EDGE ( 'NONE', *, *, #1777, .F. ) ;
#912 = CARTESIAN_POINT ( 'NONE',  ( 16.50000000000000000, 7.500000000000000000, 3.000000000000000000 ) ) ;
#913 = DIRECTION ( 'NONE',  ( -0.000000000000000000, -0.000000000000000000, -1.000000000000000000 ) ) ;
#914 = CARTESIAN_POINT ( 'NONE',  ( 0.4999999999999995559, 3.272017726113352953, 1.449999999999999956 ) ) ;
#915 = ADVANCED_FACE ( 'NONE', ( #2893 ), #1078, .T. ) ;
#916 = VECTOR ( 'NONE', #1127, 1000.000000000000000 ) ;
#917 = VERTEX_POINT ( 'NONE', #1611 ) ;
#918 = LINE ( 'NONE', #3003, #3094 ) ;
#919 = CARTESIAN_POINT ( 'NONE',  ( -13.50000000000000178, 1.499999999999999556, 0.000000000000000000 ) ) ;
#920 = AXIS2_PLACEMENT_3D ( 'NONE', #1467, #2310, #145 ) ;
#921 = CIRCLE ( 'NONE', #2240, 4.000000000000000000 ) ;
#922 = DIRECTION ( 'NONE',  ( -1.000000000000000000, 0.000000000000000000, 0.000000000000000000 ) ) ;
#923 = CYLINDRICAL_SURFACE ( 'NONE', #969, 4.000000000000000000 ) ;
#924 = CARTESIAN_POINT ( 'NONE',  ( -3.309999999999999609, 0.000000000000000000, 1.449999999999999956 ) ) ;
#925 = EDGE_CURVE ( 'NONE', #1086, #3098, #1623, .T. ) ;
#926 = VERTEX_POINT ( 'NONE', #2723 ) ;
#927 = EDGE_CURVE ( 'NONE', #3098, #2105, #1070, .T. ) ;
#928 = DIRECTION ( 'NONE',  ( -0.000000000000000000, -0.000000000000000000, 1.000000000000000000 ) ) ;
#929 = ORIENTED_EDGE ( 'NONE', *, *, #1276, .F. ) ;
#930 = FACE_OUTER_BOUND ( 'NONE', #2517, .T. ) ;
#931 = DIRECTION ( 'NONE',  ( -0.000000000000000000, -0.000000000000000000, -1.000000000000000000 ) ) ;
#932 = ORIENTED_EDGE ( 'NONE', *, *, #3011, .T. ) ;
#933 = DIRECTION ( 'NONE',  ( 0.000000000000000000, 0.000000000000000000, 1.000000000000000000 ) ) ;
#934 = FACE_OUTER_BOUND ( 'NONE', #1640, .T. ) ;
#935 = DIRECTION ( 'NONE',  ( -1.000000000000000000, 0.000000000000000000, 0.000000000000000000 ) ) ;
#936 = DIRECTION ( 'NONE',  ( 1.000000000000000000, 0.000000000000000000, 0.000000000000000000 ) ) ;
#937 = DIRECTION ( 'NONE',  ( -1.214255053933703751E-16, -1.000000000000000000, 0.000000000000000000 ) ) ;
#938 = ORIENTED_EDGE ( 'NONE', *, *, #115, .T. ) ;
#939 = EDGE_CURVE ( 'NONE', #2181, #870, #2663, .T. ) ;
#940 = LINE ( 'NONE', #1945, #564 ) ;
#941 = VERTEX_POINT ( 'NONE', #374 ) ;
#942 = DIRECTION ( 'NONE',  ( 0.000000000000000000, 0.000000000000000000, 1.000000000000000000 ) ) ;
#943 = EDGE_CURVE ( 'NONE', #1202, #2398, #391, .T. ) ;
#944 = CARTESIAN_POINT ( 'NONE',  ( 0.4999999999999990563, -7.500000000000000000, 0.000000000000000000 ) ) ;
#945 = DIRECTION ( 'NONE',  ( 1.156482317317871478E-16, -1.000000000000000000, 0.000000000000000000 ) ) ;
#946 = VERTEX_POINT ( 'NONE', #1419 ) ;
#947 = ORIENTED_EDGE ( 'NONE', *, *, #2472, .T. ) ;
#948 = AXIS2_PLACEMENT_3D ( 'NONE', #2506, #1987, #3035 ) ;
#949 = CARTESIAN_POINT ( 'NONE',  ( 1.734723475976807094E-15, 0.000000000000000000, 2.999999999999999112 ) ) ;
#950 = DIRECTION ( 'NONE',  ( 1.000000000000000000, 0.000000000000000000, 0.000000000000000000 ) ) ;
#951 = LINE ( 'NONE', #2745, #1464 ) ;
#952 = DIRECTION ( 'NONE',  ( 0.000000000000000000, 0.000000000000000000, 1.000000000000000000 ) ) ;
#953 = DIRECTION ( 'NONE',  ( -0.000000000000000000, -0.000000000000000000, 1.000000000000000000 ) ) ;
#954 = EDGE_CURVE ( 'NONE', #3280, #1243, #2770, .T. ) ;
#955 = AXIS2_PLACEMENT_3D ( 'NONE', #2097, #1562, #792 ) ;
#956 = ORIENTED_EDGE ( 'NONE', *, *, #1855, .T. ) ;
#957 = CARTESIAN_POINT ( 'NONE',  ( 4.650000000000000355, 5.694607616035192869E-16, 1.000000000000000000 ) ) ;
#958 = ORIENTED_EDGE ( 'NONE', *, *, #652, .T. ) ;
#959 = ORIENTED_EDGE ( 'NONE', *, *, #1654, .T. ) ;
#960 = CARTESIAN_POINT ( 'NONE',  ( 15.50000000000000355, -7.500000000000000000, 0.4999999999999998890 ) ) ;
#961 = DIRECTION ( 'NONE',  ( 0.000000000000000000, 0.000000000000000000, 1.000000000000000000 ) ) ;
#962 = ORIENTED_EDGE ( 'NONE', *, *, #880, .F. ) ;
#963 = VERTEX_POINT ( 'NONE', #892 ) ;
#964 = EDGE_CURVE ( 'NONE', #2900, #941, #3322, .T. ) ;
#965 = CARTESIAN_POINT ( 'NONE',  ( -0.4999999999999998890, 6.488612787525830150, 16.83339290700687485 ) ) ;
#966 = CARTESIAN_POINT ( 'NONE',  ( 15.50000000000000178, -7.500000000000000000, -10.00000000000000000 ) ) ;
#967 = CARTESIAN_POINT ( 'NONE',  ( 14.50000000000000178, -7.500000000000000000, 0.4999999999999998890 ) ) ;
#968 = VECTOR ( 'NONE', #616, 1000.000000000000000 ) ;
#969 = AXIS2_PLACEMENT_3D ( 'NONE', #424, #1959, #936 ) ;
#970 = DIRECTION ( 'NONE',  ( 0.000000000000000000, 0.000000000000000000, 1.000000000000000000 ) ) ;
#971 = LINE ( 'NONE', #983, #2504 ) ;
#972 = ORIENTED_EDGE ( 'NONE', *, *, #2332, .F. ) ;
#973 = PLANE ( 'NONE',  #66 ) ;
#974 = ORIENTED_EDGE ( 'NONE', *, *, #1821, .T. ) ;
#975 = DIRECTION ( 'NONE',  ( -1.000000000000000000, 0.000000000000000000, 0.000000000000000000 ) ) ;
#976 = DIRECTION ( 'NONE',  ( -0.000000000000000000, -0.000000000000000000, 1.000000000000000000 ) ) ;
#977 = CARTESIAN_POINT ( 'NONE',  ( 9.500000000000003553, -7.500000000000000000, 0.4999999999999998890 ) ) ;
#978 = EDGE_CURVE ( 'NONE', #2026, #1757, #3380, .T. ) ;
#979 = ADVANCED_FACE ( 'NONE', ( #930 ), #1680, .F. ) ;
#980 = CARTESIAN_POINT ( 'NONE',  ( 7.500000000000001776, 7.500000000000000000, -10.00000000000000000 ) ) ;
#981 = DIRECTION ( 'NONE',  ( 0.000000000000000000, 0.000000000000000000, 1.000000000000000000 ) ) ;
#982 = VERTEX_POINT ( 'NONE', #960 ) ;
#983 = CARTESIAN_POINT ( 'NONE',  ( -5.599999999999998757, -2.000000000000000000, 0.000000000000000000 ) ) ;
#984 = ORIENTED_EDGE ( 'NONE', *, *, #1834, .F. ) ;
#985 = CARTESIAN_POINT ( 'NONE',  ( 3.348449755875716249, 2.188123449985366786, -8.313708498984759387 ) ) ;
#986 = EDGE_LOOP ( 'NONE', ( #2178, #1476, #2507, #1649, #2815, #2471, #1523, #2735, #2574, #1886, #633, #624, #3375, #1912, #3002, #766, #1329, #207, #1196, #1408, #2920, #1215, #2892, #3249, #2625, #2823, #2943, #614, #1863, #2990, #10, #1684, #2302, #1264, #1966, #1860, #3104, #1941, #3181, #1472, #1841, #40, #2994, #50, #2727, #1670, #369, #1109, #336, #595, #2371, #232, #2611, #847, #2547, #972, #1178, #343, #866, #1050 ) ) ;
#987 = CIRCLE ( 'NONE', #1257, 0.5000000000000004441 ) ;
#988 = ORIENTED_EDGE ( 'NONE', *, *, #1440, .F. ) ;
#989 = CARTESIAN_POINT ( 'NONE',  ( -13.50000000000000178, 7.500000000000000000, 3.000000000000000000 ) ) ;
#990 = DIRECTION ( 'NONE',  ( -0.000000000000000000, 1.000000000000000000, 0.000000000000000000 ) ) ;
#991 = ORIENTED_EDGE ( 'NONE', *, *, #89, .F. ) ;
#992 = EDGE_CURVE ( 'NONE', #2831, #3331, #670, .T. ) ;
#993 = ADVANCED_FACE ( 'NONE', ( #1162 ), #2218, .F. ) ;
#994 = FACE_OUTER_BOUND ( 'NONE', #2462, .T. ) ;
#995 = PLANE ( 'NONE',  #2149 ) ;
#996 = CARTESIAN_POINT ( 'NONE',  ( -7.500000000000001776, -5.500000000000000888, 0.000000000000000000 ) ) ;
#997 = VECTOR ( 'NONE', #937, 1000.000000000000000 ) ;
#998 = EDGE_CURVE ( 'NONE', #2019, #1667, #3259, .T. ) ;
#999 = AXIS2_PLACEMENT_3D ( 'NONE', #3382, #1029, #3086 ) ;
#1000 = CARTESIAN_POINT ( 'NONE',  ( 0.000000000000000000, 0.000000000000000000, 0.000000000000000000 ) ) ;
#1001 = DIRECTION ( 'NONE',  ( -0.7071067811865493491, 0.000000000000000000, -0.7071067811865456854 ) ) ;
#1002 = VECTOR ( 'NONE', #2516, 1000.000000000000000 ) ;
#1003 = EDGE_CURVE ( 'NONE', #543, #631, #2999, .T. ) ;
#1004 = AXIS2_PLACEMENT_3D ( 'NONE', #3008, #1155, #1943 ) ;
#1005 = EDGE_LOOP ( 'NONE', ( #2633, #3359, #546, #1265 ) ) ;
#1006 = LINE ( 'NONE', #2825, #2481 ) ;
#1007 = ORIENTED_EDGE ( 'NONE', *, *, #2654, .T. ) ;
#1008 = EDGE_LOOP ( 'NONE', ( #1211, #1675, #1441, #512 ) ) ;
#1009 = LINE ( 'NONE', #2057, #2989 ) ;
#1010 = CARTESIAN_POINT ( 'NONE',  ( -13.50000000000000178, 2.499999999999999556, 0.000000000000000000 ) ) ;
#1011 = AXIS2_PLACEMENT_3D ( 'NONE', #2337, #517, #1559 ) ;
#1012 = ORIENTED_EDGE ( 'NONE', *, *, #1042, .T. ) ;
#1013 = FACE_OUTER_BOUND ( 'NONE', #878, .T. ) ;
#1014 = PLANE ( 'NONE',  #452 ) ;
#1015 = CYLINDRICAL_SURFACE ( 'NONE', #1296, 3.309999999999999609 ) ;
#1016 = EDGE_CURVE ( 'NONE', #3019, #2696, #3295, .T. ) ;
#1017 = CARTESIAN_POINT ( 'NONE',  ( 8.500000000000000000, -7.500000000000000000, 0.4999999999999998890 ) ) ;
#1018 = CARTESIAN_POINT ( 'NONE',  ( 12.50000000000000000, 7.500000000000000000, -10.00000000000000000 ) ) ;
#1019 = VECTOR ( 'NONE', #1360, 1000.000000000000000 ) ;
#1020 = VECTOR ( 'NONE', #2002, 1000.000000000000000 ) ;
#1021 = ORIENTED_EDGE ( 'NONE', *, *, #830, .T. ) ;
#1022 = EDGE_CURVE ( 'NONE', #3103, #20, #1712, .T. ) ;
#1023 = EDGE_CURVE ( 'NONE', #735, #209, #2756, .T. ) ;
#1024 = CARTESIAN_POINT ( 'NONE',  ( -0.4999999999999994449, -8.531472846220966133, 0.000000000000000000 ) ) ;
#1025 = VECTOR ( 'NONE', #2748, 1000.000000000000000 ) ;
#1027 = EDGE_LOOP ( 'NONE', ( #2730, #2444, #3167, #734 ) ) ;
#1026 = VECTOR ( 'NONE', #3128, 1000.000000000000000 ) ;
#1028 = DIRECTION ( 'NONE',  ( 0.000000000000000000, 0.000000000000000000, 1.000000000000000000 ) ) ;
#1029 = DIRECTION ( 'NONE',  ( -0.000000000000000000, -0.000000000000000000, -1.000000000000000000 ) ) ;
#1030 = DIRECTION ( 'NONE',  ( 0.000000000000000000, -0.000000000000000000, -1.000000000000000000 ) ) ;
#1031 = CARTESIAN_POINT ( 'NONE',  ( 15.50000000000000355, 7.500000000000000000, -10.00000000000000000 ) ) ;
#1032 = CYLINDRICAL_SURFACE ( 'NONE', #1179, 0.4999999999999995559 ) ;
#1033 = DIRECTION ( 'NONE',  ( -0.8092510388073147487, -0.5874629828246898944, 0.000000000000000000 ) ) ;
#1034 = DIRECTION ( 'NONE',  ( -0.000000000000000000, 1.000000000000000000, -0.000000000000000000 ) ) ;
#1035 = EDGE_LOOP ( 'NONE', ( #1873, #1120, #2109, #2299 ) ) ;
#1036 = FACE_OUTER_BOUND ( 'NONE', #2189, .T. ) ;
#1037 = EDGE_CURVE ( 'NONE', #917, #2926, #1729, .T. ) ;
#1038 = ORIENTED_EDGE ( 'NONE', *, *, #3210, .F. ) ;
#1039 = DIRECTION ( 'NONE',  ( 0.000000000000000000, 0.000000000000000000, 1.000000000000000000 ) ) ;
#1040 = DIRECTION ( 'NONE',  ( 1.000000000000000000, 0.000000000000000000, 0.000000000000000000 ) ) ;
#1041 = ORIENTED_EDGE ( 'NONE', *, *, #9, .F. ) ;
#1042 = EDGE_CURVE ( 'NONE', #1599, #312, #170, .T. ) ;
#1043 = CARTESIAN_POINT ( 'NONE',  ( 7.500000000000000000, -7.500000000000000000, -10.00000000000000000 ) ) ;
#1044 = DIRECTION ( 'NONE',  ( -0.000000000000000000, -0.000000000000000000, 1.000000000000000000 ) ) ;
#1045 = CARTESIAN_POINT ( 'NONE',  ( -5.599999999999998757, -2.000000000000000000, 3.000000000000000000 ) ) ;
#1046 = FACE_OUTER_BOUND ( 'NONE', #2175, .T. ) ;
#1047 = CARTESIAN_POINT ( 'NONE',  ( 11.00000000000000355, -7.500000000000000000, 0.5000000000000000000 ) ) ;
#1048 = AXIS2_PLACEMENT_3D ( 'NONE', #2741, #859, #603 ) ;
#1049 = ORIENTED_EDGE ( 'NONE', *, *, #2390, .T. ) ;
#1050 = ORIENTED_EDGE ( 'NONE', *, *, #2157, .T. ) ;
#1051 = AXIS2_PLACEMENT_3D ( 'NONE', #1910, #1896, #613 ) ;
#1052 = DIRECTION ( 'NONE',  ( -0.000000000000000000, -0.000000000000000000, 1.000000000000000000 ) ) ;
#1053 = CIRCLE ( 'NONE', #3360, 5.500000000000000888 ) ;
#1054 = VERTEX_POINT ( 'NONE', #2456 ) ;
#1055 = DIRECTION ( 'NONE',  ( -0.000000000000000000, -0.000000000000000000, 1.000000000000000000 ) ) ;
#1056 = FACE_OUTER_BOUND ( 'NONE', #713, .T. ) ;
#1057 = AXIS2_PLACEMENT_3D ( 'NONE', #2821, #1836, #2884 ) ;
#1058 = ORIENTED_EDGE ( 'NONE', *, *, #3390, .F. ) ;
#1059 = VECTOR ( 'NONE', #772, 999.9999999999998863 ) ;
#1060 = LINE ( 'NONE', #2405, #916 ) ;
#1061 = DIRECTION ( 'NONE',  ( 1.000000000000000000, 0.000000000000000000, 0.000000000000000000 ) ) ;
#1062 = LINE ( 'NONE', #996, #3164 ) ;
#1063 = ORIENTED_EDGE ( 'NONE', *, *, #421, .F. ) ;
#1064 = CARTESIAN_POINT ( 'NONE',  ( -3.424894045943700949, -2.066422215826031916, 7.200000000000001954 ) ) ;
#1065 = EDGE_CURVE ( 'NONE', #2670, #946, #705, .T. ) ;
#1066 = DIRECTION ( 'NONE',  ( 0.000000000000000000, 0.000000000000000000, 1.000000000000000000 ) ) ;
#1067 = ORIENTED_EDGE ( 'NONE', *, *, #1976, .T. ) ;
#1068 = EDGE_LOOP ( 'NONE', ( #1824, #867, #1895, #3265 ) ) ;
#1069 = DIRECTION ( 'NONE',  ( -0.000000000000000000, -0.000000000000000000, 1.000000000000000000 ) ) ;
#1070 = CIRCLE ( 'NONE', #142, 3.560000000000000497 ) ;
#1071 = ORIENTED_EDGE ( 'NONE', *, *, #1665, .T. ) ;
#1072 = VECTOR ( 'NONE', #1034, 1000.000000000000000 ) ;
#1073 = FACE_OUTER_BOUND ( 'NONE', #3338, .T. ) ;
#1074 = LINE ( 'NONE', #818, #2532 ) ;
#1075 = ORIENTED_EDGE ( 'NONE', *, *, #1976, .F. ) ;
#1076 = VERTEX_POINT ( 'NONE', #2794 ) ;
#1077 = AXIS2_PLACEMENT_3D ( 'NONE', #2185, #340, #2949 ) ;
#1078 = PLANE ( 'NONE',  #2878 ) ;
#1079 = DIRECTION ( 'NONE',  ( -1.000000000000000000, 0.000000000000000000, 0.000000000000000000 ) ) ;
#1080 = DIRECTION ( 'NONE',  ( -0.000000000000000000, -0.000000000000000000, -1.000000000000000000 ) ) ;
#1081 = EDGE_CURVE ( 'NONE', #1928, #2193, #2341, .T. ) ;
#1082 = ADVANCED_FACE ( 'NONE', ( #2569 ), #1229, .F. ) ;
#1083 = ORIENTED_EDGE ( 'NONE', *, *, #1376, .T. ) ;
#1084 = DIRECTION ( 'NONE',  ( -0.000000000000000000, 1.000000000000000000, -0.000000000000000000 ) ) ;
#1085 = DIRECTION ( 'NONE',  ( -1.156482317317871478E-16, 1.000000000000000000, 0.000000000000000000 ) ) ;
#1086 = VERTEX_POINT ( 'NONE', #202 ) ;
#1087 = VERTEX_POINT ( 'NONE', #3135 ) ;
#1088 = ADVANCED_FACE ( 'NONE', ( #2317 ), #3362, .F. ) ;
#1089 = PLANE ( 'NONE',  #837 ) ;
#1090 = ORIENTED_EDGE ( 'NONE', *, *, #370, .F. ) ;
#1091 = LINE ( 'NONE', #2683, #2268 ) ;
#1092 = EDGE_LOOP ( 'NONE', ( #1847, #676, #3258, #719 ) ) ;
#1093 = CARTESIAN_POINT ( 'NONE',  ( 0.4999999999999994449, 3.356283515140384921, 1.366701161510158968 ) ) ;
#1094 = DIRECTION ( 'NONE',  ( 0.000000000000000000, 0.000000000000000000, -1.000000000000000000 ) ) ;
#1095 = DIRECTION ( 'NONE',  ( 0.000000000000000000, 0.000000000000000000, -1.000000000000000000 ) ) ;
#1096 = EDGE_CURVE ( 'NONE', #3393, #3009, #237, .T. ) ;
#1097 = VERTEX_POINT ( 'NONE', #219 ) ;
#1098 = DIRECTION ( 'NONE',  ( 1.000000000000000000, 0.000000000000000000, 0.000000000000000000 ) ) ;
#1099 = PLANE ( 'NONE',  #1350 ) ;
#1100 = EDGE_LOOP ( 'NONE', ( #1075, #2100, #764, #962 ) ) ;
#1101 = EDGE_LOOP ( 'NONE', ( #508, #468, #1525, #1396 ) ) ;
#1102 = CARTESIAN_POINT ( 'NONE',  ( -6.100000000000000533, 6.500000000000000000, 0.000000000000000000 ) ) ;
#1103 = VECTOR ( 'NONE', #404, 1000.000000000000000 ) ;
#1104 = VERTEX_POINT ( 'NONE', #2300 ) ;
#1105 = ORIENTED_EDGE ( 'NONE', *, *, #2452, .F. ) ;
#1106 = EDGE_CURVE ( 'NONE', #249, #45, #1009, .T. ) ;
#1107 = CARTESIAN_POINT ( 'NONE',  ( 9.500000000000001776, -7.500000000000000000, -10.00000000000000000 ) ) ;
#1108 = AXIS2_PLACEMENT_3D ( 'NONE', #2772, #910, #1470 ) ;
#1109 = ORIENTED_EDGE ( 'NONE', *, *, #583, .F. ) ;
#1110 = CARTESIAN_POINT ( 'NONE',  ( 13.00000000000000355, 7.500000000000000000, 0.5000000000000000000 ) ) ;
#1111 = CARTESIAN_POINT ( 'NONE',  ( -5.600000000000000533, 6.000000000000000000, 3.000000000000000000 ) ) ;
#1112 = CARTESIAN_POINT ( 'NONE',  ( -13.50000000000000178, 0.4999999999999995559, 0.000000000000000000 ) ) ;
#1113 = CIRCLE ( 'NONE', #3036, 4.000000000000000000 ) ;
#1114 = EDGE_LOOP ( 'NONE', ( #2960, #2555, #578, #1313 ) ) ;
#1115 = DIRECTION ( 'NONE',  ( 0.000000000000000000, 0.000000000000000000, 1.000000000000000000 ) ) ;
#1116 = LINE ( 'NONE', #2662, #699 ) ;
#1117 = ORIENTED_EDGE ( 'NONE', *, *, #2217, .F. ) ;
#1118 = ORIENTED_EDGE ( 'NONE', *, *, #3390, .T. ) ;
#1119 = CARTESIAN_POINT ( 'NONE',  ( -6.099999999999999645, 0.000000000000000000, 3.000000000000000000 ) ) ;
#1120 = ORIENTED_EDGE ( 'NONE', *, *, #276, .F. ) ;
#1121 = EDGE_CURVE ( 'NONE', #2201, #1757, #2285, .T. ) ;
#1122 = ADVANCED_FACE ( 'NONE', ( #482 ), #3344, .T. ) ;
#1123 = FACE_OUTER_BOUND ( 'NONE', #897, .T. ) ;
#1124 = VECTOR ( 'NONE', #79, 1000.000000000000000 ) ;
#1125 = VERTEX_POINT ( 'NONE', #2598 ) ;
#1126 = VECTOR ( 'NONE', #1563, 1000.000000000000000 ) ;
#1127 = DIRECTION ( 'NONE',  ( -0.000000000000000000, -0.000000000000000000, -1.000000000000000000 ) ) ;
#1128 = LINE ( 'NONE', #2982, #384 ) ;
#1129 = CARTESIAN_POINT ( 'NONE',  ( 0.4999999999999995559, 3.766961640367472608, 1.200000000000000178 ) ) ;
#1130 = VECTOR ( 'NONE', #3247, 1000.000000000000000 ) ;
#1131 = VERTEX_POINT ( 'NONE', #1801 ) ;
#1132 = CARTESIAN_POINT ( 'NONE',  ( 1.762194958653875365E-15, -5.310000000000000497, 3.000000000000000000 ) ) ;
#1133 = CARTESIAN_POINT ( 'NONE',  ( 14.50000000000000000, -7.500000000000000000, -10.00000000000000000 ) ) ;
#1134 = ORIENTED_EDGE ( 'NONE', *, *, #352, .F. ) ;
#1135 = VERTEX_POINT ( 'NONE', #2845 ) ;
#1136 = LINE ( 'NONE', #907, #1292 ) ;
#1137 = DIRECTION ( 'NONE',  ( 0.000000000000000000, 0.000000000000000000, 1.000000000000000000 ) ) ;
#1138 = ORIENTED_EDGE ( 'NONE', *, *, #1756, .T. ) ;
#1139 = CARTESIAN_POINT ( 'NONE',  ( -13.50000000000000178, -3.499999999999999556, 0.000000000000000000 ) ) ;
#1140 = ADVANCED_FACE ( 'NONE', ( #1762 ), #499, .F. ) ;
#1141 = ORIENTED_EDGE ( 'NONE', *, *, #288, .F. ) ;
#1142 = VERTEX_POINT ( 'NONE', #1541 ) ;
#1143 = DIRECTION ( 'NONE',  ( 1.156482317317871478E-16, -1.000000000000000000, 0.000000000000000000 ) ) ;
#1144 = DIRECTION ( 'NONE',  ( 0.000000000000000000, -0.000000000000000000, 1.000000000000000000 ) ) ;
#1145 = CARTESIAN_POINT ( 'NONE',  ( 0.000000000000000000, 0.000000000000000000, 3.000000000000000000 ) ) ;
#1146 = VERTEX_POINT ( 'NONE', #3394 ) ;
#1147 = EDGE_CURVE ( 'NONE', #834, #34, #695, .T. ) ;
#1148 = ORIENTED_EDGE ( 'NONE', *, *, #668, .F. ) ;
#1149 = FACE_OUTER_BOUND ( 'NONE', #327, .T. ) ;
#1150 = CARTESIAN_POINT ( 'NONE',  ( 0.4999999999999995559, 3.766961640367472608, 1.000000000000000000 ) ) ;
#1151 = STYLED_ITEM ( 'NONE', ( #432 ), #455 ) ;
#1152 = ORIENTED_EDGE ( 'NONE', *, *, #2622, .T. ) ;
#1153 = ORIENTED_EDGE ( 'NONE', *, *, #1636, .T. ) ;
#1154 = DIRECTION ( 'NONE',  ( -1.000000000000000000, 0.000000000000000000, 0.000000000000000000 ) ) ;
#1155 = DIRECTION ( 'NONE',  ( -0.000000000000000000, 1.000000000000000000, -0.000000000000000000 ) ) ;
#1156 = EDGE_LOOP ( 'NONE', ( #305, #1348, #1457, #2684 ) ) ;
#1157 = VECTOR ( 'NONE', #2338, 1000.000000000000000 ) ;
#1158 = CARTESIAN_POINT ( 'NONE',  ( -13.50000000000000178, 0.4999999999999995559, 0.000000000000000000 ) ) ;
#1159 = EDGE_CURVE ( 'NONE', #2608, #963, #1527, .T. ) ;
#1160 = ORIENTED_EDGE ( 'NONE', *, *, #771, .T. ) ;
#1161 = VECTOR ( 'NONE', #2470, 1000.000000000000000 ) ;
#1162 = FACE_OUTER_BOUND ( 'NONE', #1971, .T. ) ;
#1163 = LINE ( 'NONE', #1950, #443 ) ;
#1164 = DIRECTION ( 'NONE',  ( -0.000000000000000000, 1.000000000000000000, -0.000000000000000000 ) ) ;
#1165 = VECTOR ( 'NONE', #597, 1000.000000000000000 ) ;
#1166 = ORIENTED_EDGE ( 'NONE', *, *, #1530, .T. ) ;
#1167 = DIRECTION ( 'NONE',  ( 0.000000000000000000, 0.000000000000000000, 1.000000000000000000 ) ) ;
#1168 = EDGE_CURVE ( 'NONE', #3293, #1324, #2284, .T. ) ;
#1169 = DIRECTION ( 'NONE',  ( -1.000000000000000000, -0.000000000000000000, -0.000000000000000000 ) ) ;
#1170 = EDGE_CURVE ( 'NONE', #926, #1688, #1490, .T. ) ;
#1171 = AXIS2_PLACEMENT_3D ( 'NONE', #1409, #102, #1853 ) ;
#1172 = CARTESIAN_POINT ( 'NONE',  ( -3.800000000000000266, -5.181818181818181657, 0.000000000000000000 ) ) ;
#1173 = VECTOR ( 'NONE', #602, 1000.000000000000000 ) ;
#1174 = FACE_OUTER_BOUND ( 'NONE', #2319, .T. ) ;
#1175 = DIRECTION ( 'NONE',  ( -0.000000000000000000, 1.000000000000000000, 0.000000000000000000 ) ) ;
#1176 = ORIENTED_EDGE ( 'NONE', *, *, #2972, .F. ) ;
#1177 = CARTESIAN_POINT ( 'NONE',  ( -7.500000000000001776, -4.000000000000000000, 0.000000000000000000 ) ) ;
#1178 = ORIENTED_EDGE ( 'NONE', *, *, #2140, .F. ) ;
#1179 = AXIS2_PLACEMENT_3D ( 'NONE', #1790, #2357, #2094 ) ;
#1180 = DIRECTION ( 'NONE',  ( -1.000000000000000000, 0.000000000000000000, 0.000000000000000000 ) ) ;
#1181 = CARTESIAN_POINT ( 'NONE',  ( -13.50000000000000000, -7.500000000000000000, 3.000000000000000000 ) ) ;
#1182 = PLANE ( 'NONE',  #2639 ) ;
#1183 = UNCERTAINTY_MEASURE_WITH_UNIT (LENGTH_MEASURE( 1.000000000000000082E-05 ), #1474, 'distance_accuracy_value', 'NONE');
#1184 = AXIS2_PLACEMENT_3D ( 'NONE', #2468, #1730, #98 ) ;
#1185 = EDGE_LOOP ( 'NONE', ( #1293, #3326, #2503, #2138 ) ) ;
#1186 = PLANE ( 'NONE',  #628 ) ;
#1187 = CARTESIAN_POINT ( 'NONE',  ( 0.000000000000000000, 0.000000000000000000, 7.200000000000001066 ) ) ;
#1188 = VECTOR ( 'NONE', #2191, 1000.000000000000000 ) ;
#1189 = ADVANCED_FACE ( 'NONE', ( #2534 ), #183, .F. ) ;
#1190 = EDGE_CURVE ( 'NONE', #2679, #1378, #2395, .T. ) ;
#1191 = CARTESIAN_POINT ( 'NONE',  ( 0.000000000000000000, 0.000000000000000000, 3.000000000000000000 ) ) ;
#1192 = ORIENTED_EDGE ( 'NONE', *, *, #1511, .T. ) ;
#1193 = LINE ( 'NONE', #1743, #642 ) ;
#1194 = CARTESIAN_POINT ( 'NONE',  ( -0.5000000000000000000, 7.500000000000000000, 3.000000000000000000 ) ) ;
#1195 = EDGE_CURVE ( 'NONE', #963, #584, #306, .T. ) ;
#1196 = ORIENTED_EDGE ( 'NONE', *, *, #1855, .F. ) ;
#1197 = DIRECTION ( 'NONE',  ( 0.000000000000000000, 0.000000000000000000, 1.000000000000000000 ) ) ;
#1198 = ORIENTED_EDGE ( 'NONE', *, *, #2484, .F. ) ;
#1199 = DIRECTION ( 'NONE',  ( -0.000000000000000000, -0.000000000000000000, -1.000000000000000000 ) ) ;
#1200 = FACE_OUTER_BOUND ( 'NONE', #2037, .T. ) ;
#1201 = ORIENTED_EDGE ( 'NONE', *, *, #3227, .F. ) ;
#1202 = VERTEX_POINT ( 'NONE', #529 ) ;
#1203 = DIRECTION ( 'NONE',  ( 0.9998545669587437512, 0.01705417637246715856, 0.000000000000000000 ) ) ;
#1204 = DIRECTION ( 'NONE',  ( -0.000000000000000000, -0.000000000000000000, -1.000000000000000000 ) ) ;
#1205 = DIRECTION ( 'NONE',  ( -0.000000000000000000, -0.000000000000000000, 1.000000000000000000 ) ) ;
#1206 = EDGE_CURVE ( 'NONE', #1744, #1352, #647, .T. ) ;
#1207 = CARTESIAN_POINT ( 'NONE',  ( -13.50000000000000178, 7.500000000000000000, 3.000000000000000000 ) ) ;
#1208 = DIRECTION ( 'NONE',  ( 0.000000000000000000, 0.000000000000000000, 1.000000000000000000 ) ) ;
#1209 = ORIENTED_EDGE ( 'NONE', *, *, #3370, .F. ) ;
#1210 = DIRECTION ( 'NONE',  ( 1.445602896647339163E-16, 1.000000000000000000, 0.000000000000000000 ) ) ;
#1211 = ORIENTED_EDGE ( 'NONE', *, *, #1705, .F. ) ;
#1212 = EDGE_CURVE ( 'NONE', #1363, #524, #367, .T. ) ;
#1213 = DIRECTION ( 'NONE',  ( 1.000000000000000000, 0.000000000000000000, 0.000000000000000000 ) ) ;
#1214 = DIRECTION ( 'NONE',  ( 0.000000000000000000, 0.000000000000000000, 1.000000000000000000 ) ) ;
#1215 = ORIENTED_EDGE ( 'NONE', *, *, #625, .F. ) ;
#1216 = CONICAL_SURFACE ( 'NONE', #2205, 3.560000000000000497, 0.7853981633974509435 ) ;
#1217 = AXIS2_PLACEMENT_3D ( 'NONE', #1475, #931, #413 ) ;
#1218 = DIRECTION ( 'NONE',  ( -0.000000000000000000, -0.000000000000000000, 1.000000000000000000 ) ) ;
#1219 = CARTESIAN_POINT ( 'NONE',  ( 0.4999999999999989453, -3.968626966596886074, -8.313708498984759387 ) ) ;
#1220 = CARTESIAN_POINT ( 'NONE',  ( -13.50000000000000000, -1.500000000000000444, 0.000000000000000000 ) ) ;
#1221 = VERTEX_POINT ( 'NONE', #2229 ) ;
#1222 = DIRECTION ( 'NONE',  ( 1.000000000000000000, 0.000000000000000000, 0.000000000000000000 ) ) ;
#1223 = VECTOR ( 'NONE', #1685, 1000.000000000000000 ) ;
#1224 = ORIENTED_EDGE ( 'NONE', *, *, #2031, .F. ) ;
#1225 = DIRECTION ( 'NONE',  ( -1.652117596168387756E-16, -0.000000000000000000, -1.000000000000000000 ) ) ;
#1226 = ORIENTED_EDGE ( 'NONE', *, *, #1418, .F. ) ;
#1227 = EDGE_CURVE ( 'NONE', #3323, #414, #1587, .T. ) ;
#1228 = ADVANCED_FACE ( 'NONE', ( #2106 ), #107, .F. ) ;
#1229 = PLANE ( 'NONE',  #856 ) ;
#1230 = APPLICATION_PROTOCOL_DEFINITION ( 'draft international standard', 'automotive_design', 1998, #2867 ) ;
#1231 = FACE_OUTER_BOUND ( 'NONE', #579, .T. ) ;
#1232 = DIRECTION ( 'NONE',  ( 0.000000000000000000, 0.000000000000000000, -1.000000000000000000 ) ) ;
#1233 = DIRECTION ( 'NONE',  ( -1.652117596168387756E-16, -0.000000000000000000, -1.000000000000000000 ) ) ;
#1234 = CARTESIAN_POINT ( 'NONE',  ( 9.500000000000003553, 7.500000000000000000, 0.4999999999999998890 ) ) ;
#1235 = VECTOR ( 'NONE', #1455, 1000.000000000000000 ) ;
#1236 = AXIS2_PLACEMENT_3D ( 'NONE', #2562, #1978, #2527 ) ;
#1237 = DIRECTION ( 'NONE',  ( -1.214255053933703751E-16, -1.000000000000000000, 0.000000000000000000 ) ) ;
#1238 = CARTESIAN_POINT ( 'NONE',  ( 9.500000000000001776, 7.500000000000000000, -10.00000000000000000 ) ) ;
#1239 = CIRCLE ( 'NONE', #1077, 3.309999999999999609 ) ;
#1240 = ORIENTED_EDGE ( 'NONE', *, *, #3330, .F. ) ;
#1241 = DIRECTION ( 'NONE',  ( 1.000000000000000000, 0.000000000000000000, 0.000000000000000000 ) ) ;
#1242 = EDGE_CURVE ( 'NONE', #2754, #2608, #1942, .T. ) ;
#1243 = VERTEX_POINT ( 'NONE', #1861 ) ;
#1244 = ORIENTED_EDGE ( 'NONE', *, *, #3059, .T. ) ;
#1245 = DIRECTION ( 'NONE',  ( 1.000000000000000000, 0.000000000000000000, 0.000000000000000000 ) ) ;
#1246 = CARTESIAN_POINT ( 'NONE',  ( -13.50000000000000000, -1.500000000000000444, 0.000000000000000000 ) ) ;
#1247 = VECTOR ( 'NONE', #2496, 1000.000000000000000 ) ;
#1248 = EDGE_CURVE ( 'NONE', #2521, #447, #1672, .T. ) ;
#1249 = ORIENTED_EDGE ( 'NONE', *, *, #2049, .F. ) ;
#1250 = CARTESIAN_POINT ( 'NONE',  ( -13.50000000000000000, -1.500000000000000444, 3.000000000000000000 ) ) ;
#1251 = LINE ( 'NONE', #1461, #231 ) ;
#1252 = CARTESIAN_POINT ( 'NONE',  ( 3.348449755875716694, 2.188123449985367230, 2.999999999999999112 ) ) ;
#1253 = EDGE_CURVE ( 'NONE', #3195, #2924, #2973, .T. ) ;
#1254 = LINE ( 'NONE', #273, #1666 ) ;
#1255 = DIRECTION ( 'NONE',  ( -1.000000000000000000, -4.625929269271485914E-16, 0.000000000000000000 ) ) ;
#1256 = ORIENTED_EDGE ( 'NONE', *, *, #583, .T. ) ;
#1257 = AXIS2_PLACEMENT_3D ( 'NONE', #3085, #3054, #1763 ) ;
#1258 = LINE ( 'NONE', #1758, #1989 ) ;
#1259 = ORIENTED_EDGE ( 'NONE', *, *, #1859, .F. ) ;
#1260 = ORIENTED_EDGE ( 'NONE', *, *, #396, .T. ) ;
#1261 = CARTESIAN_POINT ( 'NONE',  ( 1.734723475976807094E-15, 0.000000000000000000, 2.999999999999999112 ) ) ;
#1262 = CARTESIAN_POINT ( 'NONE',  ( 0.000000000000000000, 0.000000000000000000, 0.000000000000000000 ) ) ;
#1263 = CYLINDRICAL_SURFACE ( 'NONE', #999, 3.799999999999999822 ) ;
#1264 = ORIENTED_EDGE ( 'NONE', *, *, #2669, .F. ) ;
#1265 = ORIENTED_EDGE ( 'NONE', *, *, #1453, .T. ) ;
#1266 = CARTESIAN_POINT ( 'NONE',  ( 1.734723475976807094E-15, 0.000000000000000000, 7.200000000000001066 ) ) ;
#1267 = DIRECTION ( 'NONE',  ( 0.000000000000000000, 0.000000000000000000, 1.000000000000000000 ) ) ;
#1268 = CARTESIAN_POINT ( 'NONE',  ( 11.50000000000000178, -7.500000000000000000, -10.00000000000000000 ) ) ;
#1269 = AXIS2_PLACEMENT_3D ( 'NONE', #1406, #1900, #2457 ) ;
#1270 = VECTOR ( 'NONE', #49, 1000.000000000000000 ) ;
#1271 = EDGE_CURVE ( 'NONE', #1868, #810, #3270, .T. ) ;
#1272 = EDGE_CURVE ( 'NONE', #156, #1423, #382, .T. ) ;
#1273 = CARTESIAN_POINT ( 'NONE',  ( 10.50000000000000178, -7.500000000000000000, 0.4999999999999998890 ) ) ;
#1274 = DIRECTION ( 'NONE',  ( -0.000000000000000000, 1.000000000000000000, -0.000000000000000000 ) ) ;
#1275 = CIRCLE ( 'NONE', #285, 0.5000000000000004441 ) ;
#1276 = EDGE_CURVE ( 'NONE', #1243, #3293, #3233, .T. ) ;
#1277 = ORIENTED_EDGE ( 'NONE', *, *, #3267, .F. ) ;
#1278 = CARTESIAN_POINT ( 'NONE',  ( -6.100000000000000533, 3.500000000000000000, 3.000000000000000000 ) ) ;
#1279 = VECTOR ( 'NONE', #3196, 1000.000000000000000 ) ;
#1280 = ORIENTED_EDGE ( 'NONE', *, *, #1003, .F. ) ;
#1281 = CARTESIAN_POINT ( 'NONE',  ( 0.000000000000000000, 0.000000000000000000, -10.00000000000000000 ) ) ;
#1282 = DIRECTION ( 'NONE',  ( -0.000000000000000000, -0.000000000000000000, 1.000000000000000000 ) ) ;
#1283 = CIRCLE ( 'NONE', #3257, 0.5000000000000013323 ) ;
#1284 = DIRECTION ( 'NONE',  ( 0.000000000000000000, -1.000000000000000000, 0.000000000000000000 ) ) ;
#1285 = LINE ( 'NONE', #2657, #1924 ) ;
#1286 = DIRECTION ( 'NONE',  ( -0.000000000000000000, 1.000000000000000000, -0.000000000000000000 ) ) ;
#1287 = DIRECTION ( 'NONE',  ( 0.000000000000000000, 1.000000000000000000, 0.000000000000000000 ) ) ;
#1288 = CARTESIAN_POINT ( 'NONE',  ( 16.50000000000000000, -7.500000000000000000, -10.00000000000000000 ) ) ;
#1289 = AXIS2_PLACEMENT_3D ( 'NONE', #2777, #112, #1967 ) ;
#1290 = EDGE_CURVE ( 'NONE', #34, #414, #3272, .T. ) ;
#1291 = EDGE_CURVE ( 'NONE', #2915, #3019, #1136, .T. ) ;
#1292 = VECTOR ( 'NONE', #2991, 1000.000000000000000 ) ;
#1293 = ORIENTED_EDGE ( 'NONE', *, *, #206, .T. ) ;
#1294 = DIRECTION ( 'NONE',  ( -0.000000000000000000, 1.000000000000000000, -0.000000000000000000 ) ) ;
#1295 = AXIS2_PLACEMENT_3D ( 'NONE', #1596, #3372, #2373 ) ;
#1297 = EDGE_LOOP ( 'NONE', ( #2491, #1422, #2811, #426 ) ) ;
#1296 = AXIS2_PLACEMENT_3D ( 'NONE', #490, #2307, #3158 ) ;
#1298 = CARTESIAN_POINT ( 'NONE',  ( -13.50000000000000178, 7.500000000000000000, 3.000000000000000000 ) ) ;
#1299 =( NAMED_UNIT ( * ) SI_UNIT ( $, .STERADIAN. ) SOLID_ANGLE_UNIT ( ) );
#1300 = ORIENTED_EDGE ( 'NONE', *, *, #1023, .T. ) ;
#1301 = PLANE ( 'NONE',  #1933 ) ;
#1302 = LINE ( 'NONE', #2356, #2036 ) ;
#1303 = DIRECTION ( 'NONE',  ( 0.000000000000000000, -1.000000000000000000, 0.000000000000000000 ) ) ;
#1304 = DIRECTION ( 'NONE',  ( 1.156482317317871478E-16, -1.000000000000000000, 0.000000000000000000 ) ) ;
#1305 = CARTESIAN_POINT ( 'NONE',  ( 4.900000000000000355, 5.181818181818186098, 3.000000000000000000 ) ) ;
#1306 = ADVANCED_FACE ( 'NONE', ( #2478, #2890, #1073 ), #800, .F. ) ;
#1307 = VERTEX_POINT ( 'NONE', #885 ) ;
#1308 = ORIENTED_EDGE ( 'NONE', *, *, #2136, .F. ) ;
#1309 = DIRECTION ( 'NONE',  ( 0.000000000000000000, 0.000000000000000000, 1.000000000000000000 ) ) ;
#1310 = ORIENTED_EDGE ( 'NONE', *, *, #478, .T. ) ;
#1311 = CARTESIAN_POINT ( 'NONE',  ( -13.50000000000000178, 7.500000000000000000, 3.000000000000000000 ) ) ;
#1312 = DIRECTION ( 'NONE',  ( -1.652117596168387756E-16, 0.000000000000000000, -1.000000000000000000 ) ) ;
#1313 = ORIENTED_EDGE ( 'NONE', *, *, #370, .T. ) ;
#1314 = AXIS2_PLACEMENT_3D ( 'NONE', #1968, #2003, #3069 ) ;
#1315 = ORIENTED_EDGE ( 'NONE', *, *, #1248, .F. ) ;
#1316 = ORIENTED_EDGE ( 'NONE', *, *, #1636, .F. ) ;
#1317 = CARTESIAN_POINT ( 'NONE',  ( 1.734723475976807094E-15, 0.000000000000000000, 7.200000000000001066 ) ) ;
#1318 = DIRECTION ( 'NONE',  ( -0.000000000000000000, -0.000000000000000000, 1.000000000000000000 ) ) ;
#1319 = CARTESIAN_POINT ( 'NONE',  ( 9.000000000000003553, -7.500000000000000000, 0.5000000000000000000 ) ) ;
#1320 = ORIENTED_EDGE ( 'NONE', *, *, #3316, .F. ) ;
#1321 = FACE_OUTER_BOUND ( 'NONE', #2774, .T. ) ;
#1322 = CARTESIAN_POINT ( 'NONE',  ( 0.000000000000000000, 0.000000000000000000, 1.449999999999999956 ) ) ;
#1323 = AXIS2_PLACEMENT_3D ( 'NONE', #841, #2673, #604 ) ;
#1324 = VERTEX_POINT ( 'NONE', #1922 ) ;
#1325 = ORIENTED_EDGE ( 'NONE', *, *, #8, .F. ) ;
#1326 = CONICAL_SURFACE ( 'NONE', #3304, 3.560000000000000497, 0.7853981633974509435 ) ;
#1327 = CARTESIAN_POINT ( 'NONE',  ( 0.000000000000000000, 0.000000000000000000, 7.200000000000001066 ) ) ;
#1328 = VECTOR ( 'NONE', #1605, 1000.000000000000000 ) ;
#1329 = ORIENTED_EDGE ( 'NONE', *, *, #2108, .T. ) ;
#1330 = ORIENTED_EDGE ( 'NONE', *, *, #690, .T. ) ;
#1331 = CARTESIAN_POINT ( 'NONE',  ( 13.00000000000000355, -7.500000000000000000, 1.000000000000001332 ) ) ;
#1332 = DIRECTION ( 'NONE',  ( 1.156482317317871478E-16, -1.000000000000000000, 0.000000000000000000 ) ) ;
#1333 = VECTOR ( 'NONE', #2325, 1000.000000000000000 ) ;
#1334 = ADVANCED_FACE ( 'NONE', ( #1174 ), #2613, .F. ) ;
#1335 = EDGE_CURVE ( 'NONE', #94, #268, #2365, .T. ) ;
#1336 = ORIENTED_EDGE ( 'NONE', *, *, #905, .T. ) ;
#1337 = AXIS2_PLACEMENT_3D ( 'NONE', #3366, #1284, #1030 ) ;
#1338 = CARTESIAN_POINT ( 'NONE',  ( -5.599999999999998757, 0.000000000000000000, 0.000000000000000000 ) ) ;
#1339 = LINE ( 'NONE', #2388, #394 ) ;
#1340 = CYLINDRICAL_SURFACE ( 'NONE', #1843, 5.500000000000000888 ) ;
#1341 = EDGE_LOOP ( 'NONE', ( #2793, #909, #911, #2366 ) ) ;
#1342 = LINE ( 'NONE', #1668, #2103 ) ;
#1343 = DIRECTION ( 'NONE',  ( 0.000000000000000000, 0.000000000000000000, 1.000000000000000000 ) ) ;
#1344 = ORIENTED_EDGE ( 'NONE', *, *, #1902, .F. ) ;
#1345 = ORIENTED_EDGE ( 'NONE', *, *, #1106, .T. ) ;
#1346 = CARTESIAN_POINT ( 'NONE',  ( -13.50000000000000178, 7.500000000000000000, 0.000000000000000000 ) ) ;
#1347 = AXIS2_PLACEMENT_3D ( 'NONE', #2269, #1986, #3033 ) ;
#1348 = ORIENTED_EDGE ( 'NONE', *, *, #3373, .T. ) ;
#1349 = ORIENTED_EDGE ( 'NONE', *, *, #1242, .T. ) ;
#1350 = AXIS2_PLACEMENT_3D ( 'NONE', #900, #1617, #2394 ) ;
#1351 = DIRECTION ( 'NONE',  ( -0.000000000000000000, 0.000000000000000000, -1.000000000000000000 ) ) ;
#1352 = VERTEX_POINT ( 'NONE', #3152 ) ;
#1353 = ORIENTED_EDGE ( 'NONE', *, *, #3060, .F. ) ;
#1354 = VECTOR ( 'NONE', #1919, 1000.000000000000000 ) ;
#1355 = LINE ( 'NONE', #338, #968 ) ;
#1356 = FACE_OUTER_BOUND ( 'NONE', #24, .T. ) ;
#1357 = DIRECTION ( 'NONE',  ( -0.000000000000000000, 1.000000000000000000, -0.000000000000000000 ) ) ;
#1358 = ORIENTED_EDGE ( 'NONE', *, *, #925, .T. ) ;
#1359 = LINE ( 'NONE', #2709, #2646 ) ;
#1360 = DIRECTION ( 'NONE',  ( -1.652117596168387756E-16, -0.000000000000000000, -1.000000000000000000 ) ) ;
#1361 = EDGE_CURVE ( 'NONE', #3243, #2104, #544, .T. ) ;
#1362 = ORIENTED_EDGE ( 'NONE', *, *, #2695, .T. ) ;
#1363 = VERTEX_POINT ( 'NONE', #283 ) ;
#1364 = LINE ( 'NONE', #278, #727 ) ;
#1365 = ORIENTED_EDGE ( 'NONE', *, *, #1065, .F. ) ;
#1366 = CARTESIAN_POINT ( 'NONE',  ( 0.5000000000000000000, 7.500000000000000000, 0.000000000000000000 ) ) ;
#1367 = ORIENTED_EDGE ( 'NONE', *, *, #2760, .F. ) ;
#1368 = ADVANCED_FACE ( 'NONE', ( #2279 ), #403, .F. ) ;
#1369 = LINE ( 'NONE', #1899, #1124 ) ;
#1370 = LINE ( 'NONE', #2487, #2095 ) ;
#1371 = DIRECTION ( 'NONE',  ( 0.000000000000000000, 0.000000000000000000, 1.000000000000000000 ) ) ;
#1372 = VECTOR ( 'NONE', #465, 1000.000000000000114 ) ;
#1373 = ORIENTED_EDGE ( 'NONE', *, *, #661, .T. ) ;
#1374 = CARTESIAN_POINT ( 'NONE',  ( -0.4999999999999996669, 4.623040125285525548, 1.000000000000000000 ) ) ;
#1375 = CARTESIAN_POINT ( 'NONE',  ( -0.4999999999999995559, 3.356283515140384477, 1.366701161510158746 ) ) ;
#1376 = EDGE_CURVE ( 'NONE', #1706, #1990, #2295, .T. ) ;
#1377 = EDGE_CURVE ( 'NONE', #2958, #3243, #1755, .T. ) ;
#1378 = VERTEX_POINT ( 'NONE', #2802 ) ;
#1379 = DIRECTION ( 'NONE',  ( 0.000000000000000000, 0.000000000000000000, 1.000000000000000000 ) ) ;
#1380 = CIRCLE ( 'NONE', #3133, 4.650000000000000355 ) ;
#1381 = ADVANCED_FACE ( 'NONE', ( #2544 ), #178, .F. ) ;
#1382 = AXIS2_PLACEMENT_3D ( 'NONE', #3208, #2668, #1846 ) ;
#1383 = ORIENTED_EDGE ( 'NONE', *, *, #1023, .F. ) ;
#1384 = CARTESIAN_POINT ( 'NONE',  ( 12.50000000000000000, -7.500000000000000000, -10.00000000000000000 ) ) ;
#1385 = VECTOR ( 'NONE', #2085, 1000.000000000000000 ) ;
#1386 = ORIENTED_EDGE ( 'NONE', *, *, #848, .T. ) ;
#1387 = ORIENTED_EDGE ( 'NONE', *, *, #184, .F. ) ;
#1388 = CARTESIAN_POINT ( 'NONE',  ( 7.499999999999996447, 7.500000000000000000, 0.000000000000000000 ) ) ;
#1389 = DIRECTION ( 'NONE',  ( 0.000000000000000000, 0.000000000000000000, 1.000000000000000000 ) ) ;
#1390 = DIRECTION ( 'NONE',  ( -1.000000000000000000, 3.787379036400652809E-16, 0.000000000000000000 ) ) ;
#1391 = AXIS2_PLACEMENT_3D ( 'NONE', #1958, #680, #1702 ) ;
#1392 = VERTEX_POINT ( 'NONE', #3337 ) ;
#1393 = DIRECTION ( 'NONE',  ( 0.000000000000000000, 0.000000000000000000, 1.000000000000000000 ) ) ;
#1394 = DIRECTION ( 'NONE',  ( 0.000000000000000000, 0.000000000000000000, -1.000000000000000000 ) ) ;
#1395 = VERTEX_POINT ( 'NONE', #454 ) ;
#1396 = ORIENTED_EDGE ( 'NONE', *, *, #1674, .F. ) ;
#1397 = DIRECTION ( 'NONE',  ( 1.214255053933703751E-16, -1.000000000000000000, 0.000000000000000000 ) ) ;
#1398 = LINE ( 'NONE', #3289, #3087 ) ;
#1399 = ORIENTED_EDGE ( 'NONE', *, *, #116, .T. ) ;
#1400 = CARTESIAN_POINT ( 'NONE',  ( -4.655689363101329192, -2.928234374893023517, 3.000000000000000000 ) ) ;
#1401 = AXIS2_PLACEMENT_3D ( 'NONE', #989, #1813, #2352 ) ;
#1402 = ADVANCED_FACE ( 'NONE', ( #2015 ), #1500, .F. ) ;
#1403 = VERTEX_POINT ( 'NONE', #3007 ) ;
#1404 = VECTOR ( 'NONE', #1537, 1000.000000000000000 ) ;
#1405 = DIRECTION ( 'NONE',  ( 0.000000000000000000, 0.000000000000000000, 1.000000000000000000 ) ) ;
#1406 = CARTESIAN_POINT ( 'NONE',  ( 1.734723475976807094E-15, 0.000000000000000000, 7.200000000000001066 ) ) ;
#1407 = LINE ( 'NONE', #1885, #2719 ) ;
#1408 = ORIENTED_EDGE ( 'NONE', *, *, #421, .T. ) ;
#1409 = CARTESIAN_POINT ( 'NONE',  ( 0.000000000000000000, 0.000000000000000000, 1.200000000000000178 ) ) ;
#1410 = DIRECTION ( 'NONE',  ( 1.000000000000000000, 0.000000000000000000, 0.000000000000000000 ) ) ;
#1411 = EDGE_CURVE ( 'NONE', #1221, #3221, #1723, .T. ) ;
#1412 = ORIENTED_EDGE ( 'NONE', *, *, #38, .T. ) ;
#1413 = CARTESIAN_POINT ( 'NONE',  ( -0.5000000000000000000, 7.500000000000000000, 0.000000000000000000 ) ) ;
#1414 = DIRECTION ( 'NONE',  ( 0.000000000000000000, 0.000000000000000000, 1.000000000000000000 ) ) ;
#1415 = ORIENTED_EDGE ( 'NONE', *, *, #1291, .F. ) ;
#1416 = DIRECTION ( 'NONE',  ( 0.000000000000000000, 0.000000000000000000, 1.000000000000000000 ) ) ;
#1417 = VERTEX_POINT ( 'NONE', #439 ) ;
#1418 = EDGE_CURVE ( 'NONE', #3151, #137, #147, .T. ) ;
#1419 = CARTESIAN_POINT ( 'NONE',  ( 13.50000000000000178, -7.500000000000000000, -10.00000000000000000 ) ) ;
#1420 = CARTESIAN_POINT ( 'NONE',  ( 0.4999999999999988343, -6.832496885981400148, 7.200000000000001954 ) ) ;
#1421 = CARTESIAN_POINT ( 'NONE',  ( -6.099999999999999645, -0.5000000000000004441, 0.000000000000000000 ) ) ;
#1422 = ORIENTED_EDGE ( 'NONE', *, *, #2972, .T. ) ;
#1423 = VERTEX_POINT ( 'NONE', #193 ) ;
#1424 = CARTESIAN_POINT ( 'NONE',  ( 16.50000000000000000, -7.500000000000000000, -10.00000000000000000 ) ) ;
#1425 = CARTESIAN_POINT ( 'NONE',  ( -5.599999999999998757, 2.000000000000000000, 0.000000000000000000 ) ) ;
#1426 = VERTEX_POINT ( 'NONE', #3064 ) ;
#1427 = CARTESIAN_POINT ( 'NONE',  ( 0.000000000000000000, 0.000000000000000000, 1.000000000000000000 ) ) ;
#1428 = CARTESIAN_POINT ( 'NONE',  ( 0.000000000000000000, 0.000000000000000000, 1.000000000000000000 ) ) ;
#1429 = CARTESIAN_POINT ( 'NONE',  ( -13.50000000000000178, 0.4999999999999995559, 0.000000000000000000 ) ) ;
#1430 = ORIENTED_EDGE ( 'NONE', *, *, #1016, .T. ) ;
#1431 = AXIS2_PLACEMENT_3D ( 'NONE', #2080, #2602, #2637 ) ;
#1432 = LINE ( 'NONE', #372, #289 ) ;
#1433 = ORIENTED_EDGE ( 'NONE', *, *, #643, .F. ) ;
#1434 = VECTOR ( 'NONE', #3278, 1000.000000000000000 ) ;
#1435 = CARTESIAN_POINT ( 'NONE',  ( 9.500000000000001776, -7.500000000000000000, -10.00000000000000000 ) ) ;
#1436 = CARTESIAN_POINT ( 'NONE',  ( -0.4999999999999995559, 3.766961640367472608, 1.000000000000000000 ) ) ;
#1437 = DIRECTION ( 'NONE',  ( 1.156482317317871478E-16, -1.000000000000000000, 0.000000000000000000 ) ) ;
#1438 = AXIS2_PLACEMENT_3D ( 'NONE', #749, #3101, #3392 ) ;
#1439 = EDGE_CURVE ( 'NONE', #941, #1573, #1193, .T. ) ;
#1440 = EDGE_CURVE ( 'NONE', #1586, #2026, #971, .T. ) ;
#1441 = ORIENTED_EDGE ( 'NONE', *, *, #89, .T. ) ;
#1442 = DIRECTION ( 'NONE',  ( 1.000000000000000000, 1.156482317317871478E-16, -0.000000000000000000 ) ) ;
#1443 = CARTESIAN_POINT ( 'NONE',  ( -13.50000000000000178, 7.500000000000000000, 0.000000000000000000 ) ) ;
#1444 = EDGE_CURVE ( 'NONE', #1776, #20, #3044, .T. ) ;
#1445 = AXIS2_PLACEMENT_3D ( 'NONE', #1992, #1232, #2509 ) ;
#1446 = DIRECTION ( 'NONE',  ( 0.000000000000000000, 1.000000000000000000, 0.000000000000000000 ) ) ;
#1447 = AXIS2_PLACEMENT_3D ( 'NONE', #873, #839, #1883 ) ;
#1448 = DIRECTION ( 'NONE',  ( -1.156482317317871478E-16, 1.000000000000000000, 0.000000000000000000 ) ) ;
#1449 = CARTESIAN_POINT ( 'NONE',  ( 7.500000000000000000, -7.500000000000000000, 0.000000000000000000 ) ) ;
#1450 = ORIENTED_EDGE ( 'NONE', *, *, #3100, .F. ) ;
#1451 = CARTESIAN_POINT ( 'NONE',  ( -0.5000000000000000000, 7.500000000000000000, 0.000000000000000000 ) ) ;
#1452 = ORIENTED_EDGE ( 'NONE', *, *, #836, .T. ) ;
#1453 = EDGE_CURVE ( 'NONE', #3124, #1957, #1792, .T. ) ;
#1454 = CIRCLE ( 'NONE', #803, 0.4999999999999995559 ) ;
#1455 = DIRECTION ( 'NONE',  ( -1.000000000000000000, -0.000000000000000000, -0.000000000000000000 ) ) ;
#1456 = CYLINDRICAL_SURFACE ( 'NONE', #3193, 4.650000000000000355 ) ;
#1457 = ORIENTED_EDGE ( 'NONE', *, *, #2452, .T. ) ;
#1458 = AXIS2_PLACEMENT_3D ( 'NONE', #2438, #1645, #2130 ) ;
#1459 = ADVANCED_FACE ( 'NONE', ( #1773 ), #214, .F. ) ;
#1460 = DIRECTION ( 'NONE',  ( -1.000000000000000000, 0.000000000000000000, 0.000000000000000000 ) ) ;
#1461 = CARTESIAN_POINT ( 'NONE',  ( -13.50000000000000178, -4.500000000000000888, 0.000000000000000000 ) ) ;
#1462 = CARTESIAN_POINT ( 'NONE',  ( -13.50000000000000178, 1.499999999999999556, 3.000000000000000000 ) ) ;
#1463 = VECTOR ( 'NONE', #2715, 1000.000000000000000 ) ;
#1464 = VECTOR ( 'NONE', #2259, 1000.000000000000000 ) ;
#1465 = CARTESIAN_POINT ( 'NONE',  ( -13.50000000000000178, -4.500000000000000888, 3.000000000000000000 ) ) ;
#1466 = ADVANCED_FACE ( 'NONE', ( #473 ), #1520, .F. ) ;
#1467 = CARTESIAN_POINT ( 'NONE',  ( 3.800000000000000266, 5.181818181818186098, 0.000000000000000000 ) ) ;
#1468 = ADVANCED_FACE ( 'NONE', ( #2769 ), #923, .F. ) ;
#1469 = ORIENTED_EDGE ( 'NONE', *, *, #2493, .F. ) ;
#1470 = DIRECTION ( 'NONE',  ( 1.000000000000000000, 0.000000000000000000, 0.000000000000000000 ) ) ;
#1471 = VERTEX_POINT ( 'NONE', #2514 ) ;
#1472 = ORIENTED_EDGE ( 'NONE', *, *, #1736, .T. ) ;
#1473 = CARTESIAN_POINT ( 'NONE',  ( -13.50000000000000178, 5.500000000000000000, 3.000000000000000000 ) ) ;
#1474 =( LENGTH_UNIT ( ) NAMED_UNIT ( * ) SI_UNIT ( .MILLI., .METRE. ) );
#1475 = CARTESIAN_POINT ( 'NONE',  ( 0.000000000000000000, 0.000000000000000000, 1.000000000000000000 ) ) ;
#1476 = ORIENTED_EDGE ( 'NONE', *, *, #2993, .F. ) ;
#1477 = VERTEX_POINT ( 'NONE', #1997 ) ;
#1478 = CARTESIAN_POINT ( 'NONE',  ( 13.00000000000000355, 7.500000000000000000, 1.000000000000001332 ) ) ;
#1479 = PLANE ( 'NONE',  #2529 ) ;
#1480 = DIRECTION ( 'NONE',  ( 0.000000000000000000, 0.000000000000000000, 1.000000000000000000 ) ) ;
#1481 = DIRECTION ( 'NONE',  ( 0.000000000000000000, 0.000000000000000000, -1.000000000000000000 ) ) ;
#1482 = CARTESIAN_POINT ( 'NONE',  ( 1.734723475976807094E-15, 0.000000000000000000, -8.313708498984759387 ) ) ;
#1483 = EDGE_CURVE ( 'NONE', #1757, #631, #164, .T. ) ;
#1484 = EDGE_CURVE ( 'NONE', #2274, #2104, #1625, .T. ) ;
#1485 = ORIENTED_EDGE ( 'NONE', *, *, #2852, .F. ) ;
#1486 = EDGE_CURVE ( 'NONE', #2924, #3098, #229, .T. ) ;
#1487 = CARTESIAN_POINT ( 'NONE',  ( 9.500000000000003553, -7.500000000000000000, 0.4999999999999998890 ) ) ;
#1488 = VERTEX_POINT ( 'NONE', #1854 ) ;
#1489 = VERTEX_POINT ( 'NONE', #3130 ) ;
#1490 = LINE ( 'NONE', #1510, #2001 ) ;
#1491 = DIRECTION ( 'NONE',  ( 1.000000000000000000, 0.000000000000000000, 0.000000000000000000 ) ) ;
#1492 = DIRECTION ( 'NONE',  ( -0.000000000000000000, -0.000000000000000000, -1.000000000000000000 ) ) ;
#1493 = VECTOR ( 'NONE', #2799, 1000.000000000000000 ) ;
#1494 = AXIS2_PLACEMENT_3D ( 'NONE', #3153, #801, #545 ) ;
#1495 = CARTESIAN_POINT ( 'NONE',  ( 13.50000000000000178, -7.500000000000000000, -10.00000000000000000 ) ) ;
#1496 = LINE ( 'NONE', #2558, #891 ) ;
#1497 = CARTESIAN_POINT ( 'NONE',  ( 9.000000000000003553, -7.500000000000000000, 1.000000000000001332 ) ) ;
#1498 = AXIS2_PLACEMENT_3D ( 'NONE', #1177, #1964, #441 ) ;
#1499 = DIRECTION ( 'NONE',  ( 1.156482317317871478E-16, -1.000000000000000000, 0.000000000000000000 ) ) ;
#1500 = PLANE ( 'NONE',  #3159 ) ;
#1501 = ADVANCED_FACE ( 'NONE', ( #258 ), #2344, .F. ) ;
#1502 = AXIS2_PLACEMENT_3D ( 'NONE', #2492, #1751, #659 ) ;
#1503 = CIRCLE ( 'NONE', #3369, 4.000000000000000000 ) ;
#1504 = EDGE_LOOP ( 'NONE', ( #1580, #752, #411, #3315 ) ) ;
#1505 = ADVANCED_FACE ( 'NONE', ( #2898 ), #2359, .F. ) ;
#1506 = DIRECTION ( 'NONE',  ( 0.000000000000000000, 0.000000000000000000, 1.000000000000000000 ) ) ;
#1507 = ORIENTED_EDGE ( 'NONE', *, *, #704, .F. ) ;
#1508 = EDGE_LOOP ( 'NONE', ( #1890, #1160, #2652, #3346 ) ) ;
#1509 = ORIENTED_EDGE ( 'NONE', *, *, #2111, .F. ) ;
#1510 = CARTESIAN_POINT ( 'NONE',  ( 13.50000000000000178, 7.500000000000000000, -10.00000000000000000 ) ) ;
#1511 = EDGE_CURVE ( 'NONE', #2206, #2832, #2177, .T. ) ;
#1512 = PLANE ( 'NONE',  #1925 ) ;
#1513 = ORIENTED_EDGE ( 'NONE', *, *, #728, .T. ) ;
#1514 = LINE ( 'NONE', #1804, #409 ) ;
#1515 = DIRECTION ( 'NONE',  ( 0.000000000000000000, 1.000000000000000000, 0.000000000000000000 ) ) ;
#1516 = PLANE ( 'NONE',  #3387 ) ;
#1517 = AXIS2_PLACEMENT_3D ( 'NONE', #1281, #3084, #975 ) ;
#1518 = AXIS2_PLACEMENT_3D ( 'NONE', #1322, #274, #3145 ) ;
#1519 = CARTESIAN_POINT ( 'NONE',  ( -13.50000000000000178, 4.500000000000000000, 0.000000000000000000 ) ) ;
#1520 = CYLINDRICAL_SURFACE ( 'NONE', #920, 1.100000000000000311 ) ;
#1521 = VECTOR ( 'NONE', #1770, 1000.000000000000000 ) ;
#1522 = EDGE_CURVE ( 'NONE', #1940, #812, #793, .T. ) ;
#1523 = ORIENTED_EDGE ( 'NONE', *, *, #1851, .F. ) ;
#1524 = CARTESIAN_POINT ( 'NONE',  ( -13.50000000000000178, -3.499999999999999556, 0.000000000000000000 ) ) ;
#1525 = ORIENTED_EDGE ( 'NONE', *, *, #998, .F. ) ;
#1526 = ORIENTED_EDGE ( 'NONE', *, *, #1335, .F. ) ;
#1527 = LINE ( 'NONE', #2075, #82 ) ;
#1528 = DIRECTION ( 'NONE',  ( 0.000000000000000000, -0.000000000000000000, 1.000000000000000000 ) ) ;
#1529 = ORIENTED_EDGE ( 'NONE', *, *, #2761, .T. ) ;
#1530 = EDGE_CURVE ( 'NONE', #2681, #982, #696, .T. ) ;
#1531 = VERTEX_POINT ( 'NONE', #1822 ) ;
#1532 = FACE_OUTER_BOUND ( 'NONE', #1988, .T. ) ;
#1533 = DIRECTION ( 'NONE',  ( -0.000000000000000000, -0.000000000000000000, -1.000000000000000000 ) ) ;
#1534 = LINE ( 'NONE', #1268, #3102 ) ;
#1535 = EDGE_CURVE ( 'NONE', #3306, #1586, #1734, .T. ) ;
#1536 = DIRECTION ( 'NONE',  ( 0.000000000000000000, 0.000000000000000000, -1.000000000000000000 ) ) ;
#1537 = DIRECTION ( 'NONE',  ( -1.000000000000000000, -0.000000000000000000, -0.000000000000000000 ) ) ;
#1538 = EDGE_LOOP ( 'NONE', ( #802, #2350, #1653, #2762 ) ) ;
#1539 = CARTESIAN_POINT ( 'NONE',  ( -13.50000000000000178, -6.500000000000000888, 0.000000000000000000 ) ) ;
#1540 = ORIENTED_EDGE ( 'NONE', *, *, #2140, .T. ) ;
#1541 = CARTESIAN_POINT ( 'NONE',  ( 11.00000000000000355, 7.500000000000000000, 1.000000000000001332 ) ) ;
#1542 = DIRECTION ( 'NONE',  ( -1.000000000000000000, 1.445602896647339163E-16, 0.000000000000000000 ) ) ;
#1543 = EDGE_CURVE ( 'NONE', #3150, #268, #2869, .T. ) ;
#1544 = EDGE_CURVE ( 'NONE', #2926, #917, #250, .T. ) ;
#1545 = DIRECTION ( 'NONE',  ( 1.000000000000000000, 0.000000000000000000, 0.000000000000000000 ) ) ;
#1546 = FACE_OUTER_BOUND ( 'NONE', #2360, .T. ) ;
#1547 = AXIS2_PLACEMENT_3D ( 'NONE', #2112, #2850, #1061 ) ;
#1548 = VECTOR ( 'NONE', #945, 1000.000000000000000 ) ;
#1549 = PLANE ( 'NONE',  #3365 ) ;
#1550 = DIRECTION ( 'NONE',  ( 1.000000000000000000, 0.000000000000000000, 0.000000000000000000 ) ) ;
#1551 = EDGE_CURVE ( 'NONE', #2677, #2436, #1579, .T. ) ;
#1552 = VECTOR ( 'NONE', #3012, 1000.000000000000000 ) ;
#1553 = EDGE_LOOP ( 'NONE', ( #3056, #1721, #1469, #576 ) ) ;
#1554 = FACE_OUTER_BOUND ( 'NONE', #559, .T. ) ;
#1555 = VECTOR ( 'NONE', #1304, 1000.000000000000000 ) ;
#1556 = ORIENTED_EDGE ( 'NONE', *, *, #1609, .T. ) ;
#1557 = CARTESIAN_POINT ( 'NONE',  ( 0.000000000000000000, 0.000000000000000000, 1.000000000000000000 ) ) ;
#1558 = LINE ( 'NONE', #1384, #2428 ) ;
#1559 = DIRECTION ( 'NONE',  ( 1.000000000000000000, 0.000000000000000000, 0.000000000000000000 ) ) ;
#1560 = LINE ( 'NONE', #3175, #778 ) ;
#1561 = CARTESIAN_POINT ( 'NONE',  ( 16.50000000000000000, 7.500000000000000000, 3.000000000000000000 ) ) ;
#1562 = DIRECTION ( 'NONE',  ( 0.5735764363510501562, -0.8191520442889890230, 0.000000000000000000 ) ) ;
#1563 = DIRECTION ( 'NONE',  ( -1.000000000000000000, 1.445602896647339163E-16, -0.000000000000000000 ) ) ;
#1564 = AXIS2_PLACEMENT_3D ( 'NONE', #1696, #2237, #1213 ) ;
#1565 = CIRCLE ( 'NONE', #198, 0.5000000000000004441 ) ;
#1566 = ADVANCED_FACE ( 'NONE', ( #2116 ), #1808, .T. ) ;
#1567 = ORIENTED_EDGE ( 'NONE', *, *, #53, .F. ) ;
#1568 = CARTESIAN_POINT ( 'NONE',  ( 3.309999999999999609, 4.053580905177738768E-16, 1.449999999999999956 ) ) ;
#1569 = VECTOR ( 'NONE', #37, 1000.000000000000000 ) ;
#1570 = ORIENTED_EDGE ( 'NONE', *, *, #3267, .T. ) ;
#1571 = CARTESIAN_POINT ( 'NONE',  ( -5.600000000000000533, 6.000000000000000000, 0.000000000000000000 ) ) ;
#1572 =( NAMED_UNIT ( * ) PLANE_ANGLE_UNIT ( ) SI_UNIT ( $, .RADIAN. ) );
#1573 = VERTEX_POINT ( 'NONE', #1305 ) ;
#1574 = ORIENTED_EDGE ( 'NONE', *, *, #2965, .T. ) ;
#1575 = FACE_OUTER_BOUND ( 'NONE', #1749, .T. ) ;
#1576 = CYLINDRICAL_SURFACE ( 'NONE', #1547, 0.4999999999999995559 ) ;
#1577 = CARTESIAN_POINT ( 'NONE',  ( -13.50000000000000178, 3.499999999999999556, 3.000000000000000000 ) ) ;
#1578 = LINE ( 'NONE', #2309, #460 ) ;
#1579 = LINE ( 'NONE', #2839, #3049 ) ;
#1580 = ORIENTED_EDGE ( 'NONE', *, *, #2591, .F. ) ;
#1581 = VERTEX_POINT ( 'NONE', #1288 ) ;
#1582 = VERTEX_POINT ( 'NONE', #2642 ) ;
#1583 = EDGE_CURVE ( 'NONE', #1104, #2391, #1837, .T. ) ;
#1584 = EDGE_CURVE ( 'NONE', #1868, #1426, #1565, .T. ) ;
#1585 = DIRECTION ( 'NONE',  ( 1.000000000000000000, 0.000000000000000000, 0.000000000000000000 ) ) ;
#1586 = VERTEX_POINT ( 'NONE', #777 ) ;
#1587 = LINE ( 'NONE', #2208, #3155 ) ;
#1588 = CARTESIAN_POINT ( 'NONE',  ( 9.000000000000003553, 7.500000000000000000, 0.5000000000000000000 ) ) ;
#1589 = ORIENTED_EDGE ( 'NONE', *, *, #2512, .F. ) ;
#1590 = DIRECTION ( 'NONE',  ( 1.000000000000000000, 0.000000000000000000, 0.000000000000000000 ) ) ;
#1591 = CARTESIAN_POINT ( 'NONE',  ( -13.50000000000000178, 7.500000000000000000, 3.000000000000000000 ) ) ;
#1592 = DIRECTION ( 'NONE',  ( 0.000000000000000000, -0.000000000000000000, 1.000000000000000000 ) ) ;
#1593 = ORIENTED_EDGE ( 'NONE', *, *, #2020, .T. ) ;
#1594 = AXIS2_PLACEMENT_3D ( 'NONE', #3191, #1044, #48 ) ;
#1595 = CARTESIAN_POINT ( 'NONE',  ( -13.50000000000000000, -2.500000000000000444, 0.000000000000000000 ) ) ;
#1596 = CARTESIAN_POINT ( 'NONE',  ( 15.00000000000000355, -7.500000000000000000, 0.5000000000000000000 ) ) ;
#1597 = VECTOR ( 'NONE', #2813, 1000.000000000000000 ) ;
#1598 = EDGE_LOOP ( 'NONE', ( #1909, #890, #201, #2889 ) ) ;
#1599 = VERTEX_POINT ( 'NONE', #2621 ) ;
#1600 = CIRCLE ( 'NONE', #782, 0.5000000000000004441 ) ;
#1601 = LINE ( 'NONE', #2158, #457 ) ;
#1602 = AXIS2_PLACEMENT_3D ( 'NONE', #127, #1137, #108 ) ;
#1603 = ORIENTED_EDGE ( 'NONE', *, *, #992, .F. ) ;
#1604 = CARTESIAN_POINT ( 'NONE',  ( -3.309999999999999609, 0.000000000000000000, 3.000000000000000000 ) ) ;
#1605 = DIRECTION ( 'NONE',  ( -1.000000000000000000, -0.000000000000000000, -0.000000000000000000 ) ) ;
#1606 = EDGE_LOOP ( 'NONE', ( #330, #2966, #1277, #974, #2688 ) ) ;
#1607 = AXIS2_PLACEMENT_3D ( 'NONE', #1595, #2392, #35 ) ;
#1608 = ORIENTED_EDGE ( 'NONE', *, *, #2824, .F. ) ;
#1609 = EDGE_CURVE ( 'NONE', #3221, #1667, #809, .T. ) ;
#1610 = AXIS2_PLACEMENT_3D ( 'NONE', #2025, #3140, #488 ) ;
#1611 = CARTESIAN_POINT ( 'NONE',  ( -4.900000000000000355, -5.181818181818181657, 3.000000000000000000 ) ) ;
#1612 = CYLINDRICAL_SURFACE ( 'NONE', #1594, 0.5000000000000004441 ) ;
#1613 = CARTESIAN_POINT ( 'NONE',  ( 13.50000000000000355, -7.500000000000000000, 0.4999999999999998890 ) ) ;
#1614 = EDGE_CURVE ( 'NONE', #1426, #1857, #3096, .T. ) ;
#1615 = ORIENTED_EDGE ( 'NONE', *, *, #711, .T. ) ;
#1616 = CARTESIAN_POINT ( 'NONE',  ( -0.4999999999999996669, 4.623040125285525548, 1.000000000000000000 ) ) ;
#1617 = DIRECTION ( 'NONE',  ( 1.000000000000000000, 1.156482317317871478E-16, -0.000000000000000000 ) ) ;
#1618 = VERTEX_POINT ( 'NONE', #2729 ) ;
#1619 = VECTOR ( 'NONE', #2421, 1000.000000000000000 ) ;
#1620 = ORIENTED_EDGE ( 'NONE', *, *, #396, .F. ) ;
#1621 = CARTESIAN_POINT ( 'NONE',  ( -3.800000000000000266, -5.181818181818181657, 0.000000000000000000 ) ) ;
#1622 = EDGE_CURVE ( 'NONE', #1076, #1573, #3325, .T. ) ;
#1623 = CIRCLE ( 'NONE', #3046, 3.560000000000000497 ) ;
#1624 = ORIENTED_EDGE ( 'NONE', *, *, #1522, .F. ) ;
#1625 = CIRCLE ( 'NONE', #861, 5.500000000000000888 ) ;
#1626 = FACE_OUTER_BOUND ( 'NONE', #486, .T. ) ;
#1627 = EDGE_LOOP ( 'NONE', ( #1589, #1226, #2855, #2780 ) ) ;
#1628 = AXIS2_PLACEMENT_3D ( 'NONE', #227, #3368, #2063 ) ;
#1629 = DIRECTION ( 'NONE',  ( 0.000000000000000000, 0.000000000000000000, 1.000000000000000000 ) ) ;
#1630 = CARTESIAN_POINT ( 'NONE',  ( 0.000000000000000000, 0.000000000000000000, 0.000000000000000000 ) ) ;
#1631 = LINE ( 'NONE', #81, #1619 ) ;
#1632 = EDGE_CURVE ( 'NONE', #137, #735, #33, .T. ) ;
#1633 = ADVANCED_FACE ( 'NONE', ( #2135 ), #1099, .F. ) ;
#1634 = VERTEX_POINT ( 'NONE', #1669 ) ;
#1635 = CYLINDRICAL_SURFACE ( 'NONE', #15, 0.5000000000000013323 ) ;
#1636 = EDGE_CURVE ( 'NONE', #2274, #2216, #1116, .T. ) ;
#1637 = CARTESIAN_POINT ( 'NONE',  ( -7.500000000000001776, -3.500000000000000444, 0.000000000000000000 ) ) ;
#1638 = ADVANCED_FACE ( 'NONE', ( #2917 ), #363, .F. ) ;
#1639 = EDGE_LOOP ( 'NONE', ( #1678, #2568, #287, #1038 ) ) ;
#1640 = EDGE_LOOP ( 'NONE', ( #1041, #331, #1049, #1433 ) ) ;
#1641 = CARTESIAN_POINT ( 'NONE',  ( -6.099999999999999645, 0.000000000000000000, 0.000000000000000000 ) ) ;
#1642 = ORIENTED_EDGE ( 'NONE', *, *, #2950, .T. ) ;
#1643 = CARTESIAN_POINT ( 'NONE',  ( -6.099999999999999645, 0.4999999999999995559, 0.000000000000000000 ) ) ;
#1644 = ORIENTED_EDGE ( 'NONE', *, *, #829, .F. ) ;
#1645 = DIRECTION ( 'NONE',  ( 0.000000000000000000, 0.000000000000000000, -1.000000000000000000 ) ) ;
#1646 = CARTESIAN_POINT ( 'NONE',  ( -3.799999999999999822, 0.000000000000000000, 1.200000000000000178 ) ) ;
#1647 = LINE ( 'NONE', #2687, #1548 ) ;
#1648 = CIRCLE ( 'NONE', #55, 0.5000000000000000000 ) ;
#1649 = ORIENTED_EDGE ( 'NONE', *, *, #1902, .T. ) ;
#1650 = DIRECTION ( 'NONE',  ( 0.000000000000000000, 0.000000000000000000, 1.000000000000000000 ) ) ;
#1651 = CARTESIAN_POINT ( 'NONE',  ( -0.4999999999999982792, -5.310000000000000497, 3.000000000000000000 ) ) ;
#1652 = ORIENTED_EDGE ( 'NONE', *, *, #943, .F. ) ;
#1653 = ORIENTED_EDGE ( 'NONE', *, *, #2451, .F. ) ;
#1654 = EDGE_CURVE ( 'NONE', #2386, #2567, #2179, .T. ) ;
#1655 = LINE ( 'NONE', #1194, #2689 ) ;
#1656 = AXIS2_PLACEMENT_3D ( 'NONE', #1951, #3001, #1748 ) ;
#1657 = VERTEX_POINT ( 'NONE', #1150 ) ;
#1658 = CARTESIAN_POINT ( 'NONE',  ( -13.50000000000000000, -7.500000000000000000, 0.000000000000000000 ) ) ;
#1659 = AXIS2_PLACEMENT_3D ( 'NONE', #2546, #3132, #1506 ) ;
#1660 = VERTEX_POINT ( 'NONE', #2412 ) ;
#1661 = FACE_OUTER_BOUND ( 'NONE', #2311, .T. ) ;
#1662 = DIRECTION ( 'NONE',  ( -0.000000000000000000, -0.000000000000000000, 1.000000000000000000 ) ) ;
#1663 = DIRECTION ( 'NONE',  ( 0.000000000000000000, 1.000000000000000000, 0.000000000000000000 ) ) ;
#1664 = ORIENTED_EDGE ( 'NONE', *, *, #3273, .F. ) ;
#1665 = EDGE_CURVE ( 'NONE', #2567, #2416, #3216, .T. ) ;
#1666 = VECTOR ( 'NONE', #228, 1000.000000000000000 ) ;
#1667 = VERTEX_POINT ( 'NONE', #2691 ) ;
#1668 = CARTESIAN_POINT ( 'NONE',  ( 14.50000000000000000, 7.500000000000000000, -10.00000000000000000 ) ) ;
#1669 = CARTESIAN_POINT ( 'NONE',  ( 8.500000000000000000, 7.500000000000000000, -10.00000000000000000 ) ) ;
#1670 = ORIENTED_EDGE ( 'NONE', *, *, #1483, .F. ) ;
#1671 = ORIENTED_EDGE ( 'NONE', *, *, #310, .T. ) ;
#1672 = LINE ( 'NONE', #2733, #1188 ) ;
#1673 = LINE ( 'NONE', #649, #1103 ) ;
#1674 = EDGE_CURVE ( 'NONE', #2398, #2019, #2987, .T. ) ;
#1675 = ORIENTED_EDGE ( 'NONE', *, *, #992, .T. ) ;
#1676 = CARTESIAN_POINT ( 'NONE',  ( 14.50000000000000000, -7.500000000000000000, -10.00000000000000000 ) ) ;
#1677 = AXIS2_PLACEMENT_3D ( 'NONE', #1413, #349, #1397 ) ;
#1678 = ORIENTED_EDGE ( 'NONE', *, *, #3072, .F. ) ;
#1679 = AXIS2_PLACEMENT_3D ( 'NONE', #3288, #2822, #1448 ) ;
#1680 = CYLINDRICAL_SURFACE ( 'NONE', #1289, 4.000000000000000000 ) ;
#1681 = PLANE ( 'NONE',  #1707 ) ;
#1682 = DIRECTION ( 'NONE',  ( -0.000000000000000000, -0.000000000000000000, -1.000000000000000000 ) ) ;
#1683 = VECTOR ( 'NONE', #1303, 1000.000000000000000 ) ;
#1684 = ORIENTED_EDGE ( 'NONE', *, *, #3125, .F. ) ;
#1685 = DIRECTION ( 'NONE',  ( -0.000000000000000000, 1.000000000000000000, -0.000000000000000000 ) ) ;
#1686 = CARTESIAN_POINT ( 'NONE',  ( -13.50000000000000178, 1.499999999999999556, 3.000000000000000000 ) ) ;
#1687 = ORIENTED_EDGE ( 'NONE', *, *, #2654, .F. ) ;
#1688 = VERTEX_POINT ( 'NONE', #103 ) ;
#1689 = CARTESIAN_POINT ( 'NONE',  ( -5.599999999999998757, 2.000000000000000000, 0.000000000000000000 ) ) ;
#1690 = LINE ( 'NONE', #2479, #2214 ) ;
#1691 = EDGE_LOOP ( 'NONE', ( #3361, #3005, #1280, #1485 ) ) ;
#1692 = EDGE_CURVE ( 'NONE', #3308, #1392, #1936, .T. ) ;
#1693 = EDGE_CURVE ( 'NONE', #346, #834, #252, .T. ) ;
#1694 = CARTESIAN_POINT ( 'NONE',  ( -13.50000000000000178, 3.499999999999999556, 0.000000000000000000 ) ) ;
#1695 = EDGE_LOOP ( 'NONE', ( #1315, #2599, #1574, #932 ) ) ;
#1696 = CARTESIAN_POINT ( 'NONE',  ( -6.100000000000000533, 6.000000000000000000, 0.000000000000000000 ) ) ;
#1697 = CARTESIAN_POINT ( 'NONE',  ( 3.799999999999999822, 4.653657836759942730E-16, 1.000000000000000000 ) ) ;
#1698 = CARTESIAN_POINT ( 'NONE',  ( -13.50000000000000178, -5.500000000000000000, 0.000000000000000000 ) ) ;
#1699 = VERTEX_POINT ( 'NONE', #1686 ) ;
#1700 = PLANE ( 'NONE',  #683 ) ;
#1701 = CARTESIAN_POINT ( 'NONE',  ( 1.734723475976807094E-15, 0.000000000000000000, 2.999999999999999112 ) ) ;
#1702 = DIRECTION ( 'NONE',  ( 0.000000000000000000, 0.000000000000000000, 1.000000000000000000 ) ) ;
#1703 = CARTESIAN_POINT ( 'NONE',  ( -6.100000000000000533, 4.000000000000000000, 0.000000000000000000 ) ) ;
#1704 = LINE ( 'NONE', #1923, #566 ) ;
#1705 = EDGE_CURVE ( 'NONE', #2831, #3308, #3051, .T. ) ;
#1706 = VERTEX_POINT ( 'NONE', #1133 ) ;
#1707 = AXIS2_PLACEMENT_3D ( 'NONE', #1884, #2672, #2439 ) ;
#1708 = PLANE ( 'NONE',  #2155 ) ;
#1709 = EDGE_LOOP ( 'NONE', ( #2956, #1687, #2329, #1715 ) ) ;
#1710 = VECTOR ( 'NONE', #1164, 1000.000000000000000 ) ;
#1711 = ORIENTED_EDGE ( 'NONE', *, *, #416, .F. ) ;
#1712 = LINE ( 'NONE', #1435, #1020 ) ;
#1713 = CARTESIAN_POINT ( 'NONE',  ( -6.099999999999999645, -1.500000000000000444, 0.000000000000000000 ) ) ;
#1714 = AXIS2_PLACEMENT_3D ( 'NONE', #1676, #1745, #3307 ) ;
#1715 = ORIENTED_EDGE ( 'NONE', *, *, #2848, .T. ) ;
#1716 = ORIENTED_EDGE ( 'NONE', *, *, #2694, .T. ) ;
#1717 = DIRECTION ( 'NONE',  ( 1.000000000000000000, -9.414691248821327463E-14, 0.000000000000000000 ) ) ;
#1718 = DIRECTION ( 'NONE',  ( -1.000000000000000000, -0.000000000000000000, -0.000000000000000000 ) ) ;
#1719 = ADVANCED_FACE ( 'NONE', ( #2203 ), #2188, .F. ) ;
#1720 = AXIS2_PLACEMENT_3D ( 'NONE', #1000, #1536, #2579 ) ;
#1721 = ORIENTED_EDGE ( 'NONE', *, *, #1654, .F. ) ;
#1722 = CIRCLE ( 'NONE', #2763, 4.000000000000000000 ) ;
#1723 = LINE ( 'NONE', #3321, #425 ) ;
#1724 = ORIENTED_EDGE ( 'NONE', *, *, #877, .F. ) ;
#1725 = DIRECTION ( 'NONE',  ( -1.000000000000000000, 0.000000000000000000, 0.000000000000000000 ) ) ;
#1726 = EDGE_CURVE ( 'NONE', #3379, #1940, #881, .T. ) ;
#1727 = ORIENTED_EDGE ( 'NONE', *, *, #2572, .F. ) ;
#1728 = VECTOR ( 'NONE', #2294, 1000.000000000000000 ) ;
#1729 = CIRCLE ( 'NONE', #3268, 1.100000000000000311 ) ;
#1730 = DIRECTION ( 'NONE',  ( 0.000000000000000000, 0.000000000000000000, 1.000000000000000000 ) ) ;
#1731 =( LENGTH_UNIT ( ) NAMED_UNIT ( * ) SI_UNIT ( .MILLI., .METRE. ) );
#1732 = LINE ( 'NONE', #637, #1161 ) ;
#1733 = EDGE_LOOP ( 'NONE', ( #104, #2660, #673, #634 ) ) ;
#1734 = CIRCLE ( 'NONE', #2604, 0.5000000000000004441 ) ;
#1735 = CARTESIAN_POINT ( 'NONE',  ( 10.50000000000000000, -7.500000000000000000, -10.00000000000000000 ) ) ;
#1736 = EDGE_CURVE ( 'NONE', #1699, #1531, #1888, .T. ) ;
#1737 = EDGE_CURVE ( 'NONE', #1125, #1086, #239, .T. ) ;
#1738 = LINE ( 'NONE', #2818, #557 ) ;
#1739 = DIRECTION ( 'NONE',  ( 1.000000000000000000, 0.000000000000000000, 0.000000000000000000 ) ) ;
#1740 = AXIS2_PLACEMENT_3D ( 'NONE', #2151, #607, #2954 ) ;
#1741 = VECTOR ( 'NONE', #1080, 1000.000000000000000 ) ;
#1742 = CARTESIAN_POINT ( 'NONE',  ( 0.4999999999999987232, -7.500000000000000000, 3.000000000000000000 ) ) ;
#1743 = CARTESIAN_POINT ( 'NONE',  ( 4.900000000000000355, 5.181818181818186098, 0.000000000000000000 ) ) ;
#1744 = VERTEX_POINT ( 'NONE', #1637 ) ;
#1745 = DIRECTION ( 'NONE',  ( -1.000000000000000000, 0.000000000000000000, 0.000000000000000000 ) ) ;
#1746 = ORIENTED_EDGE ( 'NONE', *, *, #590, .F. ) ;
#1747 = CARTESIAN_POINT ( 'NONE',  ( 13.50000000000000178, -7.500000000000000000, -10.00000000000000000 ) ) ;
#1748 = DIRECTION ( 'NONE',  ( 1.000000000000000000, 0.000000000000000000, 0.000000000000000000 ) ) ;
#1749 = EDGE_LOOP ( 'NONE', ( #3262, #2423, #2887, #1373 ) ) ;
#1750 = ORIENTED_EDGE ( 'NONE', *, *, #3160, .F. ) ;
#1751 = DIRECTION ( 'NONE',  ( -0.000000000000000000, -0.000000000000000000, 1.000000000000000000 ) ) ;
#1752 = CARTESIAN_POINT ( 'NONE',  ( 14.50000000000000178, 7.500000000000000000, 0.4999999999999998890 ) ) ;
#1753 = LINE ( 'NONE', #1462, #314 ) ;
#1754 = EDGE_LOOP ( 'NONE', ( #929, #294, #3274, #2212 ) ) ;
#1755 = LINE ( 'NONE', #3024, #3383 ) ;
#1756 = EDGE_CURVE ( 'NONE', #2711, #3103, #623, .T. ) ;
#1757 = VERTEX_POINT ( 'NONE', #3021 ) ;
#1758 = CARTESIAN_POINT ( 'NONE',  ( 0.5000000000000000000, 7.500000000000000000, 0.000000000000000000 ) ) ;
#1759 = EDGE_LOOP ( 'NONE', ( #988, #2315, #2628, #1256 ) ) ;
#1760 = CIRCLE ( 'NONE', #1818, 3.799999999999999822 ) ;
#1761 = ORIENTED_EDGE ( 'NONE', *, *, #2787, .F. ) ;
#1762 = FACE_OUTER_BOUND ( 'NONE', #380, .T. ) ;
#1763 = DIRECTION ( 'NONE',  ( 1.000000000000000000, 0.000000000000000000, 0.000000000000000000 ) ) ;
#1764 = CARTESIAN_POINT ( 'NONE',  ( -13.50000000000000178, 7.500000000000000000, 0.000000000000000000 ) ) ;
#1765 = ORIENTED_EDGE ( 'NONE', *, *, #789, .F. ) ;
#1766 = VECTOR ( 'NONE', #732, 1000.000000000000000 ) ;
#1767 = LINE ( 'NONE', #1831, #243 ) ;
#1768 = ORIENTED_EDGE ( 'NONE', *, *, #763, .F. ) ;
#1769 = DIRECTION ( 'NONE',  ( 0.000000000000000000, -0.000000000000000000, 1.000000000000000000 ) ) ;
#1770 = DIRECTION ( 'NONE',  ( -0.000000000000000000, -0.000000000000000000, 1.000000000000000000 ) ) ;
#1771 = AXIS2_PLACEMENT_3D ( 'NONE', #556, #262, #1309 ) ;
#1772 = DIRECTION ( 'NONE',  ( -1.000000000000000000, -0.000000000000000000, -0.000000000000000000 ) ) ;
#1773 = FACE_OUTER_BOUND ( 'NONE', #1538, .T. ) ;
#1774 = VECTOR ( 'NONE', #472, 1000.000000000000000 ) ;
#1775 = VECTOR ( 'NONE', #2183, 1000.000000000000000 ) ;
#1776 = VERTEX_POINT ( 'NONE', #1234 ) ;
#1777 = EDGE_CURVE ( 'NONE', #2201, #598, #140, .T. ) ;
#1778 = DIRECTION ( 'NONE',  ( 0.000000000000000000, 0.000000000000000000, 1.000000000000000000 ) ) ;
#1779 = EDGE_CURVE ( 'NONE', #1990, #3124, #3062, .T. ) ;
#1780 = ORIENTED_EDGE ( 'NONE', *, *, #224, .F. ) ;
#1781 = VERTEX_POINT ( 'NONE', #919 ) ;
#1782 = DIRECTION ( 'NONE',  ( 1.000000000000000000, 0.000000000000000000, 0.000000000000000000 ) ) ;
#1783 = CARTESIAN_POINT ( 'NONE',  ( -1.734723475976807094E-15, -5.310000000000000497, 0.000000000000000000 ) ) ;
#1784 = FACE_OUTER_BOUND ( 'NONE', #3088, .T. ) ;
#1785 = ORIENTED_EDGE ( 'NONE', *, *, #3093, .F. ) ;
#1786 = VECTOR ( 'NONE', #1499, 1000.000000000000000 ) ;
#1787 = ORIENTED_EDGE ( 'NONE', *, *, #1551, .F. ) ;
#1788 = DIRECTION ( 'NONE',  ( -0.000000000000000000, -0.000000000000000000, 1.000000000000000000 ) ) ;
#1789 = CARTESIAN_POINT ( 'NONE',  ( 9.500000000000001776, -7.500000000000000000, -10.00000000000000000 ) ) ;
#1790 = CARTESIAN_POINT ( 'NONE',  ( -6.100000000000000533, 6.000000000000000000, 0.000000000000000000 ) ) ;
#1791 = AXIS2_PLACEMENT_3D ( 'NONE', #30, #586, #1590 ) ;
#1792 = CIRCLE ( 'NONE', #2342, 0.5000000000000013323 ) ;
#1793 = CARTESIAN_POINT ( 'NONE',  ( 12.50000000000000000, -7.500000000000000000, -10.00000000000000000 ) ) ;
#1794 = DIRECTION ( 'NONE',  ( 0.000000000000000000, 0.000000000000000000, 1.000000000000000000 ) ) ;
#1795 = AXIS2_PLACEMENT_3D ( 'NONE', #1701, #2524, #400 ) ;
#1796 = VERTEX_POINT ( 'NONE', #2277 ) ;
#1797 = CARTESIAN_POINT ( 'NONE',  ( -13.50000000000000178, 6.500000000000000000, 3.000000000000000000 ) ) ;
#1798 = ADVANCED_FACE ( 'NONE', ( #934 ), #2785, .F. ) ;
#1799 = EDGE_CURVE ( 'NONE', #2681, #1957, #951, .T. ) ;
#1800 = ORIENTED_EDGE ( 'NONE', *, *, #2005, .F. ) ;
#1801 = CARTESIAN_POINT ( 'NONE',  ( -7.500000000000001776, -4.500000000000000888, 3.000000000000000000 ) ) ;
#1802 = FACE_BOUND ( 'NONE', #3032, .T. ) ;
#1803 = EDGE_CURVE ( 'NONE', #1403, #598, #709, .T. ) ;
#1804 = CARTESIAN_POINT ( 'NONE',  ( -13.50000000000000178, 7.500000000000000000, 0.000000000000000000 ) ) ;
#1805 = LINE ( 'NONE', #3157, #279 ) ;
#1806 = CARTESIAN_POINT ( 'NONE',  ( -1.734723475976807094E-15, -5.310000000000000497, 3.000000000000000000 ) ) ;
#1807 = FACE_OUTER_BOUND ( 'NONE', #3232, .T. ) ;
#1808 = PLANE ( 'NONE',  #2556 ) ;
#1809 = ORIENTED_EDGE ( 'NONE', *, *, #729, .T. ) ;
#1810 = CARTESIAN_POINT ( 'NONE',  ( -6.100000000000000533, 5.500000000000000000, 3.000000000000000000 ) ) ;
#1811 = ADVANCED_FACE ( 'NONE', ( #122 ), #1955, .T. ) ;
#1812 = ORIENTED_EDGE ( 'NONE', *, *, #3374, .T. ) ;
#1813 = DIRECTION ( 'NONE',  ( 1.000000000000000000, 1.156482317317871478E-16, -0.000000000000000000 ) ) ;
#1814 = LINE ( 'NONE', #1246, #2210 ) ;
#1815 = DIRECTION ( 'NONE',  ( -0.000000000000000000, 1.000000000000000000, -0.000000000000000000 ) ) ;
#1816 = CARTESIAN_POINT ( 'NONE',  ( 4.563391365275702327, 3.070091081275472256, 7.200000000000001954 ) ) ;
#1817 = FACE_OUTER_BOUND ( 'NONE', #2640, .T. ) ;
#1818 = AXIS2_PLACEMENT_3D ( 'NONE', #13, #1094, #1079 ) ;
#1819 = AXIS2_PLACEMENT_3D ( 'NONE', #853, #2417, #2402 ) ;
#1820 = LINE ( 'NONE', #3163, #901 ) ;
#1821 = EDGE_CURVE ( 'NONE', #485, #406, #701, .T. ) ;
#1822 = CARTESIAN_POINT ( 'NONE',  ( -13.50000000000000178, 0.4999999999999995559, 3.000000000000000000 ) ) ;
#1823 = CIRCLE ( 'NONE', #1874, 3.309999999999999609 ) ;
#1824 = ORIENTED_EDGE ( 'NONE', *, *, #1871, .T. ) ;
#1825 = CARTESIAN_POINT ( 'NONE',  ( 12.50000000000000000, -7.500000000000000000, -10.00000000000000000 ) ) ;
#1826 = VECTOR ( 'NONE', #213, 1000.000000000000114 ) ;
#1827 = VERTEX_POINT ( 'NONE', #1497 ) ;
#1828 = DIRECTION ( 'NONE',  ( 1.000000000000000000, 0.000000000000000000, 0.000000000000000000 ) ) ;
#1829 = DIRECTION ( 'NONE',  ( -0.000000000000000000, -0.000000000000000000, -1.000000000000000000 ) ) ;
#1830 = ORIENTED_EDGE ( 'NONE', *, *, #115, .F. ) ;
#1831 = CARTESIAN_POINT ( 'NONE',  ( -5.500000000000000888, 0.000000000000000000, 7.200000000000001066 ) ) ;
#1832 = DIRECTION ( 'NONE',  ( 1.000000000000000000, 1.156482317317871478E-16, -0.000000000000000000 ) ) ;
#1833 = DIRECTION ( 'NONE',  ( -3.787379036400652809E-16, 1.000000000000000000, 0.000000000000000000 ) ) ;
#1834 = EDGE_CURVE ( 'NONE', #3151, #2679, #2541, .T. ) ;
#1835 = ADVANCED_FACE ( 'NONE', ( #1994 ), #191, .F. ) ;
#1836 = DIRECTION ( 'NONE',  ( -0.000000000000000000, -0.000000000000000000, -1.000000000000000000 ) ) ;
#1837 = LINE ( 'NONE', #537, #1072 ) ;
#1838 = VECTOR ( 'NONE', #1405, 1000.000000000000000 ) ;
#1839 = ORIENTED_EDGE ( 'NONE', *, *, #3370, .T. ) ;
#1840 = AXIS2_PLACEMENT_3D ( 'NONE', #826, #52, #1872 ) ;
#1841 = ORIENTED_EDGE ( 'NONE', *, *, #2348, .F. ) ;
#1842 = CYLINDRICAL_SURFACE ( 'NONE', #2536, 1.100000000000000311 ) ;
#1843 = AXIS2_PLACEMENT_3D ( 'NONE', #569, #2389, #292 ) ;
#1844 = ORIENTED_EDGE ( 'NONE', *, *, #315, .T. ) ;
#1845 = DIRECTION ( 'NONE',  ( 1.000000000000000000, 0.000000000000000000, 0.000000000000000000 ) ) ;
#1846 = DIRECTION ( 'NONE',  ( -1.000000000000000000, 0.000000000000000000, 0.000000000000000000 ) ) ;
#1847 = ORIENTED_EDGE ( 'NONE', *, *, #829, .T. ) ;
#1848 = DIRECTION ( 'NONE',  ( 1.000000000000000000, 0.000000000000000000, 0.000000000000000000 ) ) ;
#1849 = CARTESIAN_POINT ( 'NONE',  ( -0.5000000000000000000, 7.500000000000000000, 3.000000000000000000 ) ) ;
#1850 = CARTESIAN_POINT ( 'NONE',  ( 0.4999999999999994449, -8.531472846220966133, 0.000000000000000000 ) ) ;
#1851 = EDGE_CURVE ( 'NONE', #1926, #1928, #2560, .T. ) ;
#1852 = ORIENTED_EDGE ( 'NONE', *, *, #2591, .T. ) ;
#1853 = DIRECTION ( 'NONE',  ( -1.000000000000000000, 0.000000000000000000, 0.000000000000000000 ) ) ;
#1854 = CARTESIAN_POINT ( 'NONE',  ( -7.500000000000001776, -4.500000000000000888, 0.000000000000000000 ) ) ;
#1855 = EDGE_CURVE ( 'NONE', #1395, #796, #921, .T. ) ;
#1856 = ORIENTED_EDGE ( 'NONE', *, *, #1544, .F. ) ;
#1857 = VERTEX_POINT ( 'NONE', #2244 ) ;
#1858 = DIRECTION ( 'NONE',  ( 1.000000000000000000, 0.000000000000000000, 0.000000000000000000 ) ) ;
#1859 = EDGE_CURVE ( 'NONE', #2019, #1582, #679, .T. ) ;
#1860 = ORIENTED_EDGE ( 'NONE', *, *, #206, .F. ) ;
#1861 = CARTESIAN_POINT ( 'NONE',  ( -5.600000000000000533, 6.000000000000000000, 0.000000000000000000 ) ) ;
#1862 = CARTESIAN_POINT ( 'NONE',  ( -13.50000000000000178, 7.500000000000000000, 3.000000000000000000 ) ) ;
#1863 = ORIENTED_EDGE ( 'NONE', *, *, #1016, .F. ) ;
#1864 = ORIENTED_EDGE ( 'NONE', *, *, #2919, .T. ) ;
#1865 = DIRECTION ( 'NONE',  ( -1.000000000000000000, 0.000000000000000000, -0.000000000000000000 ) ) ;
#1866 = CARTESIAN_POINT ( 'NONE',  ( -3.309999999999999609, 0.000000000000000000, 3.000000000000000000 ) ) ;
#1867 = CARTESIAN_POINT ( 'NONE',  ( -13.50000000000000178, 7.500000000000000000, 0.000000000000000000 ) ) ;
#1868 = VERTEX_POINT ( 'NONE', #1425 ) ;
#1869 = CIRCLE ( 'NONE', #2265, 3.560000000000000497 ) ;
#1870 = CARTESIAN_POINT ( 'NONE',  ( -0.4999999999999997780, 5.477225575051662076, 3.000000000000000000 ) ) ;
#1871 = EDGE_CURVE ( 'NONE', #1699, #1097, #1753, .T. ) ;
#1872 = DIRECTION ( 'NONE',  ( 1.000000000000000000, 0.000000000000000000, 0.000000000000000000 ) ) ;
#1873 = ORIENTED_EDGE ( 'NONE', *, *, #1361, .T. ) ;
#1874 = AXIS2_PLACEMENT_3D ( 'NONE', #2415, #300, #869 ) ;
#1875 = LINE ( 'NONE', #1346, #2321 ) ;
#1876 = ORIENTED_EDGE ( 'NONE', *, *, #3100, .T. ) ;
#1877 = EDGE_CURVE ( 'NONE', #2696, #3293, #1454, .T. ) ;
#1878 = ADVANCED_FACE ( 'NONE', ( #3264 ), #2511, .F. ) ;
#1879 = CARTESIAN_POINT ( 'NONE',  ( -1.734723475976807094E-15, -4.809999999999999609, 0.000000000000000000 ) ) ;
#1880 = CIRCLE ( 'NONE', #2163, 3.309999999999999609 ) ;
#1881 = VERTEX_POINT ( 'NONE', #694 ) ;
#1882 = AXIS2_PLACEMENT_3D ( 'NONE', #2303, #2849, #2079 ) ;
#1883 = DIRECTION ( 'NONE',  ( 0.000000000000000000, -0.000000000000000000, -1.000000000000000000 ) ) ;
#1884 = CARTESIAN_POINT ( 'NONE',  ( 0.000000000000000000, 0.000000000000000000, -10.00000000000000000 ) ) ;
#1885 = CARTESIAN_POINT ( 'NONE',  ( -13.50000000000000178, 6.500000000000000000, 0.000000000000000000 ) ) ;
#1886 = ORIENTED_EDGE ( 'NONE', *, *, #2472, .F. ) ;
#1887 = LINE ( 'NONE', #2933, #3201 ) ;
#1888 = LINE ( 'NONE', #2969, #645 ) ;
#1889 = AXIS2_PLACEMENT_3D ( 'NONE', #1996, #3043, #3063 ) ;
#1890 = ORIENTED_EDGE ( 'NONE', *, *, #964, .F. ) ;
#1891 = CIRCLE ( 'NONE', #1952, 0.5000000000000000000 ) ;
#1892 = ORIENTED_EDGE ( 'NONE', *, *, #301, .T. ) ;
#1893 = CYLINDRICAL_SURFACE ( 'NONE', #2751, 5.500000000000000888 ) ;
#1894 = VECTOR ( 'NONE', #2196, 1000.000000000000000 ) ;
#1895 = ORIENTED_EDGE ( 'NONE', *, *, #770, .F. ) ;
#1896 = DIRECTION ( 'NONE',  ( -0.000000000000000000, -0.000000000000000000, 1.000000000000000000 ) ) ;
#1897 = EDGE_CURVE ( 'NONE', #2216, #3243, #751, .T. ) ;
#1898 = VERTEX_POINT ( 'NONE', #1577 ) ;
#1899 = CARTESIAN_POINT ( 'NONE',  ( 7.500000000000001776, 7.500000000000000000, -10.00000000000000000 ) ) ;
#1900 = DIRECTION ( 'NONE',  ( 0.000000000000000000, 0.000000000000000000, 1.000000000000000000 ) ) ;
#1901 = CARTESIAN_POINT ( 'NONE',  ( 8.500000000000000000, 7.500000000000000000, -10.00000000000000000 ) ) ;
#1902 = EDGE_CURVE ( 'NONE', #1796, #2533, #1891, .T. ) ;
#1903 = EDGE_LOOP ( 'NONE', ( #2256, #715, #2876, #639 ) ) ;
#1904 = DIRECTION ( 'NONE',  ( 1.000000000000000000, 0.000000000000000000, 0.000000000000000000 ) ) ;
#1905 = CARTESIAN_POINT ( 'NONE',  ( -6.100000000000000533, 4.000000000000000000, 0.000000000000000000 ) ) ;
#1906 = VERTEX_POINT ( 'NONE', #3142 ) ;
#1907 = EDGE_LOOP ( 'NONE', ( #2531, #410, #783, #2624 ) ) ;
#1908 = DIRECTION ( 'NONE',  ( -0.000000000000000000, -0.000000000000000000, -1.000000000000000000 ) ) ;
#1909 = ORIENTED_EDGE ( 'NONE', *, *, #1530, .F. ) ;
#1910 = CARTESIAN_POINT ( 'NONE',  ( 3.800000000000000266, 5.181818181818186098, 0.000000000000000000 ) ) ;
#1911 = ADVANCED_FACE ( 'NONE', ( #760 ), #2370, .F. ) ;
#1912 = ORIENTED_EDGE ( 'NONE', *, *, #2951, .F. ) ;
#1913 = CARTESIAN_POINT ( 'NONE',  ( -5.599999999999998757, 2.000000000000000000, 3.000000000000000000 ) ) ;
#1914 = LINE ( 'NONE', #1420, #2798 ) ;
#1915 = FACE_OUTER_BOUND ( 'NONE', #2144, .T. ) ;
#1916 = MECHANICAL_DESIGN_GEOMETRIC_PRESENTATION_REPRESENTATION (  '', ( #1151 ), #2308 ) ;
#1917 = VERTEX_POINT ( 'NONE', #3386 ) ;
#1918 = CARTESIAN_POINT ( 'NONE',  ( 11.00000000000000355, -7.500000000000000000, 0.5000000000000000000 ) ) ;
#1919 = DIRECTION ( 'NONE',  ( 1.000000000000000000, -0.000000000000000000, -0.000000000000000000 ) ) ;
#1920 = ADVANCED_FACE ( 'NONE', ( #743 ), #1032, .F. ) ;
#1921 = ORIENTED_EDGE ( 'NONE', *, *, #1444, .F. ) ;
#1922 = CARTESIAN_POINT ( 'NONE',  ( -6.100000000000000533, 6.500000000000000000, 3.000000000000000000 ) ) ;
#1923 = CARTESIAN_POINT ( 'NONE',  ( 11.00000000000000355, -7.500000000000000000, 1.000000000000001332 ) ) ;
#1924 = VECTOR ( 'NONE', #254, 1000.000000000000000 ) ;
#1925 = AXIS2_PLACEMENT_3D ( 'NONE', #1010, #990, #1528 ) ;
#1926 = VERTEX_POINT ( 'NONE', #1252 ) ;
#1927 = FACE_OUTER_BOUND ( 'NONE', #1068, .T. ) ;
#1928 = VERTEX_POINT ( 'NONE', #3350 ) ;
#1929 = DIRECTION ( 'NONE',  ( 0.000000000000000000, 0.000000000000000000, 1.000000000000000000 ) ) ;
#1930 = DIRECTION ( 'NONE',  ( 1.000000000000000000, 0.000000000000000000, 0.000000000000000000 ) ) ;
#1931 = DIRECTION ( 'NONE',  ( 1.000000000000000000, 0.000000000000000000, -0.000000000000000000 ) ) ;
#1932 = VECTOR ( 'NONE', #2868, 1000.000000000000000 ) ;
#1933 = AXIS2_PLACEMENT_3D ( 'NONE', #269, #2290, #758 ) ;
#1934 = ORIENTED_EDGE ( 'NONE', *, *, #669, .F. ) ;
#1935 = FACE_OUTER_BOUND ( 'NONE', #1691, .T. ) ;
#1936 = LINE ( 'NONE', #2426, #1130 ) ;
#1937 = ORIENTED_EDGE ( 'NONE', *, *, #1271, .F. ) ;
#1938 = EDGE_CURVE ( 'NONE', #1104, #3276, #1534, .T. ) ;
#1939 = EDGE_CURVE ( 'NONE', #2901, #188, #1062, .T. ) ;
#1940 = VERTEX_POINT ( 'NONE', #503 ) ;
#1941 = ORIENTED_EDGE ( 'NONE', *, *, #1991, .F. ) ;
#1942 = LINE ( 'NONE', #264, #2449 ) ;
#1943 = DIRECTION ( 'NONE',  ( 0.000000000000000000, 0.000000000000000000, 1.000000000000000000 ) ) ;
#1944 = ORIENTED_EDGE ( 'NONE', *, *, #1227, .T. ) ;
#1945 = CARTESIAN_POINT ( 'NONE',  ( -0.5000000000000000000, 7.500000000000000000, 0.000000000000000000 ) ) ;
#1946 = AXIS2_PLACEMENT_3D ( 'NONE', #1557, #2585, #251 ) ;
#1947 = ORIENTED_EDGE ( 'NONE', *, *, #225, .F. ) ;
#1948 = VECTOR ( 'NONE', #2463, 1000.000000000000000 ) ;
#1949 = DIRECTION ( 'NONE',  ( -0.000000000000000000, -0.000000000000000000, -1.000000000000000000 ) ) ;
#1950 = CARTESIAN_POINT ( 'NONE',  ( -4.650000000000000355, 0.000000000000000000, 1.000000000000000000 ) ) ;
#1951 = CARTESIAN_POINT ( 'NONE',  ( -6.099999999999999645, 2.000000000000000000, 0.000000000000000000 ) ) ;
#1952 = AXIS2_PLACEMENT_3D ( 'NONE', #1806, #2851, #2559 ) ;
#1953 = ORIENTED_EDGE ( 'NONE', *, *, #46, .F. ) ;
#1954 = LINE ( 'NONE', #707, #2328 ) ;
#1955 = CYLINDRICAL_SURFACE ( 'NONE', #2931, 5.500000000000000888 ) ;
#1956 = ADVANCED_FACE ( 'NONE', ( #1546 ), #535, .T. ) ;
#1957 = VERTEX_POINT ( 'NONE', #791 ) ;
#1958 = CARTESIAN_POINT ( 'NONE',  ( 13.00000000000000355, -7.500000000000000000, 0.5000000000000000000 ) ) ;
#1959 = DIRECTION ( 'NONE',  ( -0.000000000000000000, -0.000000000000000000, 1.000000000000000000 ) ) ;
#1960 = CIRCLE ( 'NONE', #2726, 0.5000000000000013323 ) ;
#1961 = PRODUCT_RELATED_PRODUCT_CATEGORY ( 'part', '', ( #75 ) ) ;
#1962 = CYLINDRICAL_SURFACE ( 'NONE', #1004, 0.5000000000000013323 ) ;
#1963 = ORIENTED_EDGE ( 'NONE', *, *, #711, .F. ) ;
#1964 = DIRECTION ( 'NONE',  ( -0.000000000000000000, -0.000000000000000000, 1.000000000000000000 ) ) ;
#1965 = ADVANCED_FACE ( 'NONE', ( #2836 ), #1015, .F. ) ;
#1966 = ORIENTED_EDGE ( 'NONE', *, *, #53, .T. ) ;
#1967 = DIRECTION ( 'NONE',  ( 1.000000000000000000, 0.000000000000000000, 0.000000000000000000 ) ) ;
#1968 = CARTESIAN_POINT ( 'NONE',  ( 15.00000000000000355, -7.500000000000000000, 0.5000000000000000000 ) ) ;
#1969 = DIRECTION ( 'NONE',  ( 1.000000000000000000, 0.000000000000000000, 0.000000000000000000 ) ) ;
#1970 = ORIENTED_EDGE ( 'NONE', *, *, #451, .T. ) ;
#1971 = EDGE_LOOP ( 'NONE', ( #3166, #3080, #2313, #807 ) ) ;
#1972 = CIRCLE ( 'NONE', #293, 3.309999999999999609 ) ;
#1973 = LINE ( 'NONE', #1735, #1223 ) ;
#1974 = PRODUCT_DEFINITION_FORMATION_WITH_SPECIFIED_SOURCE ( 'ANY', '', #75, .NOT_KNOWN. ) ;
#1975 = CARTESIAN_POINT ( 'NONE',  ( 9.000000000000003553, -7.500000000000000000, 0.5000000000000000000 ) ) ;
#1976 = EDGE_CURVE ( 'NONE', #1307, #2550, #420, .T. ) ;
#1977 = CARTESIAN_POINT ( 'NONE',  ( 3.309999999999999609, 4.053580905177738768E-16, 3.000000000000000000 ) ) ;
#1978 = DIRECTION ( 'NONE',  ( -0.000000000000000000, -0.000000000000000000, 1.000000000000000000 ) ) ;
#1979 = DIRECTION ( 'NONE',  ( -0.000000000000000000, -0.000000000000000000, 1.000000000000000000 ) ) ;
#1980 = ORIENTED_EDGE ( 'NONE', *, *, #729, .F. ) ;
#1981 = CIRCLE ( 'NONE', #2746, 0.5000000000000013323 ) ;
#1982 = DIRECTION ( 'NONE',  ( 0.000000000000000000, 0.000000000000000000, 1.000000000000000000 ) ) ;
#1983 = ORIENTED_EDGE ( 'NONE', *, *, #2228, .F. ) ;
#1984 = ADVANCED_FACE ( 'NONE', ( #2044 ), #1516, .F. ) ;
#1985 = ADVANCED_FACE ( 'NONE', ( #1817 ), #2882, .F. ) ;
#1986 = DIRECTION ( 'NONE',  ( 0.000000000000000000, 0.000000000000000000, 1.000000000000000000 ) ) ;
#1987 = DIRECTION ( 'NONE',  ( -0.000000000000000000, -0.000000000000000000, -1.000000000000000000 ) ) ;
#1988 = EDGE_LOOP ( 'NONE', ( #2298, #828, #3378, #1349 ) ) ;
#1989 = VECTOR ( 'NONE', #3358, 1000.000000000000000 ) ;
#1990 = VERTEX_POINT ( 'NONE', #2577 ) ;
#1991 = EDGE_CURVE ( 'NONE', #1097, #810, #427, .T. ) ;
#1992 = CARTESIAN_POINT ( 'NONE',  ( -1.734723475976807094E-15, -5.310000000000000497, 0.000000000000000000 ) ) ;
#1993 = CARTESIAN_POINT ( 'NONE',  ( -6.099999999999999645, 2.499999999999999556, 3.000000000000000000 ) ) ;
#1994 = FACE_OUTER_BOUND ( 'NONE', #1341, .T. ) ;
#1995 = VECTOR ( 'NONE', #1481, 1000.000000000000000 ) ;
#1996 = CARTESIAN_POINT ( 'NONE',  ( 3.800000000000000266, 5.181818181818186098, 0.000000000000000000 ) ) ;
#1997 = CARTESIAN_POINT ( 'NONE',  ( 10.50000000000000000, 7.500000000000000000, -10.00000000000000000 ) ) ;
#1998 = ORIENTED_EDGE ( 'NONE', *, *, #56, .T. ) ;
#1999 = CYLINDRICAL_SURFACE ( 'NONE', #1498, 0.5000000000000004441 ) ;
#2000 = ORIENTED_EDGE ( 'NONE', *, *, #3105, .F. ) ;
#2001 = VECTOR ( 'NONE', #2087, 1000.000000000000000 ) ;
#2002 = DIRECTION ( 'NONE',  ( -0.000000000000000000, 1.000000000000000000, -0.000000000000000000 ) ) ;
#2003 = DIRECTION ( 'NONE',  ( 0.000000000000000000, 1.000000000000000000, 0.000000000000000000 ) ) ;
#2004 = LINE ( 'NONE', #2725, #1710 ) ;
#2005 = EDGE_CURVE ( 'NONE', #2677, #3276, #3400, .T. ) ;
#2006 = ORIENTED_EDGE ( 'NONE', *, *, #925, .F. ) ;
#2007 = AXIS2_PLACEMENT_3D ( 'NONE', #1482, #681, #1222 ) ;
#2008 = CYLINDRICAL_SURFACE ( 'NONE', #1445, 0.5000000000000000000 ) ;
#2009 = ORIENTED_EDGE ( 'NONE', *, *, #3160, .T. ) ;
#2010 = DIRECTION ( 'NONE',  ( -0.000000000000000000, -0.000000000000000000, 1.000000000000000000 ) ) ;
#2011 = CARTESIAN_POINT ( 'NONE',  ( 0.000000000000000000, 0.000000000000000000, 3.000000000000000000 ) ) ;
#2012 = AXIS2_PLACEMENT_3D ( 'NONE', #329, #1394, #641 ) ;
#2013 = EDGE_CURVE ( 'NONE', #2363, #1087, #774, .T. ) ;
#2014 = CARTESIAN_POINT ( 'NONE',  ( 11.00000000000000355, -7.500000000000000000, 0.5000000000000000000 ) ) ;
#2015 = FACE_OUTER_BOUND ( 'NONE', #1101, .T. ) ;
#2016 = ORIENTED_EDGE ( 'NONE', *, *, #1212, .T. ) ;
#2017 = CARTESIAN_POINT ( 'NONE',  ( 13.50000000000000355, -7.500000000000000000, 0.4999999999999998890 ) ) ;
#2018 = ORIENTED_EDGE ( 'NONE', *, *, #1195, .T. ) ;
#2019 = VERTEX_POINT ( 'NONE', #1561 ) ;
#2020 = EDGE_CURVE ( 'NONE', #1667, #1581, #2603, .T. ) ;
#2021 = CARTESIAN_POINT ( 'NONE',  ( -6.099999999999999645, 2.000000000000000000, 0.000000000000000000 ) ) ;
#2022 = PRODUCT_CONTEXT ( 'NONE', #2170, 'mechanical' ) ;
#2023 = CARTESIAN_POINT ( 'NONE',  ( -13.50000000000000178, 0.4999999999999995559, 3.000000000000000000 ) ) ;
#2024 = ORIENTED_EDGE ( 'NONE', *, *, #2965, .F. ) ;
#2025 = CARTESIAN_POINT ( 'NONE',  ( -13.50000000000000178, -4.500000000000000888, 0.000000000000000000 ) ) ;
#2026 = VERTEX_POINT ( 'NONE', #1045 ) ;
#2027 = DIRECTION ( 'NONE',  ( -0.000000000000000000, 1.000000000000000000, 0.000000000000000000 ) ) ;
#2028 = DIRECTION ( 'NONE',  ( -0.000000000000000000, 1.000000000000000000, 0.000000000000000000 ) ) ;
#2029 = EDGE_CURVE ( 'NONE', #319, #1657, #618, .T. ) ;
#2030 = CARTESIAN_POINT ( 'NONE',  ( -13.50000000000000000, -2.500000000000000444, 3.000000000000000000 ) ) ;
#2031 = EDGE_CURVE ( 'NONE', #1489, #747, #1407, .T. ) ;
#2032 = DIRECTION ( 'NONE',  ( -0.000000000000000000, 1.000000000000000000, -0.000000000000000000 ) ) ;
#2033 = ORIENTED_EDGE ( 'NONE', *, *, #1614, .T. ) ;
#2034 = CARTESIAN_POINT ( 'NONE',  ( 0.000000000000000000, 0.000000000000000000, 3.000000000000000000 ) ) ;
#2035 = ORIENTED_EDGE ( 'NONE', *, *, #54, .F. ) ;
#2036 = VECTOR ( 'NONE', #2093, 1000.000000000000000 ) ;
#2037 = EDGE_LOOP ( 'NONE', ( #1844, #1529, #1934, #650, #1711 ) ) ;
#2038 = CARTESIAN_POINT ( 'NONE',  ( -7.500000000000001776, -6.000000000000000000, 3.000000000000000000 ) ) ;
#2039 = ORIENTED_EDGE ( 'NONE', *, *, #3015, .F. ) ;
#2040 = AXIS2_PLACEMENT_3D ( 'NONE', #514, #756, #1312 ) ;
#2041 = VECTOR ( 'NONE', #3171, 1000.000000000000000 ) ;
#2042 = CARTESIAN_POINT ( 'NONE',  ( -13.50000000000000178, -5.500000000000000000, 0.000000000000000000 ) ) ;
#2043 = DIRECTION ( 'NONE',  ( 0.000000000000000000, -1.000000000000000000, 0.000000000000000000 ) ) ;
#2044 = FACE_OUTER_BOUND ( 'NONE', #6, .T. ) ;
#2045 = AXIS2_PLACEMENT_3D ( 'NONE', #1429, #1175, #3234 ) ;
#2046 = CARTESIAN_POINT ( 'NONE',  ( 0.5000000000000000000, 7.500000000000000000, 0.000000000000000000 ) ) ;
#2047 = CARTESIAN_POINT ( 'NONE',  ( -6.099999999999999645, 2.000000000000000000, 0.000000000000000000 ) ) ;
#2048 = VECTOR ( 'NONE', #2986, 1000.000000000000000 ) ;
#2049 = EDGE_CURVE ( 'NONE', #872, #263, #2929, .T. ) ;
#2050 = ADVANCED_FACE ( 'NONE', ( #309 ), #1340, .T. ) ;
#2051 = VECTOR ( 'NONE', #1815, 1000.000000000000000 ) ;
#2052 = ORIENTED_EDGE ( 'NONE', *, *, #2678, .F. ) ;
#2053 = DIRECTION ( 'NONE',  ( 1.000000000000000000, 0.000000000000000000, 0.000000000000000000 ) ) ;
#2054 = EDGE_CURVE ( 'NONE', #2901, #2946, #823, .T. ) ;
#2055 = EDGE_LOOP ( 'NONE', ( #461, #1358, #266, #691, #2645, #1452, #868, #1310 ) ) ;
#2056 = ORIENTED_EDGE ( 'NONE', *, *, #1632, .F. ) ;
#2057 = CARTESIAN_POINT ( 'NONE',  ( 8.500000000000000000, -7.500000000000000000, 0.4999999999999998890 ) ) ;
#2058 = SURFACE_SIDE_STYLE ('',( #718 ) ) ;
#2059 = CIRCLE ( 'NONE', #361, 3.799999999999999822 ) ;
#2060 = VECTOR ( 'NONE', #1357, 1000.000000000000000 ) ;
#2061 = DIRECTION ( 'NONE',  ( 0.000000000000000000, 0.000000000000000000, 1.000000000000000000 ) ) ;
#2062 = PLANE ( 'NONE',  #674 ) ;
#2063 = DIRECTION ( 'NONE',  ( 1.000000000000000000, 0.000000000000000000, 0.000000000000000000 ) ) ;
#2064 = VECTOR ( 'NONE', #1949, 1000.000000000000000 ) ;
#2065 = AXIS2_PLACEMENT_3D ( 'NONE', #1428, #2447, #1154 ) ;
#2066 = CARTESIAN_POINT ( 'NONE',  ( 0.000000000000000000, 0.000000000000000000, 7.200000000000001066 ) ) ;
#2067 = CARTESIAN_POINT ( 'NONE',  ( -6.099999999999999645, -2.000000000000000000, 0.000000000000000000 ) ) ;
#2068 = EDGE_CURVE ( 'NONE', #735, #298, #875, .T. ) ;
#2069 = AXIS2_PLACEMENT_3D ( 'NONE', #3230, #316, #1085 ) ;
#2070 = VERTEX_POINT ( 'NONE', #1112 ) ;
#2071 = EDGE_CURVE ( 'NONE', #2398, #1581, #32, .T. ) ;
#2072 = DIRECTION ( 'NONE',  ( 0.000000000000000000, 0.000000000000000000, 1.000000000000000000 ) ) ;
#2073 = CIRCLE ( 'NONE', #2945, 0.5000000000000013323 ) ;
#2074 = ORIENTED_EDGE ( 'NONE', *, *, #2803, .F. ) ;
#2075 = CARTESIAN_POINT ( 'NONE',  ( -13.50000000000000178, -6.500000000000000888, 3.000000000000000000 ) ) ;
#2076 = ADVANCED_FACE ( 'NONE', ( #100 ), #2132, .F. ) ;
#2077 = LINE ( 'NONE', #2023, #456 ) ;
#2078 = EDGE_CURVE ( 'NONE', #2381, #1634, #1631, .T. ) ;
#2079 = DIRECTION ( 'NONE',  ( 1.000000000000000000, 0.000000000000000000, 0.000000000000000000 ) ) ;
#2080 = CARTESIAN_POINT ( 'NONE',  ( -6.099999999999999645, 0.000000000000000000, 0.000000000000000000 ) ) ;
#2081 = DIRECTION ( 'NONE',  ( 1.000000000000000000, 3.787379036400652809E-16, 0.000000000000000000 ) ) ;
#2082 = CARTESIAN_POINT ( 'NONE',  ( -0.3804764266782945104, -0.5188314909249456264, 16.83339290700687485 ) ) ;
#2083 = DIRECTION ( 'NONE',  ( 1.000000000000000000, 0.000000000000000000, 0.000000000000000000 ) ) ;
#2084 = ORIENTED_EDGE ( 'NONE', *, *, #1096, .F. ) ;
#2085 = DIRECTION ( 'NONE',  ( 1.156482317317871478E-16, -1.000000000000000000, 0.000000000000000000 ) ) ;
#2086 = VERTEX_POINT ( 'NONE', #588 ) ;
#2087 = DIRECTION ( 'NONE',  ( -1.652117596168387756E-16, -0.000000000000000000, -1.000000000000000000 ) ) ;
#2088 = LINE ( 'NONE', #2875, #558 ) ;
#2089 = ORIENTED_EDGE ( 'NONE', *, *, #1938, .T. ) ;
#2090 = EDGE_CURVE ( 'NONE', #2670, #926, #2168, .T. ) ;
#2091 = EDGE_CURVE ( 'NONE', #1634, #45, #65, .T. ) ;
#2092 = DIRECTION ( 'NONE',  ( -0.000000000000000000, -0.000000000000000000, -1.000000000000000000 ) ) ;
#2093 = DIRECTION ( 'NONE',  ( 0.000000000000000000, 0.000000000000000000, 1.000000000000000000 ) ) ;
#2094 = DIRECTION ( 'NONE',  ( 1.000000000000000000, 0.000000000000000000, 0.000000000000000000 ) ) ;
#2095 = VECTOR ( 'NONE', #1930, 1000.000000000000000 ) ;
#2096 =( GEOMETRIC_REPRESENTATION_CONTEXT ( 3 ) GLOBAL_UNCERTAINTY_ASSIGNED_CONTEXT ( ( #395 ) ) GLOBAL_UNIT_ASSIGNED_CONTEXT ( ( #738, #1572, #1299 ) ) REPRESENTATION_CONTEXT ( 'NONE', 'WORKASPACE' ) );
#2097 = CARTESIAN_POINT ( 'NONE',  ( 0.4999999999999991673, 0.6818181818181827669, 16.77387595183884272 ) ) ;
#2098 = CARTESIAN_POINT ( 'NONE',  ( 0.000000000000000000, 0.000000000000000000, -10.00000000000000000 ) ) ;
#2099 = AXIS2_PLACEMENT_3D ( 'NONE', #781, #1778, #1585 ) ;
#2100 = ORIENTED_EDGE ( 'NONE', *, *, #2902, .T. ) ;
#2101 = ORIENTED_EDGE ( 'NONE', *, *, #3186, .T. ) ;
#2102 = DIRECTION ( 'NONE',  ( -0.000000000000000000, -0.000000000000000000, 1.000000000000000000 ) ) ;
#2103 = VECTOR ( 'NONE', #2661, 1000.000000000000000 ) ;
#2104 = VERTEX_POINT ( 'NONE', #549 ) ;
#2105 = VERTEX_POINT ( 'NONE', #3213 ) ;
#2106 = FACE_OUTER_BOUND ( 'NONE', #2667, .T. ) ;
#2107 = DIRECTION ( 'NONE',  ( -1.652117596168387756E-16, 0.000000000000000000, -1.000000000000000000 ) ) ;
#2108 = EDGE_CURVE ( 'NONE', #3195, #1881, #581, .T. ) ;
#2109 = ORIENTED_EDGE ( 'NONE', *, *, #2767, .T. ) ;
#2110 = LINE ( 'NONE', #47, #2600 ) ;
#2111 = EDGE_CURVE ( 'NONE', #2832, #2924, #1239, .T. ) ;
#2112 = CARTESIAN_POINT ( 'NONE',  ( -6.100000000000000533, 4.000000000000000000, 0.000000000000000000 ) ) ;
#2113 = CARTESIAN_POINT ( 'NONE',  ( 0.000000000000000000, 0.000000000000000000, -10.00000000000000000 ) ) ;
#2114 = ORIENTED_EDGE ( 'NONE', *, *, #3374, .F. ) ;
#2115 = DIRECTION ( 'NONE',  ( -0.5874629828246898944, 0.8092510388073147487, 0.000000000000000000 ) ) ;
#2116 = FACE_OUTER_BOUND ( 'NONE', #67, .T. ) ;
#2117 = CIRCLE ( 'NONE', #2336, 0.5000000000000013323 ) ;
#2118 = VERTEX_POINT ( 'NONE', #860 ) ;
#2119 = VECTOR ( 'NONE', #4, 1000.000000000000000 ) ;
#2120 = ORIENTED_EDGE ( 'NONE', *, *, #2071, .F. ) ;
#2121 = FACE_OUTER_BOUND ( 'NONE', #2827, .T. ) ;
#2122 = VECTOR ( 'NONE', #1371, 1000.000000000000000 ) ;
#2123 = ORIENTED_EDGE ( 'NONE', *, *, #2789, .F. ) ;
#2124 = DIRECTION ( 'NONE',  ( -0.000000000000000000, -0.000000000000000000, -1.000000000000000000 ) ) ;
#2125 = CARTESIAN_POINT ( 'NONE',  ( -0.4827754690797282366, 5.478770651017876858, 7.200000000000001954 ) ) ;
#2126 = EDGE_LOOP ( 'NONE', ( #317, #182, #2635, #938 ) ) ;
#2127 = ORIENTED_EDGE ( 'NONE', *, *, #2156, .F. ) ;
#2128 = ADVANCED_FACE ( 'NONE', ( #1915 ), #2198, .F. ) ;
#2129 = VECTOR ( 'NONE', #1237, 1000.000000000000000 ) ;
#2130 = DIRECTION ( 'NONE',  ( -1.000000000000000000, 0.000000000000000000, 0.000000000000000000 ) ) ;
#2131 = DIRECTION ( 'NONE',  ( 0.000000000000000000, -1.000000000000000000, 0.000000000000000000 ) ) ;
#2132 = PLANE ( 'NONE',  #365 ) ;
#2133 = ORIENTED_EDGE ( 'NONE', *, *, #1411, .F. ) ;
#2134 = CARTESIAN_POINT ( 'NONE',  ( -7.000000000000000888, -4.000000000000000000, 3.000000000000000000 ) ) ;
#2135 = FACE_OUTER_BOUND ( 'NONE', #2141, .T. ) ;
#2136 = EDGE_CURVE ( 'NONE', #2533, #2193, #2638, .T. ) ;
#2137 = ORIENTED_EDGE ( 'NONE', *, *, #757, .F. ) ;
#2138 = ORIENTED_EDGE ( 'NONE', *, *, #3198, .T. ) ;
#2139 = DIRECTION ( 'NONE',  ( 0.000000000000000000, 0.000000000000000000, -1.000000000000000000 ) ) ;
#2140 = EDGE_CURVE ( 'NONE', #584, #188, #2480, .T. ) ;
#2141 = EDGE_LOOP ( 'NONE', ( #819, #3052, #596, #1450 ) ) ;
#2142 = PRESENTATION_LAYER_ASSIGNMENT (  '', '', ( #1151 ) ) ;
#2143 = LINE ( 'NONE', #2651, #896 ) ;
#2144 = EDGE_LOOP ( 'NONE', ( #157, #2980, #753, #700, #1138, #1830, #1012, #2998, #644, #2089, #1800, #2186, #3065, #1244, #2376, #703, #1083, #515, #1166, #195, #2649, #2120, #1652, #665, #3121, #3169 ) ) ;
#2145 = LINE ( 'NONE', #3211, #1173 ) ;
#2146 = PLANE ( 'NONE',  #832 ) ;
#2147 = CARTESIAN_POINT ( 'NONE',  ( -7.500000000000001776, -6.000000000000000000, 3.000000000000000000 ) ) ;
#2148 = ORIENTED_EDGE ( 'NONE', *, *, #1939, .T. ) ;
#2149 = AXIS2_PLACEMENT_3D ( 'NONE', #3318, #2043, #2323 ) ;
#2150 = CARTESIAN_POINT ( 'NONE',  ( 16.50000000000000000, 7.500000000000000000, -10.00000000000000000 ) ) ;
#2151 = CARTESIAN_POINT ( 'NONE',  ( 1.762194958653875365E-15, -5.310000000000000497, 0.000000000000000000 ) ) ;
#2152 = AXIS2_PLACEMENT_3D ( 'NONE', #1588, #2180, #2925 ) ;
#2153 = ORIENTED_EDGE ( 'NONE', *, *, #310, .F. ) ;
#2154 = EDGE_LOOP ( 'NONE', ( #222, #205, #540, #3071 ) ) ;
#2155 = AXIS2_PLACEMENT_3D ( 'NONE', #407, #1725, #1982 ) ;
#2156 = EDGE_CURVE ( 'NONE', #2521, #1744, #120, .T. ) ;
#2157 = EDGE_CURVE ( 'NONE', #2608, #2316, #1647, .T. ) ;
#2158 = CARTESIAN_POINT ( 'NONE',  ( -0.5000000000000000000, 7.500000000000000000, 0.000000000000000000 ) ) ;
#2159 = ORIENTED_EDGE ( 'NONE', *, *, #2249, .F. ) ;
#2160 = ORIENTED_EDGE ( 'NONE', *, *, #3373, .F. ) ;
#2161 = CARTESIAN_POINT ( 'NONE',  ( 12.50000000000000000, -7.500000000000000000, 0.4999999999999998890 ) ) ;
#2162 = ADVANCED_FACE ( 'NONE', ( #136 ), #2758, .F. ) ;
#2163 = AXIS2_PLACEMENT_3D ( 'NONE', #160, #189, #1460 ) ;
#2164 = ORIENTED_EDGE ( 'NONE', *, *, #1291, .T. ) ;
#2165 = VECTOR ( 'NONE', #2419, 1000.000000000000000 ) ;
#2166 = DIRECTION ( 'NONE',  ( 1.156482317317871478E-16, 1.000000000000000000, -0.000000000000000000 ) ) ;
#2167 = PLANE ( 'NONE',  #2967 ) ;
#2168 = LINE ( 'NONE', #1613, #2060 ) ;
#2169 = VERTEX_POINT ( 'NONE', #2239 ) ;
#2170 = APPLICATION_CONTEXT ( 'automotive_design' ) ;
#2171 = DIRECTION ( 'NONE',  ( -0.8191520442889890230, -0.5735764363510501562, 0.000000000000000000 ) ) ;
#2172 = DIRECTION ( 'NONE',  ( 0.000000000000000000, 0.000000000000000000, 1.000000000000000000 ) ) ;
#2173 = ORIENTED_EDGE ( 'NONE', *, *, #1584, .F. ) ;
#2174 = AXIS2_PLACEMENT_3D ( 'NONE', #3277, #1929, #635 ) ;
#2175 = EDGE_LOOP ( 'NONE', ( #3209, #334, #1998, #2743 ) ) ;
#2176 = LINE ( 'NONE', #2627, #2211 ) ;
#2177 = CIRCLE ( 'NONE', #1518, 3.309999999999999609 ) ;
#2178 = ORIENTED_EDGE ( 'NONE', *, *, #3105, .T. ) ;
#2179 = CIRCLE ( 'NONE', #3217, 0.5000000000000000000 ) ;
#2180 = DIRECTION ( 'NONE',  ( 0.000000000000000000, 1.000000000000000000, 0.000000000000000000 ) ) ;
#2181 = VERTEX_POINT ( 'NONE', #1421 ) ;
#2182 = EDGE_CURVE ( 'NONE', #1917, #249, #445, .T. ) ;
#2183 = DIRECTION ( 'NONE',  ( -0.000000000000000000, -0.000000000000000000, 1.000000000000000000 ) ) ;
#2184 = DIRECTION ( 'NONE',  ( -0.000000000000000000, -0.000000000000000000, -1.000000000000000000 ) ) ;
#2185 = CARTESIAN_POINT ( 'NONE',  ( 0.000000000000000000, 0.000000000000000000, 1.449999999999999956 ) ) ;
#2186 = ORIENTED_EDGE ( 'NONE', *, *, #1551, .T. ) ;
#2187 = CARTESIAN_POINT ( 'NONE',  ( 0.4999999999999996669, 4.623040125285525548, 1.000000000000000000 ) ) ;
#2188 = PLANE ( 'NONE',  #2069 ) ;
#2189 = EDGE_LOOP ( 'NONE', ( #1148, #1209, #474, #2450, #1664 ) ) ;
#2190 = ORIENTED_EDGE ( 'NONE', *, *, #408, .T. ) ;
#2191 = DIRECTION ( 'NONE',  ( -0.000000000000000000, -0.000000000000000000, 1.000000000000000000 ) ) ;
#2192 = DIRECTION ( 'NONE',  ( 1.214255053933703751E-16, 1.000000000000000000, -0.000000000000000000 ) ) ;
#2193 = VERTEX_POINT ( 'NONE', #186 ) ;
#2194 = DIRECTION ( 'NONE',  ( -1.000000000000000000, 1.445602896647339163E-16, 0.000000000000000000 ) ) ;
#2195 = ORIENTED_EDGE ( 'NONE', *, *, #1439, .T. ) ;
#2196 = DIRECTION ( 'NONE',  ( -1.652117596168387756E-16, -0.000000000000000000, -1.000000000000000000 ) ) ;
#2197 = CARTESIAN_POINT ( 'NONE',  ( -13.50000000000000178, 6.500000000000000000, 0.000000000000000000 ) ) ;
#2198 = PLANE ( 'NONE',  #895 ) ;
#2199 = ADVANCED_FACE ( 'NONE', ( #1200 ), #1182, .T. ) ;
#2200 = ADVANCED_FACE ( 'NONE', ( #3297 ), #1326, .F. ) ;
#2201 = VERTEX_POINT ( 'NONE', #1713 ) ;
#2202 = PLANE ( 'NONE',  #1607 ) ;
#2203 = FACE_OUTER_BOUND ( 'NONE', #1027, .T. ) ;
#2204 = EDGE_LOOP ( 'NONE', ( #3340, #820, #3231, #1892 ) ) ;
#2205 = AXIS2_PLACEMENT_3D ( 'NONE', #418, #1204, #2258 ) ;
#2206 = VERTEX_POINT ( 'NONE', #914 ) ;
#2207 = VERTEX_POINT ( 'NONE', #2220 ) ;
#2208 = CARTESIAN_POINT ( 'NONE',  ( -0.4999999999999991673, -6.071275269668507664E-17, 1.000000000000000000 ) ) ;
#2209 = DIRECTION ( 'NONE',  ( 1.000000000000000000, -1.214255053933703751E-16, 0.000000000000000000 ) ) ;
#2210 = VECTOR ( 'NONE', #466, 1000.000000000000000 ) ;
#2211 = VECTOR ( 'NONE', #1052, 1000.000000000000000 ) ;
#2212 = ORIENTED_EDGE ( 'NONE', *, *, #1877, .T. ) ;
#2213 = CARTESIAN_POINT ( 'NONE',  ( -7.000000000000000888, -4.000000000000000000, 0.000000000000000000 ) ) ;
#2214 = VECTOR ( 'NONE', #664, 1000.000000000000000 ) ;
#2215 = ORIENTED_EDGE ( 'NONE', *, *, #2078, .F. ) ;
#2216 = VERTEX_POINT ( 'NONE', #2742 ) ;
#2217 = EDGE_CURVE ( 'NONE', #3276, #3379, #1732, .T. ) ;
#2218 = PLANE ( 'NONE',  #194 ) ;
#2219 = LINE ( 'NONE', #2238, #2682 ) ;
#2220 = CARTESIAN_POINT ( 'NONE',  ( -0.4571056322550007822, 3.973795973746105048, 7.200000000000001066 ) ) ;
#2221 = AXIS2_PLACEMENT_3D ( 'NONE', #295, #1393, #1098 ) ;
#2222 = CIRCLE ( 'NONE', #1791, 0.5000000000000004441 ) ;
#2223 = ADVANCED_FACE ( 'NONE', ( #2779 ), #433, .F. ) ;
#2224 = ORIENTED_EDGE ( 'NONE', *, *, #998, .T. ) ;
#2225 = DIRECTION ( 'NONE',  ( -1.000000000000000000, 0.000000000000000000, 0.000000000000000000 ) ) ;
#2226 = DIRECTION ( 'NONE',  ( 0.000000000000000000, 0.000000000000000000, 1.000000000000000000 ) ) ;
#2227 = DIRECTION ( 'NONE',  ( 0.000000000000000000, 0.000000000000000000, 1.000000000000000000 ) ) ;
#2228 = EDGE_CURVE ( 'NONE', #2946, #1423, #657, .T. ) ;
#2229 = CARTESIAN_POINT ( 'NONE',  ( 15.50000000000000178, -7.500000000000000000, -10.00000000000000000 ) ) ;
#2230 = CARTESIAN_POINT ( 'NONE',  ( -7.500000000000001776, -6.000000000000000000, 0.000000000000000000 ) ) ;
#2231 = ADVANCED_FACE ( 'NONE', ( #1231 ), #1456, .F. ) ;
#2232 = ORIENTED_EDGE ( 'NONE', *, *, #2902, .F. ) ;
#2233 = CYLINDRICAL_SURFACE ( 'NONE', #179, 0.5000000000000013323 ) ;
#2234 = AXIS2_PLACEMENT_3D ( 'NONE', #2038, #1028, #1845 ) ;
#2235 = ORIENTED_EDGE ( 'NONE', *, *, #1290, .T. ) ;
#2236 = VECTOR ( 'NONE', #2124, 1000.000000000000000 ) ;
#2237 = DIRECTION ( 'NONE',  ( 0.000000000000000000, 0.000000000000000000, 1.000000000000000000 ) ) ;
#2238 = CARTESIAN_POINT ( 'NONE',  ( -13.50000000000000000, -2.500000000000000444, 0.000000000000000000 ) ) ;
#2239 = CARTESIAN_POINT ( 'NONE',  ( -5.599999999999998757, 0.000000000000000000, 3.000000000000000000 ) ) ;
#2240 = AXIS2_PLACEMENT_3D ( 'NONE', #660, #3075, #722 ) ;
#2241 = EDGE_CURVE ( 'NONE', #1827, #1618, #2004, .T. ) ;
#2242 = ORIENTED_EDGE ( 'NONE', *, *, #2068, .T. ) ;
#2243 = DIRECTION ( 'NONE',  ( 1.000000000000000000, 0.000000000000000000, -1.652117596168387756E-16 ) ) ;
#2244 = CARTESIAN_POINT ( 'NONE',  ( -13.50000000000000178, 2.499999999999999556, 0.000000000000000000 ) ) ;
#2245 = DIRECTION ( 'NONE',  ( -1.000000000000000000, -0.000000000000000000, -0.000000000000000000 ) ) ;
#2246 = DIRECTION ( 'NONE',  ( -0.000000000000000000, -0.000000000000000000, 1.000000000000000000 ) ) ;
#2247 = CARTESIAN_POINT ( 'NONE',  ( -7.500000000000001776, -4.000000000000000000, 3.000000000000000000 ) ) ;
#2248 = ADVANCED_FACE ( 'NONE', ( #393 ), #2520, .F. ) ;
#2249 = EDGE_CURVE ( 'NONE', #2915, #209, #2271, .T. ) ;
#2250 = ORIENTED_EDGE ( 'NONE', *, *, #2739, .T. ) ;
#2251 = EDGE_CURVE ( 'NONE', #3185, #3306, #706, .T. ) ;
#2252 = DIRECTION ( 'NONE',  ( 1.214255053933703751E-16, -1.000000000000000000, 0.000000000000000000 ) ) ;
#2253 = ORIENTED_EDGE ( 'NONE', *, *, #3395, .T. ) ;
#2254 = DIRECTION ( 'NONE',  ( 1.000000000000000000, 0.000000000000000000, 0.000000000000000000 ) ) ;
#2255 = LINE ( 'NONE', #2488, #1434 ) ;
#2256 = ORIENTED_EDGE ( 'NONE', *, *, #2348, .T. ) ;
#2257 = LINE ( 'NONE', #2797, #2048 ) ;
#2258 = DIRECTION ( 'NONE',  ( -1.000000000000000000, 0.000000000000000000, 0.000000000000000000 ) ) ;
#2259 = DIRECTION ( 'NONE',  ( -0.000000000000000000, 1.000000000000000000, -0.000000000000000000 ) ) ;
#2260 = LINE ( 'NONE', #2801, #1247 ) ;
#2261 = DIRECTION ( 'NONE',  ( 1.000000000000000000, 0.000000000000000000, 0.000000000000000000 ) ) ;
#2262 = ORIENTED_EDGE ( 'NONE', *, *, #504, .T. ) ;
#2263 = EDGE_CURVE ( 'NONE', #1688, #105, #2255, .T. ) ;
#2264 = ADVANCED_FACE ( 'NONE', ( #3017 ), #672, .F. ) ;
#2265 = AXIS2_PLACEMENT_3D ( 'NONE', #773, #3385, #502 ) ;
#2266 = DIRECTION ( 'NONE',  ( -0.000000000000000000, 1.000000000000000000, -0.000000000000000000 ) ) ;
#2267 = ORIENTED_EDGE ( 'NONE', *, *, #770, .T. ) ;
#2268 = VECTOR ( 'NONE', #1332, 1000.000000000000000 ) ;
#2269 = CARTESIAN_POINT ( 'NONE',  ( -6.099999999999999645, -2.000000000000000000, 3.000000000000000000 ) ) ;
#2270 = ADVANCED_FACE ( 'NONE', ( #688 ), #1512, .F. ) ;
#2271 = LINE ( 'NONE', #3055, #3248 ) ;
#2272 = ORIENTED_EDGE ( 'NONE', *, *, #3184, .T. ) ;
#2273 = VECTOR ( 'NONE', #3081, 1000.000000000000000 ) ;
#2274 = VERTEX_POINT ( 'NONE', #2571 ) ;
#2275 = CARTESIAN_POINT ( 'NONE',  ( 0.4999999999999996669, 4.623040125285525548, 0.000000000000000000 ) ) ;
#2276 = DIRECTION ( 'NONE',  ( 0.7071067811865493491, 8.659560562354955045E-17, -0.7071067811865456854 ) ) ;
#2277 = CARTESIAN_POINT ( 'NONE',  ( -1.734723475976807094E-15, -4.809999999999999609, 3.000000000000000000 ) ) ;
#2278 = LINE ( 'NONE', #143, #303 ) ;
#2279 = FACE_OUTER_BOUND ( 'NONE', #2401, .T. ) ;
#2280 = EDGE_CURVE ( 'NONE', #598, #631, #1814, .T. ) ;
#2281 = ORIENTED_EDGE ( 'NONE', *, *, #371, .T. ) ;
#2282 = LINE ( 'NONE', #1797, #123 ) ;
#2283 = ORIENTED_EDGE ( 'NONE', *, *, #2090, .F. ) ;
#2284 = CIRCLE ( 'NONE', #29, 0.4999999999999995559 ) ;
#2285 = LINE ( 'NONE', #785, #359 ) ;
#2286 = DIRECTION ( 'NONE',  ( 1.000000000000000000, 0.000000000000000000, -0.000000000000000000 ) ) ;
#2287 = ORIENTED_EDGE ( 'NONE', *, *, #2049, .T. ) ;
#2288 = VECTOR ( 'NONE', #935, 1000.000000000000000 ) ;
#2289 = VECTOR ( 'NONE', #1001, 1000.000000000000000 ) ;
#2290 = DIRECTION ( 'NONE',  ( -1.000000000000000000, 0.000000000000000000, 0.000000000000000000 ) ) ;
#2291 = FACE_OUTER_BOUND ( 'NONE', #2564, .T. ) ;
#2292 = DIRECTION ( 'NONE',  ( -0.000000000000000000, -0.000000000000000000, -1.000000000000000000 ) ) ;
#2293 = AXIS2_PLACEMENT_3D ( 'NONE', #1145, #1095, #357 ) ;
#2294 = DIRECTION ( 'NONE',  ( -1.214255053933703751E-16, 1.000000000000000000, 0.000000000000000000 ) ) ;
#2295 = LINE ( 'NONE', #663, #2717 ) ;
#2296 = ORIENTED_EDGE ( 'NONE', *, *, #3353, .F. ) ;
#2297 = LINE ( 'NONE', #496, #2814 ) ;
#2298 = ORIENTED_EDGE ( 'NONE', *, *, #1159, .T. ) ;
#2299 = ORIENTED_EDGE ( 'NONE', *, *, #1377, .T. ) ;
#2300 = CARTESIAN_POINT ( 'NONE',  ( 11.50000000000000355, -7.500000000000000000, 0.4999999999999998890 ) ) ;
#2301 = CARTESIAN_POINT ( 'NONE',  ( -13.50000000000000000, -7.500000000000000000, 3.000000000000000000 ) ) ;
#2302 = ORIENTED_EDGE ( 'NONE', *, *, #1190, .F. ) ;
#2303 = CARTESIAN_POINT ( 'NONE',  ( -6.099999999999999645, 2.000000000000000000, 0.000000000000000000 ) ) ;
#2304 = ADVANCED_FACE ( 'NONE', ( #2554, #3363, #1802 ), #3123, .T. ) ;
#2305 = EDGE_CURVE ( 'NONE', #2181, #2771, #2860, .T. ) ;
#2306 = DIRECTION ( 'NONE',  ( -0.000000000000000000, 1.000000000000000000, -0.000000000000000000 ) ) ;
#2307 = DIRECTION ( 'NONE',  ( -0.000000000000000000, -0.000000000000000000, -1.000000000000000000 ) ) ;
#2308 =( GEOMETRIC_REPRESENTATION_CONTEXT ( 3 ) GLOBAL_UNCERTAINTY_ASSIGNED_CONTEXT ( ( #1183 ) ) GLOBAL_UNIT_ASSIGNED_CONTEXT ( ( #1474, #2519, #2570 ) ) REPRESENTATION_CONTEXT ( 'NONE', 'WORKASPACE' ) );
#2309 = CARTESIAN_POINT ( 'NONE',  ( -0.4999999999999995559, 3.272017726113352953, 3.000000000000000000 ) ) ;
#2310 = DIRECTION ( 'NONE',  ( -0.000000000000000000, -0.000000000000000000, 1.000000000000000000 ) ) ;
#2311 = EDGE_LOOP ( 'NONE', ( #1970, #2714, #1320, #2873 ) ) ;
#2312 = LINE ( 'NONE', #1024, #2586 ) ;
#2313 = ORIENTED_EDGE ( 'NONE', *, *, #184, .T. ) ;
#2314 = AXIS2_PLACEMENT_3D ( 'NONE', #2865, #2131, #518 ) ;
#2315 = ORIENTED_EDGE ( 'NONE', *, *, #1535, .F. ) ;
#2316 = VERTEX_POINT ( 'NONE', #2301 ) ;
#2317 = FACE_OUTER_BOUND ( 'NONE', #539, .T. ) ;
#2318 = CARTESIAN_POINT ( 'NONE',  ( 0.000000000000000000, 0.000000000000000000, 3.000000000000000000 ) ) ;
#2319 = EDGE_LOOP ( 'NONE', ( #2619, #109, #1540, #2905 ) ) ;
#2320 = ADVANCED_FACE ( 'NONE', ( #1784 ), #3108, .F. ) ;
#2321 = VECTOR ( 'NONE', #3183, 1000.000000000000000 ) ;
#2322 = PLANE ( 'NONE',  #1337 ) ;
#2323 = DIRECTION ( 'NONE',  ( 0.000000000000000000, -0.000000000000000000, -1.000000000000000000 ) ) ;
#2324 = DIRECTION ( 'NONE',  ( -1.000000000000000000, 0.000000000000000000, 0.000000000000000000 ) ) ;
#2325 = DIRECTION ( 'NONE',  ( -0.000000000000000000, -0.000000000000000000, 1.000000000000000000 ) ) ;
#2326 = DIRECTION ( 'NONE',  ( 0.000000000000000000, 0.000000000000000000, 1.000000000000000000 ) ) ;
#2327 = EDGE_CURVE ( 'NONE', #1146, #963, #2088, .T. ) ;
#2328 = VECTOR ( 'NONE', #378, 1000.000000000000000 ) ;
#2329 = ORIENTED_EDGE ( 'NONE', *, *, #1206, .F. ) ;
#2330 = MANIFOLD_SOLID_BREP ( 'Cut-Extrude10', #2563 ) ;
#2331 = CARTESIAN_POINT ( 'NONE',  ( 13.00000000000000355, -7.500000000000000000, 0.5000000000000000000 ) ) ;
#2332 = EDGE_CURVE ( 'NONE', #188, #1423, #2353, .T. ) ;
#2333 = ORIENTED_EDGE ( 'NONE', *, *, #3266, .T. ) ;
#2334 = DIRECTION ( 'NONE',  ( -0.000000000000000000, -0.000000000000000000, 1.000000000000000000 ) ) ;
#2335 = DIRECTION ( 'NONE',  ( -1.000000000000000000, 1.445602896647339163E-16, -0.000000000000000000 ) ) ;
#2336 = AXIS2_PLACEMENT_3D ( 'NONE', #290, #858, #2368 ) ;
#2337 = CARTESIAN_POINT ( 'NONE',  ( -6.100000000000000533, 6.000000000000000000, 0.000000000000000000 ) ) ;
#2338 = DIRECTION ( 'NONE',  ( -0.000000000000000000, -0.000000000000000000, 1.000000000000000000 ) ) ;
#2339 = DIRECTION ( 'NONE',  ( 0.000000000000000000, 0.000000000000000000, 1.000000000000000000 ) ) ;
#2340 = EDGE_CURVE ( 'NONE', #2086, #2946, #768, .T. ) ;
#2341 = CIRCLE ( 'NONE', #422, 4.000000000000000000 ) ;
#2342 = AXIS2_PLACEMENT_3D ( 'NONE', #2788, #3077, #726 ) ;
#2343 = LINE ( 'NONE', #17, #1555 ) ;
#2344 = CYLINDRICAL_SURFACE ( 'NONE', #528, 0.5000000000000013323 ) ;
#2345 = VECTOR ( 'NONE', #3176, 1000.000000000000000 ) ;
#2346 = VERTEX_POINT ( 'NONE', #3136 ) ;
#2347 = ADVANCED_FACE ( 'NONE', ( #265 ), #1263, .F. ) ;
#2348 = EDGE_CURVE ( 'NONE', #1660, #1531, #2077, .T. ) ;
#2349 = LINE ( 'NONE', #2596, #2862 ) ;
#2350 = ORIENTED_EDGE ( 'NONE', *, *, #159, .T. ) ;
#2351 = EDGE_CURVE ( 'NONE', #2808, #1417, #484, .T. ) ;
#2352 = DIRECTION ( 'NONE',  ( -1.156482317317871478E-16, 1.000000000000000000, 0.000000000000000000 ) ) ;
#2353 = LINE ( 'NONE', #3396, #2750 ) ;
#2354 = ORIENTED_EDGE ( 'NONE', *, *, #1756, .F. ) ;
#2355 = PLANE ( 'NONE',  #906 ) ;
#2356 = CARTESIAN_POINT ( 'NONE',  ( -0.4827754690797282366, 5.478770651017876858, 7.200000000000001066 ) ) ;
#2357 = DIRECTION ( 'NONE',  ( -0.000000000000000000, -0.000000000000000000, 1.000000000000000000 ) ) ;
#2358 = CARTESIAN_POINT ( 'NONE',  ( -0.3804764266782945104, -0.5188314909249456264, 3.000000000000000000 ) ) ;
#2359 = CYLINDRICAL_SURFACE ( 'NONE', #364, 1.100000000000000311 ) ;
#2360 = EDGE_LOOP ( 'NONE', ( #373, #621, #1090, #3029 ) ) ;
#2361 = CARTESIAN_POINT ( 'NONE',  ( 7.500000000000000000, -7.500000000000000000, -10.00000000000000000 ) ) ;
#2362 = EDGE_CURVE ( 'NONE', #2677, #1940, #1558, .T. ) ;
#2363 = VERTEX_POINT ( 'NONE', #1658 ) ;
#2364 = EDGE_LOOP ( 'NONE', ( #3, #1415, #57, #1386 ) ) ;
#2365 = LINE ( 'NONE', #2874, #2119 ) ;
#2366 = ORIENTED_EDGE ( 'NONE', *, *, #1121, .T. ) ;
#2367 = VERTEX_POINT ( 'NONE', #1643 ) ;
#2368 = DIRECTION ( 'NONE',  ( 0.000000000000000000, 0.000000000000000000, 1.000000000000000000 ) ) ;
#2369 = CARTESIAN_POINT ( 'NONE',  ( -6.100000000000000533, 3.499999999999999556, 0.000000000000000000 ) ) ;
#2370 = PLANE ( 'NONE',  #2666 ) ;
#2371 = ORIENTED_EDGE ( 'NONE', *, *, #1543, .F. ) ;
#2372 = LINE ( 'NONE', #3401, #1932 ) ;
#2373 = DIRECTION ( 'NONE',  ( 0.000000000000000000, 0.000000000000000000, 1.000000000000000000 ) ) ;
#2374 = CIRCLE ( 'NONE', #1771, 0.5000000000000013323 ) ;
#2375 = ORIENTED_EDGE ( 'NONE', *, *, #775, .T. ) ;
#2376 = ORIENTED_EDGE ( 'NONE', *, *, #1065, .T. ) ;
#2377 = CIRCLE ( 'NONE', #187, 5.500000000000000888 ) ;
#2378 = CARTESIAN_POINT ( 'NONE',  ( -7.000000000000000888, -6.000000000000000000, 0.000000000000000000 ) ) ;
#2379 = EDGE_CURVE ( 'NONE', #2754, #1146, #2434, .T. ) ;
#2380 = CIRCLE ( 'NONE', #574, 0.5000000000000013323 ) ;
#2381 = VERTEX_POINT ( 'NONE', #2701 ) ;
#2382 = ORIENTED_EDGE ( 'NONE', *, *, #332, .F. ) ;
#2383 = DIRECTION ( 'NONE',  ( -1.214255053933703751E-16, 1.000000000000000000, 0.000000000000000000 ) ) ;
#2384 = LINE ( 'NONE', #26, #2041 ) ;
#2385 = ORIENTED_EDGE ( 'NONE', *, *, #2408, .F. ) ;
#2386 = VERTEX_POINT ( 'NONE', #1879 ) ;
#2387 = CARTESIAN_POINT ( 'NONE',  ( 2.700000000000000178, 5.181818181818186098, 0.000000000000000000 ) ) ;
#2388 = CARTESIAN_POINT ( 'NONE',  ( 16.50000000000000000, -7.500000000000000000, -10.00000000000000000 ) ) ;
#2389 = DIRECTION ( 'NONE',  ( -0.000000000000000000, -0.000000000000000000, -1.000000000000000000 ) ) ;
#2390 = EDGE_CURVE ( 'NONE', #1618, #1776, #2861, .T. ) ;
#2391 = VERTEX_POINT ( 'NONE', #2907 ) ;
#2392 = DIRECTION ( 'NONE',  ( 0.000000000000000000, -1.000000000000000000, 0.000000000000000000 ) ) ;
#2393 = EDGE_CURVE ( 'NONE', #45, #1618, #3137, .T. ) ;
#2394 = DIRECTION ( 'NONE',  ( -1.156482317317871478E-16, 1.000000000000000000, 0.000000000000000000 ) ) ;
#2395 = CIRCLE ( 'NONE', #526, 0.4999999999999995559 ) ;
#2396 = ORIENTED_EDGE ( 'NONE', *, *, #1081, .T. ) ;
#2397 = ORIENTED_EDGE ( 'NONE', *, *, #2340, .F. ) ;
#2398 = VERTEX_POINT ( 'NONE', #353 ) ;
#2399 = LINE ( 'NONE', #2, #11 ) ;
#2400 = AXIS2_PLACEMENT_3D ( 'NONE', #806, #2339, #242 ) ;
#2401 = EDGE_LOOP ( 'NONE', ( #2137, #2871, #884, #132 ) ) ;
#2402 = DIRECTION ( 'NONE',  ( -1.000000000000000000, 0.000000000000000000, 0.000000000000000000 ) ) ;
#2403 = VERTEX_POINT ( 'NONE', #580 ) ;
#2404 = VERTEX_POINT ( 'NONE', #1400 ) ;
#2405 = CARTESIAN_POINT ( 'NONE',  ( 0.4999999999999995559, 3.272017726113352953, 3.000000000000000000 ) ) ;
#2406 = DIRECTION ( 'NONE',  ( -1.156482317317871478E-16, 1.000000000000000000, 0.000000000000000000 ) ) ;
#2407 = CARTESIAN_POINT ( 'NONE',  ( 0.4999999999999988343, -6.832496885981400148, 3.000000000000000000 ) ) ;
#2408 = EDGE_CURVE ( 'NONE', #2623, #1898, #1074, .T. ) ;
#2409 = ADVANCED_FACE ( 'NONE', ( #1626 ), #2944, .T. ) ;
#2410 = EDGE_LOOP ( 'NONE', ( #2190, #2133, #2039, #2250 ) ) ;
#2411 = LINE ( 'NONE', #2150, #2759 ) ;
#2412 = CARTESIAN_POINT ( 'NONE',  ( -6.099999999999999645, 0.4999999999999995559, 3.000000000000000000 ) ) ;
#2413 = ORIENTED_EDGE ( 'NONE', *, *, #1486, .T. ) ;
#2414 = ADVANCED_FACE ( 'NONE', ( #1123 ), #2891, .F. ) ;
#2415 = CARTESIAN_POINT ( 'NONE',  ( 0.000000000000000000, 0.000000000000000000, 3.000000000000000000 ) ) ;
#2416 = VERTEX_POINT ( 'NONE', #335 ) ;
#2417 = DIRECTION ( 'NONE',  ( -0.000000000000000000, 0.000000000000000000, -1.000000000000000000 ) ) ;
#2418 = ORIENTED_EDGE ( 'NONE', *, *, #1726, .F. ) ;
#2419 = DIRECTION ( 'NONE',  ( -3.787379036400652809E-16, 1.000000000000000000, -0.000000000000000000 ) ) ;
#2420 = CARTESIAN_POINT ( 'NONE',  ( 3.309999999999999609, 4.053580905177738768E-16, 3.000000000000000000 ) ) ;
#2421 = DIRECTION ( 'NONE',  ( 1.000000000000000000, -0.000000000000000000, -0.000000000000000000 ) ) ;
#2422 = ADVANCED_FACE ( 'NONE', ( #320 ), #3222, .F. ) ;
#2423 = ORIENTED_EDGE ( 'NONE', *, *, #1106, .F. ) ;
#2424 = AXIS2_PLACEMENT_3D ( 'NONE', #449, #3299, #950 ) ;
#2425 = DIRECTION ( 'NONE',  ( -1.214255053933703751E-16, 1.000000000000000000, 0.000000000000000000 ) ) ;
#2426 = CARTESIAN_POINT ( 'NONE',  ( -3.799999999999999822, 0.000000000000000000, 1.200000000000000178 ) ) ;
#2427 = EDGE_CURVE ( 'NONE', #263, #1582, #5, .T. ) ;
#2428 = VECTOR ( 'NONE', #304, 1000.000000000000000 ) ;
#2429 = ORIENTED_EDGE ( 'NONE', *, *, #2005, .T. ) ;
#2430 = ORIENTED_EDGE ( 'NONE', *, *, #2848, .F. ) ;
#2431 = DIRECTION ( 'NONE',  ( -1.214255053933703751E-16, 1.000000000000000000, 0.000000000000000000 ) ) ;
#2432 = ADVANCED_FACE ( 'NONE', ( #1056 ), #44, .F. ) ;
#2433 = EDGE_LOOP ( 'NONE', ( #1201, #956, #838, #246, #302 ) ) ;
#2434 = LINE ( 'NONE', #284, #2693 ) ;
#2435 = AXIS2_PLACEMENT_3D ( 'NONE', #1793, #3371, #257 ) ;
#2436 = VERTEX_POINT ( 'NONE', #2161 ) ;
#2437 = EDGE_LOOP ( 'NONE', ( #904, #1785, #1365, #462 ) ) ;
#2438 = CARTESIAN_POINT ( 'NONE',  ( 0.000000000000000000, 0.000000000000000000, 1.200000000000000178 ) ) ;
#2439 = DIRECTION ( 'NONE',  ( -1.000000000000000000, 0.000000000000000000, 0.000000000000000000 ) ) ;
#2440 = DIRECTION ( 'NONE',  ( -0.000000000000000000, -0.000000000000000000, -1.000000000000000000 ) ) ;
#2441 = ORIENTED_EDGE ( 'NONE', *, *, #2572, .T. ) ;
#2442 = LINE ( 'NONE', #84, #3089 ) ;
#2443 = CARTESIAN_POINT ( 'NONE',  ( 0.000000000000000000, 0.000000000000000000, 1.200000000000000178 ) ) ;
#2444 = ORIENTED_EDGE ( 'NONE', *, *, #2228, .T. ) ;
#2445 = AXIS2_PLACEMENT_3D ( 'NONE', #2021, #2334, #3381 ) ;
#2446 = VERTEX_POINT ( 'NONE', #2125 ) ;
#2447 = DIRECTION ( 'NONE',  ( 0.000000000000000000, 0.000000000000000000, -1.000000000000000000 ) ) ;
#2448 = CARTESIAN_POINT ( 'NONE',  ( -13.50000000000000178, -5.500000000000000000, 0.000000000000000000 ) ) ;
#2449 = VECTOR ( 'NONE', #25, 1000.000000000000000 ) ;
#2450 = ORIENTED_EDGE ( 'NONE', *, *, #1377, .F. ) ;
#2451 = EDGE_CURVE ( 'NONE', #2808, #2467, #1091, .T. ) ;
#2452 = EDGE_CURVE ( 'NONE', #3148, #463, #2970, .T. ) ;
#2453 = CARTESIAN_POINT ( 'NONE',  ( -5.600000000000000533, 4.000000000000000000, 0.000000000000000000 ) ) ;
#2454 = EDGE_LOOP ( 'NONE', ( #1746, #731, #591, #2018 ) ) ;
#2455 = ORIENTED_EDGE ( 'NONE', *, *, #1584, .T. ) ;
#2456 = CARTESIAN_POINT ( 'NONE',  ( 11.00000000000000355, -7.500000000000000000, 1.000000000000001332 ) ) ;
#2457 = DIRECTION ( 'NONE',  ( 1.000000000000000000, 0.000000000000000000, 0.000000000000000000 ) ) ;
#2458 = CARTESIAN_POINT ( 'NONE',  ( -6.100000000000000533, 4.500000000000000000, 0.000000000000000000 ) ) ;
#2459 = EDGE_LOOP ( 'NONE', ( #1316, #554, #440, #3238 ) ) ;
#2460 = FACE_OUTER_BOUND ( 'NONE', #3214, .T. ) ;
#2461 = CARTESIAN_POINT ( 'NONE',  ( 9.500000000000001776, -7.500000000000000000, -10.00000000000000000 ) ) ;
#2462 = EDGE_LOOP ( 'NONE', ( #3218, #1983, #282, #2148 ) ) ;
#2463 = DIRECTION ( 'NONE',  ( -0.000000000000000000, -0.000000000000000000, 1.000000000000000000 ) ) ;
#2464 = FACE_OUTER_BOUND ( 'NONE', #2454, .T. ) ;
#2465 = ORIENTED_EDGE ( 'NONE', *, *, #2111, .T. ) ;
#2466 = LINE ( 'NONE', #957, #1002 ) ;
#2467 = VERTEX_POINT ( 'NONE', #2632 ) ;
#2468 = CARTESIAN_POINT ( 'NONE',  ( -6.099999999999999645, 0.000000000000000000, 0.000000000000000000 ) ) ;
#2469 = FACE_OUTER_BOUND ( 'NONE', #3199, .T. ) ;
#2470 = DIRECTION ( 'NONE',  ( -0.000000000000000000, 1.000000000000000000, -0.000000000000000000 ) ) ;
#2471 = ORIENTED_EDGE ( 'NONE', *, *, #1081, .F. ) ;
#2472 = EDGE_CURVE ( 'NONE', #1202, #2274, #2384, .T. ) ;
#2473 = ORIENTED_EDGE ( 'NONE', *, *, #1777, .T. ) ;
#2474 = DIRECTION ( 'NONE',  ( 1.000000000000000000, 0.000000000000000000, 0.000000000000000000 ) ) ;
#2475 = DIRECTION ( 'NONE',  ( 1.000000000000000000, 0.000000000000000000, 0.000000000000000000 ) ) ;
#2476 = AXIS2_PLACEMENT_3D ( 'NONE', #2247, #1414, #2699 ) ;
#2477 = CARTESIAN_POINT ( 'NONE',  ( 14.50000000000000000, 7.500000000000000000, -10.00000000000000000 ) ) ;
#2478 = FACE_BOUND ( 'NONE', #2595, .T. ) ;
#2479 = CARTESIAN_POINT ( 'NONE',  ( -7.500000000000001776, -4.500000000000000888, 0.000000000000000000 ) ) ;
#2480 = CIRCLE ( 'NONE', #7, 0.5000000000000004441 ) ;
#2481 = VECTOR ( 'NONE', #1225, 1000.000000000000000 ) ;
#2482 = ORIENTED_EDGE ( 'NONE', *, *, #1693, .F. ) ;
#2483 = CARTESIAN_POINT ( 'NONE',  ( -6.099999999999999645, -2.000000000000000000, 0.000000000000000000 ) ) ;
#2484 = EDGE_CURVE ( 'NONE', #3147, #2808, #563, .T. ) ;
#2485 = ORIENTED_EDGE ( 'NONE', *, *, #1042, .F. ) ;
#2486 = CARTESIAN_POINT ( 'NONE',  ( -13.50000000000000178, 7.500000000000000000, 3.000000000000000000 ) ) ;
#2487 = CARTESIAN_POINT ( 'NONE',  ( -13.50000000000000178, -0.5000000000000004441, 0.000000000000000000 ) ) ;
#2488 = CARTESIAN_POINT ( 'NONE',  ( 16.50000000000000000, 7.500000000000000000, -10.00000000000000000 ) ) ;
#2489 = AXIS2_PLACEMENT_3D ( 'NONE', #640, #2764, #3298 ) ;
#2490 = VECTOR ( 'NONE', #2557, 1000.000000000000000 ) ;
#2491 = ORIENTED_EDGE ( 'NONE', *, *, #857, .F. ) ;
#2492 = CARTESIAN_POINT ( 'NONE',  ( -7.500000000000001776, -4.000000000000000000, 0.000000000000000000 ) ) ;
#2493 = EDGE_CURVE ( 'NONE', #1796, #2386, #2143, .T. ) ;
#2494 = EDGE_CURVE ( 'NONE', #1586, #2201, #1275, .T. ) ;
#2495 = DIRECTION ( 'NONE',  ( -0.000000000000000000, 1.000000000000000000, -0.000000000000000000 ) ) ;
#2496 = DIRECTION ( 'NONE',  ( -1.000000000000000000, 0.000000000000000000, 0.000000000000000000 ) ) ;
#2497 = DIRECTION ( 'NONE',  ( 0.000000000000000000, 0.000000000000000000, 1.000000000000000000 ) ) ;
#2498 = DIRECTION ( 'NONE',  ( 1.000000000000000000, 0.000000000000000000, 0.000000000000000000 ) ) ;
#2499 = CIRCLE ( 'NONE', #3045, 3.799999999999999822 ) ;
#2500 = VERTEX_POINT ( 'NONE', #1451 ) ;
#2501 = LINE ( 'NONE', #3030, #1552 ) ;
#2502 = VECTOR ( 'NONE', #655, 1000.000000000000000 ) ;
#2503 = ORIENTED_EDGE ( 'NONE', *, *, #1614, .F. ) ;
#2504 = VECTOR ( 'NONE', #953, 1000.000000000000000 ) ;
#2505 = CARTESIAN_POINT ( 'NONE',  ( -3.800000000000000266, -5.181818181818181657, 3.000000000000000000 ) ) ;
#2506 = CARTESIAN_POINT ( 'NONE',  ( 0.000000000000000000, 0.000000000000000000, 3.000000000000000000 ) ) ;
#2507 = ORIENTED_EDGE ( 'NONE', *, *, #389, .T. ) ;
#2508 = AXIS2_PLACEMENT_3D ( 'NONE', #2113, #2618, #2324 ) ;
#2509 = DIRECTION ( 'NONE',  ( -1.000000000000000000, 0.000000000000000000, 0.000000000000000000 ) ) ;
#2510 = CARTESIAN_POINT ( 'NONE',  ( 7.500000000000001776, 7.500000000000000000, -10.00000000000000000 ) ) ;
#2511 = CYLINDRICAL_SURFACE ( 'NONE', #593, 0.5000000000000004441 ) ;
#2512 = EDGE_CURVE ( 'NONE', #137, #1378, #2720, .T. ) ;
#2513 = CARTESIAN_POINT ( 'NONE',  ( 0.000000000000000000, 0.000000000000000000, 1.000000000000000000 ) ) ;
#2514 = CARTESIAN_POINT ( 'NONE',  ( -0.4999999999999995559, 3.766961640367472608, 1.200000000000000178 ) ) ;
#2515 = ORIENTED_EDGE ( 'NONE', *, *, #1147, .T. ) ;
#2516 = DIRECTION ( 'NONE',  ( -0.000000000000000000, -0.000000000000000000, -1.000000000000000000 ) ) ;
#2517 = EDGE_LOOP ( 'NONE', ( #638, #199, #218, #555 ) ) ;
#2518 = DIRECTION ( 'NONE',  ( 1.000000000000000000, 0.000000000000000000, 0.000000000000000000 ) ) ;
#2519 =( NAMED_UNIT ( * ) PLANE_ANGLE_UNIT ( ) SI_UNIT ( $, .RADIAN. ) );
#2520 = CYLINDRICAL_SURFACE ( 'NONE', #1656, 0.5000000000000004441 ) ;
#2521 = VERTEX_POINT ( 'NONE', #2213 ) ;
#2522 = FACE_OUTER_BOUND ( 'NONE', #1639, .T. ) ;
#2523 = CARTESIAN_POINT ( 'NONE',  ( -13.50000000000000178, 4.500000000000000000, 0.000000000000000000 ) ) ;
#2524 = DIRECTION ( 'NONE',  ( 0.000000000000000000, -0.000000000000000000, -1.000000000000000000 ) ) ;
#2525 = ADVANCED_FACE ( 'NONE', ( #1927 ), #2978, .F. ) ;
#2526 = CARTESIAN_POINT ( 'NONE',  ( -0.4571056322550007267, 3.973795973746105048, 2.999999999999999112 ) ) ;
#2527 = DIRECTION ( 'NONE',  ( 1.000000000000000000, 0.000000000000000000, 0.000000000000000000 ) ) ;
#2528 = ORIENTED_EDGE ( 'NONE', *, *, #116, .F. ) ;
#2529 = AXIS2_PLACEMENT_3D ( 'NONE', #980, #3333, #436 ) ;
#2530 = LINE ( 'NONE', #1524, #2273 ) ;
#2531 = ORIENTED_EDGE ( 'NONE', *, *, #661, .F. ) ;
#2532 = VECTOR ( 'NONE', #2959, 1000.000000000000000 ) ;
#2533 = VERTEX_POINT ( 'NONE', #3275 ) ;
#2534 = FACE_OUTER_BOUND ( 'NONE', #646, .T. ) ;
#2535 = DIRECTION ( 'NONE',  ( 0.000000000000000000, 0.000000000000000000, 1.000000000000000000 ) ) ;
#2536 = AXIS2_PLACEMENT_3D ( 'NONE', #1621, #541, #814 ) ;
#2537 = ORIENTED_EDGE ( 'NONE', *, *, #520, .F. ) ;
#2538 = CIRCLE ( 'NONE', #2923, 0.5000000000000004441 ) ;
#2539 = CARTESIAN_POINT ( 'NONE',  ( -13.50000000000000178, -0.5000000000000004441, 3.000000000000000000 ) ) ;
#2540 = FACE_OUTER_BOUND ( 'NONE', #1504, .T. ) ;
#2541 = LINE ( 'NONE', #3004, #1521 ) ;
#2542 = AXIS2_PLACEMENT_3D ( 'NONE', #965, #1203, #2783 ) ;
#2543 = CARTESIAN_POINT ( 'NONE',  ( -0.5000000000000000000, 7.500000000000000000, 3.000000000000000000 ) ) ;
#2544 = FACE_OUTER_BOUND ( 'NONE', #3013, .T. ) ;
#2545 = ORIENTED_EDGE ( 'NONE', *, *, #39, .T. ) ;
#2546 = CARTESIAN_POINT ( 'NONE',  ( 15.00000000000000355, 7.500000000000000000, 0.5000000000000000000 ) ) ;
#2547 = ORIENTED_EDGE ( 'NONE', *, *, #1272, .T. ) ;
#2548 = ADVANCED_FACE ( 'NONE', ( #168 ), #2233, .F. ) ;
#2549 = EDGE_CURVE ( 'NONE', #2790, #1097, #1432, .T. ) ;
#2550 = VERTEX_POINT ( 'NONE', #3048 ) ;
#2551 = ORIENTED_EDGE ( 'NONE', *, *, #3292, .T. ) ;
#2552 = AXIS2_PLACEMENT_3D ( 'NONE', #716, #754, #444 ) ;
#2553 = DIRECTION ( 'NONE',  ( 0.000000000000000000, 0.000000000000000000, 1.000000000000000000 ) ) ;
#2554 = FACE_OUTER_BOUND ( 'NONE', #986, .T. ) ;
#2555 = ORIENTED_EDGE ( 'NONE', *, *, #1779, .F. ) ;
#2556 = AXIS2_PLACEMENT_3D ( 'NONE', #2098, #2593, #245 ) ;
#2557 = DIRECTION ( 'NONE',  ( 0.000000000000000000, -0.000000000000000000, 1.000000000000000000 ) ) ;
#2558 = CARTESIAN_POINT ( 'NONE',  ( 13.50000000000000178, -7.500000000000000000, -10.00000000000000000 ) ) ;
#2559 = DIRECTION ( 'NONE',  ( 1.000000000000000000, 0.000000000000000000, 0.000000000000000000 ) ) ;
#2560 = CIRCLE ( 'NONE', #1795, 4.000000000000000000 ) ;
#2561 = DIRECTION ( 'NONE',  ( -0.000000000000000000, -0.000000000000000000, 1.000000000000000000 ) ) ;
#2562 = CARTESIAN_POINT ( 'NONE',  ( -6.100000000000000533, 6.000000000000000000, 0.000000000000000000 ) ) ;
#2563 = CLOSED_SHELL ( 'NONE', ( #2200, #3120, #1798, #1501, #2631, #3343, #1368, #1334, #1878, #2590, #3207, #1189, #2903, #2422, #1505, #2347, #261, #2414, #2223, #1965, #2264, #979, #1811, #2050, #2877, #2653, #2199, #1381, #1468, #2162, #1122, #3286, #1566, #1956, #1306, #1459, #1719, #560, #3180, #1911, #1140, #993, #3285, #1082, #2738, #1633, #2128, #1402, #3246, #2304, #2231, #915, #2841, #1088, #2847, #1466, #2996, #1228, #2076, #1984, #2964, #3143, #794, #2270, #2248, #2525, #3042, #3351, #3099, #2629, #497, #689, #1835, #3206, #479, #748, #2930, #755, #3309, #1920, #3335, #3031, #2409, #2566, #3119, #2942, #230, #521, #2548, #2578, #2320, #417, #675, #2432, #1985, #1638, #553, #542, #260, #538, #165 ) ) ;
#2564 = EDGE_LOOP ( 'NONE', ( #2545, #390, #1383, #2242 ) ) ;
#2565 = CARTESIAN_POINT ( 'NONE',  ( -6.099999999999999645, -0.5000000000000000000, 3.000000000000000000 ) ) ;
#2566 = ADVANCED_FACE ( 'NONE', ( #130 ), #2753, .F. ) ;
#2567 = VERTEX_POINT ( 'NONE', #2791 ) ;
#2568 = ORIENTED_EDGE ( 'NONE', *, *, #1511, .F. ) ;
#2569 = FACE_OUTER_BOUND ( 'NONE', #172, .T. ) ;
#2570 =( NAMED_UNIT ( * ) SI_UNIT ( $, .STERADIAN. ) SOLID_ANGLE_UNIT ( ) );
#2571 = CARTESIAN_POINT ( 'NONE',  ( 0.4999999999999989453, -5.477225575051662076, 3.000000000000000000 ) ) ;
#2572 = EDGE_CURVE ( 'NONE', #834, #2118, #2466, .T. ) ;
#2573 = VERTEX_POINT ( 'NONE', #3256 ) ;
#2574 = ORIENTED_EDGE ( 'NONE', *, *, #1484, .F. ) ;
#2575 = CARTESIAN_POINT ( 'NONE',  ( -6.100000000000000533, 4.500000000000000000, 0.000000000000000000 ) ) ;
#2576 = CARTESIAN_POINT ( 'NONE',  ( -13.50000000000000000, -7.500000000000000000, 3.000000000000000000 ) ) ;
#2577 = CARTESIAN_POINT ( 'NONE',  ( 14.50000000000000178, -7.500000000000000000, 0.4999999999999998890 ) ) ;
#2578 = ADVANCED_FACE ( 'NONE', ( #889 ), #1708, .F. ) ;
#2579 = DIRECTION ( 'NONE',  ( -1.000000000000000000, 0.000000000000000000, 0.000000000000000000 ) ) ;
#2580 = DIRECTION ( 'NONE',  ( 1.000000000000000000, 0.000000000000000000, 0.000000000000000000 ) ) ;
#2581 = ORIENTED_EDGE ( 'NONE', *, *, #1737, .T. ) ;
#2582 = LINE ( 'NONE', #181, #1385 ) ;
#2583 = ORIENTED_EDGE ( 'NONE', *, *, #212, .T. ) ;
#2584 = EDGE_CURVE ( 'NONE', #2070, #1531, #95, .T. ) ;
#2585 = DIRECTION ( 'NONE',  ( 0.000000000000000000, 0.000000000000000000, -1.000000000000000000 ) ) ;
#2586 = VECTOR ( 'NONE', #765, 1000.000000000000000 ) ;
#2587 = LINE ( 'NONE', #977, #2051 ) ;
#2588 = DIRECTION ( 'NONE',  ( 0.000000000000000000, -0.000000000000000000, -1.000000000000000000 ) ) ;
#2589 = DIRECTION ( 'NONE',  ( -0.000000000000000000, -0.000000000000000000, 1.000000000000000000 ) ) ;
#2590 = ADVANCED_FACE ( 'NONE', ( #2997 ), #1999, .F. ) ;
#2591 = EDGE_CURVE ( 'NONE', #870, #2169, #2501, .T. ) ;
#2592 = CARTESIAN_POINT ( 'NONE',  ( -13.50000000000000178, -3.499999999999999556, 3.000000000000000000 ) ) ;
#2593 = DIRECTION ( 'NONE',  ( -0.000000000000000000, 0.000000000000000000, -1.000000000000000000 ) ) ;
#2594 = VECTOR ( 'NONE', #1218, 1000.000000000000000 ) ;
#2595 = EDGE_LOOP ( 'NONE', ( #1399, #1067 ) ) ;
#2596 = CARTESIAN_POINT ( 'NONE',  ( 12.50000000000000000, -7.500000000000000000, 0.4999999999999998890 ) ) ;
#2597 = ORIENTED_EDGE ( 'NONE', *, *, #2951, .T. ) ;
#2598 = CARTESIAN_POINT ( 'NONE',  ( -0.4999999999999995559, 3.272017726113352953, 1.449999999999999956 ) ) ;
#2599 = ORIENTED_EDGE ( 'NONE', *, *, #3395, .F. ) ;
#2600 = VECTOR ( 'NONE', #3156, 1000.000000000000000 ) ;
#2601 = CARTESIAN_POINT ( 'NONE',  ( -13.50000000000000178, 4.500000000000000000, 3.000000000000000000 ) ) ;
#2602 = DIRECTION ( 'NONE',  ( -0.000000000000000000, -0.000000000000000000, 1.000000000000000000 ) ) ;
#2603 = LINE ( 'NONE', #255, #1683 ) ;
#2604 = AXIS2_PLACEMENT_3D ( 'NONE', #2067, #1066, #3115 ) ;
#2605 = CARTESIAN_POINT ( 'NONE',  ( 9.000000000000003553, -7.500000000000000000, 0.5000000000000000000 ) ) ;
#2606 = CARTESIAN_POINT ( 'NONE',  ( -3.560000000000000497, 0.000000000000000000, 1.200000000000000178 ) ) ;
#2607 = VECTOR ( 'NONE', #1169, 1000.000000000000000 ) ;
#2608 = VERTEX_POINT ( 'NONE', #151 ) ;
#2609 = LINE ( 'NONE', #831, #1165 ) ;
#2610 = EDGE_CURVE ( 'NONE', #2500, #463, #940, .T. ) ;
#2611 = ORIENTED_EDGE ( 'NONE', *, *, #3011, .F. ) ;
#2612 = ORIENTED_EDGE ( 'NONE', *, *, #763, .T. ) ;
#2613 = CYLINDRICAL_SURFACE ( 'NONE', #476, 0.5000000000000004441 ) ;
#2614 = EDGE_LOOP ( 'NONE', ( #827, #1953, #2195, #3342 ) ) ;
#2615 = ORIENTED_EDGE ( 'NONE', *, *, #325, .F. ) ;
#2616 = LINE ( 'NONE', #2880, #2820 ) ;
#2617 = LINE ( 'NONE', #3141, #3078 ) ;
#2618 = DIRECTION ( 'NONE',  ( -0.000000000000000000, 0.000000000000000000, -1.000000000000000000 ) ) ;
#2619 = ORIENTED_EDGE ( 'NONE', *, *, #905, .F. ) ;
#2620 = CARTESIAN_POINT ( 'NONE',  ( -13.50000000000000178, 2.499999999999999556, 3.000000000000000000 ) ) ;
#2621 = CARTESIAN_POINT ( 'NONE',  ( 10.50000000000000000, -7.500000000000000000, -10.00000000000000000 ) ) ;
#2622 = EDGE_CURVE ( 'NONE', #870, #2367, #2974, .T. ) ;
#2623 = VERTEX_POINT ( 'NONE', #1694 ) ;
#2624 = ORIENTED_EDGE ( 'NONE', *, *, #2078, .T. ) ;
#2625 = ORIENTED_EDGE ( 'NONE', *, *, #2451, .T. ) ;
#2626 = COLOUR_RGB ( '',0.5372549019607842924, 0.3490196078431372362, 0.3372549019607843368 ) ;
#2627 = CARTESIAN_POINT ( 'NONE',  ( -13.50000000000000178, -0.5000000000000004441, 0.000000000000000000 ) ) ;
#2628 = ORIENTED_EDGE ( 'NONE', *, *, #520, .T. ) ;
#2629 = ADVANCED_FACE ( 'NONE', ( #3291 ), #428, .F. ) ;
#2630 = CARTESIAN_POINT ( 'NONE',  ( 4.563391365275699663, 3.070091081275470923, 7.200000000000001066 ) ) ;
#2631 = ADVANCED_FACE ( 'NONE', ( #3236 ), #2736, .F. ) ;
#2632 = CARTESIAN_POINT ( 'NONE',  ( -13.50000000000000178, 6.500000000000000000, 3.000000000000000000 ) ) ;
#2633 = ORIENTED_EDGE ( 'NONE', *, *, #1799, .F. ) ;
#2634 = VECTOR ( 'NONE', #1233, 1000.000000000000000 ) ;
#2635 = ORIENTED_EDGE ( 'NONE', *, *, #504, .F. ) ;
#2636 = CARTESIAN_POINT ( 'NONE',  ( 4.650000000000000355, 5.694607616035192869E-16, 1.000000000000000000 ) ) ;
#2637 = DIRECTION ( 'NONE',  ( 1.000000000000000000, 0.000000000000000000, 0.000000000000000000 ) ) ;
#2638 = LINE ( 'NONE', #2407, #1270 ) ;
#2639 = AXIS2_PLACEMENT_3D ( 'NONE', #2796, #2535, #1931 ) ;
#2640 = EDGE_LOOP ( 'NONE', ( #799, #1780, #1345, #106 ) ) ;
#2641 = CARTESIAN_POINT ( 'NONE',  ( 0.4999999999999995559, 3.766961640367472608, 1.200000000000000178 ) ) ;
#2642 = CARTESIAN_POINT ( 'NONE',  ( 0.5000000000000000000, 7.500000000000000000, 3.000000000000000000 ) ) ;
#2643 = CIRCLE ( 'NONE', #1602, 0.5000000000000004441 ) ;
#2644 = ORIENTED_EDGE ( 'NONE', *, *, #2390, .F. ) ;
#2645 = ORIENTED_EDGE ( 'NONE', *, *, #2984, .F. ) ;
#2646 = VECTOR ( 'NONE', #3215, 1000.000000000000000 ) ;
#2647 = CARTESIAN_POINT ( 'NONE',  ( 15.50000000000000355, 7.500000000000000000, 0.4999999999999998890 ) ) ;
#2648 = CIRCLE ( 'NONE', #1011, 0.4999999999999995559 ) ;
#2649 = ORIENTED_EDGE ( 'NONE', *, *, #27, .F. ) ;
#2650 = DIRECTION ( 'NONE',  ( -0.000000000000000000, 1.000000000000000000, -0.000000000000000000 ) ) ;
#2651 = CARTESIAN_POINT ( 'NONE',  ( 1.762194958653875365E-15, -4.809999999999999609, 0.000000000000000000 ) ) ;
#2652 = ORIENTED_EDGE ( 'NONE', *, *, #1622, .T. ) ;
#2653 = ADVANCED_FACE ( 'NONE', ( #1036 ), #973, .T. ) ;
#2654 = EDGE_CURVE ( 'NONE', #1352, #268, #2530, .T. ) ;
#2655 = ORIENTED_EDGE ( 'NONE', *, *, #2512, .T. ) ;
#2656 = CARTESIAN_POINT ( 'NONE',  ( 0.4999999999999995559, 3.440512783492417181, 1.283365368216501823 ) ) ;
#2657 = CARTESIAN_POINT ( 'NONE',  ( 10.50000000000000178, -7.500000000000000000, 0.4999999999999998890 ) ) ;
#2658 = DIRECTION ( 'NONE',  ( -3.787379036400652809E-16, -1.000000000000000000, 0.000000000000000000 ) ) ;
#2659 = EDGE_CURVE ( 'NONE', #2567, #1087, #2312, .T. ) ;
#2660 = ORIENTED_EDGE ( 'NONE', *, *, #144, .F. ) ;
#2661 = DIRECTION ( 'NONE',  ( 0.000000000000000000, 0.000000000000000000, 1.000000000000000000 ) ) ;
#2662 = CARTESIAN_POINT ( 'NONE',  ( 0.4999999999999989453, -5.477225575051662076, 7.200000000000001066 ) ) ;
#2663 = CIRCLE ( 'NONE', #1184, 0.5000000000000004441 ) ;
#2664 = ORIENTED_EDGE ( 'NONE', *, *, #1147, .F. ) ;
#2665 = FACE_OUTER_BOUND ( 'NONE', #1606, .T. ) ;
#2666 = AXIS2_PLACEMENT_3D ( 'NONE', #3092, #471, #211 ) ;
#2667 = EDGE_LOOP ( 'NONE', ( #605, #2581, #2281, #2382, #1944, #1134, #3083, #259, #42, #2035, #1608 ) ) ;
#2668 = DIRECTION ( 'NONE',  ( -0.000000000000000000, -0.000000000000000000, -1.000000000000000000 ) ) ;
#2669 = EDGE_CURVE ( 'NONE', #1898, #2679, #234, .T. ) ;
#2670 = VERTEX_POINT ( 'NONE', #2017 ) ;
#2671 = CARTESIAN_POINT ( 'NONE',  ( 0.4999999999999962252, 1.893689518200312107E-16, 0.000000000000000000 ) ) ;
#2672 = DIRECTION ( 'NONE',  ( -0.000000000000000000, 0.000000000000000000, -1.000000000000000000 ) ) ;
#2673 = DIRECTION ( 'NONE',  ( 0.000000000000000000, 0.000000000000000000, 1.000000000000000000 ) ) ;
#2674 = ORIENTED_EDGE ( 'NONE', *, *, #2263, .F. ) ;
#2675 = LINE ( 'NONE', #344, #1279 ) ;
#2676 = CARTESIAN_POINT ( 'NONE',  ( -0.4999999999999995559, 3.272017726113352953, 1.449999999999999956 ) ) ;
#2677 = VERTEX_POINT ( 'NONE', #1825 ) ;
#2678 = EDGE_CURVE ( 'NONE', #565, #263, #1258, .T. ) ;
#2679 = VERTEX_POINT ( 'NONE', #1278 ) ;
#2680 = CARTESIAN_POINT ( 'NONE',  ( -13.50000000000000178, 5.500000000000000000, 0.000000000000000000 ) ) ;
#2681 = VERTEX_POINT ( 'NONE', #3066 ) ;
#2682 = VECTOR ( 'NONE', #656, 1000.000000000000000 ) ;
#2683 = CARTESIAN_POINT ( 'NONE',  ( -13.50000000000000178, 7.500000000000000000, 3.000000000000000000 ) ) ;
#2684 = ORIENTED_EDGE ( 'NONE', *, *, #352, .T. ) ;
#2685 = DIRECTION ( 'NONE',  ( 0.000000000000000000, 1.000000000000000000, 0.000000000000000000 ) ) ;
#2686 = CYLINDRICAL_SURFACE ( 'NONE', #2806, 0.5000000000000013323 ) ;
#2687 = CARTESIAN_POINT ( 'NONE',  ( -13.50000000000000178, 7.500000000000000000, 3.000000000000000000 ) ) ;
#2688 = ORIENTED_EDGE ( 'NONE', *, *, #625, .T. ) ;
#2689 = VECTOR ( 'NONE', #2975, 1000.000000000000000 ) ;
#2690 = DIRECTION ( 'NONE',  ( 1.000000000000000000, 0.000000000000000000, 0.000000000000000000 ) ) ;
#2691 = CARTESIAN_POINT ( 'NONE',  ( 16.50000000000000000, 7.500000000000000000, -10.00000000000000000 ) ) ;
#2692 = ORIENTED_EDGE ( 'NONE', *, *, #927, .F. ) ;
#2693 = VECTOR ( 'NONE', #3187, 1000.000000000000000 ) ;
#2694 = EDGE_CURVE ( 'NONE', #2391, #3379, #1006, .T. ) ;
#2695 = EDGE_CURVE ( 'NONE', #1324, #2467, #2282, .T. ) ;
#2696 = VERTEX_POINT ( 'NONE', #1810 ) ;
#2697 = ORIENTED_EDGE ( 'NONE', *, *, #2678, .T. ) ;
#2698 = VECTOR ( 'NONE', #651, 1000.000000000000000 ) ;
#2699 = DIRECTION ( 'NONE',  ( 1.000000000000000000, 0.000000000000000000, 0.000000000000000000 ) ) ;
#2700 = VERTEX_POINT ( 'NONE', #2872 ) ;
#2701 = CARTESIAN_POINT ( 'NONE',  ( 7.500000000000001776, 7.500000000000000000, -10.00000000000000000 ) ) ;
#2702 = CIRCLE ( 'NONE', #348, 0.5000000000000000000 ) ;
#2703 = ORIENTED_EDGE ( 'NONE', *, *, #1583, .T. ) ;
#2704 = LINE ( 'NONE', #2387, #1775 ) ;
#2705 = DIRECTION ( 'NONE',  ( 0.000000000000000000, 1.000000000000000000, 0.000000000000000000 ) ) ;
#2706 = DIRECTION ( 'NONE',  ( 0.000000000000000000, 0.000000000000000000, 1.000000000000000000 ) ) ;
#2707 = ORIENTED_EDGE ( 'NONE', *, *, #385, .F. ) ;
#2708 = VERTEX_POINT ( 'NONE', #247 ) ;
#2709 = CARTESIAN_POINT ( 'NONE',  ( -13.50000000000000178, -0.5000000000000004441, 3.000000000000000000 ) ) ;
#2710 = CARTESIAN_POINT ( 'NONE',  ( -0.4999999999999995559, 3.440512783492417181, 1.283365368216501823 ) ) ;
#2711 = VERTEX_POINT ( 'NONE', #1487 ) ;
#2712 = AXIS2_PLACEMENT_3D ( 'NONE', #1172, #2227, #3320 ) ;
#2713 = AXIS2_PLACEMENT_3D ( 'NONE', #547, #804, #1848 ) ;
#2714 = ORIENTED_EDGE ( 'NONE', *, *, #2305, .F. ) ;
#2715 = DIRECTION ( 'NONE',  ( -0.000000000000000000, -0.000000000000000000, -1.000000000000000000 ) ) ;
#2716 = CARTESIAN_POINT ( 'NONE',  ( 0.5000000000000000000, 7.500000000000000000, 3.000000000000000000 ) ) ;
#2717 = VECTOR ( 'NONE', #2497, 1000.000000000000000 ) ;
#2718 = ORIENTED_EDGE ( 'NONE', *, *, #1248, .T. ) ;
#2719 = VECTOR ( 'NONE', #2895, 1000.000000000000000 ) ;
#2720 = LINE ( 'NONE', #2453, #3028 ) ;
#2721 = EDGE_CURVE ( 'NONE', #2436, #812, #2349, .T. ) ;
#2722 = ORIENTED_EDGE ( 'NONE', *, *, #1170, .F. ) ;
#2723 = CARTESIAN_POINT ( 'NONE',  ( 13.50000000000000355, 7.500000000000000000, 0.4999999999999998890 ) ) ;
#2724 = CARTESIAN_POINT ( 'NONE',  ( -6.099999999999999645, -2.500000000000000444, 0.000000000000000000 ) ) ;
#2725 = CARTESIAN_POINT ( 'NONE',  ( 9.000000000000003553, -7.500000000000000000, 1.000000000000001332 ) ) ;
#2726 = AXIS2_PLACEMENT_3D ( 'NONE', #2014, #3076, #970 ) ;
#2727 = ORIENTED_EDGE ( 'NONE', *, *, #1003, .T. ) ;
#2728 = FACE_OUTER_BOUND ( 'NONE', #117, .T. ) ;
#2729 = CARTESIAN_POINT ( 'NONE',  ( 9.000000000000003553, 7.500000000000000000, 1.000000000000001332 ) ) ;
#2730 = ORIENTED_EDGE ( 'NONE', *, *, #2340, .T. ) ;
#2731 = EDGE_CURVE ( 'NONE', #1573, #1076, #511, .T. ) ;
#2732 = LINE ( 'NONE', #3023, #97 ) ;
#2733 = CARTESIAN_POINT ( 'NONE',  ( -7.000000000000000888, -4.000000000000000000, 0.000000000000000000 ) ) ;
#2734 = CARTESIAN_POINT ( 'NONE',  ( 10.50000000000000178, 7.500000000000000000, 0.4999999999999998890 ) ) ;
#2735 = ORIENTED_EDGE ( 'NONE', *, *, #276, .T. ) ;
#2736 = CYLINDRICAL_SURFACE ( 'NONE', #3139, 0.5000000000000013323 ) ;
#2737 = ORIENTED_EDGE ( 'NONE', *, *, #2408, .T. ) ;
#2738 = ADVANCED_FACE ( 'NONE', ( #1554 ), #714, .F. ) ;
#2739 = EDGE_CURVE ( 'NONE', #982, #2810, #2297, .T. ) ;
#2740 = DIRECTION ( 'NONE',  ( -0.000000000000000000, -0.000000000000000000, 1.000000000000000000 ) ) ;
#2741 = CARTESIAN_POINT ( 'NONE',  ( -13.50000000000000178, 5.500000000000000000, 0.000000000000000000 ) ) ;
#2742 = CARTESIAN_POINT ( 'NONE',  ( 0.4999999999999989453, -5.477225575051662076, 7.200000000000001954 ) ) ;
#2743 = ORIENTED_EDGE ( 'NONE', *, *, #332, .T. ) ;
#2744 = FACE_OUTER_BOUND ( 'NONE', #1695, .T. ) ;
#2745 = CARTESIAN_POINT ( 'NONE',  ( 15.00000000000000355, -7.500000000000000000, 1.000000000000001332 ) ) ;
#2746 = AXIS2_PLACEMENT_3D ( 'NONE', #489, #1515, #1267 ) ;
#2747 = LINE ( 'NONE', #1742, #1995 ) ;
#2748 = DIRECTION ( 'NONE',  ( -1.652117596168387756E-16, -0.000000000000000000, -1.000000000000000000 ) ) ;
#2749 = LINE ( 'NONE', #611, #997 ) ;
#2750 = VECTOR ( 'NONE', #2335, 1000.000000000000000 ) ;
#2751 = AXIS2_PLACEMENT_3D ( 'NONE', #1327, #1908, #3219 ) ;
#2752 = ORIENTED_EDGE ( 'NONE', *, *, #1440, .T. ) ;
#2753 = PLANE ( 'NONE',  #1714 ) ;
#2754 = VERTEX_POINT ( 'NONE', #1539 ) ;
#2755 = EDGE_CURVE ( 'NONE', #2623, #1857, #2582, .T. ) ;
#2756 = LINE ( 'NONE', #412, #1235 ) ;
#2757 = FILL_AREA_STYLE ('',( #203 ) ) ;
#2758 = PLANE ( 'NONE',  #780 ) ;
#2759 = VECTOR ( 'NONE', #2953, 1000.000000000000000 ) ;
#2760 = EDGE_CURVE ( 'NONE', #1957, #2810, #342, .T. ) ;
#2761 = EDGE_CURVE ( 'NONE', #849, #1135, #1053, .T. ) ;
#2762 = ORIENTED_EDGE ( 'NONE', *, *, #2351, .T. ) ;
#2763 = AXIS2_PLACEMENT_3D ( 'NONE', #1266, #2061, #533 ) ;
#2764 = DIRECTION ( 'NONE',  ( -0.000000000000000000, -0.000000000000000000, -1.000000000000000000 ) ) ;
#2765 = FACE_OUTER_BOUND ( 'NONE', #275, .T. ) ;
#2766 = CARTESIAN_POINT ( 'NONE',  ( -6.100000000000000533, 6.000000000000000000, 3.000000000000000000 ) ) ;
#2767 = EDGE_CURVE ( 'NONE', #1926, #2958, #3339, .T. ) ;
#2768 = CARTESIAN_POINT ( 'NONE',  ( 9.500000000000005329, 7.500000000000000000, -10.00000000000000000 ) ) ;
#2769 = FACE_OUTER_BOUND ( 'NONE', #2433, .T. ) ;
#2770 = CIRCLE ( 'NONE', #1564, 0.4999999999999995559 ) ;
#2771 = VERTEX_POINT ( 'NONE', #2565 ) ;
#2772 = CARTESIAN_POINT ( 'NONE',  ( -6.099999999999999645, 0.000000000000000000, 0.000000000000000000 ) ) ;
#2773 = VECTOR ( 'NONE', #3251, 1000.000000000000000 ) ;
#2774 = EDGE_LOOP ( 'NONE', ( #2826, #1063, #180, #429 ) ) ;
#2775 = VECTOR ( 'NONE', #3389, 1000.000000000000000 ) ;
#2776 = EDGE_CURVE ( 'NONE', #1146, #2879, #3305, .T. ) ;
#2777 = CARTESIAN_POINT ( 'NONE',  ( 1.734723475976807094E-15, 0.000000000000000000, -8.313708498984759387 ) ) ;
#2778 = SURFACE_STYLE_USAGE ( .BOTH. , #737 ) ;
#2779 = FACE_OUTER_BOUND ( 'NONE', #1156, .T. ) ;
#2780 = ORIENTED_EDGE ( 'NONE', *, *, #1190, .T. ) ;
#2781 = VECTOR ( 'NONE', #2495, 1000.000000000000000 ) ;
#2782 = ORIENTED_EDGE ( 'NONE', *, *, #789, .T. ) ;
#2783 = DIRECTION ( 'NONE',  ( -0.01705417637246715856, 0.9998545669587437512, 0.000000000000000000 ) ) ;
#2784 = CARTESIAN_POINT ( 'NONE',  ( -3.560000000000000497, 0.000000000000000000, 1.200000000000000178 ) ) ;
#2785 = CYLINDRICAL_SURFACE ( 'NONE', #480, 0.5000000000000013323 ) ;
#2786 = LINE ( 'NONE', #244, #1333 ) ;
#2787 = EDGE_CURVE ( 'NONE', #129, #3195, #1823, .T. ) ;
#2788 = CARTESIAN_POINT ( 'NONE',  ( 15.00000000000000355, 7.500000000000000000, 0.5000000000000000000 ) ) ;
#2789 = EDGE_CURVE ( 'NONE', #1142, #2391, #2374, .T. ) ;
#2790 = VERTEX_POINT ( 'NONE', #333 ) ;
#2791 = CARTESIAN_POINT ( 'NONE',  ( -0.4999999999999982792, -5.310000000000000497, 0.000000000000000000 ) ) ;
#2792 = VERTEX_POINT ( 'NONE', #2361 ) ;
#2793 = ORIENTED_EDGE ( 'NONE', *, *, #1483, .T. ) ;
#2794 = CARTESIAN_POINT ( 'NONE',  ( 2.700000000000000178, 5.181818181818186098, 3.000000000000000000 ) ) ;
#2795 = DIRECTION ( 'NONE',  ( 0.000000000000000000, 0.000000000000000000, 1.000000000000000000 ) ) ;
#2796 = CARTESIAN_POINT ( 'NONE',  ( 0.000000000000000000, 0.000000000000000000, 7.200000000000001066 ) ) ;
#2797 = CARTESIAN_POINT ( 'NONE',  ( -6.099999999999999645, -2.500000000000000000, 0.000000000000000000 ) ) ;
#2798 = VECTOR ( 'NONE', #113, 1000.000000000000000 ) ;
#2799 = DIRECTION ( 'NONE',  ( 1.000000000000000000, 0.000000000000000000, 0.000000000000000000 ) ) ;
#2800 = DIRECTION ( 'NONE',  ( 0.000000000000000000, 0.000000000000000000, 1.000000000000000000 ) ) ;
#2801 = CARTESIAN_POINT ( 'NONE',  ( 16.50000000000000000, -7.500000000000000000, -10.00000000000000000 ) ) ;
#2802 = CARTESIAN_POINT ( 'NONE',  ( -5.600000000000000533, 4.000000000000000000, 3.000000000000000000 ) ) ;
#2803 = EDGE_CURVE ( 'NONE', #2500, #1417, #1875, .T. ) ;
#2804 = EDGE_CURVE ( 'NONE', #2500, #3147, #1601, .T. ) ;
#2805 = ORIENTED_EDGE ( 'NONE', *, *, #3072, .T. ) ;
#2806 = AXIS2_PLACEMENT_3D ( 'NONE', #339, #3000, #1389 ) ;
#2807 = DIRECTION ( 'NONE',  ( -0.000000000000000000, -0.000000000000000000, -1.000000000000000000 ) ) ;
#2808 = VERTEX_POINT ( 'NONE', #2888 ) ;
#2809 = STYLED_ITEM ( 'NONE', ( #500 ), #2330 ) ;
#2810 = VERTEX_POINT ( 'NONE', #2647 ) ;
#2811 = ORIENTED_EDGE ( 'NONE', *, *, #2789, .T. ) ;
#2812 = CARTESIAN_POINT ( 'NONE',  ( -6.100000000000000533, 4.000000000000000000, 3.000000000000000000 ) ) ;
#2813 = DIRECTION ( 'NONE',  ( 1.156482317317871478E-16, -1.000000000000000000, 0.000000000000000000 ) ) ;
#2814 = VECTOR ( 'NONE', #1294, 1000.000000000000000 ) ;
#2815 = ORIENTED_EDGE ( 'NONE', *, *, #2136, .T. ) ;
#2816 = AXIS2_PLACEMENT_3D ( 'NONE', #2605, #1287, #3129 ) ;
#2817 = DIRECTION ( 'NONE',  ( -0.000000000000000000, 1.000000000000000000, -0.000000000000000000 ) ) ;
#2818 = CARTESIAN_POINT ( 'NONE',  ( 3.560000000000000497, 4.359742604964578118E-16, 1.200000000000000178 ) ) ;
#2819 = CARTESIAN_POINT ( 'NONE',  ( -13.50000000000000178, 7.500000000000000000, 3.000000000000000000 ) ) ;
#2820 = VECTOR ( 'NONE', #2817, 1000.000000000000000 ) ;
#2821 = CARTESIAN_POINT ( 'NONE',  ( 0.000000000000000000, 0.000000000000000000, 1.200000000000000178 ) ) ;
#2822 = DIRECTION ( 'NONE',  ( 1.000000000000000000, 1.156482317317871478E-16, -0.000000000000000000 ) ) ;
#2823 = ORIENTED_EDGE ( 'NONE', *, *, #2695, .F. ) ;
#2824 = EDGE_CURVE ( 'NONE', #1881, #796, #2399, .T. ) ;
#2825 = CARTESIAN_POINT ( 'NONE',  ( 11.50000000000000178, 7.500000000000000000, -10.00000000000000000 ) ) ;
#2826 = ORIENTED_EDGE ( 'NONE', *, *, #288, .T. ) ;
#2827 = EDGE_LOOP ( 'NONE', ( #2985, #1852, #1642, #816 ) ) ;
#2828 = VECTOR ( 'NONE', #1199, 1000.000000000000000 ) ;
#2829 = DIRECTION ( 'NONE',  ( 0.000000000000000000, -0.000000000000000000, -1.000000000000000000 ) ) ;
#2830 = EDGE_CURVE ( 'NONE', #2771, #2169, #1600, .T. ) ;
#2831 = VERTEX_POINT ( 'NONE', #2922 ) ;
#2832 = VERTEX_POINT ( 'NONE', #1568 ) ;
#2833 = AXIS2_PLACEMENT_3D ( 'NONE', #1905, #2934, #865 ) ;
#2834 = CARTESIAN_POINT ( 'NONE',  ( 0.4999999999999991673, 0.6818181818181827669, 7.200000000000001954 ) ) ;
#2835 = LINE ( 'NONE', #2576, #1493 ) ;
#2836 = FACE_OUTER_BOUND ( 'NONE', #83, .T. ) ;
#2837 = VECTOR ( 'NONE', #3300, 1000.000000000000000 ) ;
#2838 = CARTESIAN_POINT ( 'NONE',  ( -6.100000000000000533, 4.500000000000000000, 3.000000000000000000 ) ) ;
#2839 = CARTESIAN_POINT ( 'NONE',  ( 12.50000000000000000, -7.500000000000000000, -10.00000000000000000 ) ) ;
#2840 = EDGE_CURVE ( 'NONE', #1489, #1324, #58, .T. ) ;
#2841 = ADVANCED_FACE ( 'NONE', ( #3202 ), #1089, .T. ) ;
#2842 = ORIENTED_EDGE ( 'NONE', *, *, #3397, .F. ) ;
#2843 = DIRECTION ( 'NONE',  ( -1.000000000000000000, -0.000000000000000000, -0.000000000000000000 ) ) ;
#2844 = ORIENTED_EDGE ( 'NONE', *, *, #3205, .F. ) ;
#2845 = CARTESIAN_POINT ( 'NONE',  ( -4.655689363101329192, -2.928234374893023517, 7.200000000000001954 ) ) ;
#2846 = DIRECTION ( 'NONE',  ( -0.000000000000000000, 0.000000000000000000, 1.000000000000000000 ) ) ;
#2847 = ADVANCED_FACE ( 'NONE', ( #850 ), #1842, .F. ) ;
#2848 = EDGE_CURVE ( 'NONE', #1744, #3150, #2609, .T. ) ;
#2849 = DIRECTION ( 'NONE',  ( 0.000000000000000000, 0.000000000000000000, 1.000000000000000000 ) ) ;
#2850 = DIRECTION ( 'NONE',  ( -0.000000000000000000, -0.000000000000000000, 1.000000000000000000 ) ) ;
#2851 = DIRECTION ( 'NONE',  ( 0.000000000000000000, -0.000000000000000000, -1.000000000000000000 ) ) ;
#2852 = EDGE_CURVE ( 'NONE', #1403, #543, #2176, .T. ) ;
#2853 = PLANE ( 'NONE',  #2435 ) ;
#2854 = DIRECTION ( 'NONE',  ( 0.000000000000000000, 0.000000000000000000, 1.000000000000000000 ) ) ;
#2855 = ORIENTED_EDGE ( 'NONE', *, *, #1834, .T. ) ;
#2856 = DIRECTION ( 'NONE',  ( -0.000000000000000000, 1.000000000000000000, -0.000000000000000000 ) ) ;
#2857 = VECTOR ( 'NONE', #636, 1000.000000000000000 ) ;
#2858 = ORIENTED_EDGE ( 'NONE', *, *, #1938, .F. ) ;
#2859 = DIRECTION ( 'NONE',  ( 1.000000000000000000, 0.000000000000000000, 0.000000000000000000 ) ) ;
#2860 = LINE ( 'NONE', #3070, #677 ) ;
#2861 = CIRCLE ( 'NONE', #2152, 0.5000000000000013323 ) ;
#2862 = VECTOR ( 'NONE', #2856, 1000.000000000000000 ) ;
#2863 = LINE ( 'NONE', #2834, #1059 ) ;
#2864 = EDGE_CURVE ( 'NONE', #2915, #3280, #1364, .T. ) ;
#2865 = CARTESIAN_POINT ( 'NONE',  ( -13.50000000000000178, 7.500000000000000000, 3.000000000000000000 ) ) ;
#2866 = CARTESIAN_POINT ( 'NONE',  ( -13.50000000000000000, -7.500000000000000000, 0.000000000000000000 ) ) ;
#2867 = APPLICATION_CONTEXT ( 'automotive_design' ) ;
#2868 = DIRECTION ( 'NONE',  ( -0.000000000000000000, -0.000000000000000000, 1.000000000000000000 ) ) ;
#2869 = LINE ( 'NONE', #3402, #1126 ) ;
#2870 = CIRCLE ( 'NONE', #1720, 4.650000000000000355 ) ;
#2871 = ORIENTED_EDGE ( 'NONE', *, *, #1276, .T. ) ;
#2872 = CARTESIAN_POINT ( 'NONE',  ( -13.50000000000000178, 2.499999999999999556, 3.000000000000000000 ) ) ;
#2873 = ORIENTED_EDGE ( 'NONE', *, *, #2852, .T. ) ;
#2874 = CARTESIAN_POINT ( 'NONE',  ( -13.50000000000000178, 7.500000000000000000, 3.000000000000000000 ) ) ;
#2875 = CARTESIAN_POINT ( 'NONE',  ( -7.500000000000001776, -6.500000000000000888, 0.000000000000000000 ) ) ;
#2876 = ORIENTED_EDGE ( 'NONE', *, *, #728, .F. ) ;
#2877 = ADVANCED_FACE ( 'NONE', ( #2665 ), #1893, .T. ) ;
#2878 = AXIS2_PLACEMENT_3D ( 'NONE', #3174, #821, #1865 ) ;
#2879 = VERTEX_POINT ( 'NONE', #2378 ) ;
#2880 = CARTESIAN_POINT ( 'NONE',  ( 8.500000000000000000, -7.500000000000000000, -10.00000000000000000 ) ) ;
#2881 = LINE ( 'NONE', #2894, #118 ) ;
#2882 = CYLINDRICAL_SURFACE ( 'NONE', #2995, 0.5000000000000013323 ) ;
#2883 = VECTOR ( 'NONE', #762, 1000.000000000000000 ) ;
#2884 = DIRECTION ( 'NONE',  ( -1.000000000000000000, 0.000000000000000000, 0.000000000000000000 ) ) ;
#2885 = CARTESIAN_POINT ( 'NONE',  ( -3.800000000000000266, -5.181818181818181657, 3.000000000000000000 ) ) ;
#2886 = ORIENTED_EDGE ( 'NONE', *, *, #1632, .T. ) ;
#2887 = ORIENTED_EDGE ( 'NONE', *, *, #2182, .F. ) ;
#2888 = CARTESIAN_POINT ( 'NONE',  ( -13.50000000000000178, 7.500000000000000000, 3.000000000000000000 ) ) ;
#2889 = ORIENTED_EDGE ( 'NONE', *, *, #2739, .F. ) ;
#2890 = FACE_BOUND ( 'NONE', #600, .T. ) ;
#2891 = CYLINDRICAL_SURFACE ( 'NONE', #1382, 4.650000000000000355 ) ;
#2892 = ORIENTED_EDGE ( 'NONE', *, *, #3010, .F. ) ;
#2893 = FACE_OUTER_BOUND ( 'NONE', #3177, .T. ) ;
#2894 = CARTESIAN_POINT ( 'NONE',  ( -3.424894045943700949, -2.066422215826031916, -8.313708498984759387 ) ) ;
#2895 = DIRECTION ( 'NONE',  ( -1.000000000000000000, -0.000000000000000000, -0.000000000000000000 ) ) ;
#2896 = ORIENTED_EDGE ( 'NONE', *, *, #1535, .T. ) ;
#2897 = LINE ( 'NONE', #51, #516 ) ;
#2898 = FACE_OUTER_BOUND ( 'NONE', #1100, .T. ) ;
#2899 = ORIENTED_EDGE ( 'NONE', *, *, #2362, .T. ) ;
#2900 = VERTEX_POINT ( 'NONE', #22 ) ;
#2901 = VERTEX_POINT ( 'NONE', #577 ) ;
#2902 = EDGE_CURVE ( 'NONE', #1307, #917, #318, .T. ) ;
#2903 = ADVANCED_FACE ( 'NONE', ( #2121 ), #2940, .F. ) ;
#2904 = DIRECTION ( 'NONE',  ( 1.000000000000000000, 0.000000000000000000, 0.000000000000000000 ) ) ;
#2905 = ORIENTED_EDGE ( 'NONE', *, *, #1939, .F. ) ;
#2906 = DIRECTION ( 'NONE',  ( -0.000000000000000000, -0.000000000000000000, 1.000000000000000000 ) ) ;
#2907 = CARTESIAN_POINT ( 'NONE',  ( 11.50000000000000355, 7.500000000000000000, 0.4999999999999998890 ) ) ;
#2908 = ORIENTED_EDGE ( 'NONE', *, *, #3059, .F. ) ;
#2909 = CIRCLE ( 'NONE', #3301, 0.5000000000000013323 ) ;
#2910 = DIRECTION ( 'NONE',  ( 0.000000000000000000, 0.000000000000000000, 1.000000000000000000 ) ) ;
#2911 = FACE_OUTER_BOUND ( 'NONE', #1759, .T. ) ;
#2912 = DIRECTION ( 'NONE',  ( -1.000000000000000000, 1.445602896647339163E-16, -0.000000000000000000 ) ) ;
#2913 = VECTOR ( 'NONE', #1829, 1000.000000000000000 ) ;
#2914 = VECTOR ( 'NONE', #2053, 1000.000000000000000 ) ;
#2915 = VERTEX_POINT ( 'NONE', #2680 ) ;
#2916 = LINE ( 'NONE', #2968, #733 ) ;
#2917 = FACE_OUTER_BOUND ( 'NONE', #1553, .T. ) ;
#2918 = VECTOR ( 'NONE', #2192, 1000.000000000000000 ) ;
#2919 = EDGE_CURVE ( 'NONE', #94, #1906, #1398, .T. ) ;
#2920 = ORIENTED_EDGE ( 'NONE', *, *, #3186, .F. ) ;
#2921 = CONICAL_SURFACE ( 'NONE', #2489, 3.560000000000000497, 0.7853981633974509435 ) ;
#2922 = CARTESIAN_POINT ( 'NONE',  ( 3.799999999999999822, 4.653657836759942730E-16, 1.200000000000000178 ) ) ;
#2923 = AXIS2_PLACEMENT_3D ( 'NONE', #3317, #933, #2474 ) ;
#2924 = VERTEX_POINT ( 'NONE', #924 ) ;
#2925 = DIRECTION ( 'NONE',  ( 0.000000000000000000, 0.000000000000000000, 1.000000000000000000 ) ) ;
#2926 = VERTEX_POINT ( 'NONE', #3253 ) ;
#2927 = CARTESIAN_POINT ( 'NONE',  ( -0.4999999999999995559, 3.968626966596886074, 2.999999999999999112 ) ) ;
#2928 = FACE_OUTER_BOUND ( 'NONE', #2126, .T. ) ;
#2929 = LINE ( 'NONE', #1867, #2345 ) ;
#2930 = ADVANCED_FACE ( 'NONE', ( #2464 ), #383, .F. ) ;
#2931 = AXIS2_PLACEMENT_3D ( 'NONE', #1187, #2292, #3319 ) ;
#2932 = ORIENTED_EDGE ( 'NONE', *, *, #1693, .T. ) ;
#2933 = CARTESIAN_POINT ( 'NONE',  ( -0.4999999999999998890, 6.488612787525830150, 7.200000000000001954 ) ) ;
#2934 = DIRECTION ( 'NONE',  ( 0.000000000000000000, 0.000000000000000000, 1.000000000000000000 ) ) ;
#2935 = CIRCLE ( 'NONE', #2713, 0.5000000000000004441 ) ;
#2936 = VERTEX_POINT ( 'NONE', #2734 ) ;
#2937 = AXIS2_PLACEMENT_3D ( 'NONE', #3170, #125, #817 ) ;
#2938 = ORIENTED_EDGE ( 'NONE', *, *, #2669, .T. ) ;
#2939 = ORIENTED_EDGE ( 'NONE', *, *, #3038, .T. ) ;
#2940 = CYLINDRICAL_SURFACE ( 'NONE', #126, 0.5000000000000004441 ) ;
#2941 = AXIS2_PLACEMENT_3D ( 'NONE', #437, #1480, #175 ) ;
#2942 = ADVANCED_FACE ( 'NONE', ( #908 ), #1962, .F. ) ;
#2943 = ORIENTED_EDGE ( 'NONE', *, *, #1168, .F. ) ;
#2944 = PLANE ( 'NONE',  #1819 ) ;
#2945 = AXIS2_PLACEMENT_3D ( 'NONE', #710, #1446, #952 ) ;
#2946 = VERTEX_POINT ( 'NONE', #2448 ) ;
#2947 = LINE ( 'NONE', #2671, #2165 ) ;
#2948 = PLANE ( 'NONE',  #1048 ) ;
#2949 = DIRECTION ( 'NONE',  ( -1.000000000000000000, 0.000000000000000000, 0.000000000000000000 ) ) ;
#2950 = EDGE_CURVE ( 'NONE', #2169, #1660, #2643, .T. ) ;
#2951 = EDGE_CURVE ( 'NONE', #2573, #1582, #146, .T. ) ;
#2952 = EDGE_LOOP ( 'NONE', ( #1856, #684 ) ) ;
#2953 = DIRECTION ( 'NONE',  ( 1.000000000000000000, -0.000000000000000000, -0.000000000000000000 ) ) ;
#2954 = DIRECTION ( 'NONE',  ( -1.000000000000000000, 0.000000000000000000, 0.000000000000000000 ) ) ;
#2955 = ORIENTED_EDGE ( 'NONE', *, *, #2251, .T. ) ;
#2956 = ORIENTED_EDGE ( 'NONE', *, *, #1543, .T. ) ;
#2957 = FACE_OUTER_BOUND ( 'NONE', #1903, .T. ) ;
#2958 = VERTEX_POINT ( 'NONE', #93 ) ;
#2959 = DIRECTION ( 'NONE',  ( -0.000000000000000000, -0.000000000000000000, 1.000000000000000000 ) ) ;
#2960 = ORIENTED_EDGE ( 'NONE', *, *, #385, .T. ) ;
#2961 = DIRECTION ( 'NONE',  ( 1.000000000000000000, 0.000000000000000000, 0.000000000000000000 ) ) ;
#2962 = DIRECTION ( 'NONE',  ( -1.000000000000000000, 0.000000000000000000, 0.000000000000000000 ) ) ;
#2963 = CARTESIAN_POINT ( 'NONE',  ( -0.4999999999999994449, -8.531472846220966133, 0.000000000000000000 ) ) ;
#2964 = ADVANCED_FACE ( 'NONE', ( #2957 ), #630, .F. ) ;
#2965 = EDGE_CURVE ( 'NONE', #1488, #1131, #1690, .T. ) ;
#2966 = ORIENTED_EDGE ( 'NONE', *, *, #315, .F. ) ;
#2967 = AXIS2_PLACEMENT_3D ( 'NONE', #2197, #840, #1144 ) ;
#2968 = CARTESIAN_POINT ( 'NONE',  ( -0.4999999999999991673, -6.071275269668507664E-17, 1.200000000000000178 ) ) ;
#2969 = CARTESIAN_POINT ( 'NONE',  ( -13.50000000000000178, 7.500000000000000000, 3.000000000000000000 ) ) ;
#2970 = CIRCLE ( 'NONE', #1494, 4.650000000000000355 ) ;
#2971 = ORIENTED_EDGE ( 'NONE', *, *, #3184, .F. ) ;
#2972 = EDGE_CURVE ( 'NONE', #1054, #1142, #1704, .T. ) ;
#2973 = LINE ( 'NONE', #1604, #2236 ) ;
#2974 = CIRCLE ( 'NONE', #1108, 0.5000000000000004441 ) ;
#2975 = DIRECTION ( 'NONE',  ( 1.214255053933703751E-16, -1.000000000000000000, 0.000000000000000000 ) ) ;
#2976 = VECTOR ( 'NONE', #2171, 999.9999999999998863 ) ;
#2977 = ORIENTED_EDGE ( 'NONE', *, *, #2610, .T. ) ;
#2978 = PLANE ( 'NONE',  #235 ) ;
#2979 = CIRCLE ( 'NONE', #1882, 0.5000000000000004441 ) ;
#2980 = ORIENTED_EDGE ( 'NONE', *, *, #2182, .T. ) ;
#2981 = CARTESIAN_POINT ( 'NONE',  ( -13.50000000000000000, -7.500000000000000000, 3.000000000000000000 ) ) ;
#2982 = CARTESIAN_POINT ( 'NONE',  ( 10.50000000000000000, 7.500000000000000000, -10.00000000000000000 ) ) ;
#2983 = CARTESIAN_POINT ( 'NONE',  ( -13.50000000000000000, -2.500000000000000444, 0.000000000000000000 ) ) ;
#2984 = EDGE_CURVE ( 'NONE', #319, #2708, #2749, .T. ) ;
#2985 = ORIENTED_EDGE ( 'NONE', *, *, #2622, .F. ) ;
#2986 = DIRECTION ( 'NONE',  ( -0.000000000000000000, -0.000000000000000000, 1.000000000000000000 ) ) ;
#2987 = LINE ( 'NONE', #845, #1569 ) ;
#2988 = ORIENTED_EDGE ( 'NONE', *, *, #1411, .T. ) ;
#2989 = VECTOR ( 'NONE', #3107, 1000.000000000000000 ) ;
#2990 = ORIENTED_EDGE ( 'NONE', *, *, #166, .T. ) ;
#2991 = DIRECTION ( 'NONE',  ( -0.000000000000000000, -0.000000000000000000, 1.000000000000000000 ) ) ;
#2992 = DIRECTION ( 'NONE',  ( -0.000000000000000000, 1.000000000000000000, -0.000000000000000000 ) ) ;
#2993 = EDGE_CURVE ( 'NONE', #2416, #3050, #1673, .T. ) ;
#2994 = ORIENTED_EDGE ( 'NONE', *, *, #2830, .F. ) ;
#2995 = AXIS2_PLACEMENT_3D ( 'NONE', #1319, #1286, #271 ) ;
#2996 = ADVANCED_FACE ( 'NONE', ( #886 ), #3025, .F. ) ;
#2997 = FACE_OUTER_BOUND ( 'NONE', #3341, .T. ) ;
#2998 = ORIENTED_EDGE ( 'NONE', *, *, #8, .T. ) ;
#2999 = LINE ( 'NONE', #153, #585 ) ;
#3000 = DIRECTION ( 'NONE',  ( -0.000000000000000000, 1.000000000000000000, -0.000000000000000000 ) ) ;
#3001 = DIRECTION ( 'NONE',  ( -0.000000000000000000, -0.000000000000000000, 1.000000000000000000 ) ) ;
#3002 = ORIENTED_EDGE ( 'NONE', *, *, #133, .T. ) ;
#3003 = CARTESIAN_POINT ( 'NONE',  ( -13.50000000000000178, 2.499999999999999556, 0.000000000000000000 ) ) ;
#3004 = CARTESIAN_POINT ( 'NONE',  ( -6.100000000000000533, 3.500000000000000000, 0.000000000000000000 ) ) ;
#3005 = ORIENTED_EDGE ( 'NONE', *, *, #2280, .T. ) ;
#3006 = DIRECTION ( 'NONE',  ( -1.000000000000000000, 0.000000000000000000, 0.000000000000000000 ) ) ;
#3007 = CARTESIAN_POINT ( 'NONE',  ( -13.50000000000000178, -0.5000000000000004441, 0.000000000000000000 ) ) ;
#3008 = CARTESIAN_POINT ( 'NONE',  ( 15.00000000000000355, -7.500000000000000000, 0.5000000000000000000 ) ) ;
#3009 = VERTEX_POINT ( 'NONE', #1449 ) ;
#3010 = EDGE_CURVE ( 'NONE', #3147, #406, #1655, .T. ) ;
#3011 = EDGE_CURVE ( 'NONE', #1131, #447, #888, .T. ) ;
#3012 = DIRECTION ( 'NONE',  ( -0.000000000000000000, -0.000000000000000000, 1.000000000000000000 ) ) ;
#3013 = EDGE_LOOP ( 'NONE', ( #610, #2396, #1353, #902 ) ) ;
#3014 = DIRECTION ( 'NONE',  ( 1.000000000000000000, 1.156482317317871478E-16, -0.000000000000000000 ) ) ;
#3015 = EDGE_CURVE ( 'NONE', #982, #1221, #350, .T. ) ;
#3016 = DIRECTION ( 'NONE',  ( 1.000000000000000000, 0.000000000000000000, 0.000000000000000000 ) ) ;
#3017 = FACE_OUTER_BOUND ( 'NONE', #2204, .T. ) ;
#3018 = ORIENTED_EDGE ( 'NONE', *, *, #2494, .F. ) ;
#3019 = VERTEX_POINT ( 'NONE', #210 ) ;
#3020 = LINE ( 'NONE', #399, #2594 ) ;
#3021 = CARTESIAN_POINT ( 'NONE',  ( -6.099999999999999645, -1.500000000000000444, 3.000000000000000000 ) ) ;
#3022 = VECTOR ( 'NONE', #2010, 1000.000000000000000 ) ;
#3023 = CARTESIAN_POINT ( 'NONE',  ( -13.50000000000000178, 4.500000000000000000, 3.000000000000000000 ) ) ;
#3024 = CARTESIAN_POINT ( 'NONE',  ( -0.3804764266782945104, -0.5188314909249456264, 7.200000000000001954 ) ) ;
#3025 = PLANE ( 'NONE',  #723 ) ;
#3026 = COLOUR_RGB ( '',0.5372549019607842924, 0.3490196078431372362, 0.3372549019607843368 ) ;
#3027 = EDGE_CURVE ( 'NONE', #2086, #1488, #1251, .T. ) ;
#3028 = VECTOR ( 'NONE', #685, 1000.000000000000000 ) ;
#3029 = ORIENTED_EDGE ( 'NONE', *, *, #609, .T. ) ;
#3030 = CARTESIAN_POINT ( 'NONE',  ( -5.599999999999998757, 0.000000000000000000, 0.000000000000000000 ) ) ;
#3031 = ADVANCED_FACE ( 'NONE', ( #3040 ), #1479, .F. ) ;
#3032 = EDGE_LOOP ( 'NONE', ( #601, #3290 ) ) ;
#3033 = DIRECTION ( 'NONE',  ( 1.000000000000000000, 0.000000000000000000, 0.000000000000000000 ) ) ;
#3034 = CARTESIAN_POINT ( 'NONE',  ( -0.4999999999999998890, 6.488612787525830150, 3.000000000000000000 ) ) ;
#3035 = DIRECTION ( 'NONE',  ( -1.000000000000000000, 0.000000000000000000, 0.000000000000000000 ) ) ;
#3036 = AXIS2_PLACEMENT_3D ( 'NONE', #949, #139, #1717 ) ;
#3037 = ORIENTED_EDGE ( 'NONE', *, *, #3125, .T. ) ;
#3038 = EDGE_CURVE ( 'NONE', #2381, #872, #721, .T. ) ;
#3039 = CARTESIAN_POINT ( 'NONE',  ( -0.4827754690797282922, 5.478770651017877746, 3.000000000000000000 ) ) ;
#3040 = FACE_OUTER_BOUND ( 'NONE', #1092, .T. ) ;
#3041 = DIRECTION ( 'NONE',  ( 1.000000000000000000, 0.000000000000000000, 0.000000000000000000 ) ) ;
#3042 = ADVANCED_FACE ( 'NONE', ( #2291 ), #1014, .F. ) ;
#3043 = DIRECTION ( 'NONE',  ( 0.000000000000000000, 0.000000000000000000, 1.000000000000000000 ) ) ;
#3044 = LINE ( 'NONE', #1238, #1025 ) ;
#3045 = AXIS2_PLACEMENT_3D ( 'NONE', #1427, #3287, #3006 ) ;
#3046 = AXIS2_PLACEMENT_3D ( 'NONE', #355, #134, #3239 ) ;
#3047 = ORIENTED_EDGE ( 'NONE', *, *, #326, .T. ) ;
#3048 = CARTESIAN_POINT ( 'NONE',  ( -2.700000000000000178, -5.181818181818181657, 0.000000000000000000 ) ) ;
#3049 = VECTOR ( 'NONE', #506, 1000.000000000000000 ) ;
#3050 = VERTEX_POINT ( 'NONE', #226 ) ;
#3051 = CIRCLE ( 'NONE', #532, 3.799999999999999822 ) ;
#3052 = ORIENTED_EDGE ( 'NONE', *, *, #1242, .F. ) ;
#3053 = CARTESIAN_POINT ( 'NONE',  ( 10.50000000000000000, -7.500000000000000000, -10.00000000000000000 ) ) ;
#3054 = DIRECTION ( 'NONE',  ( 0.000000000000000000, 0.000000000000000000, 1.000000000000000000 ) ) ;
#3055 = CARTESIAN_POINT ( 'NONE',  ( -13.50000000000000178, 7.500000000000000000, 0.000000000000000000 ) ) ;
#3056 = ORIENTED_EDGE ( 'NONE', *, *, #1665, .F. ) ;
#3057 = EDGE_LOOP ( 'NONE', ( #3281, #2375, #1724, #2597, #28, #2052, #3204, #1412, #3250 ) ) ;
#3058 = CARTESIAN_POINT ( 'NONE',  ( -7.000000000000000888, -6.000000000000000000, 3.000000000000000000 ) ) ;
#3059 = EDGE_CURVE ( 'NONE', #1363, #2670, #1981, .T. ) ;
#3060 = EDGE_CURVE ( 'NONE', #481, #2193, #174, .T. ) ;
#3061 = DIRECTION ( 'NONE',  ( 0.000000000000000000, 0.000000000000000000, 1.000000000000000000 ) ) ;
#3062 = LINE ( 'NONE', #967, #2781 ) ;
#3063 = DIRECTION ( 'NONE',  ( 1.000000000000000000, 0.000000000000000000, 0.000000000000000000 ) ) ;
#3064 = CARTESIAN_POINT ( 'NONE',  ( -6.099999999999999645, 2.499999999999999556, 0.000000000000000000 ) ) ;
#3065 = ORIENTED_EDGE ( 'NONE', *, *, #144, .T. ) ;
#3066 = CARTESIAN_POINT ( 'NONE',  ( 15.00000000000000355, -7.500000000000000000, 1.000000000000001332 ) ) ;
#3067 = ORIENTED_EDGE ( 'NONE', *, *, #2427, .T. ) ;
#3068 = DIRECTION ( 'NONE',  ( 0.000000000000000000, -1.000000000000000000, 0.000000000000000000 ) ) ;
#3069 = DIRECTION ( 'NONE',  ( 0.000000000000000000, 0.000000000000000000, 1.000000000000000000 ) ) ;
#3070 = CARTESIAN_POINT ( 'NONE',  ( -6.099999999999999645, -0.5000000000000000000, 0.000000000000000000 ) ) ;
#3071 = ORIENTED_EDGE ( 'NONE', *, *, #1821, .F. ) ;
#3072 = EDGE_CURVE ( 'NONE', #2832, #2105, #1738, .T. ) ;
#3073 = LINE ( 'NONE', #3384, #467 ) ;
#3074 = DIRECTION ( 'NONE',  ( 1.000000000000000000, 0.000000000000000000, 0.000000000000000000 ) ) ;
#3075 = DIRECTION ( 'NONE',  ( 0.000000000000000000, -0.000000000000000000, -1.000000000000000000 ) ) ;
#3076 = DIRECTION ( 'NONE',  ( 0.000000000000000000, 1.000000000000000000, 0.000000000000000000 ) ) ;
#3077 = DIRECTION ( 'NONE',  ( 0.000000000000000000, 1.000000000000000000, 0.000000000000000000 ) ) ;
#3078 = VECTOR ( 'NONE', #2588, 1000.000000000000000 ) ;
#3079 = EDGE_CURVE ( 'NONE', #812, #524, #2909, .T. ) ;
#3080 = ORIENTED_EDGE ( 'NONE', *, *, #280, .F. ) ;
#3081 = DIRECTION ( 'NONE',  ( -0.000000000000000000, -0.000000000000000000, 1.000000000000000000 ) ) ;
#3082 = EDGE_LOOP ( 'NONE', ( #351, #1071, #3188, #1963 ) ) ;
#3083 = ORIENTED_EDGE ( 'NONE', *, *, #2610, .F. ) ;
#3084 = DIRECTION ( 'NONE',  ( -0.000000000000000000, 0.000000000000000000, -1.000000000000000000 ) ) ;
#3085 = CARTESIAN_POINT ( 'NONE',  ( -7.500000000000001776, -4.000000000000000000, 0.000000000000000000 ) ) ;
#3086 = DIRECTION ( 'NONE',  ( -1.000000000000000000, 0.000000000000000000, 0.000000000000000000 ) ) ;
#3087 = VECTOR ( 'NONE', #2498, 1000.000000000000000 ) ;
#3088 = EDGE_LOOP ( 'NONE', ( #1716, #1117, #2858, #2703 ) ) ;
#3089 = VECTOR ( 'NONE', #844, 1000.000000000000000 ) ;
#3090 = DIRECTION ( 'NONE',  ( 1.445602896647339163E-16, 1.000000000000000000, 0.000000000000000000 ) ) ;
#3091 = CARTESIAN_POINT ( 'NONE',  ( -13.50000000000000000, -7.500000000000000000, 3.000000000000000000 ) ) ;
#3092 = CARTESIAN_POINT ( 'NONE',  ( -13.50000000000000178, 7.500000000000000000, 3.000000000000000000 ) ) ;
#3093 = EDGE_CURVE ( 'NONE', #946, #1688, #1496, .T. ) ;
#3094 = VECTOR ( 'NONE', #1788, 1000.000000000000000 ) ;
#3095 = LINE ( 'NONE', #2620, #405 ) ;
#3096 = LINE ( 'NONE', #745, #1404 ) ;
#3097 = EDGE_LOOP ( 'NONE', ( #1509, #2805, #2692, #3162 ) ) ;
#3098 = VERTEX_POINT ( 'NONE', #2784 ) ;
#3099 = ADVANCED_FACE ( 'NONE', ( #3349 ), #995, .F. ) ;
#3100 = EDGE_CURVE ( 'NONE', #2316, #2363, #708, .T. ) ;
#3101 = DIRECTION ( 'NONE',  ( 0.000000000000000000, 0.000000000000000000, 1.000000000000000000 ) ) ;
#3102 = VECTOR ( 'NONE', #14, 1000.000000000000000 ) ;
#3103 = VERTEX_POINT ( 'NONE', #1789 ) ;
#3104 = ORIENTED_EDGE ( 'NONE', *, *, #830, .F. ) ;
#3105 = EDGE_CURVE ( 'NONE', #2316, #3050, #2835, .T. ) ;
#3106 = CIRCLE ( 'NONE', #1458, 3.799999999999999822 ) ;
#3107 = DIRECTION ( 'NONE',  ( -0.000000000000000000, 1.000000000000000000, -0.000000000000000000 ) ) ;
#3108 = PLANE ( 'NONE',  #2040 ) ;
#3109 = ORIENTED_EDGE ( 'NONE', *, *, #3205, .T. ) ;
#3110 = DIRECTION ( 'NONE',  ( 1.156482317317871478E-16, -1.000000000000000000, 0.000000000000000000 ) ) ;
#3111 = DIRECTION ( 'NONE',  ( 1.000000000000000000, 0.000000000000000000, -1.652117596168387756E-16 ) ) ;
#3112 = CARTESIAN_POINT ( 'NONE',  ( 16.50000000000000000, -7.500000000000000000, -10.00000000000000000 ) ) ;
#3113 = VECTOR ( 'NONE', #2912, 1000.000000000000000 ) ;
#3114 = CARTESIAN_POINT ( 'NONE',  ( -7.500000000000001776, -5.500000000000000888, 3.000000000000000000 ) ) ;
#3115 = DIRECTION ( 'NONE',  ( 1.000000000000000000, 0.000000000000000000, 0.000000000000000000 ) ) ;
#3116 = CIRCLE ( 'NONE', #1889, 1.100000000000000311 ) ;
#3117 = ORIENTED_EDGE ( 'NONE', *, *, #2494, .T. ) ;
#3118 = DIRECTION ( 'NONE',  ( 0.000000000000000000, 0.000000000000000000, 1.000000000000000000 ) ) ;
#3119 = ADVANCED_FACE ( 'NONE', ( #3367 ), #2062, .F. ) ;
#3120 = ADVANCED_FACE ( 'NONE', ( #2765 ), #1216, .F. ) ;
#3121 = ORIENTED_EDGE ( 'NONE', *, *, #1096, .T. ) ;
#3122 = DIRECTION ( 'NONE',  ( 1.000000000000000000, 0.000000000000000000, 0.000000000000000000 ) ) ;
#3123 = PLANE ( 'NONE',  #833 ) ;
#3124 = VERTEX_POINT ( 'NONE', #1752 ) ;
#3125 = EDGE_CURVE ( 'NONE', #1378, #298, #3242, .T. ) ;
#3126 = CARTESIAN_POINT ( 'NONE',  ( 11.00000000000000355, 7.500000000000000000, 0.5000000000000000000 ) ) ;
#3127 = CARTESIAN_POINT ( 'NONE',  ( -6.099999999999999645, 2.499999999999999556, 0.000000000000000000 ) ) ;
#3128 = DIRECTION ( 'NONE',  ( -1.000000000000000000, 0.000000000000000000, 0.000000000000000000 ) ) ;
#3129 = DIRECTION ( 'NONE',  ( 0.000000000000000000, 0.000000000000000000, 1.000000000000000000 ) ) ;
#3130 = CARTESIAN_POINT ( 'NONE',  ( -6.100000000000000533, 6.500000000000000000, 0.000000000000000000 ) ) ;
#3131 = VERTEX_POINT ( 'NONE', #1993 ) ;
#3132 = DIRECTION ( 'NONE',  ( 0.000000000000000000, 1.000000000000000000, 0.000000000000000000 ) ) ;
#3133 = AXIS2_PLACEMENT_3D ( 'NONE', #1630, #323, #2962 ) ;
#3134 = ORIENTED_EDGE ( 'NONE', *, *, #2776, .T. ) ;
#3135 = CARTESIAN_POINT ( 'NONE',  ( -0.4999999999999990563, -7.500000000000000000, 0.000000000000000000 ) ) ;
#3136 = CARTESIAN_POINT ( 'NONE',  ( 0.4999999999999982792, -5.310000000000000497, 0.000000000000000000 ) ) ;
#3137 = CIRCLE ( 'NONE', #3357, 0.5000000000000013323 ) ;
#3138 = ORIENTED_EDGE ( 'NONE', *, *, #3060, .T. ) ;
#3139 = AXIS2_PLACEMENT_3D ( 'NONE', #2331, #3376, #475 ) ;
#3140 = DIRECTION ( 'NONE',  ( 0.000000000000000000, -1.000000000000000000, 0.000000000000000000 ) ) ;
#3141 = CARTESIAN_POINT ( 'NONE',  ( 0.4999999999999982792, -5.310000000000000497, 0.000000000000000000 ) ) ;
#3142 = CARTESIAN_POINT ( 'NONE',  ( -6.099999999999999645, -2.500000000000000000, 3.000000000000000000 ) ) ;
#3143 = ADVANCED_FACE ( 'NONE', ( #2540 ), #190, .F. ) ;
#3144 = PLANE ( 'NONE',  #955 ) ;
#3145 = DIRECTION ( 'NONE',  ( -1.000000000000000000, 0.000000000000000000, 0.000000000000000000 ) ) ;
#3146 = CIRCLE ( 'NONE', #2816, 0.5000000000000013323 ) ;
#3147 = VERTEX_POINT ( 'NONE', #1849 ) ;
#3148 = VERTEX_POINT ( 'NONE', #308 ) ;
#3149 = DIRECTION ( 'NONE',  ( -0.000000000000000000, -0.000000000000000000, 1.000000000000000000 ) ) ;
#3150 = VERTEX_POINT ( 'NONE', #568 ) ;
#3151 = VERTEX_POINT ( 'NONE', #2369 ) ;
#3152 = CARTESIAN_POINT ( 'NONE',  ( -13.50000000000000178, -3.499999999999999556, 0.000000000000000000 ) ) ;
#3153 = CARTESIAN_POINT ( 'NONE',  ( 0.000000000000000000, 0.000000000000000000, 0.000000000000000000 ) ) ;
#3154 = EDGE_LOOP ( 'NONE', ( #2908, #2016, #2612, #2283 ) ) ;
#3155 = VECTOR ( 'NONE', #2383, 1000.000000000000000 ) ;
#3156 = DIRECTION ( 'NONE',  ( -0.000000000000000000, -0.000000000000000000, 1.000000000000000000 ) ) ;
#3157 = CARTESIAN_POINT ( 'NONE',  ( -6.100000000000000533, 5.500000000000000000, 0.000000000000000000 ) ) ;
#3158 = DIRECTION ( 'NONE',  ( -1.000000000000000000, 0.000000000000000000, 0.000000000000000000 ) ) ;
#3159 = AXIS2_PLACEMENT_3D ( 'NONE', #698, #1255, #712 ) ;
#3160 = EDGE_CURVE ( 'NONE', #1657, #3331, #1760, .T. ) ;
#3161 = EDGE_CURVE ( 'NONE', #3280, #2696, #1805, .T. ) ;
#3162 = ORIENTED_EDGE ( 'NONE', *, *, #1486, .F. ) ;
#3163 = CARTESIAN_POINT ( 'NONE',  ( -13.50000000000000178, 1.499999999999999556, 0.000000000000000000 ) ) ;
#3164 = VECTOR ( 'NONE', #2589, 1000.000000000000000 ) ;
#3165 = DIRECTION ( 'NONE',  ( 1.000000000000000000, 0.000000000000000000, 0.000000000000000000 ) ) ;
#3166 = ORIENTED_EDGE ( 'NONE', *, *, #1736, .F. ) ;
#3167 = ORIENTED_EDGE ( 'NONE', *, *, #1272, .F. ) ;
#3168 = DIRECTION ( 'NONE',  ( -0.000000000000000000, -0.000000000000000000, 1.000000000000000000 ) ) ;
#3169 = ORIENTED_EDGE ( 'NONE', *, *, #648, .F. ) ;
#3170 = CARTESIAN_POINT ( 'NONE',  ( 0.000000000000000000, 0.000000000000000000, 0.000000000000000000 ) ) ;
#3171 = DIRECTION ( 'NONE',  ( -3.787379036400652809E-16, 1.000000000000000000, 0.000000000000000000 ) ) ;
#3172 = ORIENTED_EDGE ( 'NONE', *, *, #1609, .F. ) ;
#3173 = ORIENTED_EDGE ( 'NONE', *, *, #2864, .T. ) ;
#3174 = CARTESIAN_POINT ( 'NONE',  ( 0.000000000000000000, 0.000000000000000000, 1.000000000000000000 ) ) ;
#3175 = CARTESIAN_POINT ( 'NONE',  ( -13.50000000000000178, 3.499999999999999556, 0.000000000000000000 ) ) ;
#3176 = DIRECTION ( 'NONE',  ( -1.000000000000000000, -0.000000000000000000, -0.000000000000000000 ) ) ;
#3177 = EDGE_LOOP ( 'NONE', ( #627, #3356, #991, #1750, #360, #2932, #2515, #2235 ) ) ;
#3178 = CARTESIAN_POINT ( 'NONE',  ( 0.4999999999999989453, -3.968626966596886074, 7.200000000000001954 ) ) ;
#3179 = DIRECTION ( 'NONE',  ( 1.156482317317871478E-16, -1.000000000000000000, 0.000000000000000000 ) ) ;
#3180 = ADVANCED_FACE ( 'NONE', ( #1356 ), #2146, .F. ) ;
#3181 = ORIENTED_EDGE ( 'NONE', *, *, #1871, .F. ) ;
#3182 = ORIENTED_EDGE ( 'NONE', *, *, #73, .T. ) ;
#3183 = DIRECTION ( 'NONE',  ( -1.000000000000000000, -0.000000000000000000, -0.000000000000000000 ) ) ;
#3184 = EDGE_CURVE ( 'NONE', #312, #2936, #1285, .T. ) ;
#3185 = VERTEX_POINT ( 'NONE', #3399 ) ;
#3186 = EDGE_CURVE ( 'NONE', #70, #2404, #337, .T. ) ;
#3187 = DIRECTION ( 'NONE',  ( 1.000000000000000000, 0.000000000000000000, 0.000000000000000000 ) ) ;
#3188 = ORIENTED_EDGE ( 'NONE', *, *, #2993, .T. ) ;
#3189 = AXIS2_PLACEMENT_3D ( 'NONE', #1181, #2705, #874 ) ;
#3190 = PLANE ( 'NONE',  #1447 ) ;
#3191 = CARTESIAN_POINT ( 'NONE',  ( -6.099999999999999645, -2.000000000000000000, 0.000000000000000000 ) ) ;
#3192 = DIRECTION ( 'NONE',  ( 1.000000000000000000, 0.000000000000000000, 0.000000000000000000 ) ) ;
#3193 = AXIS2_PLACEMENT_3D ( 'NONE', #3329, #1682, #114 ) ;
#3194 = VECTOR ( 'NONE', #2102, 1000.000000000000000 ) ;
#3195 = VERTEX_POINT ( 'NONE', #1866 ) ;
#3196 = DIRECTION ( 'NONE',  ( 0.000000000000000000, 0.000000000000000000, 1.000000000000000000 ) ) ;
#3197 = DIRECTION ( 'NONE',  ( 0.000000000000000000, 0.000000000000000000, -1.000000000000000000 ) ) ;
#3198 = EDGE_CURVE ( 'NONE', #1426, #3131, #291, .T. ) ;
#3199 = EDGE_LOOP ( 'NONE', ( #277, #1615, #2000, #1876 ) ) ;
#3200 = ORIENTED_EDGE ( 'NONE', *, *, #2031, .T. ) ;
#3201 = VECTOR ( 'NONE', #879, 999.9999999999998863 ) ;
#3202 = FACE_OUTER_BOUND ( 'NONE', #2055, .T. ) ;
#3203 = AXIS2_PLACEMENT_3D ( 'NONE', #121, #1167, #3263 ) ;
#3204 = ORIENTED_EDGE ( 'NONE', *, *, #690, .F. ) ;
#3205 = EDGE_CURVE ( 'NONE', #2533, #2346, #2617, .T. ) ;
#3206 = ADVANCED_FACE ( 'NONE', ( #2911 ), #1612, .F. ) ;
#3207 = ADVANCED_FACE ( 'NONE', ( #241 ), #1576, .F. ) ;
#3208 = CARTESIAN_POINT ( 'NONE',  ( 0.000000000000000000, 0.000000000000000000, 1.000000000000000000 ) ) ;
#3209 = ORIENTED_EDGE ( 'NONE', *, *, #478, .F. ) ;
#3210 = EDGE_CURVE ( 'NONE', #2105, #2708, #1869, .T. ) ;
#3211 = CARTESIAN_POINT ( 'NONE',  ( -13.50000000000000178, 1.499999999999999556, 0.000000000000000000 ) ) ;
#3212 = FACE_OUTER_BOUND ( 'NONE', #442, .T. ) ;
#3213 = CARTESIAN_POINT ( 'NONE',  ( 3.560000000000000497, 4.359742604964578118E-16, 1.200000000000000178 ) ) ;
#3214 = EDGE_LOOP ( 'NONE', ( #1176, #1325, #2272, #267 ) ) ;
#3215 = DIRECTION ( 'NONE',  ( 1.000000000000000000, 0.000000000000000000, 0.000000000000000000 ) ) ;
#3216 = LINE ( 'NONE', #1651, #88 ) ;
#3217 = AXIS2_PLACEMENT_3D ( 'NONE', #345, #573, #1410 ) ;
#3218 = ORIENTED_EDGE ( 'NONE', *, *, #2332, .T. ) ;
#3219 = DIRECTION ( 'NONE',  ( -1.000000000000000000, 0.000000000000000000, 0.000000000000000000 ) ) ;
#3220 = VECTOR ( 'NONE', #3226, 1000.000000000000000 ) ;
#3221 = VERTEX_POINT ( 'NONE', #1031 ) ;
#3222 = CYLINDRICAL_SURFACE ( 'NONE', #1051, 1.100000000000000311 ) ;
#3223 = ORIENTED_EDGE ( 'NONE', *, *, #757, .T. ) ;
#3224 = CARTESIAN_POINT ( 'NONE',  ( 0.4999999999999995559, 3.272017726113352953, 1.449999999999999956 ) ) ;
#3225 = CARTESIAN_POINT ( 'NONE',  ( 11.50000000000000178, -7.500000000000000000, -10.00000000000000000 ) ) ;
#3226 = DIRECTION ( 'NONE',  ( -0.000000000000000000, -0.000000000000000000, 1.000000000000000000 ) ) ;
#3227 = EDGE_CURVE ( 'NONE', #1395, #272, #2881, .T. ) ;
#3228 = ORIENTED_EDGE ( 'NONE', *, *, #2091, .F. ) ;
#3229 = DIRECTION ( 'NONE',  ( 0.000000000000000000, -0.000000000000000000, -1.000000000000000000 ) ) ;
#3230 = CARTESIAN_POINT ( 'NONE',  ( -13.50000000000000178, 7.500000000000000000, 3.000000000000000000 ) ) ;
#3231 = ORIENTED_EDGE ( 'NONE', *, *, #487, .T. ) ;
#3232 = EDGE_LOOP ( 'NONE', ( #358, #377, #1787, #2899 ) ) ;
#3233 = LINE ( 'NONE', #1571, #1948 ) ;
#3234 = DIRECTION ( 'NONE',  ( 0.000000000000000000, -0.000000000000000000, 1.000000000000000000 ) ) ;
#3235 = ORIENTED_EDGE ( 'NONE', *, *, #1022, .F. ) ;
#3236 = FACE_OUTER_BOUND ( 'NONE', #3154, .T. ) ;
#3237 = EDGE_CURVE ( 'NONE', #1917, #2792, #1339, .T. ) ;
#3238 = ORIENTED_EDGE ( 'NONE', *, *, #1897, .F. ) ;
#3239 = DIRECTION ( 'NONE',  ( -1.000000000000000000, -1.776356839400250465E-15, 0.000000000000000000 ) ) ;
#3240 = DIRECTION ( 'NONE',  ( 0.000000000000000000, 0.000000000000000000, 1.000000000000000000 ) ) ;
#3241 = CARTESIAN_POINT ( 'NONE',  ( -13.50000000000000000, -7.500000000000000000, 3.000000000000000000 ) ) ;
#3242 = CIRCLE ( 'NONE', #2424, 0.4999999999999995559 ) ;
#3243 = VERTEX_POINT ( 'NONE', #1816 ) ;
#3244 = VECTOR ( 'NONE', #961, 1000.000000000000000 ) ;
#3245 = CARTESIAN_POINT ( 'NONE',  ( -13.50000000000000000, -1.500000000000000444, 0.000000000000000000 ) ) ;
#3246 = ADVANCED_FACE ( 'NONE', ( #548 ), #31, .F. ) ;
#3247 = DIRECTION ( 'NONE',  ( -0.000000000000000000, -0.000000000000000000, -1.000000000000000000 ) ) ;
#3248 = VECTOR ( 'NONE', #1437, 1000.000000000000000 ) ;
#3249 = ORIENTED_EDGE ( 'NONE', *, *, #2484, .T. ) ;
#3250 = ORIENTED_EDGE ( 'NONE', *, *, #2029, .F. ) ;
#3251 = DIRECTION ( 'NONE',  ( 1.156482317317871478E-16, -1.000000000000000000, 0.000000000000000000 ) ) ;
#3252 = AXIS2_PLACEMENT_3D ( 'NONE', #1139, #1210, #2194 ) ;
#3253 = CARTESIAN_POINT ( 'NONE',  ( -2.700000000000000178, -5.181818181818181657, 3.000000000000000000 ) ) ;
#3254 = VECTOR ( 'NONE', #3388, 1000.000000000000000 ) ;
#3255 = ORIENTED_EDGE ( 'NONE', *, *, #939, .T. ) ;
#3256 = CARTESIAN_POINT ( 'NONE',  ( 0.4999999999999995559, 3.272017726113352953, 3.000000000000000000 ) ) ;
#3257 = AXIS2_PLACEMENT_3D ( 'NONE', #1110, #2685, #1629 ) ;
#3258 = ORIENTED_EDGE ( 'NONE', *, *, #876, .F. ) ;
#3259 = LINE ( 'NONE', #912, #2064 ) ;
#3260 = FACE_OUTER_BOUND ( 'NONE', #1598, .T. ) ;
#3261 = DIRECTION ( 'NONE',  ( -0.000000000000000000, -0.000000000000000000, 1.000000000000000000 ) ) ;
#3262 = ORIENTED_EDGE ( 'NONE', *, *, #2091, .T. ) ;
#3263 = DIRECTION ( 'NONE',  ( 1.000000000000000000, 0.000000000000000000, 0.000000000000000000 ) ) ;
#3264 = FACE_OUTER_BOUND ( 'NONE', #286, .T. ) ;
#3265 = ORIENTED_EDGE ( 'NONE', *, *, #280, .T. ) ;
#3266 = EDGE_CURVE ( 'NONE', #2623, #3151, #1560, .T. ) ;
#3267 = EDGE_CURVE ( 'NONE', #485, #2446, #1302, .T. ) ;
#3268 = AXIS2_PLACEMENT_3D ( 'NONE', #2505, #942, #2518 ) ;
#3269 = DIRECTION ( 'NONE',  ( 0.000000000000000000, 0.000000000000000000, -1.000000000000000000 ) ) ;
#3270 = LINE ( 'NONE', #1689, #750 ) ;
#3271 = DIRECTION ( 'NONE',  ( 1.000000000000000000, 0.000000000000000000, 0.000000000000000000 ) ) ;
#3272 = CIRCLE ( 'NONE', #2065, 4.650000000000000355 ) ;
#3273 = EDGE_CURVE ( 'NONE', #2403, #2958, #62, .T. ) ;
#3274 = ORIENTED_EDGE ( 'NONE', *, *, #3161, .T. ) ;
#3275 = CARTESIAN_POINT ( 'NONE',  ( 0.4999999999999982792, -5.310000000000000497, 3.000000000000000000 ) ) ;
#3276 = VERTEX_POINT ( 'NONE', #3225 ) ;
#3277 = CARTESIAN_POINT ( 'NONE',  ( 3.800000000000000266, 5.181818181818186098, 0.000000000000000000 ) ) ;
#3278 = DIRECTION ( 'NONE',  ( 1.000000000000000000, -0.000000000000000000, -0.000000000000000000 ) ) ;
#3279 = PRODUCT_DEFINITION_CONTEXT ( 'detailed design', #2867, 'design' ) ;
#3280 = VERTEX_POINT ( 'NONE', #893 ) ;
#3281 = ORIENTED_EDGE ( 'NONE', *, *, #2984, .T. ) ;
#3282 = DIRECTION ( 'NONE',  ( -1.652117596168387756E-16, 0.000000000000000000, -1.000000000000000000 ) ) ;
#3283 = ORIENTED_EDGE ( 'NONE', *, *, #643, .T. ) ;
#3284 = DIRECTION ( 'NONE',  ( 0.000000000000000000, -0.000000000000000000, 1.000000000000000000 ) ) ;
#3285 = ADVANCED_FACE ( 'NONE', ( #2469 ), #392, .F. ) ;
#3286 = ADVANCED_FACE ( 'NONE', ( #2928 ), #1681, .T. ) ;
#3287 = DIRECTION ( 'NONE',  ( 0.000000000000000000, 0.000000000000000000, -1.000000000000000000 ) ) ;
#3288 = CARTESIAN_POINT ( 'NONE',  ( -13.50000000000000178, 7.500000000000000000, 3.000000000000000000 ) ) ;
#3289 = CARTESIAN_POINT ( 'NONE',  ( -13.50000000000000000, -2.500000000000000444, 3.000000000000000000 ) ) ;
#3290 = ORIENTED_EDGE ( 'NONE', *, *, #1622, .F. ) ;
#3291 = FACE_OUTER_BOUND ( 'NONE', #1709, .T. ) ;
#3292 = EDGE_CURVE ( 'NONE', #156, #1131, #587, .T. ) ;
#3293 = VERTEX_POINT ( 'NONE', #1111 ) ;
#3294 = AXIS2_PLACEMENT_3D ( 'NONE', #80, #1662, #356 ) ;
#3295 = LINE ( 'NONE', #1473, #2502 ) ;
#3296 = SURFACE_STYLE_FILL_AREA ( #2757 ) ;
#3297 = FACE_OUTER_BOUND ( 'NONE', #3097, .T. ) ;
#3298 = DIRECTION ( 'NONE',  ( -1.000000000000000000, 0.000000000000000000, 0.000000000000000000 ) ) ;
#3299 = DIRECTION ( 'NONE',  ( 0.000000000000000000, 0.000000000000000000, 1.000000000000000000 ) ) ;
#3300 = DIRECTION ( 'NONE',  ( 1.156482317317871478E-16, -1.000000000000000000, 0.000000000000000000 ) ) ;
#3301 = AXIS2_PLACEMENT_3D ( 'NONE', #742, #161, #3061 ) ;
#3302 = DIRECTION ( 'NONE',  ( 0.000000000000000000, 0.000000000000000000, -1.000000000000000000 ) ) ;
#3303 = DIRECTION ( 'NONE',  ( 0.8092510388073147487, 0.5874629828246898944, -0.000000000000000000 ) ) ;
#3304 = AXIS2_PLACEMENT_3D ( 'NONE', #155, #1492, #171 ) ;
#3305 = CIRCLE ( 'NONE', #2099, 0.5000000000000004441 ) ;
#3306 = VERTEX_POINT ( 'NONE', #2724 ) ;
#3307 = DIRECTION ( 'NONE',  ( 0.000000000000000000, 0.000000000000000000, 1.000000000000000000 ) ) ;
#3308 = VERTEX_POINT ( 'NONE', #1646 ) ;
#3309 = ADVANCED_FACE ( 'NONE', ( #99 ), #2167, .F. ) ;
#3310 = EDGE_CURVE ( 'NONE', #2118, #3148, #1380, .T. ) ;
#3311 = ORIENTED_EDGE ( 'NONE', *, *, #46, .T. ) ;
#3312 = CARTESIAN_POINT ( 'NONE',  ( 0.000000000000000000, 0.000000000000000000, 1.200000000000000178 ) ) ;
#3313 = CARTESIAN_POINT ( 'NONE',  ( 0.000000000000000000, 0.000000000000000000, 3.000000000000000000 ) ) ;
#3314 = CIRCLE ( 'NONE', #2221, 0.5000000000000004441 ) ;
#3315 = ORIENTED_EDGE ( 'NONE', *, *, #2830, .T. ) ;
#3316 = EDGE_CURVE ( 'NONE', #1403, #2181, #1370, .T. ) ;
#3317 = CARTESIAN_POINT ( 'NONE',  ( -6.099999999999999645, -2.000000000000000000, 3.000000000000000000 ) ) ;
#3318 = CARTESIAN_POINT ( 'NONE',  ( -13.50000000000000178, 3.499999999999999556, 0.000000000000000000 ) ) ;
#3319 = DIRECTION ( 'NONE',  ( -1.000000000000000000, 0.000000000000000000, 0.000000000000000000 ) ) ;
#3320 = DIRECTION ( 'NONE',  ( 1.000000000000000000, 0.000000000000000000, 0.000000000000000000 ) ) ;
#3321 = CARTESIAN_POINT ( 'NONE',  ( 15.50000000000000178, -7.500000000000000000, -10.00000000000000000 ) ) ;
#3322 = CIRCLE ( 'NONE', #2174, 1.100000000000000311 ) ;
#3323 = VERTEX_POINT ( 'NONE', #1436 ) ;
#3324 = DIRECTION ( 'NONE',  ( 1.000000000000000000, 0.000000000000000000, -0.000000000000000000 ) ) ;
#3325 = CIRCLE ( 'NONE', #1840, 1.100000000000000311 ) ;
#3326 = ORIENTED_EDGE ( 'NONE', *, *, #626, .F. ) ;
#3327 = DIRECTION ( 'NONE',  ( -0.000000000000000000, -0.000000000000000000, 1.000000000000000000 ) ) ;
#3328 = DIRECTION ( 'NONE',  ( -0.000000000000000000, 0.000000000000000000, 1.000000000000000000 ) ) ;
#3329 = CARTESIAN_POINT ( 'NONE',  ( 0.000000000000000000, 0.000000000000000000, 1.000000000000000000 ) ) ;
#3330 = EDGE_CURVE ( 'NONE', #129, #2832, #64, .T. ) ;
#3331 = VERTEX_POINT ( 'NONE', #1697 ) ;
#3332 = DIRECTION ( 'NONE',  ( 0.000000000000000000, 1.000000000000000000, 0.000000000000000000 ) ) ;
#3333 = DIRECTION ( 'NONE',  ( 1.000000000000000000, -1.156482317317871478E-16, 0.000000000000000000 ) ) ;
#3334 = CARTESIAN_POINT ( 'NONE',  ( -13.50000000000000000, -1.500000000000000444, 0.000000000000000000 ) ) ;
#3335 = ADVANCED_FACE ( 'NONE', ( #3212 ), #2948, .F. ) ;
#3336 = CARTESIAN_POINT ( 'NONE',  ( -5.500000000000000888, 0.000000000000000000, 3.000000000000000000 ) ) ;
#3337 = CARTESIAN_POINT ( 'NONE',  ( -3.799999999999999822, 0.000000000000000000, 1.000000000000000000 ) ) ;
#3338 = EDGE_LOOP ( 'NONE', ( #1644, #2084, #2782, #1118, #959, #59, #446, #1507, #653, #3134, #1336, #71, #2397, #3391, #2253, #430, #387, #1620, #2955, #2896, #3117, #2473, #477, #824, #3255, #1152, #1513, #1387, #2267, #1809, #2455, #2033, #531, #2333, #76, #2886, #1300, #2159, #3173, #321, #3223, #3200, #1947, #2074, #2977, #1105, #434, #2153, #2697, #1249 ) ) ;
#3339 = LINE ( 'NONE', #985, #1766 ) ;
#3340 = ORIENTED_EDGE ( 'NONE', *, *, #2108, .F. ) ;
#3341 = EDGE_LOOP ( 'NONE', ( #2127, #2718, #3047, #2430 ) ) ;
#3342 = ORIENTED_EDGE ( 'NONE', *, *, #2731, .T. ) ;
#3343 = ADVANCED_FACE ( 'NONE', ( #3260 ), #2686, .F. ) ;
#3344 = PLANE ( 'NONE',  #1517 ) ;
#3345 = SURFACE_STYLE_USAGE ( .BOTH. , #2058 ) ;
#3346 = ORIENTED_EDGE ( 'NONE', *, *, #1439, .F. ) ;
#3347 = CIRCLE ( 'NONE', #1314, 0.5000000000000013323 ) ;
#3348 = CARTESIAN_POINT ( 'NONE',  ( -13.50000000000000178, 6.500000000000000000, 0.000000000000000000 ) ) ;
#3349 = FACE_OUTER_BOUND ( 'NONE', #281, .T. ) ;
#3350 = CARTESIAN_POINT ( 'NONE',  ( 4.000000000000001776, 0.000000000000000000, 2.999999999999999112 ) ) ;
#3351 = ADVANCED_FACE ( 'NONE', ( #135 ), #375, .F. ) ;
#3352 = DIRECTION ( 'NONE',  ( 0.000000000000000000, 0.000000000000000000, 1.000000000000000000 ) ) ;
#3353 = EDGE_CURVE ( 'NONE', #1477, #2936, #1128, .T. ) ;
#3354 = DIRECTION ( 'NONE',  ( 1.000000000000000000, -0.000000000000000000, -0.000000000000000000 ) ) ;
#3355 = AXIS2_PLACEMENT_3D ( 'NONE', #805, #790, #1545 ) ;
#3356 = ORIENTED_EDGE ( 'NONE', *, *, #56, .F. ) ;
#3357 = AXIS2_PLACEMENT_3D ( 'NONE', #871, #835, #77 ) ;
#3358 = DIRECTION ( 'NONE',  ( 1.214255053933703751E-16, 1.000000000000000000, -0.000000000000000000 ) ) ;
#3359 = ORIENTED_EDGE ( 'NONE', *, *, #3377, .F. ) ;
#3360 = AXIS2_PLACEMENT_3D ( 'NONE', #197, #2072, #1241 ) ;
#3361 = ORIENTED_EDGE ( 'NONE', *, *, #1803, .T. ) ;
#3362 = CYLINDRICAL_SURFACE ( 'NONE', #2552, 3.799999999999999822 ) ;
#3363 = FACE_BOUND ( 'NONE', #2952, .T. ) ;
#3364 = ORIENTED_EDGE ( 'NONE', *, *, #2362, .F. ) ;
#3365 = AXIS2_PLACEMENT_3D ( 'NONE', #2082, #2115, #1033 ) ;
#3366 = CARTESIAN_POINT ( 'NONE',  ( -13.50000000000000178, -6.500000000000000888, 0.000000000000000000 ) ) ;
#3367 = FACE_OUTER_BOUND ( 'NONE', #2410, .T. ) ;
#3368 = DIRECTION ( 'NONE',  ( 0.000000000000000000, 0.000000000000000000, 1.000000000000000000 ) ) ;
#3369 = AXIS2_PLACEMENT_3D ( 'NONE', #1317, #2910, #2961 ) ;
#3370 = EDGE_CURVE ( 'NONE', #2216, #481, #1914, .T. ) ;
#3371 = DIRECTION ( 'NONE',  ( -1.000000000000000000, 0.000000000000000000, 0.000000000000000000 ) ) ;
#3372 = DIRECTION ( 'NONE',  ( 0.000000000000000000, 1.000000000000000000, 0.000000000000000000 ) ) ;
#3373 = EDGE_CURVE ( 'NONE', #34, #3148, #1163, .T. ) ;
#3374 = EDGE_CURVE ( 'NONE', #3185, #94, #2219, .T. ) ;
#3375 = ORIENTED_EDGE ( 'NONE', *, *, #1859, .T. ) ;
#3376 = DIRECTION ( 'NONE',  ( -0.000000000000000000, 1.000000000000000000, -0.000000000000000000 ) ) ;
#3377 = EDGE_CURVE ( 'NONE', #1990, #2681, #3347, .T. ) ;
#3378 = ORIENTED_EDGE ( 'NONE', *, *, #2379, .F. ) ;
#3379 = VERTEX_POINT ( 'NONE', #154 ) ;
#3380 = CIRCLE ( 'NONE', #1347, 0.5000000000000004441 ) ;
#3381 = DIRECTION ( 'NONE',  ( 1.000000000000000000, 0.000000000000000000, 0.000000000000000000 ) ) ;
#3382 = CARTESIAN_POINT ( 'NONE',  ( 0.000000000000000000, 0.000000000000000000, 1.200000000000000178 ) ) ;
#3383 = VECTOR ( 'NONE', #3303, 1000.000000000000227 ) ;
#3384 = CARTESIAN_POINT ( 'NONE',  ( 0.4999999999999996669, 4.623040125285525548, 1.000000000000000000 ) ) ;
#3385 = DIRECTION ( 'NONE',  ( -0.000000000000000000, -0.000000000000000000, 1.000000000000000000 ) ) ;
#3386 = CARTESIAN_POINT ( 'NONE',  ( 8.500000000000000000, -7.500000000000000000, -10.00000000000000000 ) ) ;
#3387 = AXIS2_PLACEMENT_3D ( 'NONE', #1850, #2081, #1833 ) ;
#3388 = DIRECTION ( 'NONE',  ( 1.156482317317871478E-16, -1.000000000000000000, 0.000000000000000000 ) ) ;
#3389 = DIRECTION ( 'NONE',  ( 0.000000000000000000, 0.000000000000000000, 1.000000000000000000 ) ) ;
#3390 = EDGE_CURVE ( 'NONE', #2346, #2386, #1648, .T. ) ;
#3391 = ORIENTED_EDGE ( 'NONE', *, *, #3027, .T. ) ;
#3392 = DIRECTION ( 'NONE',  ( 1.000000000000000000, 0.000000000000000000, 0.000000000000000000 ) ) ;
#3393 = VERTEX_POINT ( 'NONE', #944 ) ;
#3394 = CARTESIAN_POINT ( 'NONE',  ( -7.500000000000001776, -6.500000000000000888, 0.000000000000000000 ) ) ;
#3395 = EDGE_CURVE ( 'NONE', #1488, #2521, #987, .T. ) ;
#3396 = CARTESIAN_POINT ( 'NONE',  ( -13.50000000000000178, -5.500000000000000000, 3.000000000000000000 ) ) ;
#3397 = EDGE_CURVE ( 'NONE', #485, #152, #671, .T. ) ;
#3398 = PLANE ( 'NONE',  #1610 ) ;
#3399 = CARTESIAN_POINT ( 'NONE',  ( -13.50000000000000000, -2.500000000000000444, 0.000000000000000000 ) ) ;
#3400 = LINE ( 'NONE', #3112, #1026 ) ;
#3401 = CARTESIAN_POINT ( 'NONE',  ( -13.50000000000000178, -4.500000000000000888, 0.000000000000000000 ) ) ;
#3402 = CARTESIAN_POINT ( 'NONE',  ( -13.50000000000000178, -3.499999999999999556, 3.000000000000000000 ) ) ;
ENDSEC;
END-ISO-10303-21;
