ISO-10303-21;
HEADER;
FILE_DESCRIPTION (( 'STEP AP214' ),
    '1' );
FILE_NAME ('ld-hs.STEP',
    '2024-02-22T17:46:43',
    ( '' ),
    ( '' ),
    'SwSTEP 2.0',
    'SolidWorks 2022',
    '' );
FILE_SCHEMA (( 'AUTOMOTIVE_DESIGN' ));
ENDSEC;

DATA;
#1 = VERTEX_POINT ( 'NONE', #295 ) ;
#2 = EDGE_LOOP ( 'NONE', ( #2884, #441 ) ) ;
#3 = DIRECTION ( 'NONE',  ( -1.652117596168387756E-16, 0.000000000000000000, -1.000000000000000000 ) ) ;
#4 = PLANE ( 'NONE',  #941 ) ;
#5 = LINE ( 'NONE', #49, #1086 ) ;
#6 = ORIENTED_EDGE ( 'NONE', *, *, #455, .T. ) ;
#7 = FACE_OUTER_BOUND ( 'NONE', #1838, .T. ) ;
#8 = ORIENTED_EDGE ( 'NONE', *, *, #2347, .F. ) ;
#9 =( NAMED_UNIT ( * ) PLANE_ANGLE_UNIT ( ) SI_UNIT ( $, .RADIAN. ) );
#10 = DIRECTION ( 'NONE',  ( 0.000000000000000000, 0.000000000000000000, -1.000000000000000000 ) ) ;
#11 = CARTESIAN_POINT ( 'NONE',  ( -13.50000000000000178, 7.500000000000000000, 3.000000000000000000 ) ) ;
#12 = EDGE_LOOP ( 'NONE', ( #1800, #189, #514, #2734 ) ) ;
#13 = ADVANCED_FACE ( 'NONE', ( #774 ), #72, .T. ) ;
#14 = VERTEX_POINT ( 'NONE', #107 ) ;
#15 = CARTESIAN_POINT ( 'NONE',  ( -2.700000000000000178, -5.181818181818181657, 0.000000000000000000 ) ) ;
#16 = DIRECTION ( 'NONE',  ( 0.000000000000000000, 0.000000000000000000, 1.000000000000000000 ) ) ;
#17 = VERTEX_POINT ( 'NONE', #1962 ) ;
#18 = DIRECTION ( 'NONE',  ( 0.000000000000000000, -0.000000000000000000, 1.000000000000000000 ) ) ;
#19 = CARTESIAN_POINT ( 'NONE',  ( 15.00000000000000355, -7.500000000000000000, 0.5000000000000000000 ) ) ;
#20 =( LENGTH_UNIT ( ) NAMED_UNIT ( * ) SI_UNIT ( .MILLI., .METRE. ) );
#21 = CARTESIAN_POINT ( 'NONE',  ( 0.4999999999999962252, 1.893689518200312107E-16, 0.000000000000000000 ) ) ;
#22 = DIRECTION ( 'NONE',  ( -0.000000000000000000, -0.000000000000000000, -1.000000000000000000 ) ) ;
#23 = ORIENTED_EDGE ( 'NONE', *, *, #855, .T. ) ;
#24 = VECTOR ( 'NONE', #1099, 1000.000000000000000 ) ;
#25 = EDGE_CURVE ( 'NONE', #2671, #2589, #2887, .T. ) ;
#26 = DIRECTION ( 'NONE',  ( -0.000000000000000000, -0.000000000000000000, -1.000000000000000000 ) ) ;
#27 = EDGE_CURVE ( 'NONE', #2459, #759, #1023, .T. ) ;
#28 = VERTEX_POINT ( 'NONE', #1705 ) ;
#29 = AXIS2_PLACEMENT_3D ( 'NONE', #1331, #1322, #1277 ) ;
#30 = VERTEX_POINT ( 'NONE', #1937 ) ;
#31 = VECTOR ( 'NONE', #1285, 1000.000000000000000 ) ;
#32 = EDGE_CURVE ( 'NONE', #1928, #2020, #2856, .T. ) ;
#33 = EDGE_CURVE ( 'NONE', #1008, #2409, #1737, .T. ) ;
#34 = CYLINDRICAL_SURFACE ( 'NONE', #1409, 0.5000000000000013323 ) ;
#35 = CARTESIAN_POINT ( 'NONE',  ( -13.50000000000000178, 3.499999999999999556, 0.000000000000000000 ) ) ;
#36 = VECTOR ( 'NONE', #575, 1000.000000000000000 ) ;
#37 = FACE_OUTER_BOUND ( 'NONE', #2738, .T. ) ;
#38 = CARTESIAN_POINT ( 'NONE',  ( -13.50000000000000178, 2.499999999999999556, 0.000000000000000000 ) ) ;
#39 = AXIS2_PLACEMENT_3D ( 'NONE', #2103, #1776, #232 ) ;
#40 = CARTESIAN_POINT ( 'NONE',  ( 0.4999999999999991673, -6.071275269668507664E-17, 1.000000000000000000 ) ) ;
#41 = AXIS2_PLACEMENT_3D ( 'NONE', #2390, #2637, #369 ) ;
#42 = LINE ( 'NONE', #294, #942 ) ;
#43 = ORIENTED_EDGE ( 'NONE', *, *, #1567, .F. ) ;
#44 = VECTOR ( 'NONE', #2587, 1000.000000000000000 ) ;
#45 = ORIENTED_EDGE ( 'NONE', *, *, #2854, .F. ) ;
#46 = EDGE_CURVE ( 'NONE', #529, #1016, #2494, .T. ) ;
#47 = DIRECTION ( 'NONE',  ( 0.000000000000000000, 0.000000000000000000, 1.000000000000000000 ) ) ;
#48 = ORIENTED_EDGE ( 'NONE', *, *, #2259, .T. ) ;
#49 = CARTESIAN_POINT ( 'NONE',  ( -13.50000000000000178, 6.500000000000000000, 0.000000000000000000 ) ) ;
#50 = EDGE_CURVE ( 'NONE', #1526, #17, #861, .T. ) ;
#51 = DIRECTION ( 'NONE',  ( 1.000000000000000000, 0.000000000000000000, 0.000000000000000000 ) ) ;
#52 = VERTEX_POINT ( 'NONE', #1774 ) ;
#53 = ORIENTED_EDGE ( 'NONE', *, *, #583, .F. ) ;
#54 = CARTESIAN_POINT ( 'NONE',  ( -7.500000000000001776, -5.500000000000000888, 3.000000000000000000 ) ) ;
#55 = DIRECTION ( 'NONE',  ( -0.000000000000000000, -0.000000000000000000, 1.000000000000000000 ) ) ;
#56 = EDGE_LOOP ( 'NONE', ( #640, #2639, #2912, #1289 ) ) ;
#57 = ORIENTED_EDGE ( 'NONE', *, *, #1754, .T. ) ;
#58 = LINE ( 'NONE', #1213, #2510 ) ;
#59 = ORIENTED_EDGE ( 'NONE', *, *, #1875, .T. ) ;
#60 = CARTESIAN_POINT ( 'NONE',  ( -0.4999999999999995559, 3.272017726113352953, 1.449999999999999956 ) ) ;
#61 = VERTEX_POINT ( 'NONE', #621 ) ;
#62 = FACE_OUTER_BOUND ( 'NONE', #2540, .T. ) ;
#63 = EDGE_CURVE ( 'NONE', #561, #1150, #440, .T. ) ;
#64 = DIRECTION ( 'NONE',  ( 1.000000000000000000, -1.214255053933703751E-16, 0.000000000000000000 ) ) ;
#65 = ADVANCED_FACE ( 'NONE', ( #2482 ), #2452, .F. ) ;
#66 = VERTEX_POINT ( 'NONE', #2236 ) ;
#67 = ORIENTED_EDGE ( 'NONE', *, *, #2503, .F. ) ;
#68 = CARTESIAN_POINT ( 'NONE',  ( 0.4999999999999987232, -7.500000000000000000, 3.000000000000000000 ) ) ;
#69 = LINE ( 'NONE', #86, #2613 ) ;
#70 = LINE ( 'NONE', #1999, #2810 ) ;
#71 = VERTEX_POINT ( 'NONE', #873 ) ;
#72 = PLANE ( 'NONE',  #1349 ) ;
#73 = VECTOR ( 'NONE', #209, 1000.000000000000000 ) ;
#74 = DIRECTION ( 'NONE',  ( 1.000000000000000000, 0.000000000000000000, 0.000000000000000000 ) ) ;
#75 = ORIENTED_EDGE ( 'NONE', *, *, #2873, .F. ) ;
#76 = DIRECTION ( 'NONE',  ( -1.000000000000000000, 0.000000000000000000, 0.000000000000000000 ) ) ;
#77 = ORIENTED_EDGE ( 'NONE', *, *, #2405, .F. ) ;
#78 = VECTOR ( 'NONE', #2979, 1000.000000000000000 ) ;
#79 = CARTESIAN_POINT ( 'NONE',  ( 14.50000000000000000, -7.500000000000000000, -10.00000000000000000 ) ) ;
#80 = LINE ( 'NONE', #1748, #494 ) ;
#81 = VECTOR ( 'NONE', #933, 1000.000000000000000 ) ;
#82 = ORIENTED_EDGE ( 'NONE', *, *, #755, .T. ) ;
#83 = ORIENTED_EDGE ( 'NONE', *, *, #1826, .T. ) ;
#84 = VECTOR ( 'NONE', #1907, 1000.000000000000000 ) ;
#85 = DIRECTION ( 'NONE',  ( 0.000000000000000000, 0.000000000000000000, 1.000000000000000000 ) ) ;
#86 = CARTESIAN_POINT ( 'NONE',  ( -0.4999999999999982792, -5.310000000000000497, 3.000000000000000000 ) ) ;
#87 = AXIS2_PLACEMENT_3D ( 'NONE', #229, #1168, #1344 ) ;
#88 = DIRECTION ( 'NONE',  ( -0.000000000000000000, -0.000000000000000000, -1.000000000000000000 ) ) ;
#89 = VECTOR ( 'NONE', #973, 1000.000000000000000 ) ;
#90 = VERTEX_POINT ( 'NONE', #2014 ) ;
#91 = EDGE_CURVE ( 'NONE', #296, #309, #1125, .T. ) ;
#92 = AXIS2_PLACEMENT_3D ( 'NONE', #1001, #741, #2578 ) ;
#93 = FACE_OUTER_BOUND ( 'NONE', #2067, .T. ) ;
#94 = VECTOR ( 'NONE', #959, 1000.000000000000000 ) ;
#95 = AXIS2_PLACEMENT_3D ( 'NONE', #1818, #665, #2531 ) ;
#96 = CARTESIAN_POINT ( 'NONE',  ( 0.000000000000000000, 0.000000000000000000, 1.000000000000000000 ) ) ;
#97 = ORIENTED_EDGE ( 'NONE', *, *, #364, .F. ) ;
#98 = CARTESIAN_POINT ( 'NONE',  ( 16.50000000000000000, -7.500000000000000000, -10.00000000000000000 ) ) ;
#99 = LINE ( 'NONE', #1295, #2081 ) ;
#100 = DIRECTION ( 'NONE',  ( 1.000000000000000000, 0.000000000000000000, -1.652117596168387756E-16 ) ) ;
#101 = ORIENTED_EDGE ( 'NONE', *, *, #2740, .F. ) ;
#102 = ORIENTED_EDGE ( 'NONE', *, *, #1493, .F. ) ;
#103 = DIRECTION ( 'NONE',  ( 0.000000000000000000, -1.000000000000000000, 0.000000000000000000 ) ) ;
#104 = DIRECTION ( 'NONE',  ( 0.000000000000000000, 0.000000000000000000, 1.000000000000000000 ) ) ;
#105 = ORIENTED_EDGE ( 'NONE', *, *, #245, .T. ) ;
#106 = CARTESIAN_POINT ( 'NONE',  ( 7.499999999999996447, 7.500000000000000000, 0.000000000000000000 ) ) ;
#107 = CARTESIAN_POINT ( 'NONE',  ( 15.50000000000000178, -7.500000000000000000, -10.00000000000000000 ) ) ;
#108 = EDGE_CURVE ( 'NONE', #2212, #2430, #2260, .T. ) ;
#109 = CARTESIAN_POINT ( 'NONE',  ( -5.500000000000000000, 0.4999999999999995559, 0.000000000000000000 ) ) ;
#110 = LINE ( 'NONE', #598, #947 ) ;
#111 = DIRECTION ( 'NONE',  ( 1.000000000000000000, 0.000000000000000000, 0.000000000000000000 ) ) ;
#112 = CARTESIAN_POINT ( 'NONE',  ( 10.50000000000000000, 7.500000000000000000, -10.00000000000000000 ) ) ;
#113 = ORIENTED_EDGE ( 'NONE', *, *, #1162, .T. ) ;
#114 = ORIENTED_EDGE ( 'NONE', *, *, #262, .F. ) ;
#115 = ORIENTED_EDGE ( 'NONE', *, *, #1935, .F. ) ;
#116 = DIRECTION ( 'NONE',  ( -0.000000000000000000, -0.000000000000000000, 1.000000000000000000 ) ) ;
#117 = DIRECTION ( 'NONE',  ( 1.000000000000000000, 1.156482317317871478E-16, -0.000000000000000000 ) ) ;
#118 = VERTEX_POINT ( 'NONE', #1304 ) ;
#119 = ORIENTED_EDGE ( 'NONE', *, *, #1184, .F. ) ;
#120 = DIRECTION ( 'NONE',  ( 1.000000000000000000, 0.000000000000000000, 0.000000000000000000 ) ) ;
#121 = CARTESIAN_POINT ( 'NONE',  ( 0.4999999999999994449, -8.531472846220966133, 3.000000000000000000 ) ) ;
#122 = ADVANCED_FACE ( 'NONE', ( #2752 ), #2737, .F. ) ;
#123 = EDGE_CURVE ( 'NONE', #1268, #2432, #891, .T. ) ;
#124 = EDGE_CURVE ( 'NONE', #1711, #1374, #2980, .T. ) ;
#125 = CARTESIAN_POINT ( 'NONE',  ( 10.50000000000000000, -7.500000000000000000, -10.00000000000000000 ) ) ;
#126 = CARTESIAN_POINT ( 'NONE',  ( -7.500000000000001776, -5.500000000000000888, 0.000000000000000000 ) ) ;
#127 = ADVANCED_FACE ( 'NONE', ( #511 ), #1193, .F. ) ;
#128 = VECTOR ( 'NONE', #826, 1000.000000000000000 ) ;
#129 = ADVANCED_FACE ( 'NONE', ( #1885 ), #2804, .F. ) ;
#130 = DIRECTION ( 'NONE',  ( -1.214255053933703751E-16, 1.000000000000000000, 0.000000000000000000 ) ) ;
#131 = DIRECTION ( 'NONE',  ( -1.652117596168387756E-16, -0.000000000000000000, -1.000000000000000000 ) ) ;
#132 = ORIENTED_EDGE ( 'NONE', *, *, #1127, .F. ) ;
#133 = AXIS2_PLACEMENT_3D ( 'NONE', #1578, #685, #1140 ) ;
#134 = ORIENTED_EDGE ( 'NONE', *, *, #1311, .T. ) ;
#135 = VECTOR ( 'NONE', #1490, 1000.000000000000000 ) ;
#136 = DIRECTION ( 'NONE',  ( 1.000000000000000000, 0.000000000000000000, 0.000000000000000000 ) ) ;
#137 = DIRECTION ( 'NONE',  ( -3.787379036400652809E-16, -1.000000000000000000, -0.000000000000000000 ) ) ;
#138 = ORIENTED_EDGE ( 'NONE', *, *, #2948, .T. ) ;
#139 = EDGE_CURVE ( 'NONE', #795, #2869, #1977, .T. ) ;
#140 = CYLINDRICAL_SURFACE ( 'NONE', #530, 4.650000000000000355 ) ;
#141 = AXIS2_PLACEMENT_3D ( 'NONE', #2554, #1142, #2981 ) ;
#142 = AXIS2_PLACEMENT_3D ( 'NONE', #1061, #2443, #615 ) ;
#143 = VERTEX_POINT ( 'NONE', #1376 ) ;
#144 = ADVANCED_FACE ( 'NONE', ( #699 ), #1619, .F. ) ;
#145 = LINE ( 'NONE', #2907, #848 ) ;
#146 = CIRCLE ( 'NONE', #1273, 0.5000000000000000000 ) ;
#147 = VECTOR ( 'NONE', #2918, 1000.000000000000000 ) ;
#148 = DIRECTION ( 'NONE',  ( 1.156482317317871478E-16, -1.000000000000000000, 0.000000000000000000 ) ) ;
#149 = DIRECTION ( 'NONE',  ( -1.000000000000000000, 1.445602896647339163E-16, 0.000000000000000000 ) ) ;
#150 = ORIENTED_EDGE ( 'NONE', *, *, #1659, .F. ) ;
#151 = ORIENTED_EDGE ( 'NONE', *, *, #25, .F. ) ;
#152 = FACE_OUTER_BOUND ( 'NONE', #569, .T. ) ;
#153 = DIRECTION ( 'NONE',  ( -1.000000000000000000, 0.000000000000000000, 0.000000000000000000 ) ) ;
#154 = EDGE_LOOP ( 'NONE', ( #2408, #1367, #1817, #233 ) ) ;
#155 = DIRECTION ( 'NONE',  ( -0.000000000000000000, -0.000000000000000000, 1.000000000000000000 ) ) ;
#156 = DIRECTION ( 'NONE',  ( -0.000000000000000000, -0.000000000000000000, -1.000000000000000000 ) ) ;
#157 = ORIENTED_EDGE ( 'NONE', *, *, #622, .F. ) ;
#158 = EDGE_CURVE ( 'NONE', #1430, #2548, #2074, .T. ) ;
#159 = CARTESIAN_POINT ( 'NONE',  ( 3.800000000000000266, 5.181818181818186098, 0.000000000000000000 ) ) ;
#160 = CARTESIAN_POINT ( 'NONE',  ( -13.50000000000000178, 0.4999999999999995559, 0.000000000000000000 ) ) ;
#161 = APPLICATION_CONTEXT ( 'automotive_design' ) ;
#162 = CARTESIAN_POINT ( 'NONE',  ( 0.4999999999999990563, -7.500000000000000000, 0.000000000000000000 ) ) ;
#163 = LINE ( 'NONE', #1149, #2179 ) ;
#164 = ORIENTED_EDGE ( 'NONE', *, *, #1252, .F. ) ;
#165 = ORIENTED_EDGE ( 'NONE', *, *, #2154, .F. ) ;
#166 = ADVANCED_FACE ( 'NONE', ( #1234 ), #509, .F. ) ;
#167 = ADVANCED_FACE ( 'NONE', ( #62 ), #461, .T. ) ;
#168 = CARTESIAN_POINT ( 'NONE',  ( -13.50000000000000178, 3.499999999999999556, 0.000000000000000000 ) ) ;
#169 = DIRECTION ( 'NONE',  ( 1.000000000000000000, 0.000000000000000000, 0.000000000000000000 ) ) ;
#170 = EDGE_LOOP ( 'NONE', ( #1743, #1085, #2612, #2229 ) ) ;
#171 = FACE_BOUND ( 'NONE', #1699, .T. ) ;
#172 = CYLINDRICAL_SURFACE ( 'NONE', #2030, 3.799999999999999822 ) ;
#173 = ORIENTED_EDGE ( 'NONE', *, *, #2388, .T. ) ;
#174 = LINE ( 'NONE', #2034, #2320 ) ;
#175 = PLANE ( 'NONE',  #1989 ) ;
#176 = ORIENTED_EDGE ( 'NONE', *, *, #311, .F. ) ;
#177 = VERTEX_POINT ( 'NONE', #2251 ) ;
#178 = AXIS2_PLACEMENT_3D ( 'NONE', #2075, #2237, #642 ) ;
#179 = DIRECTION ( 'NONE',  ( 0.000000000000000000, -0.000000000000000000, -1.000000000000000000 ) ) ;
#180 = VECTOR ( 'NONE', #156, 1000.000000000000000 ) ;
#181 = ADVANCED_FACE ( 'NONE', ( #945 ), #1145, .F. ) ;
#182 = ORIENTED_EDGE ( 'NONE', *, *, #893, .F. ) ;
#183 = DIRECTION ( 'NONE',  ( 0.000000000000000000, 0.000000000000000000, 1.000000000000000000 ) ) ;
#184 = LINE ( 'NONE', #1124, #329 ) ;
#185 = VECTOR ( 'NONE', #821, 1000.000000000000000 ) ;
#186 = EDGE_CURVE ( 'NONE', #502, #2638, #1102, .T. ) ;
#187 = EDGE_CURVE ( 'NONE', #2446, #417, #2483, .T. ) ;
#188 = CIRCLE ( 'NONE', #2421, 0.4999999999999995559 ) ;
#189 = ORIENTED_EDGE ( 'NONE', *, *, #455, .F. ) ;
#190 = DIRECTION ( 'NONE',  ( 0.000000000000000000, 0.000000000000000000, -1.000000000000000000 ) ) ;
#191 = AXIS2_PLACEMENT_3D ( 'NONE', #2993, #2466, #1364 ) ;
#192 = SHAPE_DEFINITION_REPRESENTATION ( #429, #2997 ) ;
#193 = CYLINDRICAL_SURFACE ( 'NONE', #1258, 0.4999999999999995559 ) ;
#194 = VECTOR ( 'NONE', #2987, 1000.000000000000000 ) ;
#195 = FACE_OUTER_BOUND ( 'NONE', #1750, .T. ) ;
#196 = FILL_AREA_STYLE ('',( #2986 ) ) ;
#197 = DIRECTION ( 'NONE',  ( 1.000000000000000000, 3.787379036400652809E-16, 0.000000000000000000 ) ) ;
#198 = ORIENTED_EDGE ( 'NONE', *, *, #1935, .T. ) ;
#199 = ORIENTED_EDGE ( 'NONE', *, *, #1292, .T. ) ;
#200 = VECTOR ( 'NONE', #723, 1000.000000000000000 ) ;
#201 = DIRECTION ( 'NONE',  ( -1.156482317317871478E-16, 1.000000000000000000, 0.000000000000000000 ) ) ;
#202 = VERTEX_POINT ( 'NONE', #221 ) ;
#203 = DIRECTION ( 'NONE',  ( -0.000000000000000000, -0.000000000000000000, 1.000000000000000000 ) ) ;
#204 = FACE_OUTER_BOUND ( 'NONE', #1342, .T. ) ;
#205 = CARTESIAN_POINT ( 'NONE',  ( -5.500000000000000000, 2.000000000000000000, 0.000000000000000000 ) ) ;
#206 = DIRECTION ( 'NONE',  ( 0.000000000000000000, 0.000000000000000000, 1.000000000000000000 ) ) ;
#207 = EDGE_CURVE ( 'NONE', #2409, #1034, #1334, .T. ) ;
#208 = DIRECTION ( 'NONE',  ( -1.000000000000000000, 0.000000000000000000, 0.000000000000000000 ) ) ;
#209 = DIRECTION ( 'NONE',  ( -0.000000000000000000, 1.000000000000000000, -0.000000000000000000 ) ) ;
#210 = DIRECTION ( 'NONE',  ( -0.000000000000000000, 0.000000000000000000, 1.000000000000000000 ) ) ;
#211 = CARTESIAN_POINT ( 'NONE',  ( 15.00000000000000355, -7.500000000000000000, 0.5000000000000000000 ) ) ;
#212 = ORIENTED_EDGE ( 'NONE', *, *, #63, .F. ) ;
#213 = PLANE ( 'NONE',  #1685 ) ;
#214 = ORIENTED_EDGE ( 'NONE', *, *, #1382, .F. ) ;
#215 = DIRECTION ( 'NONE',  ( -0.000000000000000000, -0.000000000000000000, 1.000000000000000000 ) ) ;
#216 = DIRECTION ( 'NONE',  ( -0.000000000000000000, -0.000000000000000000, 1.000000000000000000 ) ) ;
#217 = CARTESIAN_POINT ( 'NONE',  ( -0.4999999999999996669, 4.623040125285525548, 0.000000000000000000 ) ) ;
#218 = ORIENTED_EDGE ( 'NONE', *, *, #1927, .T. ) ;
#219 = DIRECTION ( 'NONE',  ( 0.000000000000000000, 0.000000000000000000, 1.000000000000000000 ) ) ;
#220 = APPLICATION_PROTOCOL_DEFINITION ( 'draft international standard', 'automotive_design', 1998, #161 ) ;
#221 = CARTESIAN_POINT ( 'NONE',  ( -5.500000000000000000, -1.500000000000000444, 3.000000000000000000 ) ) ;
#222 = DIRECTION ( 'NONE',  ( -1.000000000000000000, -0.000000000000000000, -0.000000000000000000 ) ) ;
#223 = LINE ( 'NONE', #1179, #574 ) ;
#224 = LINE ( 'NONE', #1796, #2614 ) ;
#225 = ORIENTED_EDGE ( 'NONE', *, *, #207, .T. ) ;
#226 = ORIENTED_EDGE ( 'NONE', *, *, #2873, .T. ) ;
#227 = EDGE_CURVE ( 'NONE', #1734, #957, #444, .T. ) ;
#228 = ADVANCED_FACE ( 'NONE', ( #1614 ), #193, .F. ) ;
#229 = CARTESIAN_POINT ( 'NONE',  ( 0.000000000000000000, 0.000000000000000000, 3.000000000000000000 ) ) ;
#230 = VECTOR ( 'NONE', #1189, 1000.000000000000000 ) ;
#231 = CARTESIAN_POINT ( 'NONE',  ( 0.4999999999999995559, 3.766961640367472608, 1.000000000000000000 ) ) ;
#232 = DIRECTION ( 'NONE',  ( 0.000000000000000000, 0.000000000000000000, 1.000000000000000000 ) ) ;
#233 = ORIENTED_EDGE ( 'NONE', *, *, #2116, .T. ) ;
#234 = VECTOR ( 'NONE', #611, 1000.000000000000000 ) ;
#235 = CIRCLE ( 'NONE', #1074, 0.5000000000000004441 ) ;
#236 = ORIENTED_EDGE ( 'NONE', *, *, #2693, .T. ) ;
#237 = AXIS2_PLACEMENT_3D ( 'NONE', #2985, #1091, #2471 ) ;
#238 = CARTESIAN_POINT ( 'NONE',  ( 13.00000000000000355, 7.500000000000000000, 1.000000000000001332 ) ) ;
#239 = DIRECTION ( 'NONE',  ( -0.000000000000000000, -0.000000000000000000, 1.000000000000000000 ) ) ;
#240 = FACE_OUTER_BOUND ( 'NONE', #2996, .T. ) ;
#241 = LINE ( 'NONE', #1652, #2530 ) ;
#242 = AXIS2_PLACEMENT_3D ( 'NONE', #1542, #2233, #392 ) ;
#243 = VECTOR ( 'NONE', #2522, 1000.000000000000000 ) ;
#244 = DIRECTION ( 'NONE',  ( 1.000000000000000000, 0.000000000000000000, 0.000000000000000000 ) ) ;
#245 = EDGE_CURVE ( 'NONE', #61, #529, #877, .T. ) ;
#246 = VECTOR ( 'NONE', #1820, 1000.000000000000000 ) ;
#247 = ORIENTED_EDGE ( 'NONE', *, *, #2731, .T. ) ;
#248 = DIRECTION ( 'NONE',  ( 0.000000000000000000, -0.000000000000000000, 1.000000000000000000 ) ) ;
#249 = AXIS2_PLACEMENT_3D ( 'NONE', #2542, #1577, #1152 ) ;
#250 = DIRECTION ( 'NONE',  ( -3.787379036400652809E-16, 1.000000000000000000, -0.000000000000000000 ) ) ;
#251 =( LENGTH_UNIT ( ) NAMED_UNIT ( * ) SI_UNIT ( .MILLI., .METRE. ) );
#252 = ORIENTED_EDGE ( 'NONE', *, *, #438, .F. ) ;
#253 = ORIENTED_EDGE ( 'NONE', *, *, #337, .F. ) ;
#254 = ORIENTED_EDGE ( 'NONE', *, *, #644, .T. ) ;
#255 = DIRECTION ( 'NONE',  ( -0.000000000000000000, 1.000000000000000000, 0.000000000000000000 ) ) ;
#256 = EDGE_CURVE ( 'NONE', #1947, #558, #1370, .T. ) ;
#257 = DIRECTION ( 'NONE',  ( -0.000000000000000000, 1.000000000000000000, -0.000000000000000000 ) ) ;
#258 = DIRECTION ( 'NONE',  ( -1.000000000000000000, -0.000000000000000000, -0.000000000000000000 ) ) ;
#259 = ORIENTED_EDGE ( 'NONE', *, *, #1927, .F. ) ;
#260 = DIRECTION ( 'NONE',  ( -0.000000000000000000, -0.000000000000000000, 1.000000000000000000 ) ) ;
#261 = VERTEX_POINT ( 'NONE', #2971 ) ;
#262 = EDGE_CURVE ( 'NONE', #1559, #2234, #1385, .T. ) ;
#263 = ADVANCED_FACE ( 'NONE', ( #1794 ), #2299, .F. ) ;
#264 = EDGE_CURVE ( 'NONE', #1714, #272, #2794, .T. ) ;
#265 = CARTESIAN_POINT ( 'NONE',  ( -13.50000000000000178, 5.500000000000000000, 0.000000000000000000 ) ) ;
#266 = ORIENTED_EDGE ( 'NONE', *, *, #2990, .T. ) ;
#267 = EDGE_CURVE ( 'NONE', #1487, #779, #1580, .T. ) ;
#268 = ADVANCED_FACE ( 'NONE', ( #912 ), #669, .F. ) ;
#269 = ORIENTED_EDGE ( 'NONE', *, *, #1143, .T. ) ;
#270 = LINE ( 'NONE', #996, #780 ) ;
#271 = DIRECTION ( 'NONE',  ( 0.000000000000000000, 0.000000000000000000, 1.000000000000000000 ) ) ;
#272 = VERTEX_POINT ( 'NONE', #2313 ) ;
#273 = CARTESIAN_POINT ( 'NONE',  ( 0.000000000000000000, 0.000000000000000000, 1.200000000000000178 ) ) ;
#274 = DIRECTION ( 'NONE',  ( 0.000000000000000000, 0.000000000000000000, -1.000000000000000000 ) ) ;
#275 = CARTESIAN_POINT ( 'NONE',  ( -13.50000000000000000, -7.500000000000000000, 3.000000000000000000 ) ) ;
#276 = ADVANCED_FACE ( 'NONE', ( #282 ), #1229, .F. ) ;
#277 = CARTESIAN_POINT ( 'NONE',  ( 9.500000000000001776, -7.500000000000000000, -10.00000000000000000 ) ) ;
#278 = ORIENTED_EDGE ( 'NONE', *, *, #2932, .F. ) ;
#279 = AXIS2_PLACEMENT_3D ( 'NONE', #1323, #1590, #2934 ) ;
#280 = ORIENTED_EDGE ( 'NONE', *, *, #2154, .T. ) ;
#281 = VECTOR ( 'NONE', #1237, 1000.000000000000000 ) ;
#282 = FACE_OUTER_BOUND ( 'NONE', #2927, .T. ) ;
#283 = AXIS2_PLACEMENT_3D ( 'NONE', #2186, #1541, #2202 ) ;
#284 = DIRECTION ( 'NONE',  ( -1.000000000000000000, 0.000000000000000000, 0.000000000000000000 ) ) ;
#285 = ORIENTED_EDGE ( 'NONE', *, *, #1666, .F. ) ;
#286 = CARTESIAN_POINT ( 'NONE',  ( 9.500000000000003553, 7.500000000000000000, 0.4999999999999998890 ) ) ;
#287 = VECTOR ( 'NONE', #1371, 1000.000000000000000 ) ;
#288 = VECTOR ( 'NONE', #2295, 1000.000000000000000 ) ;
#289 = DIRECTION ( 'NONE',  ( 1.000000000000000000, 0.000000000000000000, 0.000000000000000000 ) ) ;
#290 = ORIENTED_EDGE ( 'NONE', *, *, #1574, .F. ) ;
#291 = VECTOR ( 'NONE', #950, 1000.000000000000000 ) ;
#292 = DIRECTION ( 'NONE',  ( 1.156482317317871478E-16, -1.000000000000000000, 0.000000000000000000 ) ) ;
#293 = VECTOR ( 'NONE', #2620, 1000.000000000000000 ) ;
#294 = CARTESIAN_POINT ( 'NONE',  ( 11.00000000000000355, -7.500000000000000000, 1.000000000000001332 ) ) ;
#295 = CARTESIAN_POINT ( 'NONE',  ( -13.50000000000000178, 5.500000000000000000, 0.000000000000000000 ) ) ;
#296 = VERTEX_POINT ( 'NONE', #1427 ) ;
#297 = EDGE_CURVE ( 'NONE', #2297, #1919, #1396, .T. ) ;
#298 = CYLINDRICAL_SURFACE ( 'NONE', #2562, 0.5000000000000004441 ) ;
#299 = EDGE_LOOP ( 'NONE', ( #352, #285, #854, #1471 ) ) ;
#300 = DIRECTION ( 'NONE',  ( 1.000000000000000000, 0.000000000000000000, 0.000000000000000000 ) ) ;
#301 = ORIENTED_EDGE ( 'NONE', *, *, #1845, .F. ) ;
#302 = CYLINDRICAL_SURFACE ( 'NONE', #445, 0.5000000000000004441 ) ;
#303 = ORIENTED_EDGE ( 'NONE', *, *, #158, .T. ) ;
#304 = ORIENTED_EDGE ( 'NONE', *, *, #1787, .T. ) ;
#305 = LINE ( 'NONE', #2820, #1203 ) ;
#306 = DIRECTION ( 'NONE',  ( 0.000000000000000000, -0.000000000000000000, -1.000000000000000000 ) ) ;
#307 = VERTEX_POINT ( 'NONE', #238 ) ;
#308 = ORIENTED_EDGE ( 'NONE', *, *, #855, .F. ) ;
#309 = VERTEX_POINT ( 'NONE', #707 ) ;
#310 = CARTESIAN_POINT ( 'NONE',  ( 3.560000000000000497, 4.359742604964578118E-16, 1.200000000000000178 ) ) ;
#311 = EDGE_CURVE ( 'NONE', #748, #2217, #969, .T. ) ;
#312 = ORIENTED_EDGE ( 'NONE', *, *, #1533, .F. ) ;
#313 = CARTESIAN_POINT ( 'NONE',  ( -13.50000000000000178, 7.500000000000000000, 3.000000000000000000 ) ) ;
#314 = ORIENTED_EDGE ( 'NONE', *, *, #2431, .T. ) ;
#315 = CARTESIAN_POINT ( 'NONE',  ( -13.50000000000000178, 7.500000000000000000, 0.000000000000000000 ) ) ;
#316 = DIRECTION ( 'NONE',  ( 1.156482317317871478E-16, -1.000000000000000000, 0.000000000000000000 ) ) ;
#317 = ORIENTED_EDGE ( 'NONE', *, *, #2556, .F. ) ;
#318 = ORIENTED_EDGE ( 'NONE', *, *, #508, .F. ) ;
#319 = DIRECTION ( 'NONE',  ( 0.000000000000000000, 0.000000000000000000, 1.000000000000000000 ) ) ;
#320 = PLANE ( 'NONE',  #2218 ) ;
#321 = CARTESIAN_POINT ( 'NONE',  ( 4.900000000000000355, 5.181818181818186098, 0.000000000000000000 ) ) ;
#322 = DIRECTION ( 'NONE',  ( -0.000000000000000000, -0.000000000000000000, 1.000000000000000000 ) ) ;
#323 = VERTEX_POINT ( 'NONE', #1442 ) ;
#324 = VECTOR ( 'NONE', #1068, 1000.000000000000000 ) ;
#325 = DIRECTION ( 'NONE',  ( -1.000000000000000000, 0.000000000000000000, 0.000000000000000000 ) ) ;
#326 = VERTEX_POINT ( 'NONE', #2786 ) ;
#327 = CARTESIAN_POINT ( 'NONE',  ( -5.500000000000000000, -2.000000000000000000, 3.000000000000000000 ) ) ;
#328 = ORIENTED_EDGE ( 'NONE', *, *, #715, .F. ) ;
#329 = VECTOR ( 'NONE', #2543, 1000.000000000000000 ) ;
#330 = CARTESIAN_POINT ( 'NONE',  ( -5.500000000000000000, 1.500000000000000000, 3.000000000000000000 ) ) ;
#331 = DIRECTION ( 'NONE',  ( 1.000000000000000000, 0.000000000000000000, 0.000000000000000000 ) ) ;
#332 = VECTOR ( 'NONE', #2102, 1000.000000000000000 ) ;
#333 = ORIENTED_EDGE ( 'NONE', *, *, #1875, .F. ) ;
#334 = EDGE_LOOP ( 'NONE', ( #45, #2661, #1021, #236, #868, #1356, #725, #2676 ) ) ;
#335 = ADVANCED_FACE ( 'NONE', ( #1894 ), #488, .F. ) ;
#336 = VECTOR ( 'NONE', #47, 1000.000000000000000 ) ;
#337 = EDGE_CURVE ( 'NONE', #1045, #2435, #58, .T. ) ;
#338 = CARTESIAN_POINT ( 'NONE',  ( -7.000000000000000888, -4.000000000000000000, 0.000000000000000000 ) ) ;
#339 = CARTESIAN_POINT ( 'NONE',  ( -13.50000000000000178, 4.500000000000000000, 0.000000000000000000 ) ) ;
#340 = LINE ( 'NONE', #590, #147 ) ;
#341 = ORIENTED_EDGE ( 'NONE', *, *, #700, .T. ) ;
#342 = CIRCLE ( 'NONE', #1801, 1.100000000000000311 ) ;
#343 = AXIS2_PLACEMENT_3D ( 'NONE', #2109, #2138, #271 ) ;
#344 = CARTESIAN_POINT ( 'NONE',  ( -13.50000000000000178, -3.499999999999999556, 0.000000000000000000 ) ) ;
#345 = ORIENTED_EDGE ( 'NONE', *, *, #893, .T. ) ;
#346 = AXIS2_PLACEMENT_3D ( 'NONE', #1144, #1579, #208 ) ;
#347 = LINE ( 'NONE', #1951, #889 ) ;
#348 = DIRECTION ( 'NONE',  ( -1.000000000000000000, 0.000000000000000000, 0.000000000000000000 ) ) ;
#349 = ORIENTED_EDGE ( 'NONE', *, *, #1146, .F. ) ;
#350 = PLANE ( 'NONE',  #2756 ) ;
#351 = LINE ( 'NONE', #1779, #443 ) ;
#352 = ORIENTED_EDGE ( 'NONE', *, *, #186, .F. ) ;
#353 = EDGE_LOOP ( 'NONE', ( #1585, #1815, #714, #1196 ) ) ;
#354 = LINE ( 'NONE', #2866, #1405 ) ;
#355 = ADVANCED_FACE ( 'NONE', ( #2329 ), #1876, .F. ) ;
#356 = FACE_OUTER_BOUND ( 'NONE', #1840, .T. ) ;
#357 = ORIENTED_EDGE ( 'NONE', *, *, #839, .T. ) ;
#358 = VERTEX_POINT ( 'NONE', #518 ) ;
#359 = EDGE_CURVE ( 'NONE', #202, #30, #2352, .T. ) ;
#360 = ADVANCED_FACE ( 'NONE', ( #2776 ), #2107, .F. ) ;
#361 = CARTESIAN_POINT ( 'NONE',  ( 13.00000000000000355, -7.500000000000000000, 0.5000000000000000000 ) ) ;
#362 = DIRECTION ( 'NONE',  ( -1.000000000000000000, 0.000000000000000000, 0.000000000000000000 ) ) ;
#363 = ADVANCED_FACE ( 'NONE', ( #504 ), #2132, .F. ) ;
#364 = EDGE_CURVE ( 'NONE', #561, #2628, #2312, .T. ) ;
#365 = CARTESIAN_POINT ( 'NONE',  ( 16.50000000000000000, 7.500000000000000000, -10.00000000000000000 ) ) ;
#366 = DIRECTION ( 'NONE',  ( 0.000000000000000000, 0.000000000000000000, 1.000000000000000000 ) ) ;
#367 = PRODUCT_DEFINITION_CONTEXT ( 'detailed design', #161, 'design' ) ;
#368 = PLANE ( 'NONE',  #2175 ) ;
#369 = DIRECTION ( 'NONE',  ( 1.000000000000000000, 0.000000000000000000, 0.000000000000000000 ) ) ;
#370 = EDGE_LOOP ( 'NONE', ( #2148, #2764, #2292, #1377 ) ) ;
#371 = ORIENTED_EDGE ( 'NONE', *, *, #2797, .T. ) ;
#372 = CARTESIAN_POINT ( 'NONE',  ( -5.500000000000000000, -2.000000000000000000, 3.000000000000000000 ) ) ;
#373 = CARTESIAN_POINT ( 'NONE',  ( 16.50000000000000000, -7.500000000000000000, -10.00000000000000000 ) ) ;
#374 = LINE ( 'NONE', #1341, #1040 ) ;
#375 = VERTEX_POINT ( 'NONE', #1226 ) ;
#376 = ADVANCED_FACE ( 'NONE', ( #1646 ), #2106, .F. ) ;
#377 = LINE ( 'NONE', #1290, #2358 ) ;
#378 = CARTESIAN_POINT ( 'NONE',  ( -13.50000000000000178, -0.5000000000000004441, 0.000000000000000000 ) ) ;
#379 = ORIENTED_EDGE ( 'NONE', *, *, #498, .F. ) ;
#380 = EDGE_CURVE ( 'NONE', #2944, #2190, #2599, .T. ) ;
#381 =( NAMED_UNIT ( * ) PLANE_ANGLE_UNIT ( ) SI_UNIT ( $, .RADIAN. ) );
#382 = DIRECTION ( 'NONE',  ( -1.156482317317871478E-16, 1.000000000000000000, 0.000000000000000000 ) ) ;
#383 = VECTOR ( 'NONE', #1830, 1000.000000000000000 ) ;
#384 = CARTESIAN_POINT ( 'NONE',  ( 0.4999999999999982792, -5.310000000000000497, 0.000000000000000000 ) ) ;
#385 = CARTESIAN_POINT ( 'NONE',  ( -13.50000000000000178, -3.499999999999999556, 0.000000000000000000 ) ) ;
#386 = ORIENTED_EDGE ( 'NONE', *, *, #1055, .T. ) ;
#387 = VECTOR ( 'NONE', #2571, 1000.000000000000000 ) ;
#388 = EDGE_LOOP ( 'NONE', ( #2321, #1954, #2458, #2012 ) ) ;
#389 = VECTOR ( 'NONE', #2040, 1000.000000000000000 ) ;
#390 = CARTESIAN_POINT ( 'NONE',  ( 3.800000000000000266, 5.181818181818186098, 3.000000000000000000 ) ) ;
#391 = CARTESIAN_POINT ( 'NONE',  ( 15.50000000000000355, 7.500000000000000000, 0.4999999999999998890 ) ) ;
#392 = DIRECTION ( 'NONE',  ( -1.000000000000000000, 0.000000000000000000, 0.000000000000000000 ) ) ;
#393 = ORIENTED_EDGE ( 'NONE', *, *, #2677, .T. ) ;
#394 = AXIS2_PLACEMENT_3D ( 'NONE', #958, #2575, #284 ) ;
#395 = LINE ( 'NONE', #1720, #1639 ) ;
#396 = CIRCLE ( 'NONE', #1509, 4.650000000000000355 ) ;
#397 = VECTOR ( 'NONE', #2268, 1000.000000000000000 ) ;
#398 = PLANE ( 'NONE',  #191 ) ;
#399 = CARTESIAN_POINT ( 'NONE',  ( -0.4999999999999994449, 3.272017726113352953, 3.000000000000000000 ) ) ;
#400 = CIRCLE ( 'NONE', #544, 0.5000000000000013323 ) ;
#401 = EDGE_CURVE ( 'NONE', #1833, #762, #769, .T. ) ;
#402 = ADVANCED_FACE ( 'NONE', ( #1729 ), #320, .F. ) ;
#403 = CARTESIAN_POINT ( 'NONE',  ( -3.800000000000000266, -5.181818181818181657, 0.000000000000000000 ) ) ;
#404 = LINE ( 'NONE', #1104, #2713 ) ;
#405 = ORIENTED_EDGE ( 'NONE', *, *, #773, .F. ) ;
#406 = ORIENTED_EDGE ( 'NONE', *, *, #984, .F. ) ;
#407 = ORIENTED_EDGE ( 'NONE', *, *, #1684, .F. ) ;
#408 = FACE_OUTER_BOUND ( 'NONE', #701, .T. ) ;
#409 = CARTESIAN_POINT ( 'NONE',  ( -0.4999999999999996669, 4.623040125285525548, 1.000000000000000000 ) ) ;
#410 = DIRECTION ( 'NONE',  ( -0.000000000000000000, -0.000000000000000000, 1.000000000000000000 ) ) ;
#411 = DIRECTION ( 'NONE',  ( -1.214255053933703751E-16, -1.000000000000000000, 0.000000000000000000 ) ) ;
#412 = EDGE_CURVE ( 'NONE', #831, #672, #2256, .T. ) ;
#413 = DIRECTION ( 'NONE',  ( 0.000000000000000000, 0.000000000000000000, 1.000000000000000000 ) ) ;
#414 = CARTESIAN_POINT ( 'NONE',  ( -13.50000000000000178, 0.4999999999999995559, 0.000000000000000000 ) ) ;
#415 = ORIENTED_EDGE ( 'NONE', *, *, #2113, .T. ) ;
#416 = EDGE_LOOP ( 'NONE', ( #290, #2200, #1333, #1253 ) ) ;
#417 = VERTEX_POINT ( 'NONE', #391 ) ;
#418 = CARTESIAN_POINT ( 'NONE',  ( -13.50000000000000178, 7.500000000000000000, 3.000000000000000000 ) ) ;
#419 = EDGE_CURVE ( 'NONE', #1002, #2319, #886, .T. ) ;
#420 = ADVANCED_FACE ( 'NONE', ( #240 ), #914, .F. ) ;
#421 = VERTEX_POINT ( 'NONE', #2288 ) ;
#422 = FACE_OUTER_BOUND ( 'NONE', #1079, .T. ) ;
#423 = CARTESIAN_POINT ( 'NONE',  ( 0.000000000000000000, 0.000000000000000000, 1.200000000000000178 ) ) ;
#424 = DIRECTION ( 'NONE',  ( 0.000000000000000000, 0.000000000000000000, 1.000000000000000000 ) ) ;
#425 = ORIENTED_EDGE ( 'NONE', *, *, #1250, .T. ) ;
#426 = LINE ( 'NONE', #2952, #1466 ) ;
#427 = CARTESIAN_POINT ( 'NONE',  ( 0.000000000000000000, 0.000000000000000000, 0.000000000000000000 ) ) ;
#428 = DIRECTION ( 'NONE',  ( -0.000000000000000000, 1.000000000000000000, -0.000000000000000000 ) ) ;
#429 = PRODUCT_DEFINITION_SHAPE ( 'NONE', 'NONE',  #793 ) ;
#430 = CARTESIAN_POINT ( 'NONE',  ( -13.50000000000000178, 7.500000000000000000, 0.000000000000000000 ) ) ;
#431 = CARTESIAN_POINT ( 'NONE',  ( 15.50000000000000178, 7.500000000000000000, -10.00000000000000000 ) ) ;
#432 = ORIENTED_EDGE ( 'NONE', *, *, #1653, .T. ) ;
#433 = ORIENTED_EDGE ( 'NONE', *, *, #1808, .F. ) ;
#434 = VECTOR ( 'NONE', #411, 1000.000000000000000 ) ;
#435 = ORIENTED_EDGE ( 'NONE', *, *, #1365, .T. ) ;
#436 = DIRECTION ( 'NONE',  ( 0.000000000000000000, 0.000000000000000000, 1.000000000000000000 ) ) ;
#437 = CIRCLE ( 'NONE', #980, 0.5000000000000004441 ) ;
#438 = EDGE_CURVE ( 'NONE', #2977, #1644, #223, .T. ) ;
#439 = DIRECTION ( 'NONE',  ( 0.000000000000000000, 0.000000000000000000, -1.000000000000000000 ) ) ;
#440 = LINE ( 'NONE', #907, #180 ) ;
#441 = ORIENTED_EDGE ( 'NONE', *, *, #1339, .T. ) ;
#442 = CARTESIAN_POINT ( 'NONE',  ( -5.000000000000000888, 4.000000000000000000, 3.000000000000000000 ) ) ;
#443 = VECTOR ( 'NONE', #2166, 1000.000000000000000 ) ;
#444 = LINE ( 'NONE', #1350, #2650 ) ;
#445 = AXIS2_PLACEMENT_3D ( 'NONE', #2817, #1447, #244 ) ;
#446 = DIRECTION ( 'NONE',  ( -1.000000000000000000, 1.445602896647339163E-16, 0.000000000000000000 ) ) ;
#447 =( LENGTH_UNIT ( ) NAMED_UNIT ( * ) SI_UNIT ( .MILLI., .METRE. ) );
#448 = CARTESIAN_POINT ( 'NONE',  ( -7.500000000000001776, -6.000000000000000000, 3.000000000000000000 ) ) ;
#449 = ORIENTED_EDGE ( 'NONE', *, *, #50, .F. ) ;
#450 = CIRCLE ( 'NONE', #788, 0.5000000000000004441 ) ;
#451 = DIRECTION ( 'NONE',  ( -0.000000000000000000, -0.000000000000000000, 1.000000000000000000 ) ) ;
#452 = DIRECTION ( 'NONE',  ( 0.000000000000000000, 0.000000000000000000, 1.000000000000000000 ) ) ;
#453 = EDGE_LOOP ( 'NONE', ( #379, #1393, #2885, #2594 ) ) ;
#454 = CARTESIAN_POINT ( 'NONE',  ( 0.000000000000000000, 0.000000000000000000, 1.200000000000000178 ) ) ;
#455 = EDGE_CURVE ( 'NONE', #759, #1138, #1823, .T. ) ;
#456 = CARTESIAN_POINT ( 'NONE',  ( -5.500000000000000888, 4.000000000000000000, 3.000000000000000000 ) ) ;
#457 = EDGE_CURVE ( 'NONE', #1526, #375, #949, .T. ) ;
#458 = VERTEX_POINT ( 'NONE', #1891 ) ;
#459 = ADVANCED_FACE ( 'NONE', ( #1440 ), #994, .F. ) ;
#460 = EDGE_CURVE ( 'NONE', #525, #1045, #934, .T. ) ;
#461 = PLANE ( 'NONE',  #178 ) ;
#462 = CARTESIAN_POINT ( 'NONE',  ( -5.500000000000000000, -2.000000000000000000, 0.000000000000000000 ) ) ;
#463 = DIRECTION ( 'NONE',  ( -1.000000000000000000, -0.000000000000000000, -0.000000000000000000 ) ) ;
#464 = ORIENTED_EDGE ( 'NONE', *, *, #999, .F. ) ;
#465 = ORIENTED_EDGE ( 'NONE', *, *, #1986, .T. ) ;
#466 = LINE ( 'NONE', #2056, #1997 ) ;
#467 = CARTESIAN_POINT ( 'NONE',  ( -0.4999999999999982792, -5.310000000000000497, 3.000000000000000000 ) ) ;
#468 = DIRECTION ( 'NONE',  ( 0.000000000000000000, 0.000000000000000000, -1.000000000000000000 ) ) ;
#469 = VERTEX_POINT ( 'NONE', #2871 ) ;
#470 = ORIENTED_EDGE ( 'NONE', *, *, #1666, .T. ) ;
#471 = B_SPLINE_CURVE_WITH_KNOTS ( 'NONE', 3,
 ( #1454, #560, #2569, #2581 ),
 .UNSPECIFIED., .F., .F.,
 ( 4, 4 ),
 ( 0.000000000000000000, 0.0003554641715376446543 ),
 .UNSPECIFIED. ) ;
#472 = CARTESIAN_POINT ( 'NONE',  ( 9.500000000000001776, -7.500000000000000000, -10.00000000000000000 ) ) ;
#473 = EDGE_CURVE ( 'NONE', #2582, #870, #2420, .T. ) ;
#474 = LINE ( 'NONE', #2314, #1797 ) ;
#475 = DIRECTION ( 'NONE',  ( 1.000000000000000000, 0.000000000000000000, 0.000000000000000000 ) ) ;
#476 = SURFACE_STYLE_USAGE ( .BOTH. , #2095 ) ;
#477 = FACE_OUTER_BOUND ( 'NONE', #1280, .T. ) ;
#478 = ORIENTED_EDGE ( 'NONE', *, *, #256, .T. ) ;
#479 = ORIENTED_EDGE ( 'NONE', *, *, #1345, .T. ) ;
#480 = AXIS2_PLACEMENT_3D ( 'NONE', #2342, #753, #1465 ) ;
#481 = LINE ( 'NONE', #1153, #729 ) ;
#482 = CARTESIAN_POINT ( 'NONE',  ( -0.4999999999999994449, -8.531472846220966133, 0.000000000000000000 ) ) ;
#483 = ORIENTED_EDGE ( 'NONE', *, *, #491, .F. ) ;
#484 = AXIS2_PLACEMENT_3D ( 'NONE', #2512, #2057, #2751 ) ;
#485 = VECTOR ( 'NONE', #451, 1000.000000000000000 ) ;
#486 = VERTEX_POINT ( 'NONE', #2235 ) ;
#487 = AXIS2_PLACEMENT_3D ( 'NONE', #2644, #1474, #2208 ) ;
#488 = CYLINDRICAL_SURFACE ( 'NONE', #827, 3.799999999999999822 ) ;
#489 = LINE ( 'NONE', #1443, #536 ) ;
#490 = CARTESIAN_POINT ( 'NONE',  ( -13.50000000000000178, 2.499999999999999556, 0.000000000000000000 ) ) ;
#491 = EDGE_CURVE ( 'NONE', #1703, #2190, #1544, .T. ) ;
#492 = ADVANCED_FACE ( 'NONE', ( #93 ), #2192, .F. ) ;
#493 = ORIENTED_EDGE ( 'NONE', *, *, #63, .T. ) ;
#494 = VECTOR ( 'NONE', #131, 1000.000000000000000 ) ;
#495 = CARTESIAN_POINT ( 'NONE',  ( 0.000000000000000000, 0.000000000000000000, 3.000000000000000000 ) ) ;
#496 = ADVANCED_FACE ( 'NONE', ( #572 ), #1041, .F. ) ;
#497 = VECTOR ( 'NONE', #709, 1000.000000000000000 ) ;
#498 = EDGE_CURVE ( 'NONE', #2536, #1734, #2655, .T. ) ;
#499 = ORIENTED_EDGE ( 'NONE', *, *, #337, .T. ) ;
#500 = VECTOR ( 'NONE', #88, 1000.000000000000000 ) ;
#501 = CARTESIAN_POINT ( 'NONE',  ( 12.50000000000000000, 7.500000000000000000, -10.00000000000000000 ) ) ;
#502 = VERTEX_POINT ( 'NONE', #1961 ) ;
#503 = ORIENTED_EDGE ( 'NONE', *, *, #1228, .F. ) ;
#504 = FACE_OUTER_BOUND ( 'NONE', #767, .T. ) ;
#505 = CYLINDRICAL_SURFACE ( 'NONE', #2663, 1.100000000000000311 ) ;
#506 = DIRECTION ( 'NONE',  ( 1.000000000000000000, 0.000000000000000000, 0.000000000000000000 ) ) ;
#507 = ORIENTED_EDGE ( 'NONE', *, *, #911, .F. ) ;
#508 = EDGE_CURVE ( 'NONE', #1994, #1492, #1950, .T. ) ;
#509 = PLANE ( 'NONE',  #480 ) ;
#510 = FACE_OUTER_BOUND ( 'NONE', #534, .T. ) ;
#511 = FACE_OUTER_BOUND ( 'NONE', #2144, .T. ) ;
#512 = CARTESIAN_POINT ( 'NONE',  ( -13.50000000000000178, -5.500000000000000000, 3.000000000000000000 ) ) ;
#513 = CYLINDRICAL_SURFACE ( 'NONE', #2223, 1.100000000000000311 ) ;
#514 = ORIENTED_EDGE ( 'NONE', *, *, #2748, .F. ) ;
#515 = ORIENTED_EDGE ( 'NONE', *, *, #1964, .T. ) ;
#516 = ORIENTED_EDGE ( 'NONE', *, *, #2545, .F. ) ;
#517 = ORIENTED_EDGE ( 'NONE', *, *, #1197, .F. ) ;
#518 = CARTESIAN_POINT ( 'NONE',  ( -7.500000000000001776, -3.500000000000000444, 0.000000000000000000 ) ) ;
#519 = CARTESIAN_POINT ( 'NONE',  ( -1.734723475976807094E-15, -5.310000000000000497, 0.000000000000000000 ) ) ;
#520 = LINE ( 'NONE', #1072, #846 ) ;
#521 = CARTESIAN_POINT ( 'NONE',  ( 0.5000000000000000000, 7.500000000000000000, 0.000000000000000000 ) ) ;
#522 = VERTEX_POINT ( 'NONE', #106 ) ;
#523 = PLANE ( 'NONE',  #1169 ) ;
#524 = CARTESIAN_POINT ( 'NONE',  ( -13.50000000000000178, -6.500000000000000888, 0.000000000000000000 ) ) ;
#525 = VERTEX_POINT ( 'NONE', #2207 ) ;
#526 = EDGE_CURVE ( 'NONE', #1483, #469, #1680, .T. ) ;
#527 = EDGE_CURVE ( 'NONE', #143, #2935, #1773, .T. ) ;
#528 = VECTOR ( 'NONE', #2058, 1000.000000000000000 ) ;
#529 = VERTEX_POINT ( 'NONE', #1303 ) ;
#530 = AXIS2_PLACEMENT_3D ( 'NONE', #1087, #2933, #872 ) ;
#531 = DIRECTION ( 'NONE',  ( -0.000000000000000000, -0.000000000000000000, -1.000000000000000000 ) ) ;
#532 = VECTOR ( 'NONE', #1060, 1000.000000000000000 ) ;
#533 = CARTESIAN_POINT ( 'NONE',  ( -5.500000000000000888, 4.000000000000000000, 0.000000000000000000 ) ) ;
#534 = EDGE_LOOP ( 'NONE', ( #478, #806, #212, #604, #252, #1630, #1715, #1298, #2690 ) ) ;
#535 = LINE ( 'NONE', #2551, #1515 ) ;
#536 = VECTOR ( 'NONE', #257, 1000.000000000000000 ) ;
#537 = DIRECTION ( 'NONE',  ( 0.000000000000000000, 0.000000000000000000, 1.000000000000000000 ) ) ;
#538 = AXIS2_PLACEMENT_3D ( 'NONE', #456, #1307, #940 ) ;
#539 = CARTESIAN_POINT ( 'NONE',  ( -13.50000000000000000, -7.500000000000000000, 3.000000000000000000 ) ) ;
#540 = EDGE_LOOP ( 'NONE', ( #2290, #1624, #995, #2160, #134, #1343, #1136, #1814, #247, #479, #2426, #1968, #591, #859, #608, #1383, #2255, #1783, #269, #1941, #2960, #2348, #1698, #867, #2525, #2825, #1862, #214, #1980, #2246, #2434, #314, #916, #1225, #2838, #1495, #845, #2845, #2060, #1926, #432, #689, #2008, #3003, #2625, #887, #1187, #2306, #936, #101 ) ) ;
#541 = AXIS2_PLACEMENT_3D ( 'NONE', #495, #1182, #1883 ) ;
#542 = CARTESIAN_POINT ( 'NONE',  ( 0.000000000000000000, 0.000000000000000000, 1.000000000000000000 ) ) ;
#543 = DIRECTION ( 'NONE',  ( 0.000000000000000000, 0.000000000000000000, -1.000000000000000000 ) ) ;
#544 = AXIS2_PLACEMENT_3D ( 'NONE', #2316, #1897, #2799 ) ;
#545 = DIRECTION ( 'NONE',  ( -0.000000000000000000, 0.000000000000000000, -1.000000000000000000 ) ) ;
#546 = ORIENTED_EDGE ( 'NONE', *, *, #2113, .F. ) ;
#547 = EDGE_CURVE ( 'NONE', #1851, #2881, #395, .T. ) ;
#548 = DIRECTION ( 'NONE',  ( -0.000000000000000000, 1.000000000000000000, -0.000000000000000000 ) ) ;
#549 = ORIENTED_EDGE ( 'NONE', *, *, #1043, .F. ) ;
#550 = EDGE_CURVE ( 'NONE', #2217, #2864, #2076, .T. ) ;
#551 = DIRECTION ( 'NONE',  ( 1.000000000000000000, 0.000000000000000000, 0.000000000000000000 ) ) ;
#552 = VERTEX_POINT ( 'NONE', #344 ) ;
#553 = ORIENTED_EDGE ( 'NONE', *, *, #737, .F. ) ;
#554 = DIRECTION ( 'NONE',  ( 0.000000000000000000, 0.000000000000000000, -1.000000000000000000 ) ) ;
#555 = FACE_OUTER_BOUND ( 'NONE', #2552, .T. ) ;
#556 = EDGE_LOOP ( 'NONE', ( #2828, #199, #57, #253 ) ) ;
#557 = ORIENTED_EDGE ( 'NONE', *, *, #1494, .F. ) ;
#558 = VERTEX_POINT ( 'NONE', #2664 ) ;
#559 = DIRECTION ( 'NONE',  ( -0.000000000000000000, -0.000000000000000000, -1.000000000000000000 ) ) ;
#560 = CARTESIAN_POINT ( 'NONE',  ( -0.4999999999999995559, 3.356283515140384477, 1.366701161510158746 ) ) ;
#561 = VERTEX_POINT ( 'NONE', #2481 ) ;
#562 = ORIENTED_EDGE ( 'NONE', *, *, #2579, .T. ) ;
#563 = DIRECTION ( 'NONE',  ( 0.000000000000000000, 0.000000000000000000, -1.000000000000000000 ) ) ;
#564 = VERTEX_POINT ( 'NONE', #2437 ) ;
#565 = EDGE_CURVE ( 'NONE', #1526, #2377, #377, .T. ) ;
#566 = CARTESIAN_POINT ( 'NONE',  ( -13.50000000000000178, 0.4999999999999995559, 0.000000000000000000 ) ) ;
#567 = CARTESIAN_POINT ( 'NONE',  ( 16.50000000000000000, 7.500000000000000000, 3.000000000000000000 ) ) ;
#568 = VERTEX_POINT ( 'NONE', #847 ) ;
#569 = EDGE_LOOP ( 'NONE', ( #1499, #1211, #1832, #2649 ) ) ;
#570 = CARTESIAN_POINT ( 'NONE',  ( 14.50000000000000178, 7.500000000000000000, 0.4999999999999998890 ) ) ;
#571 = ORIENTED_EDGE ( 'NONE', *, *, #732, .T. ) ;
#572 = FACE_OUTER_BOUND ( 'NONE', #1722, .T. ) ;
#573 = AXIS2_PLACEMENT_3D ( 'NONE', #2519, #255, #2549 ) ;
#574 = VECTOR ( 'NONE', #3000, 1000.000000000000000 ) ;
#575 = DIRECTION ( 'NONE',  ( 1.000000000000000000, -0.000000000000000000, -0.000000000000000000 ) ) ;
#576 = ORIENTED_EDGE ( 'NONE', *, *, #565, .F. ) ;
#577 = CARTESIAN_POINT ( 'NONE',  ( 11.50000000000000178, -7.500000000000000000, -10.00000000000000000 ) ) ;
#578 = ORIENTED_EDGE ( 'NONE', *, *, #2509, .T. ) ;
#579 = LINE ( 'NONE', #2404, #2174 ) ;
#580 = ADVANCED_FACE ( 'NONE', ( #2219 ), #140, .F. ) ;
#581 = DIRECTION ( 'NONE',  ( 1.445602896647339163E-16, 1.000000000000000000, 0.000000000000000000 ) ) ;
#582 = VECTOR ( 'NONE', #2702, 1000.000000000000000 ) ;
#583 = EDGE_CURVE ( 'NONE', #1587, #486, #2002, .T. ) ;
#584 = ORIENTED_EDGE ( 'NONE', *, *, #2124, .F. ) ;
#585 = EDGE_LOOP ( 'NONE', ( #1917, #2037, #2150, #2145 ) ) ;
#586 = AXIS2_PLACEMENT_3D ( 'NONE', #1795, #210, #2714 ) ;
#587 = DIRECTION ( 'NONE',  ( -1.000000000000000000, 0.000000000000000000, 0.000000000000000000 ) ) ;
#588 = CARTESIAN_POINT ( 'NONE',  ( -7.500000000000001776, -6.000000000000000000, 3.000000000000000000 ) ) ;
#589 = EDGE_CURVE ( 'NONE', #1080, #1374, #620, .T. ) ;
#590 = CARTESIAN_POINT ( 'NONE',  ( -13.50000000000000178, 0.4999999999999995559, 0.000000000000000000 ) ) ;
#591 = ORIENTED_EDGE ( 'NONE', *, *, #1269, .F. ) ;
#592 = VECTOR ( 'NONE', #1702, 1000.000000000000000 ) ;
#593 = ORIENTED_EDGE ( 'NONE', *, *, #2645, .T. ) ;
#594 = VECTOR ( 'NONE', #1014, 1000.000000000000000 ) ;
#595 = DIRECTION ( 'NONE',  ( 1.000000000000000000, 0.000000000000000000, 0.000000000000000000 ) ) ;
#596 = CARTESIAN_POINT ( 'NONE',  ( -13.50000000000000178, 7.500000000000000000, 0.000000000000000000 ) ) ;
#597 = DIRECTION ( 'NONE',  ( -1.000000000000000000, 0.000000000000000000, 0.000000000000000000 ) ) ;
#598 = CARTESIAN_POINT ( 'NONE',  ( 16.50000000000000000, -7.500000000000000000, -10.00000000000000000 ) ) ;
#599 = PLANE ( 'NONE',  #1641 ) ;
#600 = LINE ( 'NONE', #1077, #1752 ) ;
#601 = ORIENTED_EDGE ( 'NONE', *, *, #1867, .T. ) ;
#602 = ORIENTED_EDGE ( 'NONE', *, *, #2635, .T. ) ;
#603 = EDGE_CURVE ( 'NONE', #1444, #458, #1070, .T. ) ;
#604 = ORIENTED_EDGE ( 'NONE', *, *, #984, .T. ) ;
#605 = LINE ( 'NONE', #1949, #1793 ) ;
#606 = DIRECTION ( 'NONE',  ( -1.000000000000000000, 0.000000000000000000, 0.000000000000000000 ) ) ;
#607 = DIRECTION ( 'NONE',  ( -1.156482317317871478E-16, 1.000000000000000000, 0.000000000000000000 ) ) ;
#608 = ORIENTED_EDGE ( 'NONE', *, *, #1129, .T. ) ;
#609 = VERTEX_POINT ( 'NONE', #1361 ) ;
#610 = EDGE_CURVE ( 'NONE', #1492, #1015, #2461, .T. ) ;
#611 = DIRECTION ( 'NONE',  ( -0.000000000000000000, -0.000000000000000000, 1.000000000000000000 ) ) ;
#612 = FACE_OUTER_BOUND ( 'NONE', #1408, .T. ) ;
#613 = PLANE ( 'NONE',  #2135 ) ;
#614 = LINE ( 'NONE', #2910, #2515 ) ;
#615 = DIRECTION ( 'NONE',  ( 1.000000000000000000, 0.000000000000000000, 0.000000000000000000 ) ) ;
#616 = ORIENTED_EDGE ( 'NONE', *, *, #1768, .F. ) ;
#617 = ORIENTED_EDGE ( 'NONE', *, *, #32, .T. ) ;
#618 = DIRECTION ( 'NONE',  ( -0.000000000000000000, -0.000000000000000000, 1.000000000000000000 ) ) ;
#619 = VERTEX_POINT ( 'NONE', #467 ) ;
#620 = LINE ( 'NONE', #1784, #1929 ) ;
#621 = CARTESIAN_POINT ( 'NONE',  ( 7.500000000000000000, -7.500000000000000000, -10.00000000000000000 ) ) ;
#622 = EDGE_CURVE ( 'NONE', #1559, #71, #1379, .T. ) ;
#623 = EDGE_CURVE ( 'NONE', #1480, #1135, #1403, .T. ) ;
#624 = ORIENTED_EDGE ( 'NONE', *, *, #2556, .T. ) ;
#625 = DIRECTION ( 'NONE',  ( 0.000000000000000000, 0.000000000000000000, 1.000000000000000000 ) ) ;
#626 = DIRECTION ( 'NONE',  ( 0.000000000000000000, -0.000000000000000000, -1.000000000000000000 ) ) ;
#627 = DIRECTION ( 'NONE',  ( 1.156482317317871478E-16, 1.000000000000000000, -0.000000000000000000 ) ) ;
#628 = AXIS2_PLACEMENT_3D ( 'NONE', #2243, #884, #1816 ) ;
#629 = DIRECTION ( 'NONE',  ( 0.000000000000000000, 0.000000000000000000, 1.000000000000000000 ) ) ;
#630 = CYLINDRICAL_SURFACE ( 'NONE', #41, 0.5000000000000004441 ) ;
#631 = ORIENTED_EDGE ( 'NONE', *, *, #2069, .F. ) ;
#632 = ORIENTED_EDGE ( 'NONE', *, *, #1472, .F. ) ;
#633 = FACE_OUTER_BOUND ( 'NONE', #1553, .T. ) ;
#634 = DIRECTION ( 'NONE',  ( 0.000000000000000000, 0.000000000000000000, 1.000000000000000000 ) ) ;
#635 = ORIENTED_EDGE ( 'NONE', *, *, #755, .F. ) ;
#636 = AXIS2_PLACEMENT_3D ( 'NONE', #928, #413, #1549 ) ;
#637 = DIRECTION ( 'NONE',  ( -0.000000000000000000, -0.000000000000000000, 1.000000000000000000 ) ) ;
#638 = AXIS2_PLACEMENT_3D ( 'NONE', #1037, #1978, #1717 ) ;
#639 = VECTOR ( 'NONE', #1730, 1000.000000000000000 ) ;
#640 = ORIENTED_EDGE ( 'NONE', *, *, #2770, .T. ) ;
#641 = CIRCLE ( 'NONE', #2857, 0.5000000000000013323 ) ;
#642 = DIRECTION ( 'NONE',  ( -1.000000000000000000, 0.000000000000000000, 0.000000000000000000 ) ) ;
#643 = ADVANCED_FACE ( 'NONE', ( #204 ), #906, .T. ) ;
#644 = EDGE_CURVE ( 'NONE', #762, #883, #184, .T. ) ;
#645 = CARTESIAN_POINT ( 'NONE',  ( -13.50000000000000178, 7.500000000000000000, 0.000000000000000000 ) ) ;
#646 = FACE_OUTER_BOUND ( 'NONE', #1475, .T. ) ;
#647 = VERTEX_POINT ( 'NONE', #231 ) ;
#648 = ORIENTED_EDGE ( 'NONE', *, *, #1493, .T. ) ;
#649 = DIRECTION ( 'NONE',  ( -1.000000000000000000, 1.445602896647339163E-16, -0.000000000000000000 ) ) ;
#650 = CARTESIAN_POINT ( 'NONE',  ( -13.50000000000000000, -7.500000000000000000, 3.000000000000000000 ) ) ;
#651 = DIRECTION ( 'NONE',  ( -0.000000000000000000, -0.000000000000000000, 1.000000000000000000 ) ) ;
#652 = VERTEX_POINT ( 'NONE', #1170 ) ;
#653 = FACE_OUTER_BOUND ( 'NONE', #540, .T. ) ;
#654 = DIRECTION ( 'NONE',  ( 1.156482317317871478E-16, -1.000000000000000000, 0.000000000000000000 ) ) ;
#655 = CARTESIAN_POINT ( 'NONE',  ( 0.000000000000000000, 0.000000000000000000, 1.000000000000000000 ) ) ;
#656 = B_SPLINE_CURVE_WITH_KNOTS ( 'NONE', 3,
 ( #1281, #1031, #1765, #1312 ),
 .UNSPECIFIED., .F., .F.,
 ( 4, 4 ),
 ( 0.000000000000000000, 0.0003554641715376446543 ),
 .UNSPECIFIED. ) ;
#657 = DIRECTION ( 'NONE',  ( 1.000000000000000000, 0.000000000000000000, 0.000000000000000000 ) ) ;
#658 = LINE ( 'NONE', #2520, #2518 ) ;
#659 = LINE ( 'NONE', #1336, #2526 ) ;
#660 = VERTEX_POINT ( 'NONE', #2278 ) ;
#661 = ADVANCED_FACE ( 'NONE', ( #1806 ), #3009, .F. ) ;
#662 = VERTEX_POINT ( 'NONE', #2721 ) ;
#663 = CARTESIAN_POINT ( 'NONE',  ( 0.000000000000000000, 0.000000000000000000, 1.200000000000000178 ) ) ;
#664 = ORIENTED_EDGE ( 'NONE', *, *, #2725, .F. ) ;
#665 = DIRECTION ( 'NONE',  ( 0.000000000000000000, 0.000000000000000000, 1.000000000000000000 ) ) ;
#666 = LINE ( 'NONE', #2772, #2410 ) ;
#667 = EDGE_LOOP ( 'NONE', ( #616, #59, #2616, #1327 ) ) ;
#668 = DIRECTION ( 'NONE',  ( -0.000000000000000000, -0.000000000000000000, 1.000000000000000000 ) ) ;
#669 = PLANE ( 'NONE',  #573 ) ;
#670 = CARTESIAN_POINT ( 'NONE',  ( 8.500000000000000000, 7.500000000000000000, -10.00000000000000000 ) ) ;
#671 = CARTESIAN_POINT ( 'NONE',  ( 0.4999999999999995559, 3.766961640367472608, 1.200000000000000178 ) ) ;
#672 = VERTEX_POINT ( 'NONE', #956 ) ;
#673 = VERTEX_POINT ( 'NONE', #712 ) ;
#674 = ORIENTED_EDGE ( 'NONE', *, *, #1566, .F. ) ;
#675 = VECTOR ( 'NONE', #410, 1000.000000000000000 ) ;
#676 = EDGE_CURVE ( 'NONE', #1923, #672, #976, .T. ) ;
#677 = ADVANCED_FACE ( 'NONE', ( #2248 ), #939, .F. ) ;
#678 = LINE ( 'NONE', #1600, #485 ) ;
#679 = DIRECTION ( 'NONE',  ( -0.000000000000000000, -0.000000000000000000, -1.000000000000000000 ) ) ;
#680 = AXIS2_PLACEMENT_3D ( 'NONE', #2643, #155, #595 ) ;
#681 = ORIENTED_EDGE ( 'NONE', *, *, #1214, .F. ) ;
#682 = DIRECTION ( 'NONE',  ( 1.156482317317871478E-16, -1.000000000000000000, 0.000000000000000000 ) ) ;
#683 = EDGE_CURVE ( 'NONE', #1008, #2745, #1819, .T. ) ;
#684 = EDGE_CURVE ( 'NONE', #529, #522, #1860, .T. ) ;
#685 = DIRECTION ( 'NONE',  ( -0.000000000000000000, -0.000000000000000000, -1.000000000000000000 ) ) ;
#686 = FILL_AREA_STYLE ('',( #2753 ) ) ;
#687 = CIRCLE ( 'NONE', #237, 0.5000000000000000000 ) ;
#688 = CIRCLE ( 'NONE', #141, 0.5000000000000013323 ) ;
#689 = ORIENTED_EDGE ( 'NONE', *, *, #2445, .T. ) ;
#690 = DIRECTION ( 'NONE',  ( 0.000000000000000000, 1.000000000000000000, 0.000000000000000000 ) ) ;
#691 = AXIS2_PLACEMENT_3D ( 'NONE', #2803, #784, #2623 ) ;
#692 = CARTESIAN_POINT ( 'NONE',  ( -13.50000000000000178, 2.499999999999999556, 0.000000000000000000 ) ) ;
#693 = CIRCLE ( 'NONE', #1895, 0.4999999999999995559 ) ;
#694 = DIRECTION ( 'NONE',  ( -0.000000000000000000, -0.000000000000000000, 1.000000000000000000 ) ) ;
#695 = DIRECTION ( 'NONE',  ( -0.000000000000000000, -0.000000000000000000, 1.000000000000000000 ) ) ;
#696 = EDGE_LOOP ( 'NONE', ( #2263, #317, #1677, #2865, #749, #2941, #407, #2840, #1245, #1671, #8, #1388, #349, #2648, #357, #1441, #2444, #1489, #1529, #747, #2703, #182, #2311, #2889, #1620, #2450, #1105, #312, #2781, #266, #164, #1672, #1512, #2913, #393, #1062, #1155, #1517, #2080, #2162, #1404, #218, #862, #406, #952, #1539, #465, #988, #2555, #1373 ) ) ;
#697 = AXIS2_PLACEMENT_3D ( 'NONE', #427, #2093, #720 ) ;
#698 = CARTESIAN_POINT ( 'NONE',  ( 16.50000000000000000, -7.500000000000000000, -10.00000000000000000 ) ) ;
#699 = FACE_OUTER_BOUND ( 'NONE', #2894, .T. ) ;
#700 = EDGE_CURVE ( 'NONE', #957, #1572, #921, .T. ) ;
#701 = EDGE_LOOP ( 'NONE', ( #1958, #632, #812, #2383 ) ) ;
#702 = DIRECTION ( 'NONE',  ( -1.000000000000000000, 0.000000000000000000, 0.000000000000000000 ) ) ;
#703 = DIRECTION ( 'NONE',  ( 0.000000000000000000, 0.000000000000000000, 1.000000000000000000 ) ) ;
#704 = DIRECTION ( 'NONE',  ( -1.000000000000000000, 0.000000000000000000, 0.000000000000000000 ) ) ;
#705 = PRODUCT_RELATED_PRODUCT_CATEGORY ( 'part', '', ( #1248 ) ) ;
#706 = ORIENTED_EDGE ( 'NONE', *, *, #2724, .F. ) ;
#707 = CARTESIAN_POINT ( 'NONE',  ( -13.50000000000000178, -3.499999999999999556, 3.000000000000000000 ) ) ;
#708 = CARTESIAN_POINT ( 'NONE',  ( 14.50000000000000178, -7.500000000000000000, 0.4999999999999998890 ) ) ;
#709 = DIRECTION ( 'NONE',  ( -1.000000000000000000, -0.000000000000000000, -0.000000000000000000 ) ) ;
#710 = ADVANCED_FACE ( 'NONE', ( #2553 ), #172, .F. ) ;
#711 = ORIENTED_EDGE ( 'NONE', *, *, #2505, .F. ) ;
#712 = CARTESIAN_POINT ( 'NONE',  ( -7.000000000000000888, -6.000000000000000000, 0.000000000000000000 ) ) ;
#713 = SURFACE_SIDE_STYLE ('',( #2325 ) ) ;
#714 = ORIENTED_EDGE ( 'NONE', *, *, #1581, .F. ) ;
#715 = EDGE_CURVE ( 'NONE', #2439, #652, #481, .T. ) ;
#716 = EDGE_CURVE ( 'NONE', #785, #2969, #1111, .T. ) ;
#717 = EDGE_CURVE ( 'NONE', #660, #2700, #666, .T. ) ;
#718 = EDGE_LOOP ( 'NONE', ( #2097, #1222, #631, #1106 ) ) ;
#719 = ORIENTED_EDGE ( 'NONE', *, *, #2528, .F. ) ;
#720 = DIRECTION ( 'NONE',  ( 1.000000000000000000, 0.000000000000000000, 0.000000000000000000 ) ) ;
#721 = FACE_OUTER_BOUND ( 'NONE', #696, .T. ) ;
#722 =( NAMED_UNIT ( * ) PLANE_ANGLE_UNIT ( ) SI_UNIT ( $, .RADIAN. ) );
#723 = DIRECTION ( 'NONE',  ( 1.156482317317871478E-16, -1.000000000000000000, 0.000000000000000000 ) ) ;
#724 = DIRECTION ( 'NONE',  ( 0.000000000000000000, 0.000000000000000000, 1.000000000000000000 ) ) ;
#725 = ORIENTED_EDGE ( 'NONE', *, *, #2850, .T. ) ;
#726 = AXIS2_PLACEMENT_3D ( 'NONE', #2707, #424, #1786 ) ;
#727 = LINE ( 'NONE', #21, #1120 ) ;
#728 = CYLINDRICAL_SURFACE ( 'NONE', #3002, 4.650000000000000355 ) ;
#729 = VECTOR ( 'NONE', #654, 1000.000000000000000 ) ;
#730 = CARTESIAN_POINT ( 'NONE',  ( -13.50000000000000178, 7.500000000000000000, 0.000000000000000000 ) ) ;
#731 = CIRCLE ( 'NONE', #2844, 3.309999999999999609 ) ;
#732 = EDGE_CURVE ( 'NONE', #748, #1772, #2754, .T. ) ;
#733 = AXIS2_PLACEMENT_3D ( 'NONE', #2017, #629, #2938 ) ;
#734 = CARTESIAN_POINT ( 'NONE',  ( -13.50000000000000000, -2.500000000000000444, 3.000000000000000000 ) ) ;
#735 = FACE_OUTER_BOUND ( 'NONE', #1329, .T. ) ;
#736 = CIRCLE ( 'NONE', #1411, 3.799999999999999822 ) ;
#737 = EDGE_CURVE ( 'NONE', #1389, #2809, #992, .T. ) ;
#738 = EDGE_CURVE ( 'NONE', #2234, #1227, #305, .T. ) ;
#739 = AXIS2_PLACEMENT_3D ( 'NONE', #273, #260, #1192 ) ;
#740 = CARTESIAN_POINT ( 'NONE',  ( -13.50000000000000178, 7.500000000000000000, 3.000000000000000000 ) ) ;
#741 = DIRECTION ( 'NONE',  ( 0.000000000000000000, 0.000000000000000000, -1.000000000000000000 ) ) ;
#742 = CARTESIAN_POINT ( 'NONE',  ( 1.762194958653875365E-15, -5.310000000000000497, 0.000000000000000000 ) ) ;
#743 = AXIS2_PLACEMENT_3D ( 'NONE', #1521, #2669, #2401 ) ;
#744 = LINE ( 'NONE', #2142, #938 ) ;
#745 = CARTESIAN_POINT ( 'NONE',  ( -5.500000000000000000, 2.499999999999999556, 0.000000000000000000 ) ) ;
#746 = CARTESIAN_POINT ( 'NONE',  ( -7.500000000000001776, -6.000000000000000000, 0.000000000000000000 ) ) ;
#747 = ORIENTED_EDGE ( 'NONE', *, *, #2193, .T. ) ;
#748 = VERTEX_POINT ( 'NONE', #757 ) ;
#749 = ORIENTED_EDGE ( 'NONE', *, *, #715, .T. ) ;
#750 = DIRECTION ( 'NONE',  ( -0.000000000000000000, -0.000000000000000000, 1.000000000000000000 ) ) ;
#751 = CARTESIAN_POINT ( 'NONE',  ( -5.500000000000000000, -0.5000000000000000000, 0.000000000000000000 ) ) ;
#752 = PLANE ( 'NONE',  #1609 ) ;
#753 = DIRECTION ( 'NONE',  ( 0.000000000000000000, -1.000000000000000000, 0.000000000000000000 ) ) ;
#754 = CARTESIAN_POINT ( 'NONE',  ( 11.50000000000000178, -7.500000000000000000, -10.00000000000000000 ) ) ;
#755 = EDGE_CURVE ( 'NONE', #1015, #2976, #1118, .T. ) ;
#756 = CARTESIAN_POINT ( 'NONE',  ( -13.50000000000000000, -1.500000000000000444, 0.000000000000000000 ) ) ;
#757 = CARTESIAN_POINT ( 'NONE',  ( 10.50000000000000178, -7.500000000000000000, 0.4999999999999998890 ) ) ;
#758 = CARTESIAN_POINT ( 'NONE',  ( -3.799999999999999822, 0.000000000000000000, 1.200000000000000178 ) ) ;
#759 = VERTEX_POINT ( 'NONE', #2112 ) ;
#760 = ORIENTED_EDGE ( 'NONE', *, *, #2645, .F. ) ;
#761 = CARTESIAN_POINT ( 'NONE',  ( 9.000000000000003553, -7.500000000000000000, 0.5000000000000000000 ) ) ;
#762 = VERTEX_POINT ( 'NONE', #2626 ) ;
#763 = DIRECTION ( 'NONE',  ( 0.000000000000000000, 0.000000000000000000, 1.000000000000000000 ) ) ;
#764 = ORIENTED_EDGE ( 'NONE', *, *, #2315, .F. ) ;
#765 = PLANE ( 'NONE',  #989 ) ;
#766 = EDGE_CURVE ( 'NONE', #1002, #762, #1186, .T. ) ;
#767 = EDGE_LOOP ( 'NONE', ( #1781, #601, #1051, #553 ) ) ;
#768 = DIRECTION ( 'NONE',  ( -0.000000000000000000, -0.000000000000000000, -1.000000000000000000 ) ) ;
#769 = LINE ( 'NONE', #1528, #1451 ) ;
#770 = FACE_OUTER_BOUND ( 'NONE', #353, .T. ) ;
#771 = EDGE_CURVE ( 'NONE', #118, #647, #1701, .T. ) ;
#772 = VECTOR ( 'NONE', #2760, 1000.000000000000000 ) ;
#773 = EDGE_CURVE ( 'NONE', #14, #1284, #2580, .T. ) ;
#774 = FACE_OUTER_BOUND ( 'NONE', #1302, .T. ) ;
#775 = AXIS2_PLACEMENT_3D ( 'NONE', #2533, #1391, #703 ) ;
#776 = CONICAL_SURFACE ( 'NONE', #1355, 3.560000000000000497, 0.7853981633974509435 ) ;
#777 = CARTESIAN_POINT ( 'NONE',  ( -7.500000000000001776, -6.000000000000000000, 0.000000000000000000 ) ) ;
#778 = LINE ( 'NONE', #577, #293 ) ;
#779 = VERTEX_POINT ( 'NONE', #2323 ) ;
#780 = VECTOR ( 'NONE', #222, 1000.000000000000000 ) ;
#781 = PRESENTATION_LAYER_ASSIGNMENT (  '', '', ( #1689 ) ) ;
#782 = AXIS2_PLACEMENT_3D ( 'NONE', #588, #634, #169 ) ;
#783 = LINE ( 'NONE', #1746, #135 ) ;
#784 = DIRECTION ( 'NONE',  ( 0.000000000000000000, 0.000000000000000000, 1.000000000000000000 ) ) ;
#785 = VERTEX_POINT ( 'NONE', #2379 ) ;
#786 = VECTOR ( 'NONE', #695, 1000.000000000000000 ) ;
#787 = DIRECTION ( 'NONE',  ( 0.000000000000000000, -0.000000000000000000, -1.000000000000000000 ) ) ;
#788 = AXIS2_PLACEMENT_3D ( 'NONE', #1967, #1692, #1488 ) ;
#789 = CARTESIAN_POINT ( 'NONE',  ( -1.734723475976807094E-15, -4.809999999999999609, 0.000000000000000000 ) ) ;
#790 = CARTESIAN_POINT ( 'NONE',  ( -13.50000000000000178, 5.500000000000000000, 3.000000000000000000 ) ) ;
#791 = ORIENTED_EDGE ( 'NONE', *, *, #1328, .T. ) ;
#792 = AXIS2_PLACEMENT_3D ( 'NONE', #1602, #183, #905 ) ;
#793 = PRODUCT_DEFINITION ( 'UNKNOWN', '', #2232, #367 ) ;
#794 = DIRECTION ( 'NONE',  ( 0.7071067811865493491, 8.659560562354955045E-17, -0.7071067811865456854 ) ) ;
#795 = VERTEX_POINT ( 'NONE', #2156 ) ;
#796 = CARTESIAN_POINT ( 'NONE',  ( 13.00000000000000355, -7.500000000000000000, 0.5000000000000000000 ) ) ;
#797 = ORIENTED_EDGE ( 'NONE', *, *, #1757, .F. ) ;
#798 = ADVANCED_FACE ( 'NONE', ( #2591 ), #523, .F. ) ;
#799 = CARTESIAN_POINT ( 'NONE',  ( -3.560000000000000497, 0.000000000000000000, 1.200000000000000178 ) ) ;
#800 = DIRECTION ( 'NONE',  ( 0.000000000000000000, 0.000000000000000000, 1.000000000000000000 ) ) ;
#801 = ORIENTED_EDGE ( 'NONE', *, *, #2224, .F. ) ;
#802 = ORIENTED_EDGE ( 'NONE', *, *, #2028, .T. ) ;
#803 = DIRECTION ( 'NONE',  ( 1.000000000000000000, 0.000000000000000000, 0.000000000000000000 ) ) ;
#804 = DIRECTION ( 'NONE',  ( -4.625929269271485914E-16, 1.000000000000000000, -0.000000000000000000 ) ) ;
#805 = CARTESIAN_POINT ( 'NONE',  ( 10.50000000000000000, -7.500000000000000000, -10.00000000000000000 ) ) ;
#806 = ORIENTED_EDGE ( 'NONE', *, *, #1132, .T. ) ;
#807 = DIRECTION ( 'NONE',  ( -0.000000000000000000, -0.000000000000000000, -1.000000000000000000 ) ) ;
#808 = ORIENTED_EDGE ( 'NONE', *, *, #2296, .T. ) ;
#809 = EDGE_CURVE ( 'NONE', #1268, #1138, #727, .T. ) ;
#810 = EDGE_CURVE ( 'NONE', #2634, #1905, #977, .T. ) ;
#811 = LINE ( 'NONE', #829, #2904 ) ;
#812 = ORIENTED_EDGE ( 'NONE', *, *, #1132, .F. ) ;
#813 = DIRECTION ( 'NONE',  ( -0.000000000000000000, 1.000000000000000000, -0.000000000000000000 ) ) ;
#814 = ORIENTED_EDGE ( 'NONE', *, *, #810, .F. ) ;
#815 = EDGE_CURVE ( 'NONE', #1284, #2730, #1452, .T. ) ;
#816 = EDGE_CURVE ( 'NONE', #2459, #1268, #1423, .T. ) ;
#817 = CARTESIAN_POINT ( 'NONE',  ( -0.4999999999999991673, -6.071275269668507664E-17, 1.000000000000000000 ) ) ;
#818 = DIRECTION ( 'NONE',  ( -0.000000000000000000, -0.000000000000000000, -1.000000000000000000 ) ) ;
#819 = VERTEX_POINT ( 'NONE', #2791 ) ;
#820 = ORIENTED_EDGE ( 'NONE', *, *, #839, .F. ) ;
#821 = DIRECTION ( 'NONE',  ( 1.214255053933703751E-16, 1.000000000000000000, -0.000000000000000000 ) ) ;
#822 = LINE ( 'NONE', #2867, #1317 ) ;
#823 = ORIENTED_EDGE ( 'NONE', *, *, #2279, .T. ) ;
#824 = ORIENTED_EDGE ( 'NONE', *, *, #2546, .F. ) ;
#825 = DIRECTION ( 'NONE',  ( 0.000000000000000000, 0.000000000000000000, 1.000000000000000000 ) ) ;
#826 = DIRECTION ( 'NONE',  ( -3.787379036400652809E-16, 1.000000000000000000, 0.000000000000000000 ) ) ;
#827 = AXIS2_PLACEMENT_3D ( 'NONE', #2811, #531, #2146 ) ;
#828 = VECTOR ( 'NONE', #1902, 1000.000000000000000 ) ;
#829 = CARTESIAN_POINT ( 'NONE',  ( -7.000000000000000888, -4.000000000000000000, 0.000000000000000000 ) ) ;
#830 = EDGE_CURVE ( 'NONE', #1734, #2473, #1018, .T. ) ;
#831 = VERTEX_POINT ( 'NONE', #2848 ) ;
#832 = CARTESIAN_POINT ( 'NONE',  ( 11.50000000000000178, 7.500000000000000000, -10.00000000000000000 ) ) ;
#833 = VERTEX_POINT ( 'NONE', #1642 ) ;
#834 = AXIS2_PLACEMENT_3D ( 'NONE', #2226, #2428, #2842 ) ;
#835 = DIRECTION ( 'NONE',  ( -1.000000000000000000, -0.000000000000000000, -0.000000000000000000 ) ) ;
#836 = CARTESIAN_POINT ( 'NONE',  ( 10.50000000000000178, 7.500000000000000000, 0.4999999999999998890 ) ) ;
#837 = AXIS2_PLACEMENT_3D ( 'NONE', #1708, #1058, #2384 ) ;
#838 = ORIENTED_EDGE ( 'NONE', *, *, #1250, .F. ) ;
#839 = EDGE_CURVE ( 'NONE', #71, #1591, #2337, .T. ) ;
#840 = COLOUR_RGB ( '',0.5372549019607842924, 0.3490196078431372362, 0.3372549019607843368 ) ;
#841 = CARTESIAN_POINT ( 'NONE',  ( 13.50000000000000178, -7.500000000000000000, -10.00000000000000000 ) ) ;
#842 = CARTESIAN_POINT ( 'NONE',  ( 8.500000000000000000, -7.500000000000000000, -10.00000000000000000 ) ) ;
#843 = VERTEX_POINT ( 'NONE', #512 ) ;
#844 = AXIS2_PLACEMENT_3D ( 'NONE', #2699, #800, #331 ) ;
#845 = ORIENTED_EDGE ( 'NONE', *, *, #297, .T. ) ;
#846 = VECTOR ( 'NONE', #2163, 1000.000000000000000 ) ;
#847 = CARTESIAN_POINT ( 'NONE',  ( -13.50000000000000000, -2.500000000000000444, 3.000000000000000000 ) ) ;
#848 = VECTOR ( 'NONE', #2684, 1000.000000000000000 ) ;
#849 = DIRECTION ( 'NONE',  ( -0.000000000000000000, -0.000000000000000000, -1.000000000000000000 ) ) ;
#850 = DIRECTION ( 'NONE',  ( 0.000000000000000000, 1.000000000000000000, 0.000000000000000000 ) ) ;
#851 = DIRECTION ( 'NONE',  ( 1.000000000000000000, 0.000000000000000000, 0.000000000000000000 ) ) ;
#852 = CARTESIAN_POINT ( 'NONE',  ( 9.000000000000003553, 7.500000000000000000, 0.5000000000000000000 ) ) ;
#853 = EDGE_LOOP ( 'NONE', ( #2213, #1584, #1910, #1270 ) ) ;
#854 = ORIENTED_EDGE ( 'NONE', *, *, #2829, .T. ) ;
#855 = EDGE_CURVE ( 'NONE', #2572, #843, #744, .T. ) ;
#856 = CARTESIAN_POINT ( 'NONE',  ( -5.500000000000000888, 6.500000000000000000, 0.000000000000000000 ) ) ;
#857 = DIRECTION ( 'NONE',  ( -0.000000000000000000, 1.000000000000000000, -0.000000000000000000 ) ) ;
#858 = VERTEX_POINT ( 'NONE', #1435 ) ;
#859 = ORIENTED_EDGE ( 'NONE', *, *, #1043, .T. ) ;
#860 = DIRECTION ( 'NONE',  ( -0.000000000000000000, -0.000000000000000000, 1.000000000000000000 ) ) ;
#861 = LINE ( 'NONE', #378, #675 ) ;
#862 = ORIENTED_EDGE ( 'NONE', *, *, #1686, .T. ) ;
#863 = FACE_OUTER_BOUND ( 'NONE', #667, .T. ) ;
#864 = FACE_OUTER_BOUND ( 'NONE', #2099, .T. ) ;
#865 = DIRECTION ( 'NONE',  ( 1.000000000000000000, -0.000000000000000000, -0.000000000000000000 ) ) ;
#866 = CARTESIAN_POINT ( 'NONE',  ( -5.500000000000000000, 1.499999999999999556, 0.000000000000000000 ) ) ;
#867 = ORIENTED_EDGE ( 'NONE', *, *, #565, .T. ) ;
#868 = ORIENTED_EDGE ( 'NONE', *, *, #256, .F. ) ;
#869 = CARTESIAN_POINT ( 'NONE',  ( -0.4999999999999995559, 3.766961640367472608, 1.200000000000000178 ) ) ;
#870 = VERTEX_POINT ( 'NONE', #54 ) ;
#871 = FACE_OUTER_BOUND ( 'NONE', #1872, .T. ) ;
#872 = DIRECTION ( 'NONE',  ( -1.000000000000000000, 0.000000000000000000, 0.000000000000000000 ) ) ;
#873 = CARTESIAN_POINT ( 'NONE',  ( -13.50000000000000178, 1.499999999999999556, 3.000000000000000000 ) ) ;
#874 = EDGE_CURVE ( 'NONE', #672, #2495, #731, .T. ) ;
#875 = ORIENTED_EDGE ( 'NONE', *, *, #1936, .F. ) ;
#876 = DIRECTION ( 'NONE',  ( -1.000000000000000000, -1.214255053933703751E-16, 0.000000000000000000 ) ) ;
#877 = LINE ( 'NONE', #1114, #2027 ) ;
#878 = CARTESIAN_POINT ( 'NONE',  ( 13.00000000000000355, 7.500000000000000000, 0.5000000000000000000 ) ) ;
#879 = DIRECTION ( 'NONE',  ( 0.000000000000000000, -0.000000000000000000, -1.000000000000000000 ) ) ;
#880 = ORIENTED_EDGE ( 'NONE', *, *, #1057, .T. ) ;
#881 = ORIENTED_EDGE ( 'NONE', *, *, #1252, .T. ) ;
#882 = AXIS2_PLACEMENT_3D ( 'NONE', #1829, #439, #1346 ) ;
#883 = VERTEX_POINT ( 'NONE', #2214 ) ;
#884 = DIRECTION ( 'NONE',  ( 0.000000000000000000, 0.000000000000000000, -1.000000000000000000 ) ) ;
#885 = VECTOR ( 'NONE', #835, 1000.000000000000000 ) ;
#886 = LINE ( 'NONE', #650, #2603 ) ;
#887 = ORIENTED_EDGE ( 'NONE', *, *, #2063, .F. ) ;
#888 = CARTESIAN_POINT ( 'NONE',  ( -5.500000000000000000, -2.500000000000000000, 0.000000000000000000 ) ) ;
#889 = VECTOR ( 'NONE', #1920, 1000.000000000000000 ) ;
#890 = DIRECTION ( 'NONE',  ( -0.000000000000000000, -0.000000000000000000, 1.000000000000000000 ) ) ;
#891 = LINE ( 'NONE', #1141, #528 ) ;
#892 = CIRCLE ( 'NONE', #2568, 0.5000000000000004441 ) ;
#893 = EDGE_CURVE ( 'NONE', #1769, #202, #437, .T. ) ;
#894 = ADVANCED_FACE ( 'NONE', ( #1095 ), #776, .F. ) ;
#895 = PLANE ( 'NONE',  #1805 ) ;
#896 = CIRCLE ( 'NONE', #346, 3.560000000000000497 ) ;
#897 = DIRECTION ( 'NONE',  ( 1.000000000000000000, 0.000000000000000000, 0.000000000000000000 ) ) ;
#898 = VECTOR ( 'NONE', #682, 1000.000000000000000 ) ;
#899 = CARTESIAN_POINT ( 'NONE',  ( 11.50000000000000355, -7.500000000000000000, 0.4999999999999998890 ) ) ;
#900 = FACE_OUTER_BOUND ( 'NONE', #1219, .T. ) ;
#901 = ORIENTED_EDGE ( 'NONE', *, *, #473, .F. ) ;
#902 = ORIENTED_EDGE ( 'NONE', *, *, #1184, .T. ) ;
#903 = CARTESIAN_POINT ( 'NONE',  ( -5.500000000000000888, 3.500000000000000000, 0.000000000000000000 ) ) ;
#904 = ORIENTED_EDGE ( 'NONE', *, *, #27, .T. ) ;
#905 = DIRECTION ( 'NONE',  ( 1.000000000000000000, 0.000000000000000000, 0.000000000000000000 ) ) ;
#906 = PLANE ( 'NONE',  #1545 ) ;
#907 = CARTESIAN_POINT ( 'NONE',  ( 0.4999999999999995559, 3.272017726113352953, 3.000000000000000000 ) ) ;
#908 = CARTESIAN_POINT ( 'NONE',  ( -13.50000000000000178, 7.500000000000000000, 0.000000000000000000 ) ) ;
#909 = EDGE_CURVE ( 'NONE', #1843, #1587, #1839, .T. ) ;
#910 = EDGE_CURVE ( 'NONE', #883, #2319, #605, .T. ) ;
#911 = EDGE_CURVE ( 'NONE', #552, #309, #354, .T. ) ;
#912 = FACE_OUTER_BOUND ( 'NONE', #370, .T. ) ;
#913 = DIRECTION ( 'NONE',  ( 1.000000000000000000, 0.000000000000000000, 0.000000000000000000 ) ) ;
#914 = CYLINDRICAL_SURFACE ( 'NONE', #1882, 3.799999999999999822 ) ;
#915 = CARTESIAN_POINT ( 'NONE',  ( 0.5000000000000000000, 7.500000000000000000, 0.000000000000000000 ) ) ;
#916 = ORIENTED_EDGE ( 'NONE', *, *, #33, .F. ) ;
#917 = ADVANCED_FACE ( 'NONE', ( #1996 ), #2393, .F. ) ;
#918 = CARTESIAN_POINT ( 'NONE',  ( -13.50000000000000178, -4.500000000000000888, 0.000000000000000000 ) ) ;
#919 = ORIENTED_EDGE ( 'NONE', *, *, #2731, .F. ) ;
#920 = PLANE ( 'NONE',  #1264 ) ;
#921 = LINE ( 'NONE', #2736, #2557 ) ;
#922 = CARTESIAN_POINT ( 'NONE',  ( -13.50000000000000178, 7.500000000000000000, 0.000000000000000000 ) ) ;
#923 = CARTESIAN_POINT ( 'NONE',  ( -7.500000000000001776, -4.500000000000000888, 0.000000000000000000 ) ) ;
#924 = ORIENTED_EDGE ( 'NONE', *, *, #1811, .F. ) ;
#925 = ORIENTED_EDGE ( 'NONE', *, *, #2511, .F. ) ;
#926 = DIRECTION ( 'NONE',  ( 0.000000000000000000, -0.000000000000000000, 1.000000000000000000 ) ) ;
#927 = EDGE_CURVE ( 'NONE', #2374, #833, #2914, .T. ) ;
#928 = CARTESIAN_POINT ( 'NONE',  ( -7.500000000000001776, -6.000000000000000000, 0.000000000000000000 ) ) ;
#929 = LINE ( 'NONE', #671, #291 ) ;
#930 = VERTEX_POINT ( 'NONE', #869 ) ;
#931 = ORIENTED_EDGE ( 'NONE', *, *, #1659, .T. ) ;
#932 = AXIS2_PLACEMENT_3D ( 'NONE', #1649, #1663, #2574 ) ;
#933 = DIRECTION ( 'NONE',  ( -1.000000000000000000, 0.000000000000000000, 0.000000000000000000 ) ) ;
#934 = CIRCLE ( 'NONE', #29, 0.5000000000000013323 ) ;
#935 = DIRECTION ( 'NONE',  ( -1.000000000000000000, 0.000000000000000000, 0.000000000000000000 ) ) ;
#936 = ORIENTED_EDGE ( 'NONE', *, *, #2398, .T. ) ;
#937 = FACE_OUTER_BOUND ( 'NONE', #853, .T. ) ;
#938 = VECTOR ( 'NONE', #1660, 1000.000000000000000 ) ;
#939 = CYLINDRICAL_SURFACE ( 'NONE', #484, 0.5000000000000013323 ) ;
#940 = DIRECTION ( 'NONE',  ( 1.000000000000000000, 0.000000000000000000, 0.000000000000000000 ) ) ;
#941 = AXIS2_PLACEMENT_3D ( 'NONE', #1865, #1190, #2787 ) ;
#942 = VECTOR ( 'NONE', #2143, 1000.000000000000000 ) ;
#943 = ORIENTED_EDGE ( 'NONE', *, *, #2318, .T. ) ;
#944 = AXIS2_PLACEMENT_3D ( 'NONE', #2302, #1856, #1326 ) ;
#945 = FACE_OUTER_BOUND ( 'NONE', #388, .T. ) ;
#946 = EDGE_CURVE ( 'NONE', #2548, #1430, #1208, .T. ) ;
#947 = VECTOR ( 'NONE', #76, 1000.000000000000000 ) ;
#948 = LINE ( 'NONE', #708, #1263 ) ;
#949 = LINE ( 'NONE', #730, #387 ) ;
#950 = DIRECTION ( 'NONE',  ( -0.000000000000000000, -0.000000000000000000, -1.000000000000000000 ) ) ;
#951 = ORIENTED_EDGE ( 'NONE', *, *, #676, .T. ) ;
#952 = ORIENTED_EDGE ( 'NONE', *, *, #364, .T. ) ;
#953 = DIRECTION ( 'NONE',  ( 1.000000000000000000, 0.000000000000000000, 0.000000000000000000 ) ) ;
#954 = EDGE_CURVE ( 'NONE', #1487, #1444, #2011, .T. ) ;
#955 = EDGE_CURVE ( 'NONE', #2638, #819, #2560, .T. ) ;
#956 = CARTESIAN_POINT ( 'NONE',  ( -3.309999999999999609, 0.000000000000000000, 1.449999999999999956 ) ) ;
#957 = VERTEX_POINT ( 'NONE', #841 ) ;
#958 = CARTESIAN_POINT ( 'NONE',  ( 0.000000000000000000, 0.000000000000000000, 1.449999999999999956 ) ) ;
#959 = DIRECTION ( 'NONE',  ( -1.000000000000000000, 1.445602896647339163E-16, -0.000000000000000000 ) ) ;
#960 = APPLICATION_CONTEXT ( 'automotive_design' ) ;
#961 = DIRECTION ( 'NONE',  ( -1.156482317317871478E-16, 1.000000000000000000, 0.000000000000000000 ) ) ;
#962 = CARTESIAN_POINT ( 'NONE',  ( -5.500000000000000000, -1.500000000000000444, 0.000000000000000000 ) ) ;
#963 = DIRECTION ( 'NONE',  ( -0.000000000000000000, -0.000000000000000000, 1.000000000000000000 ) ) ;
#964 = EDGE_CURVE ( 'NONE', #2449, #1399, #1975, .T. ) ;
#965 = CARTESIAN_POINT ( 'NONE',  ( 13.50000000000000355, -7.500000000000000000, 0.4999999999999998890 ) ) ;
#966 = CARTESIAN_POINT ( 'NONE',  ( 0.000000000000000000, 0.000000000000000000, 1.000000000000000000 ) ) ;
#967 = ADVANCED_FACE ( 'NONE', ( #1496 ), #1527, .F. ) ;
#968 = ADVANCED_FACE ( 'NONE', ( #152 ), #2928, .F. ) ;
#969 = LINE ( 'NONE', #1176, #1449 ) ;
#970 = CARTESIAN_POINT ( 'NONE',  ( -0.4999999999999995559, 3.524712754253884750, 1.200000000000000178 ) ) ;
#971 = DIRECTION ( 'NONE',  ( 1.156482317317871478E-16, -1.000000000000000000, 0.000000000000000000 ) ) ;
#972 = EDGE_LOOP ( 'NONE', ( #1394, #797, #549, #1904 ) ) ;
#973 = DIRECTION ( 'NONE',  ( -0.000000000000000000, -0.000000000000000000, 1.000000000000000000 ) ) ;
#974 = DIRECTION ( 'NONE',  ( 0.000000000000000000, 0.000000000000000000, 1.000000000000000000 ) ) ;
#975 = AXIS2_PLACEMENT_3D ( 'NONE', #472, #2598, #3 ) ;
#976 = CIRCLE ( 'NONE', #133, 3.309999999999999609 ) ;
#977 = LINE ( 'NONE', #2345, #332 ) ;
#978 = ORIENTED_EDGE ( 'NONE', *, *, #2725, .T. ) ;
#979 = VECTOR ( 'NONE', #649, 1000.000000000000000 ) ;
#980 = AXIS2_PLACEMENT_3D ( 'NONE', #372, #85, #136 ) ;
#981 = VERTEX_POINT ( 'NONE', #338 ) ;
#982 = CIRCLE ( 'NONE', #2269, 0.5000000000000004441 ) ;
#983 = DIRECTION ( 'NONE',  ( -0.000000000000000000, 1.000000000000000000, -0.000000000000000000 ) ) ;
#984 = EDGE_CURVE ( 'NONE', #561, #1644, #1272, .T. ) ;
#985 = DIRECTION ( 'NONE',  ( 0.000000000000000000, 0.000000000000000000, 1.000000000000000000 ) ) ;
#986 = CARTESIAN_POINT ( 'NONE',  ( 15.50000000000000355, -7.500000000000000000, 0.4999999999999998890 ) ) ;
#987 = VECTOR ( 'NONE', #2126, 1000.000000000000000 ) ;
#988 = ORIENTED_EDGE ( 'NONE', *, *, #717, .F. ) ;
#989 = AXIS2_PLACEMENT_3D ( 'NONE', #754, #100, #1537 ) ;
#990 = DIRECTION ( 'NONE',  ( -0.000000000000000000, -0.000000000000000000, 1.000000000000000000 ) ) ;
#991 = VECTOR ( 'NONE', #1348, 1000.000000000000000 ) ;
#992 = LINE ( 'NONE', #2610, #828 ) ;
#993 = DIRECTION ( 'NONE',  ( -0.000000000000000000, -0.000000000000000000, 1.000000000000000000 ) ) ;
#994 = PLANE ( 'NONE',  #1835 ) ;
#995 = ORIENTED_EDGE ( 'NONE', *, *, #809, .T. ) ;
#996 = CARTESIAN_POINT ( 'NONE',  ( -13.50000000000000178, 4.500000000000000000, 3.000000000000000000 ) ) ;
#997 = EDGE_CURVE ( 'NONE', #2853, #61, #2447, .T. ) ;
#998 = DIRECTION ( 'NONE',  ( 1.000000000000000000, 1.156482317317871478E-16, -0.000000000000000000 ) ) ;
#999 = EDGE_CURVE ( 'NONE', #1462, #609, #1107, .T. ) ;
#1000 = LINE ( 'NONE', #817, #1739 ) ;
#1001 = CARTESIAN_POINT ( 'NONE',  ( 0.000000000000000000, 0.000000000000000000, 0.000000000000000000 ) ) ;
#1002 = VERTEX_POINT ( 'NONE', #1802 ) ;
#1003 = EDGE_CURVE ( 'NONE', #323, #930, #2220, .T. ) ;
#1004 = CARTESIAN_POINT ( 'NONE',  ( 0.000000000000000000, 0.000000000000000000, 1.449999999999999956 ) ) ;
#1005 = PLANE ( 'NONE',  #2666 ) ;
#1006 = ORIENTED_EDGE ( 'NONE', *, *, #954, .F. ) ;
#1007 = CARTESIAN_POINT ( 'NONE',  ( 16.50000000000000000, 7.500000000000000000, 3.000000000000000000 ) ) ;
#1008 = VERTEX_POINT ( 'NONE', #168 ) ;
#1009 = CYLINDRICAL_SURFACE ( 'NONE', #1938, 3.309999999999999609 ) ;
#1010 = EDGE_LOOP ( 'NONE', ( #2042, #67, #1635, #225 ) ) ;
#1011 = CARTESIAN_POINT ( 'NONE',  ( 13.50000000000000355, 7.500000000000000000, 0.4999999999999998890 ) ) ;
#1012 = UNCERTAINTY_MEASURE_WITH_UNIT (LENGTH_MEASURE( 1.000000000000000082E-05 ), #447, 'distance_accuracy_value', 'NONE');
#1013 = DIRECTION ( 'NONE',  ( -0.000000000000000000, 0.000000000000000000, -1.000000000000000000 ) ) ;
#1014 = DIRECTION ( 'NONE',  ( 1.000000000000000000, 0.000000000000000000, 0.000000000000000000 ) ) ;
#1015 = VERTEX_POINT ( 'NONE', #2506 ) ;
#1016 = VERTEX_POINT ( 'NONE', #2021 ) ;
#1017 = EDGE_CURVE ( 'NONE', #2582, #2572, #2490, .T. ) ;
#1018 = LINE ( 'NONE', #2125, #1309 ) ;
#1019 = CARTESIAN_POINT ( 'NONE',  ( -5.500000000000000888, 5.500000000000000000, 0.000000000000000000 ) ) ;
#1020 = ORIENTED_EDGE ( 'NONE', *, *, #1438, .T. ) ;
#1021 = ORIENTED_EDGE ( 'NONE', *, *, #2069, .T. ) ;
#1022 = VECTOR ( 'NONE', #1291, 1000.000000000000000 ) ;
#1023 = LINE ( 'NONE', #121, #128 ) ;
#1024 = VECTOR ( 'NONE', #679, 1000.000000000000000 ) ;
#1025 = VECTOR ( 'NONE', #1510, 1000.000000000000000 ) ;
#1026 = CARTESIAN_POINT ( 'NONE',  ( 0.000000000000000000, 0.000000000000000000, 3.000000000000000000 ) ) ;
#1027 = CARTESIAN_POINT ( 'NONE',  ( 3.309999999999999609, 4.053580905177738768E-16, 3.000000000000000000 ) ) ;
#1028 = AXIS2_PLACEMENT_3D ( 'NONE', #533, #985, #1674 ) ;
#1029 = ADVANCED_FACE ( 'NONE', ( #2541 ), #213, .F. ) ;
#1030 = VECTOR ( 'NONE', #2380, 1000.000000000000000 ) ;
#1031 = CARTESIAN_POINT ( 'NONE',  ( 0.4999999999999995559, 3.440512783492417181, 1.283365368216501823 ) ) ;
#1032 = PLANE ( 'NONE',  #2131 ) ;
#1033 = ORIENTED_EDGE ( 'NONE', *, *, #1969, .T. ) ;
#1034 = VERTEX_POINT ( 'NONE', #1165 ) ;
#1035 = VECTOR ( 'NONE', #1953, 1000.000000000000000 ) ;
#1036 = DIRECTION ( 'NONE',  ( 0.000000000000000000, -0.000000000000000000, 1.000000000000000000 ) ) ;
#1037 = CARTESIAN_POINT ( 'NONE',  ( 0.000000000000000000, 0.000000000000000000, 1.200000000000000178 ) ) ;
#1038 = ORIENTED_EDGE ( 'NONE', *, *, #526, .F. ) ;
#1039 = EDGE_CURVE ( 'NONE', #1, #1183, #2054, .T. ) ;
#1040 = VECTOR ( 'NONE', #1586, 1000.000000000000000 ) ;
#1041 = CYLINDRICAL_SURFACE ( 'NONE', #680, 0.5000000000000004441 ) ;
#1042 = EDGE_CURVE ( 'NONE', #1960, #202, #2964, .T. ) ;
#1043 = EDGE_CURVE ( 'NONE', #785, #2675, #3006, .T. ) ;
#1044 = DIRECTION ( 'NONE',  ( 0.000000000000000000, 0.000000000000000000, -1.000000000000000000 ) ) ;
#1045 = VERTEX_POINT ( 'NONE', #2746 ) ;
#1046 = LINE ( 'NONE', #1987, #1695 ) ;
#1047 = ORIENTED_EDGE ( 'NONE', *, *, #1494, .T. ) ;
#1048 = DIRECTION ( 'NONE',  ( -1.000000000000000000, 0.000000000000000000, 0.000000000000000000 ) ) ;
#1049 = DIRECTION ( 'NONE',  ( 0.000000000000000000, 0.000000000000000000, 1.000000000000000000 ) ) ;
#1050 = ORIENTED_EDGE ( 'NONE', *, *, #1185, .T. ) ;
#1051 = ORIENTED_EDGE ( 'NONE', *, *, #2405, .T. ) ;
#1052 = CARTESIAN_POINT ( 'NONE',  ( 0.5000000000000000000, 7.500000000000000000, 3.000000000000000000 ) ) ;
#1053 = CARTESIAN_POINT ( 'NONE',  ( -0.4999999999999994449, -8.531472846220966133, 3.000000000000000000 ) ) ;
#1054 = ORIENTED_EDGE ( 'NONE', *, *, #2813, .T. ) ;
#1055 = EDGE_CURVE ( 'NONE', #61, #2432, #678, .T. ) ;
#1056 = DIRECTION ( 'NONE',  ( 0.000000000000000000, 0.000000000000000000, 1.000000000000000000 ) ) ;
#1057 = EDGE_CURVE ( 'NONE', #2473, #1572, #1375, .T. ) ;
#1058 = DIRECTION ( 'NONE',  ( -0.000000000000000000, -0.000000000000000000, 1.000000000000000000 ) ) ;
#1059 = EDGE_LOOP ( 'NONE', ( #333, #2396, #503, #2201 ) ) ;
#1060 = DIRECTION ( 'NONE',  ( 1.156482317317871478E-16, -1.000000000000000000, 0.000000000000000000 ) ) ;
#1061 = CARTESIAN_POINT ( 'NONE',  ( -3.800000000000000266, -5.181818181818181657, 3.000000000000000000 ) ) ;
#1062 = ORIENTED_EDGE ( 'NONE', *, *, #419, .T. ) ;
#1063 = DIRECTION ( 'NONE',  ( -1.000000000000000000, 0.000000000000000000, 0.000000000000000000 ) ) ;
#1064 = DIRECTION ( 'NONE',  ( -0.000000000000000000, 1.000000000000000000, -0.000000000000000000 ) ) ;
#1065 = CARTESIAN_POINT ( 'NONE',  ( -1.734723475976807094E-15, -5.310000000000000497, 0.000000000000000000 ) ) ;
#1066 = ORIENTED_EDGE ( 'NONE', *, *, #2579, .F. ) ;
#1067 = ORIENTED_EDGE ( 'NONE', *, *, #2046, .F. ) ;
#1068 = DIRECTION ( 'NONE',  ( -0.000000000000000000, -0.000000000000000000, 1.000000000000000000 ) ) ;
#1069 = VECTOR ( 'NONE', #2903, 1000.000000000000000 ) ;
#1070 = CIRCLE ( 'NONE', #775, 0.5000000000000013323 ) ;
#1071 = DIRECTION ( 'NONE',  ( 0.000000000000000000, 0.000000000000000000, 1.000000000000000000 ) ) ;
#1072 = CARTESIAN_POINT ( 'NONE',  ( -4.999999999999999112, -2.000000000000000000, 0.000000000000000000 ) ) ;
#1073 = ADVANCED_FACE ( 'NONE', ( #633 ), #1557, .F. ) ;
#1074 = AXIS2_PLACEMENT_3D ( 'NONE', #1971, #2197, #111 ) ;
#1075 = ADVANCED_FACE ( 'NONE', ( #37 ), #1899, .F. ) ;
#1076 = DIRECTION ( 'NONE',  ( 1.000000000000000000, 0.000000000000000000, 0.000000000000000000 ) ) ;
#1077 = CARTESIAN_POINT ( 'NONE',  ( 16.50000000000000000, 7.500000000000000000, -10.00000000000000000 ) ) ;
#1078 = VECTOR ( 'NONE', #148, 1000.000000000000000 ) ;
#1079 = EDGE_LOOP ( 'NONE', ( #1100, #2880, #2653, #386 ) ) ;
#1080 = VERTEX_POINT ( 'NONE', #2359 ) ;
#1081 = VECTOR ( 'NONE', #1931, 1000.000000000000000 ) ;
#1082 = CARTESIAN_POINT ( 'NONE',  ( -13.50000000000000178, -0.5000000000000004441, 0.000000000000000000 ) ) ;
#1083 = CARTESIAN_POINT ( 'NONE',  ( 9.500000000000001776, -7.500000000000000000, -10.00000000000000000 ) ) ;
#1084 = CIRCLE ( 'NONE', #92, 4.650000000000000355 ) ;
#1085 = ORIENTED_EDGE ( 'NONE', *, *, #1110, .T. ) ;
#1086 = VECTOR ( 'NONE', #2340, 1000.000000000000000 ) ;
#1087 = CARTESIAN_POINT ( 'NONE',  ( 0.000000000000000000, 0.000000000000000000, 1.000000000000000000 ) ) ;
#1088 = CIRCLE ( 'NONE', #792, 0.4999999999999995559 ) ;
#1089 = CARTESIAN_POINT ( 'NONE',  ( -13.50000000000000178, 7.500000000000000000, 3.000000000000000000 ) ) ;
#1090 = DIRECTION ( 'NONE',  ( -1.652117596168387756E-16, -0.000000000000000000, -1.000000000000000000 ) ) ;
#1091 = DIRECTION ( 'NONE',  ( 0.000000000000000000, -0.000000000000000000, -1.000000000000000000 ) ) ;
#1092 = LINE ( 'NONE', #567, #2957 ) ;
#1093 = ORIENTED_EDGE ( 'NONE', *, *, #2740, .T. ) ;
#1094 = ORIENTED_EDGE ( 'NONE', *, *, #1209, .T. ) ;
#1095 = FACE_OUTER_BOUND ( 'NONE', #2479, .T. ) ;
#1096 = EDGE_CURVE ( 'NONE', #2976, #2190, #1000, .T. ) ;
#1097 = ORIENTED_EDGE ( 'NONE', *, *, #2815, .T. ) ;
#1098 = DIRECTION ( 'NONE',  ( 0.000000000000000000, 0.000000000000000000, 1.000000000000000000 ) ) ;
#1099 = DIRECTION ( 'NONE',  ( 1.000000000000000000, -0.000000000000000000, -0.000000000000000000 ) ) ;
#1100 = ORIENTED_EDGE ( 'NONE', *, *, #2281, .T. ) ;
#1101 = FACE_OUTER_BOUND ( 'NONE', #2351, .T. ) ;
#1102 = LINE ( 'NONE', #1834, #772 ) ;
#1103 = CARTESIAN_POINT ( 'NONE',  ( 15.50000000000000355, 7.500000000000000000, -10.00000000000000000 ) ) ;
#1104 = CARTESIAN_POINT ( 'NONE',  ( -13.50000000000000178, 2.499999999999999556, 3.000000000000000000 ) ) ;
#1105 = ORIENTED_EDGE ( 'NONE', *, *, #2028, .F. ) ;
#1106 = ORIENTED_EDGE ( 'NONE', *, *, #2282, .F. ) ;
#1107 = LINE ( 'NONE', #1340, #2995 ) ;
#1108 = ORIENTED_EDGE ( 'NONE', *, *, #2206, .T. ) ;
#1109 = LINE ( 'NONE', #888, #1852 ) ;
#1110 = EDGE_CURVE ( 'NONE', #2944, #819, #99, .T. ) ;
#1111 = LINE ( 'NONE', #2071, #2121 ) ;
#1112 = ORIENTED_EDGE ( 'NONE', *, *, #187, .T. ) ;
#1113 = CARTESIAN_POINT ( 'NONE',  ( 16.50000000000000711, -7.500000000000000000, 3.000000000000000000 ) ) ;
#1114 = CARTESIAN_POINT ( 'NONE',  ( 7.500000000000001776, 7.500000000000000000, -10.00000000000000000 ) ) ;
#1115 = DIRECTION ( 'NONE',  ( 1.156482317317871478E-16, -1.000000000000000000, 0.000000000000000000 ) ) ;
#1116 = DIRECTION ( 'NONE',  ( 1.000000000000000000, 0.000000000000000000, 0.000000000000000000 ) ) ;
#1117 = ORIENTED_EDGE ( 'NONE', *, *, #1574, .T. ) ;
#1118 = CIRCLE ( 'NONE', #1503, 3.799999999999999822 ) ;
#1119 = ORIENTED_EDGE ( 'NONE', *, *, #1684, .T. ) ;
#1120 = VECTOR ( 'NONE', #250, 1000.000000000000000 ) ;
#1121 = ORIENTED_EDGE ( 'NONE', *, *, #1757, .T. ) ;
#1122 = LINE ( 'NONE', #1828, #898 ) ;
#1123 = CIRCLE ( 'NONE', #1028, 0.4999999999999995559 ) ;
#1124 = CARTESIAN_POINT ( 'NONE',  ( -13.50000000000000000, -7.500000000000000000, 0.000000000000000000 ) ) ;
#1125 = LINE ( 'NONE', #1362, #2117 ) ;
#1126 = AXIS2_PLACEMENT_3D ( 'NONE', #1546, #2922, #625 ) ;
#1127 = EDGE_CURVE ( 'NONE', #647, #1492, #2264, .T. ) ;
#1128 = VECTOR ( 'NONE', #1524, 1000.000000000000000 ) ;
#1129 = EDGE_CURVE ( 'NONE', #2675, #981, #235, .T. ) ;
#1130 = LINE ( 'NONE', #2984, #2963 ) ;
#1131 = AXIS2_PLACEMENT_3D ( 'NONE', #1723, #2455, #1308 ) ;
#1132 = EDGE_CURVE ( 'NONE', #558, #1150, #656, .T. ) ;
#1133 = CARTESIAN_POINT ( 'NONE',  ( 8.500000000000000000, -7.500000000000000000, -10.00000000000000000 ) ) ;
#1134 = DIRECTION ( 'NONE',  ( 1.000000000000000000, 0.000000000000000000, 0.000000000000000000 ) ) ;
#1135 = VERTEX_POINT ( 'NONE', #799 ) ;
#1136 = ORIENTED_EDGE ( 'NONE', *, *, #644, .F. ) ;
#1137 = LINE ( 'NONE', #903, #2573 ) ;
#1138 = VERTEX_POINT ( 'NONE', #384 ) ;
#1139 = PLANE ( 'NONE',  #2851 ) ;
#1140 = DIRECTION ( 'NONE',  ( -1.000000000000000000, 0.000000000000000000, 0.000000000000000000 ) ) ;
#1141 = CARTESIAN_POINT ( 'NONE',  ( -13.50000000000000000, -7.500000000000000000, 0.000000000000000000 ) ) ;
#1142 = DIRECTION ( 'NONE',  ( 0.000000000000000000, 1.000000000000000000, 0.000000000000000000 ) ) ;
#1143 = EDGE_CURVE ( 'NONE', #2355, #2491, #2636, .T. ) ;
#1144 = CARTESIAN_POINT ( 'NONE',  ( 0.000000000000000000, 0.000000000000000000, 1.200000000000000178 ) ) ;
#1145 = PLANE ( 'NONE',  #1636 ) ;
#1146 = EDGE_CURVE ( 'NONE', #1227, #795, #2317, .T. ) ;
#1147 = LINE ( 'NONE', #1569, #1173 ) ;
#1148 = DIRECTION ( 'NONE',  ( 0.000000000000000000, -0.000000000000000000, -1.000000000000000000 ) ) ;
#1149 = CARTESIAN_POINT ( 'NONE',  ( 8.500000000000000000, -7.500000000000000000, -10.00000000000000000 ) ) ;
#1150 = VERTEX_POINT ( 'NONE', #2210 ) ;
#1151 = VERTEX_POINT ( 'NONE', #1990 ) ;
#1152 = DIRECTION ( 'NONE',  ( -1.000000000000000000, 0.000000000000000000, 0.000000000000000000 ) ) ;
#1153 = CARTESIAN_POINT ( 'NONE',  ( -13.50000000000000178, 7.500000000000000000, 3.000000000000000000 ) ) ;
#1154 = CYLINDRICAL_SURFACE ( 'NONE', #1126, 0.5000000000000013323 ) ;
#1155 = ORIENTED_EDGE ( 'NONE', *, *, #2785, .F. ) ;
#1156 = DIRECTION ( 'NONE',  ( 1.000000000000000000, 0.000000000000000000, 0.000000000000000000 ) ) ;
#1157 = LINE ( 'NONE', #1416, #1458 ) ;
#1158 = SURFACE_STYLE_FILL_AREA ( #196 ) ;
#1159 = DIRECTION ( 'NONE',  ( 0.000000000000000000, 0.000000000000000000, 1.000000000000000000 ) ) ;
#1160 = EDGE_LOOP ( 'NONE', ( #2334, #635, #2975, #132, #1921, #470, #1217, #2241 ) ) ;
#1161 = ADVANCED_FACE ( 'NONE', ( #1712 ), #350, .F. ) ;
#1162 = EDGE_CURVE ( 'NONE', #2355, #552, #2862, .T. ) ;
#1163 = ORIENTED_EDGE ( 'NONE', *, *, #2419, .T. ) ;
#1164 = AXIS2_PLACEMENT_3D ( 'NONE', #19, #1167, #974 ) ;
#1165 = CARTESIAN_POINT ( 'NONE',  ( -13.50000000000000178, 2.499999999999999556, 3.000000000000000000 ) ) ;
#1166 = VECTOR ( 'NONE', #2782, 1000.000000000000000 ) ;
#1167 = DIRECTION ( 'NONE',  ( -0.000000000000000000, 1.000000000000000000, -0.000000000000000000 ) ) ;
#1168 = DIRECTION ( 'NONE',  ( 0.000000000000000000, 0.000000000000000000, -1.000000000000000000 ) ) ;
#1169 = AXIS2_PLACEMENT_3D ( 'NONE', #1681, #1870, #787 ) ;
#1170 = CARTESIAN_POINT ( 'NONE',  ( -13.50000000000000178, 4.500000000000000000, 3.000000000000000000 ) ) ;
#1171 = DIRECTION ( 'NONE',  ( -0.000000000000000000, 1.000000000000000000, -0.000000000000000000 ) ) ;
#1172 = VERTEX_POINT ( 'NONE', #566 ) ;
#1173 = VECTOR ( 'NONE', #2484, 1000.000000000000000 ) ;
#1174 = ORIENTED_EDGE ( 'NONE', *, *, #1811, .T. ) ;
#1175 = VECTOR ( 'NONE', #1116, 1000.000000000000000 ) ;
#1176 = CARTESIAN_POINT ( 'NONE',  ( 10.50000000000000178, -7.500000000000000000, 0.4999999999999998890 ) ) ;
#1177 = VECTOR ( 'NONE', #348, 1000.000000000000000 ) ;
#1178 = DIRECTION ( 'NONE',  ( 0.000000000000000000, 0.000000000000000000, 1.000000000000000000 ) ) ;
#1179 = CARTESIAN_POINT ( 'NONE',  ( 0.5000000000000000000, 7.500000000000000000, 0.000000000000000000 ) ) ;
#1180 = CARTESIAN_POINT ( 'NONE',  ( -4.999999999999999112, 0.000000000000000000, 3.000000000000000000 ) ) ;
#1181 = ORIENTED_EDGE ( 'NONE', *, *, #2245, .F. ) ;
#1182 = DIRECTION ( 'NONE',  ( -0.000000000000000000, -0.000000000000000000, -1.000000000000000000 ) ) ;
#1183 = VERTEX_POINT ( 'NONE', #2165 ) ;
#1184 = EDGE_CURVE ( 'NONE', #1905, #2881, #1249, .T. ) ;
#1185 = EDGE_CURVE ( 'NONE', #71, #1227, #614, .T. ) ;
#1186 = LINE ( 'NONE', #275, #1884 ) ;
#1187 = ORIENTED_EDGE ( 'NONE', *, *, #955, .F. ) ;
#1188 = ORIENTED_EDGE ( 'NONE', *, *, #603, .T. ) ;
#1189 = DIRECTION ( 'NONE',  ( -1.000000000000000000, -0.000000000000000000, -0.000000000000000000 ) ) ;
#1190 = DIRECTION ( 'NONE',  ( 1.000000000000000000, 1.156482317317871478E-16, -0.000000000000000000 ) ) ;
#1191 = CARTESIAN_POINT ( 'NONE',  ( 10.50000000000000000, -7.500000000000000000, -10.00000000000000000 ) ) ;
#1192 = DIRECTION ( 'NONE',  ( -1.000000000000000000, 0.000000000000000000, 0.000000000000000000 ) ) ;
#1193 = CYLINDRICAL_SURFACE ( 'NONE', #1164, 0.5000000000000013323 ) ;
#1194 = CARTESIAN_POINT ( 'NONE',  ( -13.50000000000000178, 7.500000000000000000, 3.000000000000000000 ) ) ;
#1195 = DIRECTION ( 'NONE',  ( -0.000000000000000000, -0.000000000000000000, -1.000000000000000000 ) ) ;
#1196 = ORIENTED_EDGE ( 'NONE', *, *, #1567, .T. ) ;
#1197 = EDGE_CURVE ( 'NONE', #660, #1080, #783, .T. ) ;
#1198 = ORIENTED_EDGE ( 'NONE', *, *, #2617, .F. ) ;
#1199 = CARTESIAN_POINT ( 'NONE',  ( 12.50000000000000000, -7.500000000000000000, -10.00000000000000000 ) ) ;
#1200 = CARTESIAN_POINT ( 'NONE',  ( -13.50000000000000178, -0.5000000000000004441, 3.000000000000000000 ) ) ;
#1201 = CYLINDRICAL_SURFACE ( 'NONE', #2765, 0.5000000000000004441 ) ;
#1202 = CARTESIAN_POINT ( 'NONE',  ( -5.500000000000000000, 2.000000000000000000, 3.000000000000000000 ) ) ;
#1203 = VECTOR ( 'NONE', #963, 1000.000000000000000 ) ;
#1204 = CARTESIAN_POINT ( 'NONE',  ( 15.50000000000000178, -7.500000000000000000, -10.00000000000000000 ) ) ;
#1205 = DIRECTION ( 'NONE',  ( -0.000000000000000000, -0.000000000000000000, 1.000000000000000000 ) ) ;
#1206 = DIRECTION ( 'NONE',  ( 0.000000000000000000, 0.000000000000000000, 1.000000000000000000 ) ) ;
#1207 = ORIENTED_EDGE ( 'NONE', *, *, #1432, .F. ) ;
#1208 = CIRCLE ( 'NONE', #2463, 1.100000000000000311 ) ;
#1209 = EDGE_CURVE ( 'NONE', #375, #30, #1955, .T. ) ;
#1210 = CIRCLE ( 'NONE', #2901, 0.5000000000000004441 ) ;
#1211 = ORIENTED_EDGE ( 'NONE', *, *, #732, .F. ) ;
#1212 = AXIS2_PLACEMENT_3D ( 'NONE', #1089, #1407, #2003 ) ;
#1213 = CARTESIAN_POINT ( 'NONE',  ( 9.500000000000003553, -7.500000000000000000, 0.4999999999999998890 ) ) ;
#1214 = EDGE_CURVE ( 'NONE', #1919, #652, #579, .T. ) ;
#1215 = EDGE_CURVE ( 'NONE', #833, #2020, #2456, .T. ) ;
#1216 = LINE ( 'NONE', #734, #84 ) ;
#1217 = ORIENTED_EDGE ( 'NONE', *, *, #2694, .T. ) ;
#1218 = CARTESIAN_POINT ( 'NONE',  ( 0.4999999999999990563, -7.500000000000000000, 3.000000000000000000 ) ) ;
#1219 = EDGE_LOOP ( 'NONE', ( #880, #2784, #2489, #2228 ) ) ;
#1220 = CIRCLE ( 'NONE', #2719, 0.5000000000000004441 ) ;
#1221 = PLANE ( 'NONE',  #2367 ) ;
#1222 = ORIENTED_EDGE ( 'NONE', *, *, #1654, .T. ) ;
#1223 = ORIENTED_EDGE ( 'NONE', *, *, #1472, .T. ) ;
#1224 = DIRECTION ( 'NONE',  ( 1.000000000000000000, -0.000000000000000000, -0.000000000000000000 ) ) ;
#1225 = ORIENTED_EDGE ( 'NONE', *, *, #683, .T. ) ;
#1226 = CARTESIAN_POINT ( 'NONE',  ( -13.50000000000000000, -1.500000000000000444, 0.000000000000000000 ) ) ;
#1227 = VERTEX_POINT ( 'NONE', #330 ) ;
#1228 = EDGE_CURVE ( 'NONE', #1617, #1771, #2673, .T. ) ;
#1229 = PLANE ( 'NONE',  #975 ) ;
#1230 = DIRECTION ( 'NONE',  ( -0.000000000000000000, 0.000000000000000000, 1.000000000000000000 ) ) ;
#1231 = ORIENTED_EDGE ( 'NONE', *, *, #2769, .F. ) ;
#1232 = CARTESIAN_POINT ( 'NONE',  ( -13.50000000000000178, 5.500000000000000000, 3.000000000000000000 ) ) ;
#1233 = ADVANCED_FACE ( 'NONE', ( #1266 ), #599, .T. ) ;
#1234 = FACE_OUTER_BOUND ( 'NONE', #2055, .T. ) ;
#1235 = LINE ( 'NONE', #1676, #89 ) ;
#1236 = ORIENTED_EDGE ( 'NONE', *, *, #2819, .T. ) ;
#1237 = DIRECTION ( 'NONE',  ( -0.000000000000000000, 1.000000000000000000, -0.000000000000000000 ) ) ;
#1238 = DIRECTION ( 'NONE',  ( 1.000000000000000000, 0.000000000000000000, 0.000000000000000000 ) ) ;
#1239 = LINE ( 'NONE', #2172, #500 ) ;
#1240 = ORIENTED_EDGE ( 'NONE', *, *, #738, .F. ) ;
#1241 = EDGE_LOOP ( 'NONE', ( #1257, #2988, #304, #303 ) ) ;
#1242 = DIRECTION ( 'NONE',  ( 0.000000000000000000, 0.000000000000000000, 1.000000000000000000 ) ) ;
#1243 = ORIENTED_EDGE ( 'NONE', *, *, #297, .F. ) ;
#1244 = CARTESIAN_POINT ( 'NONE',  ( 12.50000000000000000, -7.500000000000000000, -10.00000000000000000 ) ) ;
#1245 = ORIENTED_EDGE ( 'NONE', *, *, #2336, .F. ) ;
#1246 = LINE ( 'NONE', #1535, #1035 ) ;
#1247 = ADVANCED_FACE ( 'NONE', ( #2442 ), #368, .F. ) ;
#1248 = PRODUCT ( 'ld-hs', 'ld-hs', '', ( #2775 ) ) ;
#1249 = LINE ( 'NONE', #2651, #1025 ) ;
#1250 = EDGE_CURVE ( 'NONE', #2881, #307, #1599, .T. ) ;
#1251 = CARTESIAN_POINT ( 'NONE',  ( -0.4999999999999995559, 3.272017726113352953, 3.000000000000000000 ) ) ;
#1252 = EDGE_CURVE ( 'NONE', #870, #843, #1582, .T. ) ;
#1253 = ORIENTED_EDGE ( 'NONE', *, *, #108, .T. ) ;
#1254 = ORIENTED_EDGE ( 'NONE', *, *, #964, .T. ) ;
#1255 = LINE ( 'NONE', #277, #987 ) ;
#1256 = CARTESIAN_POINT ( 'NONE',  ( 15.50000000000000178, -7.500000000000000000, -10.00000000000000000 ) ) ;
#1257 = ORIENTED_EDGE ( 'NONE', *, *, #2815, .F. ) ;
#1258 = AXIS2_PLACEMENT_3D ( 'NONE', #1821, #2016, #1156 ) ;
#1259 = VECTOR ( 'NONE', #860, 1000.000000000000000 ) ;
#1260 = AXIS2_PLACEMENT_3D ( 'NONE', #740, #1656, #961 ) ;
#1261 = DIRECTION ( 'NONE',  ( 0.000000000000000000, 0.000000000000000000, 1.000000000000000000 ) ) ;
#1262 = CARTESIAN_POINT ( 'NONE',  ( 13.00000000000000355, -7.500000000000000000, 1.000000000000001332 ) ) ;
#1263 = VECTOR ( 'NONE', #1855, 1000.000000000000000 ) ;
#1264 = AXIS2_PLACEMENT_3D ( 'NONE', #2258, #1360, #2276 ) ;
#1265 = VECTOR ( 'NONE', #55, 1000.000000000000000 ) ;
#1266 = FACE_OUTER_BOUND ( 'NONE', #1160, .T. ) ;
#1267 = PLANE ( 'NONE',  #2088 ) ;
#1268 = VERTEX_POINT ( 'NONE', #162 ) ;
#1269 = EDGE_CURVE ( 'NONE', #785, #2572, #2239, .T. ) ;
#1270 = ORIENTED_EDGE ( 'NONE', *, *, #1042, .T. ) ;
#1271 = CIRCLE ( 'NONE', #343, 0.5000000000000013323 ) ;
#1272 = LINE ( 'NONE', #1052, #185 ) ;
#1273 = AXIS2_PLACEMENT_3D ( 'NONE', #2696, #626, #2517 ) ;
#1274 = DIRECTION ( 'NONE',  ( -1.652117596168387756E-16, -0.000000000000000000, -1.000000000000000000 ) ) ;
#1275 = ORIENTED_EDGE ( 'NONE', *, *, #508, .T. ) ;
#1276 = EDGE_CURVE ( 'NONE', #2491, #662, #982, .T. ) ;
#1277 = DIRECTION ( 'NONE',  ( 0.000000000000000000, 0.000000000000000000, 1.000000000000000000 ) ) ;
#1278 = CARTESIAN_POINT ( 'NONE',  ( -1.734723475976807094E-15, -4.809999999999999609, 3.000000000000000000 ) ) ;
#1279 = FACE_OUTER_BOUND ( 'NONE', #1241, .T. ) ;
#1280 = EDGE_LOOP ( 'NONE', ( #1780, #23, #1859, #1530 ) ) ;
#1281 = CARTESIAN_POINT ( 'NONE',  ( 0.4999999999999995559, 3.524712754253884750, 1.200000000000000178 ) ) ;
#1282 = DIRECTION ( 'NONE',  ( 1.000000000000000000, 0.000000000000000000, 0.000000000000000000 ) ) ;
#1283 = ORIENTED_EDGE ( 'NONE', *, *, #2284, .F. ) ;
#1284 = VERTEX_POINT ( 'NONE', #1103 ) ;
#1285 = DIRECTION ( 'NONE',  ( 0.000000000000000000, 0.000000000000000000, 1.000000000000000000 ) ) ;
#1286 = CYLINDRICAL_SURFACE ( 'NONE', #2467, 0.5000000000000013323 ) ;
#1287 = CARTESIAN_POINT ( 'NONE',  ( -13.50000000000000178, 7.500000000000000000, 3.000000000000000000 ) ) ;
#1288 = EDGE_LOOP ( 'NONE', ( #2110, #1275, #2167, #924 ) ) ;
#1289 = ORIENTED_EDGE ( 'NONE', *, *, #1332, .T. ) ;
#1290 = CARTESIAN_POINT ( 'NONE',  ( -13.50000000000000178, -0.5000000000000004441, 0.000000000000000000 ) ) ;
#1291 = DIRECTION ( 'NONE',  ( -0.000000000000000000, -0.000000000000000000, -1.000000000000000000 ) ) ;
#1292 = EDGE_CURVE ( 'NONE', #525, #1151, #658, .T. ) ;
#1293 = CARTESIAN_POINT ( 'NONE',  ( 0.000000000000000000, 0.000000000000000000, 3.000000000000000000 ) ) ;
#1294 = DIRECTION ( 'NONE',  ( 1.000000000000000000, 1.156482317317871478E-16, -0.000000000000000000 ) ) ;
#1295 = CARTESIAN_POINT ( 'NONE',  ( -4.650000000000000355, 0.000000000000000000, 1.000000000000000000 ) ) ;
#1296 = CARTESIAN_POINT ( 'NONE',  ( -0.5000000000000000000, 7.500000000000000000, 0.000000000000000000 ) ) ;
#1297 = ORIENTED_EDGE ( 'NONE', *, *, #498, .T. ) ;
#1298 = ORIENTED_EDGE ( 'NONE', *, *, #771, .T. ) ;
#1299 = DIRECTION ( 'NONE',  ( 0.000000000000000000, -0.000000000000000000, 1.000000000000000000 ) ) ;
#1300 = DIRECTION ( 'NONE',  ( -1.000000000000000000, 0.000000000000000000, 0.000000000000000000 ) ) ;
#1301 = ORIENTED_EDGE ( 'NONE', *, *, #1788, .F. ) ;
#1302 = EDGE_LOOP ( 'NONE', ( #2275, #1966, #2140, #1338 ) ) ;
#1303 = CARTESIAN_POINT ( 'NONE',  ( 7.500000000000001776, 7.500000000000000000, -10.00000000000000000 ) ) ;
#1304 = CARTESIAN_POINT ( 'NONE',  ( 0.4999999999999996669, 4.623040125285525548, 1.000000000000000000 ) ) ;
#1305 = AXIS2_PLACEMENT_3D ( 'NONE', #2418, #548, #1242 ) ;
#1306 = VECTOR ( 'NONE', #1148, 1000.000000000000000 ) ;
#1307 = DIRECTION ( 'NONE',  ( 0.000000000000000000, 0.000000000000000000, 1.000000000000000000 ) ) ;
#1308 = DIRECTION ( 'NONE',  ( 1.000000000000000000, 0.000000000000000000, 0.000000000000000000 ) ) ;
#1309 = VECTOR ( 'NONE', #1930, 1000.000000000000000 ) ;
#1310 = EDGE_CURVE ( 'NONE', #52, #858, #2847, .T. ) ;
#1311 = EDGE_CURVE ( 'NONE', #1771, #90, #1984, .T. ) ;
#1312 = CARTESIAN_POINT ( 'NONE',  ( 0.4999999999999995559, 3.272017726113352953, 1.449999999999999956 ) ) ;
#1313 = DIRECTION ( 'NONE',  ( 0.000000000000000000, 0.000000000000000000, 1.000000000000000000 ) ) ;
#1314 = CIRCLE ( 'NONE', #1508, 0.5000000000000004441 ) ;
#1315 = ORIENTED_EDGE ( 'NONE', *, *, #816, .T. ) ;
#1316 = ORIENTED_EDGE ( 'NONE', *, *, #527, .T. ) ;
#1317 = VECTOR ( 'NONE', #1998, 1000.000000000000000 ) ;
#1318 = CARTESIAN_POINT ( 'NONE',  ( 14.50000000000000000, -7.500000000000000000, -10.00000000000000000 ) ) ;
#1319 = AXIS2_PLACEMENT_3D ( 'NONE', #1387, #2035, #879 ) ;
#1320 = ORIENTED_EDGE ( 'NONE', *, *, #1788, .T. ) ;
#1321 = AXIS2_PLACEMENT_3D ( 'NONE', #2250, #690, #219 ) ;
#1322 = DIRECTION ( 'NONE',  ( 0.000000000000000000, 1.000000000000000000, 0.000000000000000000 ) ) ;
#1323 = CARTESIAN_POINT ( 'NONE',  ( -13.50000000000000178, 7.500000000000000000, 3.000000000000000000 ) ) ;
#1324 = CONICAL_SURFACE ( 'NONE', #249, 3.560000000000000497, 0.7853981633974509435 ) ;
#1325 = DIRECTION ( 'NONE',  ( 0.000000000000000000, 0.000000000000000000, 1.000000000000000000 ) ) ;
#1326 = DIRECTION ( 'NONE',  ( 1.000000000000000000, 0.000000000000000000, 0.000000000000000000 ) ) ;
#1327 = ORIENTED_EDGE ( 'NONE', *, *, #910, .F. ) ;
#1328 = EDGE_CURVE ( 'NONE', #358, #296, #1147, .T. ) ;
#1329 = EDGE_LOOP ( 'NONE', ( #2385, #681, #1243, #1320 ) ) ;
#1330 = ORIENTED_EDGE ( 'NONE', *, *, #1892, .T. ) ;
#1331 = CARTESIAN_POINT ( 'NONE',  ( 9.000000000000003553, -7.500000000000000000, 0.5000000000000000000 ) ) ;
#1332 = EDGE_CURVE ( 'NONE', #1, #2439, #2761, .T. ) ;
#1333 = ORIENTED_EDGE ( 'NONE', *, *, #1432, .T. ) ;
#1334 = LINE ( 'NONE', #692, #1878 ) ;
#1335 = DIRECTION ( 'NONE',  ( -0.000000000000000000, -0.000000000000000000, -1.000000000000000000 ) ) ;
#1336 = CARTESIAN_POINT ( 'NONE',  ( 7.500000000000001776, 7.500000000000000000, 0.000000000000000000 ) ) ;
#1337 = ORIENTED_EDGE ( 'NONE', *, *, #401, .T. ) ;
#1338 = ORIENTED_EDGE ( 'NONE', *, *, #1936, .T. ) ;
#1339 = EDGE_CURVE ( 'NONE', #469, #1483, #1551, .T. ) ;
#1340 = CARTESIAN_POINT ( 'NONE',  ( -5.000000000000000888, 6.000000000000000000, 0.000000000000000000 ) ) ;
#1341 = CARTESIAN_POINT ( 'NONE',  ( -13.50000000000000178, 7.500000000000000000, 0.000000000000000000 ) ) ;
#1342 = EDGE_LOOP ( 'NONE', ( #516, #1446, #105, #2391 ) ) ;
#1343 = ORIENTED_EDGE ( 'NONE', *, *, #1768, .T. ) ;
#1344 = DIRECTION ( 'NONE',  ( -1.000000000000000000, 0.000000000000000000, 0.000000000000000000 ) ) ;
#1345 = EDGE_CURVE ( 'NONE', #2524, #673, #2082, .T. ) ;
#1346 = DIRECTION ( 'NONE',  ( -1.000000000000000000, 0.000000000000000000, 0.000000000000000000 ) ) ;
#1347 = ORIENTED_EDGE ( 'NONE', *, *, #438, .T. ) ;
#1348 = DIRECTION ( 'NONE',  ( 1.000000000000000000, 0.000000000000000000, 0.000000000000000000 ) ) ;
#1349 = AXIS2_PLACEMENT_3D ( 'NONE', #2438, #2615, #362 ) ;
#1350 = CARTESIAN_POINT ( 'NONE',  ( 13.50000000000000178, -7.500000000000000000, -10.00000000000000000 ) ) ;
#1351 = VECTOR ( 'NONE', #2706, 1000.000000000000000 ) ;
#1352 = LINE ( 'NONE', #1386, #1078 ) ;
#1353 = DIRECTION ( 'NONE',  ( -1.652117596168387756E-16, -0.000000000000000000, -1.000000000000000000 ) ) ;
#1354 = ORIENTED_EDGE ( 'NONE', *, *, #1055, .F. ) ;
#1355 = AXIS2_PLACEMENT_3D ( 'NONE', #1753, #559, #587 ) ;
#1356 = ORIENTED_EDGE ( 'NONE', *, *, #1738, .T. ) ;
#1357 = AXIS2_PLACEMENT_3D ( 'NONE', #1293, #1230, #1721 ) ;
#1358 = EDGE_CURVE ( 'NONE', #619, #1617, #687, .T. ) ;
#1359 = VERTEX_POINT ( 'NONE', #1615 ) ;
#1360 = DIRECTION ( 'NONE',  ( 1.000000000000000000, -1.156482317317871478E-16, 0.000000000000000000 ) ) ;
#1361 = CARTESIAN_POINT ( 'NONE',  ( -5.000000000000000888, 6.000000000000000000, 3.000000000000000000 ) ) ;
#1362 = CARTESIAN_POINT ( 'NONE',  ( -13.50000000000000178, -3.499999999999999556, 3.000000000000000000 ) ) ;
#1363 = CIRCLE ( 'NONE', #2322, 4.650000000000000355 ) ;
#1364 = DIRECTION ( 'NONE',  ( -1.000000000000000000, 0.000000000000000000, 0.000000000000000000 ) ) ;
#1365 = EDGE_CURVE ( 'NONE', #2628, #1923, #2538, .T. ) ;
#1366 = AXIS2_PLACEMENT_3D ( 'NONE', #38, #2830, #18 ) ;
#1367 = ORIENTED_EDGE ( 'NONE', *, *, #412, .T. ) ;
#1368 = CARTESIAN_POINT ( 'NONE',  ( -13.50000000000000000, -7.500000000000000000, 3.000000000000000000 ) ) ;
#1369 = VECTOR ( 'NONE', #322, 1000.000000000000000 ) ;
#1370 = LINE ( 'NONE', #2266, #434 ) ;
#1371 = DIRECTION ( 'NONE',  ( -1.000000000000000000, 1.445602896647339163E-16, -0.000000000000000000 ) ) ;
#1372 = LINE ( 'NONE', #1813, #2470 ) ;
#1373 = ORIENTED_EDGE ( 'NONE', *, *, #1808, .T. ) ;
#1374 = VERTEX_POINT ( 'NONE', #430 ) ;
#1375 = LINE ( 'NONE', #2083, #582 ) ;
#1376 = CARTESIAN_POINT ( 'NONE',  ( -13.50000000000000178, -6.500000000000000888, 3.000000000000000000 ) ) ;
#1377 = ORIENTED_EDGE ( 'NONE', *, *, #927, .T. ) ;
#1378 = FACE_BOUND ( 'NONE', #2, .T. ) ;
#1379 = LINE ( 'NONE', #2087, #1166 ) ;
#1380 = PLANE ( 'NONE',  #2422 ) ;
#1381 = EDGE_CURVE ( 'NONE', #28, #2415, #174, .T. ) ;
#1382 = EDGE_CURVE ( 'NONE', #1559, #1172, #1352, .T. ) ;
#1383 = ORIENTED_EDGE ( 'NONE', *, *, #1395, .T. ) ;
#1384 = DIRECTION ( 'NONE',  ( 0.000000000000000000, 0.000000000000000000, 1.000000000000000000 ) ) ;
#1385 = LINE ( 'NONE', #1568, #1731 ) ;
#1386 = CARTESIAN_POINT ( 'NONE',  ( -13.50000000000000178, 7.500000000000000000, 0.000000000000000000 ) ) ;
#1387 = CARTESIAN_POINT ( 'NONE',  ( -13.50000000000000178, -6.500000000000000888, 0.000000000000000000 ) ) ;
#1388 = ORIENTED_EDGE ( 'NONE', *, *, #139, .F. ) ;
#1389 = VERTEX_POINT ( 'NONE', #899 ) ;
#1390 = ORIENTED_EDGE ( 'NONE', *, *, #264, .T. ) ;
#1391 = DIRECTION ( 'NONE',  ( 0.000000000000000000, 1.000000000000000000, 0.000000000000000000 ) ) ;
#1392 = FACE_OUTER_BOUND ( 'NONE', #2382, .T. ) ;
#1393 = ORIENTED_EDGE ( 'NONE', *, *, #2511, .T. ) ;
#1394 = ORIENTED_EDGE ( 'NONE', *, *, #2009, .T. ) ;
#1395 = EDGE_CURVE ( 'NONE', #981, #358, #1314, .T. ) ;
#1396 = LINE ( 'NONE', #1864, #2353 ) ;
#1397 = FACE_OUTER_BOUND ( 'NONE', #2007, .T. ) ;
#1398 = CARTESIAN_POINT ( 'NONE',  ( 10.50000000000000000, 7.500000000000000000, -10.00000000000000000 ) ) ;
#1399 = VERTEX_POINT ( 'NONE', #2267 ) ;
#1400 = ADVANCED_FACE ( 'NONE', ( #195 ), #1778, .F. ) ;
#1401 = AXIS2_PLACEMENT_3D ( 'NONE', #966, #26, #2583 ) ;
#1402 = EDGE_CURVE ( 'NONE', #1016, #1399, #2741, .T. ) ;
#1403 = CIRCLE ( 'NONE', #2841, 3.560000000000000497 ) ;
#1404 = ORIENTED_EDGE ( 'NONE', *, *, #2454, .T. ) ;
#1405 = VECTOR ( 'NONE', #618, 1000.000000000000000 ) ;
#1406 = DIRECTION ( 'NONE',  ( -1.214255053933703751E-16, -1.000000000000000000, 0.000000000000000000 ) ) ;
#1407 = DIRECTION ( 'NONE',  ( 1.000000000000000000, 1.156482317317871478E-16, -0.000000000000000000 ) ) ;
#1408 = EDGE_LOOP ( 'NONE', ( #1283, #1540, #2242, #2474 ) ) ;
#1409 = AXIS2_PLACEMENT_3D ( 'NONE', #761, #1880, #1178 ) ;
#1410 = CIRCLE ( 'NONE', #95, 0.4999999999999995559 ) ;
#1411 = AXIS2_PLACEMENT_3D ( 'NONE', #1632, #468, #704 ) ;
#1412 = ORIENTED_EDGE ( 'NONE', *, *, #1276, .F. ) ;
#1413 = AXIS2_PLACEMENT_3D ( 'NONE', #2843, #2111, #2333 ) ;
#1414 = DIRECTION ( 'NONE',  ( -0.000000000000000000, 1.000000000000000000, -0.000000000000000000 ) ) ;
#1415 = AXIS2_PLACEMENT_3D ( 'NONE', #159, #2739, #1792 ) ;
#1416 = CARTESIAN_POINT ( 'NONE',  ( -13.50000000000000178, 7.500000000000000000, 0.000000000000000000 ) ) ;
#1417 = PRESENTATION_STYLE_ASSIGNMENT (( #476 ) ) ;
#1418 = LINE ( 'NONE', #2096, #200 ) ;
#1419 = AXIS2_PLACEMENT_3D ( 'NONE', #2966, #2704, #702 ) ;
#1420 = DIRECTION ( 'NONE',  ( 0.000000000000000000, -0.000000000000000000, 1.000000000000000000 ) ) ;
#1421 = EDGE_CURVE ( 'NONE', #2745, #66, #1123, .T. ) ;
#1422 = ORIENTED_EDGE ( 'NONE', *, *, #623, .F. ) ;
#1423 = LINE ( 'NONE', #68, #2032 ) ;
#1424 = ORIENTED_EDGE ( 'NONE', *, *, #158, .F. ) ;
#1425 = ORIENTED_EDGE ( 'NONE', *, *, #1581, .T. ) ;
#1426 = ORIENTED_EDGE ( 'NONE', *, *, #2259, .F. ) ;
#1427 = CARTESIAN_POINT ( 'NONE',  ( -7.500000000000001776, -3.500000000000000444, 3.000000000000000000 ) ) ;
#1428 = CARTESIAN_POINT ( 'NONE',  ( -3.800000000000000266, -5.181818181818181657, 0.000000000000000000 ) ) ;
#1429 = CARTESIAN_POINT ( 'NONE',  ( -5.500000000000000000, -2.500000000000000444, 0.000000000000000000 ) ) ;
#1430 = VERTEX_POINT ( 'NONE', #2300 ) ;
#1431 = CARTESIAN_POINT ( 'NONE',  ( 0.4999999999999995559, 3.766961640367472608, 1.200000000000000178 ) ) ;
#1432 = EDGE_CURVE ( 'NONE', #2377, #2212, #2824, .T. ) ;
#1433 = ADVANCED_FACE ( 'NONE', ( #1397 ), #34, .F. ) ;
#1434 = EDGE_CURVE ( 'NONE', #2827, #28, #489, .T. ) ;
#1435 = CARTESIAN_POINT ( 'NONE',  ( -2.700000000000000178, -5.181818181818181657, 3.000000000000000000 ) ) ;
#1436 = LINE ( 'NONE', #2592, #1081 ) ;
#1437 = ORIENTED_EDGE ( 'NONE', *, *, #2124, .T. ) ;
#1438 = EDGE_CURVE ( 'NONE', #1, #1919, #1157, .T. ) ;
#1439 = ADVANCED_FACE ( 'NONE', ( #2600 ), #505, .F. ) ;
#1440 = FACE_OUTER_BOUND ( 'NONE', #2688, .T. ) ;
#1441 = ORIENTED_EDGE ( 'NONE', *, *, #2595, .F. ) ;
#1442 = CARTESIAN_POINT ( 'NONE',  ( -3.799999999999999822, 0.000000000000000000, 1.200000000000000178 ) ) ;
#1443 = CARTESIAN_POINT ( 'NONE',  ( 9.500000000000001776, -7.500000000000000000, -10.00000000000000000 ) ) ;
#1444 = VERTEX_POINT ( 'NONE', #2339 ) ;
#1445 = DIRECTION ( 'NONE',  ( -0.000000000000000000, 1.000000000000000000, 0.000000000000000000 ) ) ;
#1446 = ORIENTED_EDGE ( 'NONE', *, *, #997, .T. ) ;
#1447 = DIRECTION ( 'NONE',  ( -0.000000000000000000, -0.000000000000000000, 1.000000000000000000 ) ) ;
#1448 = ORIENTED_EDGE ( 'NONE', *, *, #603, .F. ) ;
#1449 = VECTOR ( 'NONE', #983, 1000.000000000000000 ) ;
#1450 = DIRECTION ( 'NONE',  ( -0.000000000000000000, 1.000000000000000000, 0.000000000000000000 ) ) ;
#1451 = VECTOR ( 'NONE', #292, 1000.000000000000000 ) ;
#1452 = LINE ( 'NONE', #2364, #2606 ) ;
#1453 = EDGE_CURVE ( 'NONE', #2926, #652, #270, .T. ) ;
#1454 = CARTESIAN_POINT ( 'NONE',  ( -0.4999999999999995559, 3.272017726113352953, 1.449999999999999956 ) ) ;
#1455 = ORIENTED_EDGE ( 'NONE', *, *, #766, .F. ) ;
#1456 = ORIENTED_EDGE ( 'NONE', *, *, #1421, .F. ) ;
#1457 = AXIS2_PLACEMENT_3D ( 'NONE', #663, #1618, #2476 ) ;
#1458 = VECTOR ( 'NONE', #2586, 1000.000000000000000 ) ;
#1459 = ORIENTED_EDGE ( 'NONE', *, *, #2949, .F. ) ;
#1460 = ADVANCED_FACE ( 'NONE', ( #1664 ), #1628, .F. ) ;
#1461 = DIRECTION ( 'NONE',  ( -1.000000000000000000, 0.000000000000000000, 0.000000000000000000 ) ) ;
#1462 = VERTEX_POINT ( 'NONE', #2777 ) ;
#1463 = LINE ( 'NONE', #1629, #94 ) ;
#1464 = CIRCLE ( 'NONE', #142, 1.100000000000000311 ) ;
#1465 = DIRECTION ( 'NONE',  ( 0.000000000000000000, -0.000000000000000000, -1.000000000000000000 ) ) ;
#1466 = VECTOR ( 'NONE', #668, 1000.000000000000000 ) ;
#1467 = DIRECTION ( 'NONE',  ( -1.000000000000000000, 0.000000000000000000, 0.000000000000000000 ) ) ;
#1468 = ORIENTED_EDGE ( 'NONE', *, *, #91, .T. ) ;
#1469 = DIRECTION ( 'NONE',  ( -1.000000000000000000, 0.000000000000000000, 0.000000000000000000 ) ) ;
#1470 = PLANE ( 'NONE',  #2954 ) ;
#1471 = ORIENTED_EDGE ( 'NONE', *, *, #1658, .T. ) ;
#1472 = EDGE_CURVE ( 'NONE', #1150, #1923, #1740, .T. ) ;
#1473 = ADVANCED_FACE ( 'NONE', ( #2999 ), #2108, .F. ) ;
#1474 = DIRECTION ( 'NONE',  ( 0.000000000000000000, 0.000000000000000000, 1.000000000000000000 ) ) ;
#1475 = EDGE_LOOP ( 'NONE', ( #1067, #515, #2930, #664 ) ) ;
#1476 = CARTESIAN_POINT ( 'NONE',  ( -7.500000000000001776, -6.500000000000000888, 0.000000000000000000 ) ) ;
#1477 = ORIENTED_EDGE ( 'NONE', *, *, #1747, .F. ) ;
#1478 = DIRECTION ( 'NONE',  ( -1.000000000000000000, 0.000000000000000000, 0.000000000000000000 ) ) ;
#1479 = CARTESIAN_POINT ( 'NONE',  ( -7.500000000000001776, -6.000000000000000000, 0.000000000000000000 ) ) ;
#1480 = VERTEX_POINT ( 'NONE', #970 ) ;
#1481 = ORIENTED_EDGE ( 'NONE', *, *, #46, .F. ) ;
#1482 = DIRECTION ( 'NONE',  ( -1.000000000000000000, 0.000000000000000000, 0.000000000000000000 ) ) ;
#1483 = VERTEX_POINT ( 'NONE', #15 ) ;
#1484 = EDGE_LOOP ( 'NONE', ( #925, #824, #902, #425 ) ) ;
#1485 = CARTESIAN_POINT ( 'NONE',  ( -13.50000000000000178, 0.4999999999999995559, 3.000000000000000000 ) ) ;
#1486 = EDGE_CURVE ( 'NONE', #568, #1359, #1216, .T. ) ;
#1487 = VERTEX_POINT ( 'NONE', #2550 ) ;
#1488 = DIRECTION ( 'NONE',  ( 1.000000000000000000, 0.000000000000000000, 0.000000000000000000 ) ) ;
#1489 = ORIENTED_EDGE ( 'NONE', *, *, #108, .F. ) ;
#1490 = DIRECTION ( 'NONE',  ( -1.000000000000000000, -0.000000000000000000, -0.000000000000000000 ) ) ;
#1491 = LINE ( 'NONE', #1713, #1607 ) ;
#1492 = VERTEX_POINT ( 'NONE', #1633 ) ;
#1493 = EDGE_CURVE ( 'NONE', #1444, #2795, #948, .T. ) ;
#1494 = EDGE_CURVE ( 'NONE', #2355, #568, #474, .T. ) ;
#1495 = ORIENTED_EDGE ( 'NONE', *, *, #2617, .T. ) ;
#1496 = FACE_OUTER_BOUND ( 'NONE', #2204, .T. ) ;
#1497 = AXIS2_PLACEMENT_3D ( 'NONE', #2084, #1841, #2504 ) ;
#1498 = DIRECTION ( 'NONE',  ( -1.214255053933703751E-16, 1.000000000000000000, 0.000000000000000000 ) ) ;
#1499 = ORIENTED_EDGE ( 'NONE', *, *, #1867, .F. ) ;
#1500 = ORIENTED_EDGE ( 'NONE', *, *, #1686, .F. ) ;
#1501 = AXIS2_PLACEMENT_3D ( 'NONE', #2048, #1810, #2726 ) ;
#1502 = CARTESIAN_POINT ( 'NONE',  ( 11.00000000000000355, 7.500000000000000000, 0.5000000000000000000 ) ) ;
#1503 = AXIS2_PLACEMENT_3D ( 'NONE', #542, #1669, #1469 ) ;
#1504 = VECTOR ( 'NONE', #116, 1000.000000000000000 ) ;
#1505 = CARTESIAN_POINT ( 'NONE',  ( 13.50000000000000533, 7.500000000000000000, -10.00000000000000000 ) ) ;
#1506 = CARTESIAN_POINT ( 'NONE',  ( 4.650000000000000355, 5.694607616035192869E-16, 0.000000000000000000 ) ) ;
#1507 = VERTEX_POINT ( 'NONE', #2094 ) ;
#1508 = AXIS2_PLACEMENT_3D ( 'NONE', #2005, #2924, #1812 ) ;
#1509 = AXIS2_PLACEMENT_3D ( 'NONE', #2631, #563, #325 ) ;
#1510 = DIRECTION ( 'NONE',  ( -0.000000000000000000, 1.000000000000000000, -0.000000000000000000 ) ) ;
#1511 = CARTESIAN_POINT ( 'NONE',  ( -7.000000000000000888, -6.000000000000000000, 3.000000000000000000 ) ) ;
#1512 = ORIENTED_EDGE ( 'NONE', *, *, #2403, .F. ) ;
#1513 = VECTOR ( 'NONE', #1049, 1000.000000000000000 ) ;
#1514 = ADVANCED_FACE ( 'NONE', ( #2812 ), #4, .F. ) ;
#1515 = VECTOR ( 'NONE', #2814, 1000.000000000000000 ) ;
#1516 = LINE ( 'NONE', #805, #2326 ) ;
#1517 = ORIENTED_EDGE ( 'NONE', *, *, #1358, .T. ) ;
#1518 = ORIENTED_EDGE ( 'NONE', *, *, #1395, .F. ) ;
#1519 = CARTESIAN_POINT ( 'NONE',  ( -13.50000000000000178, 1.499999999999999556, 0.000000000000000000 ) ) ;
#1520 = LINE ( 'NONE', #1244, #2036 ) ;
#1521 = CARTESIAN_POINT ( 'NONE',  ( 0.000000000000000000, 0.000000000000000000, 1.200000000000000178 ) ) ;
#1522 = UNCERTAINTY_MEASURE_WITH_UNIT (LENGTH_MEASURE( 1.000000000000000082E-05 ), #251, 'distance_accuracy_value', 'NONE');
#1523 = DIRECTION ( 'NONE',  ( -1.000000000000000000, 0.000000000000000000, -0.000000000000000000 ) ) ;
#1524 = DIRECTION ( 'NONE',  ( 0.000000000000000000, 0.000000000000000000, 1.000000000000000000 ) ) ;
#1525 = ORIENTED_EDGE ( 'NONE', *, *, #815, .T. ) ;
#1526 = VERTEX_POINT ( 'NONE', #2558 ) ;
#1527 = PLANE ( 'NONE',  #2895 ) ;
#1528 = CARTESIAN_POINT ( 'NONE',  ( -13.50000000000000178, 7.500000000000000000, 0.000000000000000000 ) ) ;
#1529 = ORIENTED_EDGE ( 'NONE', *, *, #2485, .F. ) ;
#1530 = ORIENTED_EDGE ( 'NONE', *, *, #716, .F. ) ;
#1531 = ADVANCED_FACE ( 'NONE', ( #721, #2330, #1691 ), #2859, .T. ) ;
#1532 = CARTESIAN_POINT ( 'NONE',  ( 3.799999999999999822, 4.653657836759942730E-16, 1.200000000000000178 ) ) ;
#1533 = EDGE_CURVE ( 'NONE', #2164, #177, #2609, .T. ) ;
#1534 = CARTESIAN_POINT ( 'NONE',  ( -4.999999999999999112, -2.000000000000000000, 3.000000000000000000 ) ) ;
#1535 = CARTESIAN_POINT ( 'NONE',  ( 8.500000000000000000, -7.500000000000000000, -10.00000000000000000 ) ) ;
#1536 = CARTESIAN_POINT ( 'NONE',  ( -13.50000000000000000, -1.500000000000000444, 0.000000000000000000 ) ) ;
#1537 = DIRECTION ( 'NONE',  ( -1.652117596168387756E-16, 0.000000000000000000, -1.000000000000000000 ) ) ;
#1538 = ORIENTED_EDGE ( 'NONE', *, *, #1754, .F. ) ;
#1539 = ORIENTED_EDGE ( 'NONE', *, *, #2949, .T. ) ;
#1540 = ORIENTED_EDGE ( 'NONE', *, *, #2710, .T. ) ;
#1541 = DIRECTION ( 'NONE',  ( 0.000000000000000000, -1.000000000000000000, 0.000000000000000000 ) ) ;
#1542 = CARTESIAN_POINT ( 'NONE',  ( 0.000000000000000000, 0.000000000000000000, 1.200000000000000178 ) ) ;
#1543 = ORIENTED_EDGE ( 'NONE', *, *, #1310, .F. ) ;
#1544 = LINE ( 'NONE', #409, #2946 ) ;
#1545 = AXIS2_PLACEMENT_3D ( 'NONE', #2294, #2308, #1622 ) ;
#1546 = CARTESIAN_POINT ( 'NONE',  ( 13.00000000000000355, -7.500000000000000000, 0.5000000000000000000 ) ) ;
#1547 = DIRECTION ( 'NONE',  ( 1.214255053933703751E-16, -1.000000000000000000, 0.000000000000000000 ) ) ;
#1548 = AXIS2_PLACEMENT_3D ( 'NONE', #1945, #554, #1048 ) ;
#1549 = DIRECTION ( 'NONE',  ( 1.000000000000000000, 0.000000000000000000, 0.000000000000000000 ) ) ;
#1550 = LINE ( 'NONE', #2472, #1175 ) ;
#1551 = CIRCLE ( 'NONE', #2759, 1.100000000000000311 ) ;
#1552 = ORIENTED_EDGE ( 'NONE', *, *, #1382, .T. ) ;
#1553 = EDGE_LOOP ( 'NONE', ( #820, #157, #1552, #808 ) ) ;
#1554 = ORIENTED_EDGE ( 'NONE', *, *, #1826, .F. ) ;
#1555 =( GEOMETRIC_REPRESENTATION_CONTEXT ( 3 ) GLOBAL_UNCERTAINTY_ASSIGNED_CONTEXT ( ( #1012 ) ) GLOBAL_UNIT_ASSIGNED_CONTEXT ( ( #447, #722, #2050 ) ) REPRESENTATION_CONTEXT ( 'NONE', 'WORKASPACE' ) );
#1556 = CONICAL_SURFACE ( 'NONE', #242, 3.560000000000000497, 0.7853981633974509435 ) ;
#1557 = PLANE ( 'NONE',  #1260 ) ;
#1558 = AXIS2_PLACEMENT_3D ( 'NONE', #3001, #2066, #2728 ) ;
#1559 = VERTEX_POINT ( 'NONE', #2874 ) ;
#1560 = CARTESIAN_POINT ( 'NONE',  ( -5.500000000000000888, 6.000000000000000000, 0.000000000000000000 ) ) ;
#1561 = CIRCLE ( 'NONE', #1755, 0.5000000000000013323 ) ;
#1562 = DIRECTION ( 'NONE',  ( -0.000000000000000000, -0.000000000000000000, -1.000000000000000000 ) ) ;
#1563 = DIRECTION ( 'NONE',  ( 1.000000000000000000, 0.000000000000000000, 0.000000000000000000 ) ) ;
#1564 = COLOUR_RGB ( '',0.5372549019607842924, 0.3490196078431372362, 0.3372549019607843368 ) ;
#1565 = EDGE_LOOP ( 'NONE', ( #2137, #719, #2875, #2402 ) ) ;
#1566 = EDGE_CURVE ( 'NONE', #2068, #1851, #2423, .T. ) ;
#1567 = EDGE_CURVE ( 'NONE', #2634, #1573, #2683, .T. ) ;
#1568 = CARTESIAN_POINT ( 'NONE',  ( -13.50000000000000178, 1.499999999999999556, 0.000000000000000000 ) ) ;
#1569 = CARTESIAN_POINT ( 'NONE',  ( -7.500000000000001776, -3.500000000000000444, 0.000000000000000000 ) ) ;
#1570 = CYLINDRICAL_SURFACE ( 'NONE', #944, 0.5000000000000004441 ) ;
#1571 = ORIENTED_EDGE ( 'NONE', *, *, #1845, .T. ) ;
#1572 = VERTEX_POINT ( 'NONE', #1505 ) ;
#1573 = VERTEX_POINT ( 'NONE', #2147 ) ;
#1574 = EDGE_CURVE ( 'NONE', #1843, #2430, #347, .T. ) ;
#1575 = CARTESIAN_POINT ( 'NONE',  ( 12.50000000000000000, 7.500000000000000000, 0.4999999999999998890 ) ) ;
#1576 = EDGE_LOOP ( 'NONE', ( #711, #1412, #2646, #602 ) ) ;
#1577 = DIRECTION ( 'NONE',  ( -0.000000000000000000, -0.000000000000000000, -1.000000000000000000 ) ) ;
#1578 = CARTESIAN_POINT ( 'NONE',  ( 0.000000000000000000, 0.000000000000000000, 1.449999999999999956 ) ) ;
#1579 = DIRECTION ( 'NONE',  ( -0.000000000000000000, -0.000000000000000000, 1.000000000000000000 ) ) ;
#1580 = LINE ( 'NONE', #2497, #2836 ) ;
#1581 = EDGE_CURVE ( 'NONE', #2634, #1851, #1520, .T. ) ;
#1582 = LINE ( 'NONE', #2065, #287 ) ;
#1583 = CARTESIAN_POINT ( 'NONE',  ( -5.500000000000000000, -0.5000000000000004441, 0.000000000000000000 ) ) ;
#1584 = ORIENTED_EDGE ( 'NONE', *, *, #1209, .F. ) ;
#1585 = ORIENTED_EDGE ( 'NONE', *, *, #2596, .T. ) ;
#1586 = DIRECTION ( 'NONE',  ( 1.156482317317871478E-16, -1.000000000000000000, 0.000000000000000000 ) ) ;
#1587 = VERTEX_POINT ( 'NONE', #109 ) ;
#1588 = CARTESIAN_POINT ( 'NONE',  ( -13.50000000000000178, -4.500000000000000888, 3.000000000000000000 ) ) ;
#1589 = DIRECTION ( 'NONE',  ( 1.214255053933703751E-16, -1.000000000000000000, 0.000000000000000000 ) ) ;
#1590 = DIRECTION ( 'NONE',  ( 1.000000000000000000, 1.156482317317871478E-16, -0.000000000000000000 ) ) ;
#1591 = VERTEX_POINT ( 'NONE', #1485 ) ;
#1592 = LINE ( 'NONE', #2722, #991 ) ;
#1593 = AXIS2_PLACEMENT_3D ( 'NONE', #1854, #750, #1627 ) ;
#1594 = VECTOR ( 'NONE', #807, 1000.000000000000000 ) ;
#1595 = DIRECTION ( 'NONE',  ( 0.000000000000000000, 0.000000000000000000, 1.000000000000000000 ) ) ;
#1596 = CARTESIAN_POINT ( 'NONE',  ( -5.500000000000000888, 6.500000000000000000, 0.000000000000000000 ) ) ;
#1597 = AXIS2_PLACEMENT_3D ( 'NONE', #1716, #2882, #1063 ) ;
#1598 = ORIENTED_EDGE ( 'NONE', *, *, #50, .T. ) ;
#1599 = CIRCLE ( 'NONE', #1889, 0.5000000000000013323 ) ;
#1600 = CARTESIAN_POINT ( 'NONE',  ( 7.500000000000000000, -7.500000000000000000, -10.00000000000000000 ) ) ;
#1601 = ORIENTED_EDGE ( 'NONE', *, *, #1434, .F. ) ;
#1602 = CARTESIAN_POINT ( 'NONE',  ( -5.500000000000000888, 4.000000000000000000, 3.000000000000000000 ) ) ;
#1603 = CIRCLE ( 'NONE', #39, 0.5000000000000013323 ) ;
#1604 = ADVANCED_FACE ( 'NONE', ( #2440 ), #298, .F. ) ;
#1605 = ADVANCED_FACE ( 'NONE', ( #2619 ), #1009, .F. ) ;
#1606 = CARTESIAN_POINT ( 'NONE',  ( -13.50000000000000178, 3.499999999999999556, 0.000000000000000000 ) ) ;
#1607 = VECTOR ( 'NONE', #316, 1000.000000000000000 ) ;
#1608 = SURFACE_STYLE_USAGE ( .BOTH. , #713 ) ;
#1609 = AXIS2_PLACEMENT_3D ( 'NONE', #2826, #998, #2559 ) ;
#1610 = ORIENTED_EDGE ( 'NONE', *, *, #264, .F. ) ;
#1611 = VERTEX_POINT ( 'NONE', #125 ) ;
#1612 = LINE ( 'NONE', #908, #246 ) ;
#1613 = VECTOR ( 'NONE', #1498, 1000.000000000000000 ) ;
#1614 = FACE_OUTER_BOUND ( 'NONE', #1943, .T. ) ;
#1615 = CARTESIAN_POINT ( 'NONE',  ( -5.500000000000000000, -2.500000000000000000, 3.000000000000000000 ) ) ;
#1616 = DIRECTION ( 'NONE',  ( 1.156482317317871478E-16, 1.000000000000000000, -0.000000000000000000 ) ) ;
#1617 = VERTEX_POINT ( 'NONE', #1278 ) ;
#1618 = DIRECTION ( 'NONE',  ( 0.000000000000000000, 0.000000000000000000, -1.000000000000000000 ) ) ;
#1619 = PLANE ( 'NONE',  #1497 ) ;
#1620 = ORIENTED_EDGE ( 'NONE', *, *, #2412, .T. ) ;
#1621 = CARTESIAN_POINT ( 'NONE',  ( 0.000000000000000000, 0.000000000000000000, 0.000000000000000000 ) ) ;
#1622 = DIRECTION ( 'NONE',  ( -1.000000000000000000, 0.000000000000000000, 0.000000000000000000 ) ) ;
#1623 = CYLINDRICAL_SURFACE ( 'NONE', #1988, 0.5000000000000013323 ) ;
#1624 = ORIENTED_EDGE ( 'NONE', *, *, #123, .F. ) ;
#1625 = ADVANCED_FACE ( 'NONE', ( #2399 ), #2837, .F. ) ;
#1626 = EDGE_CURVE ( 'NONE', #2430, #486, #1210, .T. ) ;
#1627 = DIRECTION ( 'NONE',  ( 1.000000000000000000, 0.000000000000000000, 0.000000000000000000 ) ) ;
#1628 = CYLINDRICAL_SURFACE ( 'NONE', #1842, 0.5000000000000000000 ) ;
#1629 = CARTESIAN_POINT ( 'NONE',  ( -13.50000000000000178, -3.499999999999999556, 0.000000000000000000 ) ) ;
#1630 = ORIENTED_EDGE ( 'NONE', *, *, #2398, .F. ) ;
#1631 = DIRECTION ( 'NONE',  ( -0.000000000000000000, -0.000000000000000000, 1.000000000000000000 ) ) ;
#1632 = CARTESIAN_POINT ( 'NONE',  ( 0.000000000000000000, 0.000000000000000000, 1.200000000000000178 ) ) ;
#1633 = CARTESIAN_POINT ( 'NONE',  ( 3.799999999999999822, 4.653657836759942730E-16, 1.000000000000000000 ) ) ;
#1634 = DIRECTION ( 'NONE',  ( 0.000000000000000000, 1.000000000000000000, 0.000000000000000000 ) ) ;
#1635 = ORIENTED_EDGE ( 'NONE', *, *, #33, .T. ) ;
#1636 = AXIS2_PLACEMENT_3D ( 'NONE', #160, #2064, #926 ) ;
#1637 = CARTESIAN_POINT ( 'NONE',  ( -5.500000000000000888, 4.000000000000000000, 0.000000000000000000 ) ) ;
#1638 = FACE_OUTER_BOUND ( 'NONE', #1576, .T. ) ;
#1639 = VECTOR ( 'NONE', #825, 1000.000000000000000 ) ;
#1640 = ORIENTED_EDGE ( 'NONE', *, *, #2509, .F. ) ;
#1641 = AXIS2_PLACEMENT_3D ( 'NONE', #2878, #1924, #1523 ) ;
#1642 = CARTESIAN_POINT ( 'NONE',  ( -5.500000000000000888, 6.500000000000000000, 3.000000000000000000 ) ) ;
#1643 = LINE ( 'NONE', #2808, #592 ) ;
#1644 = VERTEX_POINT ( 'NONE', #1985 ) ;
#1645 = VECTOR ( 'NONE', #1115, 1000.000000000000000 ) ;
#1646 = FACE_OUTER_BOUND ( 'NONE', #2052, .T. ) ;
#1647 = ORIENTED_EDGE ( 'NONE', *, *, #1110, .F. ) ;
#1648 = AXIS2_PLACEMENT_3D ( 'NONE', #211, #2289, #2778 ) ;
#1649 = CARTESIAN_POINT ( 'NONE',  ( -5.500000000000000000, 0.000000000000000000, 0.000000000000000000 ) ) ;
#1650 = AXIS2_PLACEMENT_3D ( 'NONE', #1065, #1770, #2414 ) ;
#1651 = DIRECTION ( 'NONE',  ( -1.000000000000000000, 0.000000000000000000, 0.000000000000000000 ) ) ;
#1652 = CARTESIAN_POINT ( 'NONE',  ( -13.50000000000000178, 7.500000000000000000, 3.000000000000000000 ) ) ;
#1653 = EDGE_CURVE ( 'NONE', #1462, #2374, #188, .T. ) ;
#1654 = EDGE_CURVE ( 'NONE', #1923, #421, #1965, .T. ) ;
#1655 = DIRECTION ( 'NONE',  ( 1.000000000000000000, 0.000000000000000000, 0.000000000000000000 ) ) ;
#1656 = DIRECTION ( 'NONE',  ( 1.000000000000000000, 1.156482317317871478E-16, -0.000000000000000000 ) ) ;
#1657 = CARTESIAN_POINT ( 'NONE',  ( -13.50000000000000178, -4.500000000000000888, 3.000000000000000000 ) ) ;
#1658 = EDGE_CURVE ( 'NONE', #2045, #2638, #396, .T. ) ;
#1659 = EDGE_CURVE ( 'NONE', #981, #177, #811, .T. ) ;
#1660 = DIRECTION ( 'NONE',  ( -0.000000000000000000, -0.000000000000000000, 1.000000000000000000 ) ) ;
#1661 = CARTESIAN_POINT ( 'NONE',  ( -13.50000000000000178, -6.500000000000000888, 0.000000000000000000 ) ) ;
#1662 = EDGE_LOOP ( 'NONE', ( #2584, #2608, #1973, #1047 ) ) ;
#1663 = DIRECTION ( 'NONE',  ( -0.000000000000000000, -0.000000000000000000, 1.000000000000000000 ) ) ;
#1664 = FACE_OUTER_BOUND ( 'NONE', #12, .T. ) ;
#1665 = CARTESIAN_POINT ( 'NONE',  ( -13.50000000000000178, 2.499999999999999556, 0.000000000000000000 ) ) ;
#1666 = EDGE_CURVE ( 'NONE', #118, #502, #1363, .T. ) ;
#1667 = CARTESIAN_POINT ( 'NONE',  ( 0.000000000000000000, 0.000000000000000000, 3.000000000000000000 ) ) ;
#1668 = ADVANCED_FACE ( 'NONE', ( #1741 ), #2667, .F. ) ;
#1669 = DIRECTION ( 'NONE',  ( 0.000000000000000000, 0.000000000000000000, -1.000000000000000000 ) ) ;
#1670 = LINE ( 'NONE', #321, #1030 ) ;
#1671 = ORIENTED_EDGE ( 'NONE', *, *, #2436, .T. ) ;
#1672 = ORIENTED_EDGE ( 'NONE', *, *, #1892, .F. ) ;
#1673 = ORIENTED_EDGE ( 'NONE', *, *, #2724, .T. ) ;
#1674 = DIRECTION ( 'NONE',  ( 1.000000000000000000, 0.000000000000000000, 0.000000000000000000 ) ) ;
#1675 = CARTESIAN_POINT ( 'NONE',  ( -13.50000000000000000, -1.500000000000000444, 0.000000000000000000 ) ) ;
#1676 = CARTESIAN_POINT ( 'NONE',  ( -4.999999999999999112, 2.000000000000000000, 0.000000000000000000 ) ) ;
#1677 = ORIENTED_EDGE ( 'NONE', *, *, #2948, .F. ) ;
#1678 = AXIS2_PLACEMENT_3D ( 'NONE', #205, #637, #1563 ) ;
#1679 = EDGE_LOOP ( 'NONE', ( #318, #1790, #823, #2668 ) ) ;
#1680 = CIRCLE ( 'NONE', #2796, 1.100000000000000311 ) ;
#1681 = CARTESIAN_POINT ( 'NONE',  ( -13.50000000000000178, -4.500000000000000888, 0.000000000000000000 ) ) ;
#1682 = CARTESIAN_POINT ( 'NONE',  ( -13.50000000000000178, 7.500000000000000000, 3.000000000000000000 ) ) ;
#1683 = CARTESIAN_POINT ( 'NONE',  ( 0.000000000000000000, 0.000000000000000000, -10.00000000000000000 ) ) ;
#1684 = EDGE_CURVE ( 'NONE', #2757, #2926, #2086, .T. ) ;
#1685 = AXIS2_PLACEMENT_3D ( 'NONE', #418, #2527, #179 ) ;
#1686 = EDGE_CURVE ( 'NONE', #326, #1644, #1831, .T. ) ;
#1687 = CARTESIAN_POINT ( 'NONE',  ( 16.50000000000000711, -7.500000000000000000, 3.000000000000000000 ) ) ;
#1688 = AXIS2_PLACEMENT_3D ( 'NONE', #1133, #2049, #1822 ) ;
#1689 = STYLED_ITEM ( 'NONE', ( #1417 ), #2997 ) ;
#1690 = CIRCLE ( 'NONE', #782, 0.5000000000000004441 ) ;
#1691 = FACE_BOUND ( 'NONE', #1858, .T. ) ;
#1692 = DIRECTION ( 'NONE',  ( 0.000000000000000000, 0.000000000000000000, 1.000000000000000000 ) ) ;
#1693 = CIRCLE ( 'NONE', #1893, 0.5000000000000004441 ) ;
#1694 = ORIENTED_EDGE ( 'NONE', *, *, #419, .F. ) ;
#1695 = VECTOR ( 'NONE', #813, 1000.000000000000000 ) ;
#1696 = CARTESIAN_POINT ( 'NONE',  ( 1.762194958653875365E-15, -4.809999999999999609, 0.000000000000000000 ) ) ;
#1697 = CARTESIAN_POINT ( 'NONE',  ( 11.50000000000000355, 7.500000000000000000, -10.00000000000000000 ) ) ;
#1698 = ORIENTED_EDGE ( 'NONE', *, *, #457, .F. ) ;
#1699 = EDGE_LOOP ( 'NONE', ( #1033, #1390 ) ) ;
#1700 = EDGE_LOOP ( 'NONE', ( #1468, #507, #2502, #791 ) ) ;
#1701 = LINE ( 'NONE', #40, #2513 ) ;
#1702 = DIRECTION ( 'NONE',  ( -0.000000000000000000, -0.000000000000000000, 1.000000000000000000 ) ) ;
#1703 = VERTEX_POINT ( 'NONE', #217 ) ;
#1704 = ORIENTED_EDGE ( 'NONE', *, *, #2193, .F. ) ;
#1705 = CARTESIAN_POINT ( 'NONE',  ( 9.500000000000005329, 7.500000000000000000, -10.00000000000000000 ) ) ;
#1706 = ADVANCED_FACE ( 'NONE', ( #1849 ), #1154, .F. ) ;
#1707 = ADVANCED_FACE ( 'NONE', ( #863 ), #1380, .F. ) ;
#1708 = CARTESIAN_POINT ( 'NONE',  ( -7.500000000000001776, -4.000000000000000000, 0.000000000000000000 ) ) ;
#1709 = ORIENTED_EDGE ( 'NONE', *, *, #2677, .F. ) ;
#1710 = DIRECTION ( 'NONE',  ( -0.000000000000000000, -0.000000000000000000, 1.000000000000000000 ) ) ;
#1711 = VERTEX_POINT ( 'NONE', #2773 ) ;
#1712 = FACE_OUTER_BOUND ( 'NONE', #2965, .T. ) ;
#1713 = CARTESIAN_POINT ( 'NONE',  ( -13.50000000000000178, 7.500000000000000000, 3.000000000000000000 ) ) ;
#1714 = VERTEX_POINT ( 'NONE', #2695 ) ;
#1715 = ORIENTED_EDGE ( 'NONE', *, *, #2829, .F. ) ;
#1716 = CARTESIAN_POINT ( 'NONE',  ( 0.000000000000000000, 0.000000000000000000, 0.000000000000000000 ) ) ;
#1717 = DIRECTION ( 'NONE',  ( -1.000000000000000000, 0.000000000000000000, 0.000000000000000000 ) ) ;
#1718 = ORIENTED_EDGE ( 'NONE', *, *, #1653, .F. ) ;
#1719 = ORIENTED_EDGE ( 'NONE', *, *, #717, .T. ) ;
#1720 = CARTESIAN_POINT ( 'NONE',  ( 12.50000000000000000, 7.500000000000000000, -10.00000000000000000 ) ) ;
#1721 = DIRECTION ( 'NONE',  ( 1.000000000000000000, 0.000000000000000000, 0.000000000000000000 ) ) ;
#1722 = EDGE_LOOP ( 'NONE', ( #1518, #931, #802, #2254 ) ) ;
#1723 = CARTESIAN_POINT ( 'NONE',  ( -5.500000000000000888, 6.000000000000000000, 3.000000000000000000 ) ) ;
#1724 = EDGE_CURVE ( 'NONE', #307, #2473, #1603, .T. ) ;
#1725 = CARTESIAN_POINT ( 'NONE',  ( -13.50000000000000000, -2.500000000000000444, 0.000000000000000000 ) ) ;
#1726 = DIRECTION ( 'NONE',  ( 0.000000000000000000, -0.000000000000000000, -1.000000000000000000 ) ) ;
#1727 = EDGE_LOOP ( 'NONE', ( #2270, #1094, #1704, #449 ) ) ;
#1728 = DIRECTION ( 'NONE',  ( -1.000000000000000000, 0.000000000000000000, 0.000000000000000000 ) ) ;
#1729 = FACE_OUTER_BOUND ( 'NONE', #2537, .T. ) ;
#1730 = DIRECTION ( 'NONE',  ( 0.000000000000000000, 0.000000000000000000, 1.000000000000000000 ) ) ;
#1731 = VECTOR ( 'NONE', #657, 1000.000000000000000 ) ;
#1732 = CARTESIAN_POINT ( 'NONE',  ( -5.500000000000000000, 2.499999999999999556, 3.000000000000000000 ) ) ;
#1733 = ORIENTED_EDGE ( 'NONE', *, *, #2282, .T. ) ;
#1734 = VERTEX_POINT ( 'NONE', #965 ) ;
#1735 = AXIS2_PLACEMENT_3D ( 'NONE', #1502, #2013, #1736 ) ;
#1736 = DIRECTION ( 'NONE',  ( 0.000000000000000000, 0.000000000000000000, 1.000000000000000000 ) ) ;
#1737 = LINE ( 'NONE', #596, #1069 ) ;
#1738 = EDGE_CURVE ( 'NONE', #1947, #1994, #736, .T. ) ;
#1739 = VECTOR ( 'NONE', #130, 1000.000000000000000 ) ;
#1740 = CIRCLE ( 'NONE', #394, 3.309999999999999609 ) ;
#1741 = FACE_OUTER_BOUND ( 'NONE', #1010, .T. ) ;
#1742 = CARTESIAN_POINT ( 'NONE',  ( -5.500000000000000888, 4.000000000000000000, 0.000000000000000000 ) ) ;
#1743 = ORIENTED_EDGE ( 'NONE', *, *, #380, .F. ) ;
#1744 = PRESENTATION_LAYER_ASSIGNMENT (  '', '', ( #2805 ) ) ;
#1745 = ADVANCED_FACE ( 'NONE', ( #1392 ), #398, .T. ) ;
#1746 = CARTESIAN_POINT ( 'NONE',  ( -13.50000000000000178, 7.500000000000000000, 3.000000000000000000 ) ) ;
#1747 = EDGE_CURVE ( 'NONE', #1711, #1703, #2280, .T. ) ;
#1748 = CARTESIAN_POINT ( 'NONE',  ( 11.50000000000000178, -7.500000000000000000, -10.00000000000000000 ) ) ;
#1749 = ADVANCED_FACE ( 'NONE', ( #612 ), #1623, .F. ) ;
#1750 = EDGE_LOOP ( 'NONE', ( #2327, #2257, #764, #2507 ) ) ;
#1751 = ORIENTED_EDGE ( 'NONE', *, *, #2932, .T. ) ;
#1752 = VECTOR ( 'NONE', #1972, 1000.000000000000000 ) ;
#1753 = CARTESIAN_POINT ( 'NONE',  ( 0.000000000000000000, 0.000000000000000000, 1.200000000000000178 ) ) ;
#1754 = EDGE_CURVE ( 'NONE', #1151, #2435, #688, .T. ) ;
#1755 = AXIS2_PLACEMENT_3D ( 'NONE', #2576, #1634, #763 ) ;
#1756 = LINE ( 'NONE', #2929, #639 ) ;
#1757 = EDGE_CURVE ( 'NONE', #2675, #2164, #1871, .T. ) ;
#1758 = DIRECTION ( 'NONE',  ( 1.000000000000000000, 0.000000000000000000, 0.000000000000000000 ) ) ;
#1759 = ORIENTED_EDGE ( 'NONE', *, *, #2116, .F. ) ;
#1760 = ORIENTED_EDGE ( 'NONE', *, *, #2347, .T. ) ;
#1761 = MANIFOLD_SOLID_BREP ( 'Chamfer1', #1789 ) ;
#1762 = CARTESIAN_POINT ( 'NONE',  ( -7.500000000000001776, -5.500000000000000888, 0.000000000000000000 ) ) ;
#1763 = DIRECTION ( 'NONE',  ( 1.000000000000000000, 0.000000000000000000, 0.000000000000000000 ) ) ;
#1764 = DIRECTION ( 'NONE',  ( 1.000000000000000000, 0.000000000000000000, 0.000000000000000000 ) ) ;
#1765 = CARTESIAN_POINT ( 'NONE',  ( 0.4999999999999994449, 3.356283515140384921, 1.366701161510158968 ) ) ;
#1766 = DIRECTION ( 'NONE',  ( 0.000000000000000000, 0.000000000000000000, 1.000000000000000000 ) ) ;
#1767 = EDGE_LOOP ( 'NONE', ( #1760, #2607, #2801, #978 ) ) ;
#1768 = EDGE_CURVE ( 'NONE', #90, #883, #1436, .T. ) ;
#1769 = VERTEX_POINT ( 'NONE', #1534 ) ;
#1770 = DIRECTION ( 'NONE',  ( -0.000000000000000000, 0.000000000000000000, 1.000000000000000000 ) ) ;
#1771 = VERTEX_POINT ( 'NONE', #789 ) ;
#1772 = VERTEX_POINT ( 'NONE', #1903 ) ;
#1773 = LINE ( 'NONE', #2451, #1351 ) ;
#1774 = CARTESIAN_POINT ( 'NONE',  ( -4.900000000000000355, -5.181818181818181657, 3.000000000000000000 ) ) ;
#1775 = VERTEX_POINT ( 'NONE', #745 ) ;
#1776 = DIRECTION ( 'NONE',  ( 0.000000000000000000, 1.000000000000000000, 0.000000000000000000 ) ) ;
#1777 = CARTESIAN_POINT ( 'NONE',  ( -5.500000000000000888, 3.499999999999999556, 0.000000000000000000 ) ) ;
#1778 = PLANE ( 'NONE',  #1688 ) ;
#1779 = CARTESIAN_POINT ( 'NONE',  ( 14.50000000000000000, 7.500000000000000000, -10.00000000000000000 ) ) ;
#1780 = ORIENTED_EDGE ( 'NONE', *, *, #1269, .T. ) ;
#1781 = ORIENTED_EDGE ( 'NONE', *, *, #2723, .F. ) ;
#1782 = CARTESIAN_POINT ( 'NONE',  ( 11.00000000000000355, -7.500000000000000000, 0.5000000000000000000 ) ) ;
#1783 = ORIENTED_EDGE ( 'NONE', *, *, #1162, .F. ) ;
#1784 = CARTESIAN_POINT ( 'NONE',  ( -13.50000000000000178, 7.500000000000000000, 3.000000000000000000 ) ) ;
#1785 = EDGE_CURVE ( 'NONE', #1183, #2357, #2821, .T. ) ;
#1786 = DIRECTION ( 'NONE',  ( 1.000000000000000000, 0.000000000000000000, 0.000000000000000000 ) ) ;
#1787 = EDGE_CURVE ( 'NONE', #272, #1430, #1670, .T. ) ;
#1788 = EDGE_CURVE ( 'NONE', #2297, #2926, #1643, .T. ) ;
#1789 = CLOSED_SHELL ( 'NONE', ( #1913, #894, #1898, #363, #1706, #1749, #228, #2100, #263, #496, #1075, #2286, #2238, #355, #1846, #335, #420, #376, #580, #2915, #1605, #643, #13, #1873, #1745, #2917, #1514, #2468, #2535, #402, #2870, #1668, #1073, #2023, #166, #2010, #65, #2732, #459, #1029, #1531, #1877, #1233, #2630, #710, #1439, #2654, #1963, #2656, #1707, #2332, #181, #360, #967, #1993, #122, #492, #2407, #661, #2244, #2133, #1625, #798, #3008, #1970, #917, #1247, #1604, #2349, #268, #2909, #1874, #2989, #167, #1161, #144, #127, #1473, #2372, #677, #2956, #2101, #968, #1400, #276, #1433, #129, #1460, #2951 ) ) ;
#1790 = ORIENTED_EDGE ( 'NONE', *, *, #1738, .F. ) ;
#1791 = AXIS2_PLACEMENT_3D ( 'NONE', #2992, #216, #2044 ) ;
#1792 = DIRECTION ( 'NONE',  ( 1.000000000000000000, 0.000000000000000000, 0.000000000000000000 ) ) ;
#1793 = VECTOR ( 'NONE', #1299, 1000.000000000000000 ) ;
#1794 = FACE_OUTER_BOUND ( 'NONE', #1914, .T. ) ;
#1795 = CARTESIAN_POINT ( 'NONE',  ( 1.762194958653875365E-15, -5.310000000000000497, 0.000000000000000000 ) ) ;
#1796 = CARTESIAN_POINT ( 'NONE',  ( 9.500000000000001776, 7.500000000000000000, -10.00000000000000000 ) ) ;
#1797 = VECTOR ( 'NONE', #239, 1000.000000000000000 ) ;
#1798 = ORIENTED_EDGE ( 'NONE', *, *, #2388, .F. ) ;
#1799 = ORIENTED_EDGE ( 'NONE', *, *, #2245, .T. ) ;
#1800 = ORIENTED_EDGE ( 'NONE', *, *, #2783, .F. ) ;
#1801 = AXIS2_PLACEMENT_3D ( 'NONE', #1900, #724, #289 ) ;
#1802 = CARTESIAN_POINT ( 'NONE',  ( -13.50000000000000000, -7.500000000000000000, 3.000000000000000000 ) ) ;
#1803 = AXIS2_PLACEMENT_3D ( 'NONE', #852, #2863, #1766 ) ;
#1804 = EDGE_LOOP ( 'NONE', ( #546, #2790, #1481, #2283, #1093, #1347, #1500, #2024, #2000, #1798, #1974, #706, #2709, #584, #2919, #2500, #838, #2793, #674, #1640, #77, #1857, #2624, #1827, #2718, #1538 ) ) ;
#1805 = AXIS2_PLACEMENT_3D ( 'NONE', #2758, #876, #1547 ) ;
#1806 = FACE_OUTER_BOUND ( 'NONE', #2249, .T. ) ;
#1807 = AXIS2_PLACEMENT_3D ( 'NONE', #2991, #2247, #436 ) ;
#1808 = EDGE_CURVE ( 'NONE', #1080, #2020, #2627, .T. ) ;
#1809 = CARTESIAN_POINT ( 'NONE',  ( 16.50000000000000000, 7.500000000000000000, -10.00000000000000000 ) ) ;
#1810 = DIRECTION ( 'NONE',  ( 0.000000000000000000, 0.000000000000000000, 1.000000000000000000 ) ) ;
#1811 = EDGE_CURVE ( 'NONE', #323, #1015, #2157, .T. ) ;
#1812 = DIRECTION ( 'NONE',  ( 1.000000000000000000, 0.000000000000000000, 0.000000000000000000 ) ) ;
#1813 = CARTESIAN_POINT ( 'NONE',  ( -3.560000000000000497, 0.000000000000000000, 1.200000000000000178 ) ) ;
#1814 = ORIENTED_EDGE ( 'NONE', *, *, #401, .F. ) ;
#1815 = ORIENTED_EDGE ( 'NONE', *, *, #1566, .T. ) ;
#1816 = DIRECTION ( 'NONE',  ( -1.000000000000000000, 0.000000000000000000, 0.000000000000000000 ) ) ;
#1817 = ORIENTED_EDGE ( 'NONE', *, *, #874, .T. ) ;
#1818 = CARTESIAN_POINT ( 'NONE',  ( -5.500000000000000888, 6.000000000000000000, 3.000000000000000000 ) ) ;
#1819 = LINE ( 'NONE', #1606, #78 ) ;
#1820 = DIRECTION ( 'NONE',  ( -1.000000000000000000, -0.000000000000000000, -0.000000000000000000 ) ) ;
#1821 = CARTESIAN_POINT ( 'NONE',  ( -5.500000000000000888, 6.000000000000000000, 0.000000000000000000 ) ) ;
#1822 = DIRECTION ( 'NONE',  ( 0.000000000000000000, 0.000000000000000000, 1.000000000000000000 ) ) ;
#1823 = LINE ( 'NONE', #2742, #1306 ) ;
#1824 = FACE_OUTER_BOUND ( 'NONE', #2680, .T. ) ;
#1825 = ORIENTED_EDGE ( 'NONE', *, *, #2590, .T. ) ;
#1826 = EDGE_CURVE ( 'NONE', #1833, #143, #2114, .T. ) ;
#1827 = ORIENTED_EDGE ( 'NONE', *, *, #1381, .F. ) ;
#1828 = CARTESIAN_POINT ( 'NONE',  ( -13.50000000000000178, 7.500000000000000000, 3.000000000000000000 ) ) ;
#1829 = CARTESIAN_POINT ( 'NONE',  ( 0.000000000000000000, 0.000000000000000000, 1.000000000000000000 ) ) ;
#1830 = DIRECTION ( 'NONE',  ( -1.000000000000000000, -0.000000000000000000, -0.000000000000000000 ) ) ;
#1831 = LINE ( 'NONE', #11, #2523 ) ;
#1832 = ORIENTED_EDGE ( 'NONE', *, *, #311, .T. ) ;
#1833 = VERTEX_POINT ( 'NONE', #524 ) ;
#1834 = CARTESIAN_POINT ( 'NONE',  ( 4.650000000000000355, 5.694607616035192869E-16, 1.000000000000000000 ) ) ;
#1835 = AXIS2_PLACEMENT_3D ( 'NONE', #1007, #1918, #2835 ) ;
#1836 = DIRECTION ( 'NONE',  ( 0.000000000000000000, 0.000000000000000000, 1.000000000000000000 ) ) ;
#1837 = DIRECTION ( 'NONE',  ( -0.7071067811865493491, 0.000000000000000000, -0.7071067811865456854 ) ) ;
#1838 = EDGE_LOOP ( 'NONE', ( #254, #2717, #1694, #2899 ) ) ;
#1839 = CIRCLE ( 'NONE', #1983, 0.5000000000000004441 ) ;
#1840 = EDGE_LOOP ( 'NONE', ( #328, #2158, #1020, #2900 ) ) ;
#1841 = DIRECTION ( 'NONE',  ( 1.000000000000000000, 0.000000000000000000, -1.652117596168387756E-16 ) ) ;
#1842 = AXIS2_PLACEMENT_3D ( 'NONE', #519, #2077, #1651 ) ;
#1843 = VERTEX_POINT ( 'NONE', #1888 ) ;
#1844 = DIRECTION ( 'NONE',  ( -0.000000000000000000, 0.000000000000000000, 1.000000000000000000 ) ) ;
#1845 = EDGE_CURVE ( 'NONE', #2495, #1480, #471, .T. ) ;
#1846 = ADVANCED_FACE ( 'NONE', ( #2834 ), #513, .F. ) ;
#1847 = DIRECTION ( 'NONE',  ( -0.000000000000000000, -0.000000000000000000, -1.000000000000000000 ) ) ;
#1848 = VECTOR ( 'NONE', #2211, 1000.000000000000000 ) ;
#1849 = FACE_OUTER_BOUND ( 'NONE', #453, .T. ) ;
#1850 = AXIS2_PLACEMENT_3D ( 'NONE', #796, #850, #2839 ) ;
#1851 = VERTEX_POINT ( 'NONE', #501 ) ;
#1852 = VECTOR ( 'NONE', #215, 1000.000000000000000 ) ;
#1853 = APPLICATION_PROTOCOL_DEFINITION ( 'draft international standard', 'automotive_design', 1998, #960 ) ;
#1854 = CARTESIAN_POINT ( 'NONE',  ( 3.800000000000000266, 5.181818181818186098, 0.000000000000000000 ) ) ;
#1855 = DIRECTION ( 'NONE',  ( -0.000000000000000000, 1.000000000000000000, -0.000000000000000000 ) ) ;
#1856 = DIRECTION ( 'NONE',  ( -0.000000000000000000, -0.000000000000000000, 1.000000000000000000 ) ) ;
#1857 = ORIENTED_EDGE ( 'NONE', *, *, #550, .F. ) ;
#1858 = EDGE_LOOP ( 'NONE', ( #2716, #1543 ) ) ;
#1859 = ORIENTED_EDGE ( 'NONE', *, *, #2990, .F. ) ;
#1860 = LINE ( 'NONE', #2026, #2169 ) ;
#1861 = EDGE_CURVE ( 'NONE', #1045, #2827, #1255, .T. ) ;
#1862 = ORIENTED_EDGE ( 'NONE', *, *, #2816, .T. ) ;
#1863 = ORIENTED_EDGE ( 'NONE', *, *, #2854, .T. ) ;
#1864 = CARTESIAN_POINT ( 'NONE',  ( -13.50000000000000178, 4.500000000000000000, 0.000000000000000000 ) ) ;
#1865 = CARTESIAN_POINT ( 'NONE',  ( -13.50000000000000178, 7.500000000000000000, 3.000000000000000000 ) ) ;
#1866 = PLANE ( 'NONE',  #2425 ) ;
#1867 = EDGE_CURVE ( 'NONE', #1772, #2864, #42, .T. ) ;
#1868 = PLANE ( 'NONE',  #2711 ) ;
#1869 = ORIENTED_EDGE ( 'NONE', *, *, #2315, .T. ) ;
#1870 = DIRECTION ( 'NONE',  ( 0.000000000000000000, -1.000000000000000000, 0.000000000000000000 ) ) ;
#1871 = LINE ( 'NONE', #923, #2566 ) ;
#1872 = EDGE_LOOP ( 'NONE', ( #1459, #435, #951, #2196 ) ) ;
#1873 = ADVANCED_FACE ( 'NONE', ( #770 ), #1005, .T. ) ;
#1874 = ADVANCED_FACE ( 'NONE', ( #2394 ), #1470, .F. ) ;
#1875 = EDGE_CURVE ( 'NONE', #90, #619, #69, .T. ) ;
#1876 = CYLINDRICAL_SURFACE ( 'NONE', #1593, 1.100000000000000311 ) ;
#1877 = ADVANCED_FACE ( 'NONE', ( #2792 ), #728, .F. ) ;
#1878 = VECTOR ( 'NONE', #2697, 1000.000000000000000 ) ;
#1879 = EDGE_CURVE ( 'NONE', #469, #52, #822, .T. ) ;
#1880 = DIRECTION ( 'NONE',  ( -0.000000000000000000, 1.000000000000000000, -0.000000000000000000 ) ) ;
#1881 = DIRECTION ( 'NONE',  ( 0.000000000000000000, 0.000000000000000000, 1.000000000000000000 ) ) ;
#1882 = AXIS2_PLACEMENT_3D ( 'NONE', #2521, #2301, #2078 ) ;
#1883 = DIRECTION ( 'NONE',  ( -1.000000000000000000, 0.000000000000000000, 0.000000000000000000 ) ) ;
#1884 = VECTOR ( 'NONE', #768, 1000.000000000000000 ) ;
#1885 = FACE_OUTER_BOUND ( 'NONE', #1059, .T. ) ;
#1886 = VECTOR ( 'NONE', #2305, 1000.000000000000000 ) ;
#1887 = DIRECTION ( 'NONE',  ( 1.156482317317871478E-16, -1.000000000000000000, 0.000000000000000000 ) ) ;
#1888 = CARTESIAN_POINT ( 'NONE',  ( -4.999999999999999112, 0.000000000000000000, 0.000000000000000000 ) ) ;
#1889 = AXIS2_PLACEMENT_3D ( 'NONE', #878, #2287, #1325 ) ;
#1890 = MECHANICAL_DESIGN_GEOMETRIC_PRESENTATION_REPRESENTATION (  '', ( #2805 ), #2366 ) ;
#1891 = CARTESIAN_POINT ( 'NONE',  ( 15.00000000000000355, -7.500000000000000000, 1.000000000000001332 ) ) ;
#1892 = EDGE_CURVE ( 'NONE', #2183, #870, #1690, .T. ) ;
#1893 = AXIS2_PLACEMENT_3D ( 'NONE', #2762, #1159, #1134 ) ;
#1894 = FACE_OUTER_BOUND ( 'NONE', #1288, .T. ) ;
#1895 = AXIS2_PLACEMENT_3D ( 'NONE', #1742, #2386, #1764 ) ;
#1896 = DIRECTION ( 'NONE',  ( 0.000000000000000000, 0.000000000000000000, 1.000000000000000000 ) ) ;
#1897 = DIRECTION ( 'NONE',  ( 0.000000000000000000, 1.000000000000000000, 0.000000000000000000 ) ) ;
#1898 = ADVANCED_FACE ( 'NONE', ( #2916 ), #1286, .F. ) ;
#1899 = CYLINDRICAL_SURFACE ( 'NONE', #2657, 0.4999999999999995559 ) ;
#1900 = CARTESIAN_POINT ( 'NONE',  ( 3.800000000000000266, 5.181818181818186098, 0.000000000000000000 ) ) ;
#1901 = PLANE ( 'NONE',  #2477 ) ;
#1902 = DIRECTION ( 'NONE',  ( -0.000000000000000000, 1.000000000000000000, -0.000000000000000000 ) ) ;
#1903 = CARTESIAN_POINT ( 'NONE',  ( 11.00000000000000355, -7.500000000000000000, 1.000000000000001332 ) ) ;
#1904 = ORIENTED_EDGE ( 'NONE', *, *, #716, .T. ) ;
#1905 = VERTEX_POINT ( 'NONE', #2413 ) ;
#1906 = DIRECTION ( 'NONE',  ( -1.000000000000000000, -0.000000000000000000, -0.000000000000000000 ) ) ;
#1907 = DIRECTION ( 'NONE',  ( 1.000000000000000000, 0.000000000000000000, 0.000000000000000000 ) ) ;
#1908 = ORIENTED_EDGE ( 'NONE', *, *, #2412, .F. ) ;
#1909 = CARTESIAN_POINT ( 'NONE',  ( 7.500000000000000000, -7.500000000000000000, 0.000000000000000000 ) ) ;
#1910 = ORIENTED_EDGE ( 'NONE', *, *, #2469, .F. ) ;
#1911 = UNCERTAINTY_MEASURE_WITH_UNIT (LENGTH_MEASURE( 1.000000000000000082E-05 ), #20, 'distance_accuracy_value', 'NONE');
#1912 = FACE_OUTER_BOUND ( 'NONE', #2061, .T. ) ;
#1913 = ADVANCED_FACE ( 'NONE', ( #2689 ), #1556, .F. ) ;
#1914 = EDGE_LOOP ( 'NONE', ( #2818, #2940, #345, #2501 ) ) ;
#1915 = DIRECTION ( 'NONE',  ( -0.000000000000000000, -0.000000000000000000, -1.000000000000000000 ) ) ;
#1916 = CARTESIAN_POINT ( 'NONE',  ( -13.50000000000000178, 7.500000000000000000, 3.000000000000000000 ) ) ;
#1917 = ORIENTED_EDGE ( 'NONE', *, *, #1339, .F. ) ;
#1918 = DIRECTION ( 'NONE',  ( -1.000000000000000000, -4.625929269271485914E-16, 0.000000000000000000 ) ) ;
#1919 = VERTEX_POINT ( 'NONE', #339 ) ;
#1920 = DIRECTION ( 'NONE',  ( -0.000000000000000000, -0.000000000000000000, 1.000000000000000000 ) ) ;
#1921 = ORIENTED_EDGE ( 'NONE', *, *, #771, .F. ) ;
#1922 = DIRECTION ( 'NONE',  ( 0.000000000000000000, -0.000000000000000000, 1.000000000000000000 ) ) ;
#1923 = VERTEX_POINT ( 'NONE', #2187 ) ;
#1924 = DIRECTION ( 'NONE',  ( 0.000000000000000000, 0.000000000000000000, -1.000000000000000000 ) ) ;
#1925 = CYLINDRICAL_SURFACE ( 'NONE', #541, 3.309999999999999609 ) ;
#1926 = ORIENTED_EDGE ( 'NONE', *, *, #2153, .T. ) ;
#1927 = EDGE_CURVE ( 'NONE', #2671, #326, #1976, .T. ) ;
#1928 = VERTEX_POINT ( 'NONE', #2883 ) ;
#1929 = VECTOR ( 'NONE', #1562, 1000.000000000000000 ) ;
#1930 = DIRECTION ( 'NONE',  ( -0.000000000000000000, 1.000000000000000000, -0.000000000000000000 ) ) ;
#1931 = DIRECTION ( 'NONE',  ( -3.787379036400652809E-16, -1.000000000000000000, -0.000000000000000000 ) ) ;
#1932 = DIRECTION ( 'NONE',  ( 1.000000000000000000, 0.000000000000000000, 0.000000000000000000 ) ) ;
#1933 = ORIENTED_EDGE ( 'NONE', *, *, #186, .T. ) ;
#1934 = VECTOR ( 'NONE', #953, 1000.000000000000000 ) ;
#1935 = EDGE_CURVE ( 'NONE', #2976, #930, #1756, .T. ) ;
#1936 = EDGE_CURVE ( 'NONE', #1611, #2827, #2478, .T. ) ;
#1937 = CARTESIAN_POINT ( 'NONE',  ( -13.50000000000000000, -1.500000000000000444, 3.000000000000000000 ) ) ;
#1938 = AXIS2_PLACEMENT_3D ( 'NONE', #1026, #849, #1461 ) ;
#1939 = VECTOR ( 'NONE', #804, 1000.000000000000000 ) ;
#1940 = CARTESIAN_POINT ( 'NONE',  ( -5.500000000000000000, 0.000000000000000000, 3.000000000000000000 ) ) ;
#1941 = ORIENTED_EDGE ( 'NONE', *, *, #1276, .T. ) ;
#1942 = LINE ( 'NONE', #832, #2180 ) ;
#1943 = EDGE_LOOP ( 'NONE', ( #1718, #2378, #624, #2823 ) ) ;
#1944 = CIRCLE ( 'NONE', #1650, 0.5000000000000000000 ) ;
#1945 = CARTESIAN_POINT ( 'NONE',  ( 0.000000000000000000, 0.000000000000000000, 1.000000000000000000 ) ) ;
#1946 = LINE ( 'NONE', #2686, #2324 ) ;
#1947 = VERTEX_POINT ( 'NONE', #1431 ) ;
#1948 = MECHANICAL_DESIGN_GEOMETRIC_PRESENTATION_REPRESENTATION (  '', ( #1689 ), #1555 ) ;
#1949 = CARTESIAN_POINT ( 'NONE',  ( -0.4999999999999987232, -7.500000000000000000, 3.000000000000000000 ) ) ;
#1950 = LINE ( 'NONE', #1532, #1594 ) ;
#1951 = CARTESIAN_POINT ( 'NONE',  ( -4.999999999999999112, 0.000000000000000000, 0.000000000000000000 ) ) ;
#1952 = EDGE_LOOP ( 'NONE', ( #2561, #97, #493, #1223 ) ) ;
#1953 = DIRECTION ( 'NONE',  ( -0.000000000000000000, 1.000000000000000000, -0.000000000000000000 ) ) ;
#1954 = ORIENTED_EDGE ( 'NONE', *, *, #2296, .F. ) ;
#1955 = LINE ( 'NONE', #1536, #2708 ) ;
#1956 = CARTESIAN_POINT ( 'NONE',  ( -13.50000000000000178, 3.499999999999999556, 0.000000000000000000 ) ) ;
#1957 = EDGE_LOOP ( 'NONE', ( #1992, #1038, #371, #2304 ) ) ;
#1958 = ORIENTED_EDGE ( 'NONE', *, *, #1654, .F. ) ;
#1959 = DIRECTION ( 'NONE',  ( -0.000000000000000000, 1.000000000000000000, -0.000000000000000000 ) ) ;
#1960 = VERTEX_POINT ( 'NONE', #962 ) ;
#1961 = CARTESIAN_POINT ( 'NONE',  ( 4.650000000000000355, 5.694607616035192869E-16, 1.000000000000000000 ) ) ;
#1962 = CARTESIAN_POINT ( 'NONE',  ( -13.50000000000000178, -0.5000000000000004441, 3.000000000000000000 ) ) ;
#1963 = ADVANCED_FACE ( 'NONE', ( #510 ), #1868, .F. ) ;
#1964 = EDGE_CURVE ( 'NONE', #2831, #795, #1235, .T. ) ;
#1965 = LINE ( 'NONE', #310, #2802 ) ;
#1966 = ORIENTED_EDGE ( 'NONE', *, *, #1381, .T. ) ;
#1967 = CARTESIAN_POINT ( 'NONE',  ( -5.500000000000000000, 2.000000000000000000, 0.000000000000000000 ) ) ;
#1968 = ORIENTED_EDGE ( 'NONE', *, *, #1017, .T. ) ;
#1969 = EDGE_CURVE ( 'NONE', #272, #1714, #342, .T. ) ;
#1970 = ADVANCED_FACE ( 'NONE', ( #1638 ), #302, .F. ) ;
#1971 = CARTESIAN_POINT ( 'NONE',  ( -7.500000000000001776, -4.000000000000000000, 0.000000000000000000 ) ) ;
#1972 = DIRECTION ( 'NONE',  ( 0.000000000000000000, -1.000000000000000000, 0.000000000000000000 ) ) ;
#1973 = ORIENTED_EDGE ( 'NONE', *, *, #1143, .F. ) ;
#1974 = ORIENTED_EDGE ( 'NONE', *, *, #2464, .F. ) ;
#1975 = LINE ( 'NONE', #2231, #2361 ) ;
#1976 = LINE ( 'NONE', #2897, #1939 ) ;
#1977 = CIRCLE ( 'NONE', #2168, 0.5000000000000004441 ) ;
#1978 = DIRECTION ( 'NONE',  ( 0.000000000000000000, 0.000000000000000000, -1.000000000000000000 ) ) ;
#1979 = ORIENTED_EDGE ( 'NONE', *, *, #2485, .T. ) ;
#1980 = ORIENTED_EDGE ( 'NONE', *, *, #262, .T. ) ;
#1981 = AXIS2_PLACEMENT_3D ( 'NONE', #2567, #2806, #2833 ) ;
#1982 = DIRECTION ( 'NONE',  ( 0.000000000000000000, 1.000000000000000000, 0.000000000000000000 ) ) ;
#1983 = AXIS2_PLACEMENT_3D ( 'NONE', #2170, #2678, #2658 ) ;
#1984 = CIRCLE ( 'NONE', #586, 0.5000000000000000000 ) ;
#1985 = CARTESIAN_POINT ( 'NONE',  ( 0.5000000000000000000, 7.500000000000000000, 3.000000000000000000 ) ) ;
#1986 = EDGE_CURVE ( 'NONE', #831, #2700, #2176, .T. ) ;
#1987 = CARTESIAN_POINT ( 'NONE',  ( 13.00000000000000355, -7.500000000000000000, 1.000000000000001332 ) ) ;
#1988 = AXIS2_PLACEMENT_3D ( 'NONE', #2544, #1171, #206 ) ;
#1989 = AXIS2_PLACEMENT_3D ( 'NONE', #2539, #197, #2743 ) ;
#1990 = CARTESIAN_POINT ( 'NONE',  ( 9.000000000000003553, 7.500000000000000000, 1.000000000000001332 ) ) ;
#1991 = LINE ( 'NONE', #2911, #786 ) ;
#1992 = ORIENTED_EDGE ( 'NONE', *, *, #1879, .F. ) ;
#1993 = ADVANCED_FACE ( 'NONE', ( #2376 ), #2122, .F. ) ;
#1994 = VERTEX_POINT ( 'NONE', #2344 ) ;
#1995 = CIRCLE ( 'NONE', #1850, 0.5000000000000013323 ) ;
#1996 = FACE_OUTER_BOUND ( 'NONE', #1662, .T. ) ;
#1997 = VECTOR ( 'NONE', #2749, 1000.000000000000000 ) ;
#1998 = DIRECTION ( 'NONE',  ( -0.000000000000000000, -0.000000000000000000, 1.000000000000000000 ) ) ;
#1999 = CARTESIAN_POINT ( 'NONE',  ( -2.700000000000000178, -5.181818181818181657, 0.000000000000000000 ) ) ;
#2000 = ORIENTED_EDGE ( 'NONE', *, *, #815, .F. ) ;
#2001 = EDGE_LOOP ( 'NONE', ( #881, #308, #2038, #2642 ) ) ;
#2002 = LINE ( 'NONE', #2921, #1259 ) ;
#2003 = DIRECTION ( 'NONE',  ( -1.156482317317871478E-16, 1.000000000000000000, 0.000000000000000000 ) ) ;
#2004 = DIRECTION ( 'NONE',  ( -1.000000000000000000, 0.000000000000000000, 0.000000000000000000 ) ) ;
#2005 = CARTESIAN_POINT ( 'NONE',  ( -7.500000000000001776, -4.000000000000000000, 0.000000000000000000 ) ) ;
#2006 = CARTESIAN_POINT ( 'NONE',  ( -5.500000000000000000, -0.5000000000000000000, 3.000000000000000000 ) ) ;
#2007 = EDGE_LOOP ( 'NONE', ( #2602, #2397, #1254, #415 ) ) ;
#2008 = ORIENTED_EDGE ( 'NONE', *, *, #2872, .F. ) ;
#2009 = EDGE_CURVE ( 'NONE', #2969, #2164, #2605, .T. ) ;
#2010 = ADVANCED_FACE ( 'NONE', ( #2564 ), #1925, .F. ) ;
#2011 = LINE ( 'NONE', #1318, #31 ) ;
#2012 = ORIENTED_EDGE ( 'NONE', *, *, #583, .T. ) ;
#2013 = DIRECTION ( 'NONE',  ( 0.000000000000000000, 1.000000000000000000, 0.000000000000000000 ) ) ;
#2014 = CARTESIAN_POINT ( 'NONE',  ( -0.4999999999999982792, -5.310000000000000497, 0.000000000000000000 ) ) ;
#2015 = CARTESIAN_POINT ( 'NONE',  ( -7.500000000000001776, -4.500000000000000888, 0.000000000000000000 ) ) ;
#2016 = DIRECTION ( 'NONE',  ( -0.000000000000000000, -0.000000000000000000, 1.000000000000000000 ) ) ;
#2017 = CARTESIAN_POINT ( 'NONE',  ( -3.800000000000000266, -5.181818181818181657, 3.000000000000000000 ) ) ;
#2018 = DIRECTION ( 'NONE',  ( 0.000000000000000000, 0.000000000000000000, 1.000000000000000000 ) ) ;
#2019 = ORIENTED_EDGE ( 'NONE', *, *, #2694, .F. ) ;
#2020 = VERTEX_POINT ( 'NONE', #2588 ) ;
#2021 = CARTESIAN_POINT ( 'NONE',  ( 8.500000000000000000, 7.500000000000000000, -10.00000000000000000 ) ) ;
#2022 = DIRECTION ( 'NONE',  ( 1.000000000000000000, 1.156482317317871478E-16, -0.000000000000000000 ) ) ;
#2023 = ADVANCED_FACE ( 'NONE', ( #7 ), #1221, .F. ) ;
#2024 = ORIENTED_EDGE ( 'NONE', *, *, #2191, .T. ) ;
#2025 = CARTESIAN_POINT ( 'NONE',  ( -0.4999999999999995559, 3.766961640367472608, 1.000000000000000000 ) ) ;
#2026 = CARTESIAN_POINT ( 'NONE',  ( 7.500000000000001776, 7.500000000000000000, -10.00000000000000000 ) ) ;
#2027 = VECTOR ( 'NONE', #627, 1000.000000000000000 ) ;
#2028 = EDGE_CURVE ( 'NONE', #177, #296, #2855, .T. ) ;
#2029 = ORIENTED_EDGE ( 'NONE', *, *, #1129, .F. ) ;
#2030 = AXIS2_PLACEMENT_3D ( 'NONE', #423, #1847, #2967 ) ;
#2031 = CARTESIAN_POINT ( 'NONE',  ( -13.50000000000000178, 7.500000000000000000, 3.000000000000000000 ) ) ;
#2032 = VECTOR ( 'NONE', #10, 1000.000000000000000 ) ;
#2033 = CARTESIAN_POINT ( 'NONE',  ( -5.500000000000000000, -2.000000000000000000, 0.000000000000000000 ) ) ;
#2034 = CARTESIAN_POINT ( 'NONE',  ( 16.50000000000000000, 7.500000000000000000, -10.00000000000000000 ) ) ;
#2035 = DIRECTION ( 'NONE',  ( 0.000000000000000000, -1.000000000000000000, 0.000000000000000000 ) ) ;
#2036 = VECTOR ( 'NONE', #2373, 1000.000000000000000 ) ;
#2037 = ORIENTED_EDGE ( 'NONE', *, *, #1879, .T. ) ;
#2038 = ORIENTED_EDGE ( 'NONE', *, *, #1017, .F. ) ;
#2039 = VECTOR ( 'NONE', #1300, 1000.000000000000000 ) ;
#2040 = DIRECTION ( 'NONE',  ( 1.000000000000000000, 0.000000000000000000, 0.000000000000000000 ) ) ;
#2041 = CIRCLE ( 'NONE', #3005, 0.5000000000000004441 ) ;
#2042 = ORIENTED_EDGE ( 'NONE', *, *, #2436, .F. ) ;
#2043 = VECTOR ( 'NONE', #137, 1000.000000000000000 ) ;
#2044 = DIRECTION ( 'NONE',  ( 1.000000000000000000, 0.000000000000000000, 0.000000000000000000 ) ) ;
#2045 = VERTEX_POINT ( 'NONE', #2139 ) ;
#2046 = EDGE_CURVE ( 'NONE', #2831, #1775, #2129, .T. ) ;
#2047 = CARTESIAN_POINT ( 'NONE',  ( 11.00000000000000355, -7.500000000000000000, 0.5000000000000000000 ) ) ;
#2048 = CARTESIAN_POINT ( 'NONE',  ( 3.800000000000000266, 5.181818181818186098, 0.000000000000000000 ) ) ;
#2049 = DIRECTION ( 'NONE',  ( -1.000000000000000000, 0.000000000000000000, 0.000000000000000000 ) ) ;
#2050 =( NAMED_UNIT ( * ) SI_UNIT ( $, .STERADIAN. ) SOLID_ANGLE_UNIT ( ) );
#2051 = PLANE ( 'NONE',  #1558 ) ;
#2052 = EDGE_LOOP ( 'NONE', ( #2019, #1933, #2983, #1647 ) ) ;
#2053 = ORIENTED_EDGE ( 'NONE', *, *, #267, .F. ) ;
#2054 = LINE ( 'NONE', #2733, #389 ) ;
#2055 = EDGE_LOOP ( 'NONE', ( #517, #1181, #2073, #2577 ) ) ;
#2056 = CARTESIAN_POINT ( 'NONE',  ( -7.500000000000001776, -6.500000000000000888, 0.000000000000000000 ) ) ;
#2057 = DIRECTION ( 'NONE',  ( -0.000000000000000000, 1.000000000000000000, -0.000000000000000000 ) ) ;
#2058 = DIRECTION ( 'NONE',  ( 1.000000000000000000, 0.000000000000000000, 0.000000000000000000 ) ) ;
#2059 = DIRECTION ( 'NONE',  ( -3.787379036400652809E-16, -1.000000000000000000, 0.000000000000000000 ) ) ;
#2060 = ORIENTED_EDGE ( 'NONE', *, *, #1039, .T. ) ;
#2061 = EDGE_LOOP ( 'NONE', ( #578, #2159, #801, #2701 ) ) ;
#2062 = LINE ( 'NONE', #2031, #2091 ) ;
#2063 = EDGE_CURVE ( 'NONE', #819, #1703, #1084, .T. ) ;
#2064 = DIRECTION ( 'NONE',  ( -0.000000000000000000, 1.000000000000000000, 0.000000000000000000 ) ) ;
#2065 = CARTESIAN_POINT ( 'NONE',  ( -13.50000000000000178, -5.500000000000000000, 3.000000000000000000 ) ) ;
#2066 = DIRECTION ( 'NONE',  ( 1.000000000000000000, 0.000000000000000000, -1.652117596168387756E-16 ) ) ;
#2067 = EDGE_LOOP ( 'NONE', ( #1050, #1240, #114, #2593 ) ) ;
#2068 = VERTEX_POINT ( 'NONE', #1697 ) ;
#2069 = EDGE_CURVE ( 'NONE', #1135, #421, #2274, .T. ) ;
#2070 = ORIENTED_EDGE ( 'NONE', *, *, #227, .T. ) ;
#2071 = CARTESIAN_POINT ( 'NONE',  ( -13.50000000000000178, -4.500000000000000888, 0.000000000000000000 ) ) ;
#2072 = DIRECTION ( 'NONE',  ( -1.000000000000000000, -0.000000000000000000, -0.000000000000000000 ) ) ;
#2073 = ORIENTED_EDGE ( 'NONE', *, *, #124, .T. ) ;
#2074 = CIRCLE ( 'NONE', #2215, 1.100000000000000311 ) ;
#2075 = CARTESIAN_POINT ( 'NONE',  ( 0.000000000000000000, 0.000000000000000000, -10.00000000000000000 ) ) ;
#2076 = CIRCLE ( 'NONE', #1735, 0.5000000000000013323 ) ;
#2077 = DIRECTION ( 'NONE',  ( 0.000000000000000000, 0.000000000000000000, -1.000000000000000000 ) ) ;
#2078 = DIRECTION ( 'NONE',  ( -1.000000000000000000, 0.000000000000000000, 0.000000000000000000 ) ) ;
#2079 = FACE_OUTER_BOUND ( 'NONE', #2789, .T. ) ;
#2080 = ORIENTED_EDGE ( 'NONE', *, *, #2748, .T. ) ;
#2081 = VECTOR ( 'NONE', #2181, 1000.000000000000000 ) ;
#2082 = CIRCLE ( 'NONE', #636, 0.5000000000000004441 ) ;
#2083 = CARTESIAN_POINT ( 'NONE',  ( 13.50000000000000178, 7.500000000000000000, -10.00000000000000000 ) ) ;
#2084 = CARTESIAN_POINT ( 'NONE',  ( 15.50000000000000178, -7.500000000000000000, -10.00000000000000000 ) ) ;
#2085 = AXIS2_PLACEMENT_3D ( 'NONE', #1287, #117, #607 ) ;
#2086 = CIRCLE ( 'NONE', #538, 0.4999999999999995559 ) ;
#2087 = CARTESIAN_POINT ( 'NONE',  ( -13.50000000000000178, 1.499999999999999556, 0.000000000000000000 ) ) ;
#2088 = AXIS2_PLACEMENT_3D ( 'NONE', #1956, #2879, #1726 ) ;
#2089 = DIRECTION ( 'NONE',  ( -0.000000000000000000, -0.000000000000000000, 1.000000000000000000 ) ) ;
#2090 = ORIENTED_EDGE ( 'NONE', *, *, #2488, .F. ) ;
#2091 = VECTOR ( 'NONE', #2936, 1000.000000000000000 ) ;
#2092 = EDGE_LOOP ( 'NONE', ( #3004, #75, #2115, #2460 ) ) ;
#2093 = DIRECTION ( 'NONE',  ( 0.000000000000000000, 0.000000000000000000, 1.000000000000000000 ) ) ;
#2094 = CARTESIAN_POINT ( 'NONE',  ( 15.00000000000000355, 7.500000000000000000, 1.000000000000001332 ) ) ;
#2095 = SURFACE_SIDE_STYLE ('',( #1158 ) ) ;
#2096 = CARTESIAN_POINT ( 'NONE',  ( -13.50000000000000178, 7.500000000000000000, 3.000000000000000000 ) ) ;
#2097 = ORIENTED_EDGE ( 'NONE', *, *, #676, .F. ) ;
#2098 = DIRECTION ( 'NONE',  ( 0.000000000000000000, 0.000000000000000000, -1.000000000000000000 ) ) ;
#2099 = EDGE_LOOP ( 'NONE', ( #2152, #1869, #1163, #2780, #2514, #875, #2779, #571, #2962, #2400, #43, #2662, #2185, #1297, #2070, #2205, #2368, #1188, #2597, #1236, #760, #151, #2141, #1315, #2621, #1354 ) ) ;
#2100 = ADVANCED_FACE ( 'NONE', ( #555 ), #1201, .F. ) ;
#2101 = ADVANCED_FACE ( 'NONE', ( #1912 ), #765, .F. ) ;
#2102 = DIRECTION ( 'NONE',  ( 0.000000000000000000, 0.000000000000000000, 1.000000000000000000 ) ) ;
#2103 = CARTESIAN_POINT ( 'NONE',  ( 13.00000000000000355, 7.500000000000000000, 0.5000000000000000000 ) ) ;
#2104 = EDGE_LOOP ( 'NONE', ( #1610, #1097, #2687, #2565 ) ) ;
#2105 = EDGE_CURVE ( 'NONE', #2377, #1843, #2041, .T. ) ;
#2106 = CYLINDRICAL_SURFACE ( 'NONE', #1401, 4.650000000000000355 ) ;
#2107 = CYLINDRICAL_SURFACE ( 'NONE', #932, 0.5000000000000004441 ) ;
#2108 = PLANE ( 'NONE',  #2221 ) ;
#2109 = CARTESIAN_POINT ( 'NONE',  ( 11.00000000000000355, 7.500000000000000000, 0.5000000000000000000 ) ) ;
#2110 = ORIENTED_EDGE ( 'NONE', *, *, #2850, .F. ) ;
#2111 = DIRECTION ( 'NONE',  ( 0.000000000000000000, 0.000000000000000000, 1.000000000000000000 ) ) ;
#2112 = CARTESIAN_POINT ( 'NONE',  ( 0.4999999999999982792, -5.310000000000000497, 3.000000000000000000 ) ) ;
#2113 = EDGE_CURVE ( 'NONE', #1399, #1151, #2807, .T. ) ;
#2114 = LINE ( 'NONE', #1661, #2127 ) ;
#2115 = ORIENTED_EDGE ( 'NONE', *, *, #683, .F. ) ;
#2116 = EDGE_CURVE ( 'NONE', #2495, #2700, #2227, .T. ) ;
#2117 = VECTOR ( 'NONE', #2968, 1000.000000000000000 ) ;
#2118 = DIRECTION ( 'NONE',  ( -1.000000000000000000, 0.000000000000000000, 0.000000000000000000 ) ) ;
#2119 = LINE ( 'NONE', #35, #44 ) ;
#2120 = ORIENTED_EDGE ( 'NONE', *, *, #1345, .F. ) ;
#2121 = VECTOR ( 'NONE', #890, 1000.000000000000000 ) ;
#2122 = PLANE ( 'NONE',  #1366 ) ;
#2123 = VECTOR ( 'NONE', #1076, 1000.000000000000000 ) ;
#2124 = EDGE_CURVE ( 'NONE', #1572, #779, #1946, .T. ) ;
#2125 = CARTESIAN_POINT ( 'NONE',  ( 13.50000000000000355, -7.500000000000000000, 0.4999999999999998890 ) ) ;
#2126 = DIRECTION ( 'NONE',  ( -1.652117596168387756E-16, -0.000000000000000000, -1.000000000000000000 ) ) ;
#2127 = VECTOR ( 'NONE', #993, 1000.000000000000000 ) ;
#2128 = ORIENTED_EDGE ( 'NONE', *, *, #909, .F. ) ;
#2129 = CIRCLE ( 'NONE', #691, 0.5000000000000004441 ) ;
#2130 = ORIENTED_EDGE ( 'NONE', *, *, #773, .T. ) ;
#2131 = AXIS2_PLACEMENT_3D ( 'NONE', #385, #581, #149 ) ;
#2132 = CYLINDRICAL_SURFACE ( 'NONE', #1305, 0.5000000000000013323 ) ;
#2133 = ADVANCED_FACE ( 'NONE', ( #2429 ), #1032, .F. ) ;
#2134 = EDGE_CURVE ( 'NONE', #779, #2795, #351, .T. ) ;
#2135 = AXIS2_PLACEMENT_3D ( 'NONE', #313, #1294, #382 ) ;
#2136 = DIRECTION ( 'NONE',  ( -0.000000000000000000, -0.000000000000000000, 1.000000000000000000 ) ) ;
#2137 = ORIENTED_EDGE ( 'NONE', *, *, #1964, .F. ) ;
#2138 = DIRECTION ( 'NONE',  ( 0.000000000000000000, 1.000000000000000000, 0.000000000000000000 ) ) ;
#2139 = CARTESIAN_POINT ( 'NONE',  ( 0.4999999999999996669, 4.623040125285525548, 0.000000000000000000 ) ) ;
#2140 = ORIENTED_EDGE ( 'NONE', *, *, #2813, .F. ) ;
#2141 = ORIENTED_EDGE ( 'NONE', *, *, #2454, .F. ) ;
#2142 = CARTESIAN_POINT ( 'NONE',  ( -13.50000000000000178, -5.500000000000000000, 0.000000000000000000 ) ) ;
#2143 = DIRECTION ( 'NONE',  ( -0.000000000000000000, 1.000000000000000000, -0.000000000000000000 ) ) ;
#2144 = EDGE_LOOP ( 'NONE', ( #2846, #1448, #648, #1673 ) ) ;
#2145 = ORIENTED_EDGE ( 'NONE', *, *, #2797, .F. ) ;
#2146 = DIRECTION ( 'NONE',  ( -1.000000000000000000, 0.000000000000000000, 0.000000000000000000 ) ) ;
#2147 = CARTESIAN_POINT ( 'NONE',  ( 11.50000000000000178, -7.500000000000000000, -10.00000000000000000 ) ) ;
#2148 = ORIENTED_EDGE ( 'NONE', *, *, #1215, .T. ) ;
#2149 = LINE ( 'NONE', #1191, #2618 ) ;
#2150 = ORIENTED_EDGE ( 'NONE', *, *, #1310, .T. ) ;
#2151 = DIRECTION ( 'NONE',  ( 1.214255053933703751E-16, 1.000000000000000000, 0.000000000000000000 ) ) ;
#2152 = ORIENTED_EDGE ( 'NONE', *, *, #997, .F. ) ;
#2153 = EDGE_CURVE ( 'NONE', #1183, #1462, #2670, .T. ) ;
#2154 = EDGE_CURVE ( 'NONE', #2730, #2589, #600, .T. ) ;
#2155 = ORIENTED_EDGE ( 'NONE', *, *, #946, .F. ) ;
#2156 = CARTESIAN_POINT ( 'NONE',  ( -4.999999999999999112, 2.000000000000000000, 3.000000000000000000 ) ) ;
#2157 = LINE ( 'NONE', #758, #2272 ) ;
#2158 = ORIENTED_EDGE ( 'NONE', *, *, #1332, .F. ) ;
#2159 = ORIENTED_EDGE ( 'NONE', *, *, #2596, .F. ) ;
#2160 = ORIENTED_EDGE ( 'NONE', *, *, #2783, .T. ) ;
#2161 = CARTESIAN_POINT ( 'NONE',  ( 16.50000000000000000, -7.500000000000000000, -10.00000000000000000 ) ) ;
#2162 = ORIENTED_EDGE ( 'NONE', *, *, #27, .F. ) ;
#2163 = DIRECTION ( 'NONE',  ( -0.000000000000000000, -0.000000000000000000, 1.000000000000000000 ) ) ;
#2164 = VERTEX_POINT ( 'NONE', #2198 ) ;
#2165 = CARTESIAN_POINT ( 'NONE',  ( -5.500000000000000888, 5.500000000000000000, 0.000000000000000000 ) ) ;
#2166 = DIRECTION ( 'NONE',  ( 0.000000000000000000, 0.000000000000000000, 1.000000000000000000 ) ) ;
#2167 = ORIENTED_EDGE ( 'NONE', *, *, #610, .T. ) ;
#2168 = AXIS2_PLACEMENT_3D ( 'NONE', #1202, #452, #2766 ) ;
#2169 = VECTOR ( 'NONE', #1631, 1000.000000000000000 ) ;
#2170 = CARTESIAN_POINT ( 'NONE',  ( -5.500000000000000000, 0.000000000000000000, 0.000000000000000000 ) ) ;
#2171 = DIRECTION ( 'NONE',  ( 0.000000000000000000, -1.000000000000000000, 0.000000000000000000 ) ) ;
#2172 = CARTESIAN_POINT ( 'NONE',  ( 0.4999999999999996669, 4.623040125285525548, 1.000000000000000000 ) ) ;
#2173 = EDGE_LOOP ( 'NONE', ( #2852, #119, #814, #1425 ) ) ;
#2174 = VECTOR ( 'NONE', #2891, 1000.000000000000000 ) ;
#2175 = AXIS2_PLACEMENT_3D ( 'NONE', #2973, #2958, #446 ) ;
#2176 = CIRCLE ( 'NONE', #2905, 3.309999999999999609 ) ;
#2177 = DIRECTION ( 'NONE',  ( -0.000000000000000000, -0.000000000000000000, 1.000000000000000000 ) ) ;
#2178 = DIRECTION ( 'NONE',  ( 1.000000000000000000, 0.000000000000000000, 0.000000000000000000 ) ) ;
#2179 = VECTOR ( 'NONE', #2018, 1000.000000000000000 ) ;
#2180 = VECTOR ( 'NONE', #1090, 1000.000000000000000 ) ;
#2181 = DIRECTION ( 'NONE',  ( -0.000000000000000000, -0.000000000000000000, -1.000000000000000000 ) ) ;
#2182 = LINE ( 'NONE', #112, #1513 ) ;
#2183 = VERTEX_POINT ( 'NONE', #1511 ) ;
#2184 = AXIS2_PLACEMENT_3D ( 'NONE', #1560, #203, #2768 ) ;
#2185 = ORIENTED_EDGE ( 'NONE', *, *, #2546, .T. ) ;
#2186 = CARTESIAN_POINT ( 'NONE',  ( -13.50000000000000000, -2.500000000000000444, 0.000000000000000000 ) ) ;
#2187 = CARTESIAN_POINT ( 'NONE',  ( 3.309999999999999609, 4.053580905177738768E-16, 1.449999999999999956 ) ) ;
#2188 = EDGE_CURVE ( 'NONE', #858, #52, #1464, .T. ) ;
#2189 = CARTESIAN_POINT ( 'NONE',  ( 11.00000000000000355, 7.500000000000000000, 1.000000000000001332 ) ) ;
#2190 = VERTEX_POINT ( 'NONE', #2892 ) ;
#2191 = EDGE_CURVE ( 'NONE', #326, #2730, #1092, .T. ) ;
#2192 = PLANE ( 'NONE',  #2994 ) ;
#2193 = EDGE_CURVE ( 'NONE', #17, #30, #1491, .T. ) ;
#2194 = DIRECTION ( 'NONE',  ( -0.000000000000000000, -0.000000000000000000, 1.000000000000000000 ) ) ;
#2195 = CARTESIAN_POINT ( 'NONE',  ( -5.000000000000000888, 4.000000000000000000, 0.000000000000000000 ) ) ;
#2196 = ORIENTED_EDGE ( 'NONE', *, *, #412, .F. ) ;
#2197 = DIRECTION ( 'NONE',  ( 0.000000000000000000, 0.000000000000000000, 1.000000000000000000 ) ) ;
#2198 = CARTESIAN_POINT ( 'NONE',  ( -7.500000000000001776, -4.500000000000000888, 3.000000000000000000 ) ) ;
#2199 = ORIENTED_EDGE ( 'NONE', *, *, #2872, .T. ) ;
#2200 = ORIENTED_EDGE ( 'NONE', *, *, #2105, .F. ) ;
#2201 = ORIENTED_EDGE ( 'NONE', *, *, #1358, .F. ) ;
#2202 = DIRECTION ( 'NONE',  ( 0.000000000000000000, -0.000000000000000000, -1.000000000000000000 ) ) ;
#2203 = CARTESIAN_POINT ( 'NONE',  ( 2.700000000000000178, 5.181818181818186098, 0.000000000000000000 ) ) ;
#2204 = EDGE_LOOP ( 'NONE', ( #1979, #1207, #576, #1598 ) ) ;
#2205 = ORIENTED_EDGE ( 'NONE', *, *, #2590, .F. ) ;
#2206 = EDGE_CURVE ( 'NONE', #2415, #2217, #2182, .T. ) ;
#2207 = CARTESIAN_POINT ( 'NONE',  ( 9.000000000000003553, -7.500000000000000000, 1.000000000000001332 ) ) ;
#2208 = DIRECTION ( 'NONE',  ( 1.000000000000000000, 0.000000000000000000, 0.000000000000000000 ) ) ;
#2209 = CARTESIAN_POINT ( 'NONE',  ( -13.50000000000000178, -5.500000000000000000, 0.000000000000000000 ) ) ;
#2210 = CARTESIAN_POINT ( 'NONE',  ( 0.4999999999999995559, 3.272017726113352953, 1.449999999999999956 ) ) ;
#2211 = DIRECTION ( 'NONE',  ( -0.000000000000000000, -0.000000000000000000, 1.000000000000000000 ) ) ;
#2212 = VERTEX_POINT ( 'NONE', #2006 ) ;
#2213 = ORIENTED_EDGE ( 'NONE', *, *, #359, .T. ) ;
#2214 = CARTESIAN_POINT ( 'NONE',  ( -0.4999999999999990563, -7.500000000000000000, 0.000000000000000000 ) ) ;
#2215 = AXIS2_PLACEMENT_3D ( 'NONE', #2604, #537, #1655 ) ;
#2216 = LINE ( 'NONE', #790, #2427 ) ;
#2217 = VERTEX_POINT ( 'NONE', #836 ) ;
#2218 = AXIS2_PLACEMENT_3D ( 'NONE', #1682, #2022, #201 ) ;
#2219 = FACE_OUTER_BOUND ( 'NONE', #170, .T. ) ;
#2220 = CIRCLE ( 'NONE', #1457, 3.799999999999999822 ) ;
#2221 = AXIS2_PLACEMENT_3D ( 'NONE', #1199, #2118, #1896 ) ;
#2222 = LINE ( 'NONE', #2195, #2230 ) ;
#2223 = AXIS2_PLACEMENT_3D ( 'NONE', #2346, #1205, #1238 ) ;
#2224 = EDGE_CURVE ( 'NONE', #1389, #1573, #80, .T. ) ;
#2225 = CIRCLE ( 'NONE', #1648, 0.5000000000000013323 ) ;
#2226 = CARTESIAN_POINT ( 'NONE',  ( -5.500000000000000000, 2.000000000000000000, 3.000000000000000000 ) ) ;
#2227 = LINE ( 'NONE', #1251, #1128 ) ;
#2228 = ORIENTED_EDGE ( 'NONE', *, *, #830, .T. ) ;
#2229 = ORIENTED_EDGE ( 'NONE', *, *, #491, .T. ) ;
#2230 = VECTOR ( 'NONE', #1710, 1000.000000000000000 ) ;
#2231 = CARTESIAN_POINT ( 'NONE',  ( 8.500000000000000000, -7.500000000000000000, 0.4999999999999998890 ) ) ;
#2232 = PRODUCT_DEFINITION_FORMATION_WITH_SPECIFIED_SOURCE ( 'ANY', '', #1248, .NOT_KNOWN. ) ;
#2233 = DIRECTION ( 'NONE',  ( -0.000000000000000000, -0.000000000000000000, -1.000000000000000000 ) ) ;
#2234 = VERTEX_POINT ( 'NONE', #866 ) ;
#2235 = CARTESIAN_POINT ( 'NONE',  ( -5.500000000000000000, 0.4999999999999995559, 3.000000000000000000 ) ) ;
#2236 = CARTESIAN_POINT ( 'NONE',  ( -5.000000000000000888, 4.000000000000000000, 0.000000000000000000 ) ) ;
#2237 = DIRECTION ( 'NONE',  ( -0.000000000000000000, 0.000000000000000000, -1.000000000000000000 ) ) ;
#2238 = ADVANCED_FACE ( 'NONE', ( #2674 ), #630, .F. ) ;
#2239 = LINE ( 'NONE', #645, #1645 ) ;
#2240 = CARTESIAN_POINT ( 'NONE',  ( -5.500000000000000888, 4.500000000000000000, 0.000000000000000000 ) ) ;
#2241 = ORIENTED_EDGE ( 'NONE', *, *, #380, .T. ) ;
#2242 = ORIENTED_EDGE ( 'NONE', *, *, #2464, .T. ) ;
#2243 = CARTESIAN_POINT ( 'NONE',  ( 0.000000000000000000, 0.000000000000000000, 3.000000000000000000 ) ) ;
#2244 = ADVANCED_FACE ( 'NONE', ( #2406 ), #1267, .F. ) ;
#2245 = EDGE_CURVE ( 'NONE', #1711, #660, #2652, .T. ) ;
#2246 = ORIENTED_EDGE ( 'NONE', *, *, #2528, .T. ) ;
#2247 = DIRECTION ( 'NONE',  ( -1.000000000000000000, 0.000000000000000000, 0.000000000000000000 ) ) ;
#2248 = FACE_OUTER_BOUND ( 'NONE', #1484, .T. ) ;
#2249 = EDGE_LOOP ( 'NONE', ( #1066, #1456, #226, #2860 ) ) ;
#2250 = CARTESIAN_POINT ( 'NONE',  ( 15.00000000000000355, 7.500000000000000000, 0.5000000000000000000 ) ) ;
#2251 = CARTESIAN_POINT ( 'NONE',  ( -7.000000000000000888, -4.000000000000000000, 3.000000000000000000 ) ) ;
#2252 = CARTESIAN_POINT ( 'NONE',  ( -13.50000000000000178, 5.500000000000000000, 0.000000000000000000 ) ) ;
#2253 = CARTESIAN_POINT ( 'NONE',  ( -0.4999999999999990563, -7.500000000000000000, 3.000000000000000000 ) ) ;
#2254 = ORIENTED_EDGE ( 'NONE', *, *, #1328, .F. ) ;
#2255 = ORIENTED_EDGE ( 'NONE', *, *, #2453, .T. ) ;
#2256 = LINE ( 'NONE', #2747, #1024 ) ;
#2257 = ORIENTED_EDGE ( 'NONE', *, *, #964, .F. ) ;
#2258 = CARTESIAN_POINT ( 'NONE',  ( 7.500000000000001776, 7.500000000000000000, -10.00000000000000000 ) ) ;
#2259 = EDGE_CURVE ( 'NONE', #673, #2183, #1991, .T. ) ;
#2260 = CIRCLE ( 'NONE', #726, 0.5000000000000004441 ) ;
#2261 = DIRECTION ( 'NONE',  ( -0.000000000000000000, -0.000000000000000000, 1.000000000000000000 ) ) ;
#2262 = AXIS2_PLACEMENT_3D ( 'NONE', #361, #1982, #1098 ) ;
#2263 = ORIENTED_EDGE ( 'NONE', *, *, #1215, .F. ) ;
#2264 = CIRCLE ( 'NONE', #1548, 3.799999999999999822 ) ;
#2265 = DIRECTION ( 'NONE',  ( 0.000000000000000000, 1.000000000000000000, 0.000000000000000000 ) ) ;
#2266 = CARTESIAN_POINT ( 'NONE',  ( 0.4999999999999991673, -6.071275269668507664E-17, 1.200000000000000178 ) ) ;
#2267 = CARTESIAN_POINT ( 'NONE',  ( 8.500000000000000000, 7.500000000000000000, 0.4999999999999998890 ) ) ;
#2268 = DIRECTION ( 'NONE',  ( -1.652117596168387756E-16, -0.000000000000000000, -1.000000000000000000 ) ) ;
#2269 = AXIS2_PLACEMENT_3D ( 'NONE', #462, #1836, #2727 ) ;
#2270 = ORIENTED_EDGE ( 'NONE', *, *, #457, .T. ) ;
#2271 = ORIENTED_EDGE ( 'NONE', *, *, #1785, .T. ) ;
#2272 = VECTOR ( 'NONE', #22, 1000.000000000000000 ) ;
#2273 = CARTESIAN_POINT ( 'NONE',  ( -5.500000000000000000, -1.500000000000000444, 0.000000000000000000 ) ) ;
#2274 = CIRCLE ( 'NONE', #739, 3.560000000000000497 ) ;
#2275 = ORIENTED_EDGE ( 'NONE', *, *, #1434, .T. ) ;
#2276 = DIRECTION ( 'NONE',  ( 1.156482317317871478E-16, 1.000000000000000000, 0.000000000000000000 ) ) ;
#2277 = CIRCLE ( 'NONE', #2908, 4.650000000000000355 ) ;
#2278 = CARTESIAN_POINT ( 'NONE',  ( -0.5000000000000000000, 7.500000000000000000, 3.000000000000000000 ) ) ;
#2279 = EDGE_CURVE ( 'NONE', #1947, #647, #929, .T. ) ;
#2280 = LINE ( 'NONE', #3010, #288 ) ;
#2281 = EDGE_CURVE ( 'NONE', #2432, #522, #659, .T. ) ;
#2282 = EDGE_CURVE ( 'NONE', #672, #1135, #1372, .T. ) ;
#2283 = ORIENTED_EDGE ( 'NONE', *, *, #684, .T. ) ;
#2284 = EDGE_CURVE ( 'NONE', #458, #2446, #2225, .T. ) ;
#2285 = DIRECTION ( 'NONE',  ( -0.000000000000000000, 1.000000000000000000, -0.000000000000000000 ) ) ;
#2286 = ADVANCED_FACE ( 'NONE', ( #646 ), #1570, .F. ) ;
#2287 = DIRECTION ( 'NONE',  ( 0.000000000000000000, 1.000000000000000000, 0.000000000000000000 ) ) ;
#2288 = CARTESIAN_POINT ( 'NONE',  ( 3.560000000000000497, 4.359742604964578118E-16, 1.200000000000000178 ) ) ;
#2289 = DIRECTION ( 'NONE',  ( 0.000000000000000000, 1.000000000000000000, 0.000000000000000000 ) ) ;
#2290 = ORIENTED_EDGE ( 'NONE', *, *, #2281, .F. ) ;
#2291 = DIRECTION ( 'NONE',  ( -0.000000000000000000, -0.000000000000000000, 1.000000000000000000 ) ) ;
#2292 = ORIENTED_EDGE ( 'NONE', *, *, #2445, .F. ) ;
#2293 = DIRECTION ( 'NONE',  ( 1.000000000000000000, 0.000000000000000000, 0.000000000000000000 ) ) ;
#2294 = CARTESIAN_POINT ( 'NONE',  ( 0.000000000000000000, 0.000000000000000000, -10.00000000000000000 ) ) ;
#2295 = DIRECTION ( 'NONE',  ( 1.214255053933703751E-16, -1.000000000000000000, 0.000000000000000000 ) ) ;
#2296 = EDGE_CURVE ( 'NONE', #1172, #1591, #2486, .T. ) ;
#2297 = VERTEX_POINT ( 'NONE', #2240 ) ;
#2298 = DIRECTION ( 'NONE',  ( 0.000000000000000000, -0.000000000000000000, 1.000000000000000000 ) ) ;
#2299 = CYLINDRICAL_SURFACE ( 'NONE', #2943, 0.5000000000000004441 ) ;
#2300 = CARTESIAN_POINT ( 'NONE',  ( 4.900000000000000355, 5.181818181818186098, 3.000000000000000000 ) ) ;
#2301 = DIRECTION ( 'NONE',  ( -0.000000000000000000, -0.000000000000000000, -1.000000000000000000 ) ) ;
#2302 = CARTESIAN_POINT ( 'NONE',  ( -5.500000000000000000, 2.000000000000000000, 0.000000000000000000 ) ) ;
#2303 = ORIENTED_EDGE ( 'NONE', *, *, #267, .T. ) ;
#2304 = ORIENTED_EDGE ( 'NONE', *, *, #2188, .T. ) ;
#2305 = DIRECTION ( 'NONE',  ( -0.000000000000000000, -0.000000000000000000, 1.000000000000000000 ) ) ;
#2306 = ORIENTED_EDGE ( 'NONE', *, *, #1658, .F. ) ;
#2307 = CYLINDRICAL_SURFACE ( 'NONE', #1419, 3.309999999999999609 ) ;
#2308 = DIRECTION ( 'NONE',  ( -0.000000000000000000, 0.000000000000000000, -1.000000000000000000 ) ) ;
#2309 = DIRECTION ( 'NONE',  ( -1.000000000000000000, 3.787379036400652809E-16, 0.000000000000000000 ) ) ;
#2310 = ORIENTED_EDGE ( 'NONE', *, *, #25, .T. ) ;
#2311 = ORIENTED_EDGE ( 'NONE', *, *, #2635, .F. ) ;
#2312 = CIRCLE ( 'NONE', #628, 3.309999999999999609 ) ;
#2313 = CARTESIAN_POINT ( 'NONE',  ( 4.900000000000000355, 5.181818181818186098, 0.000000000000000000 ) ) ;
#2314 = CARTESIAN_POINT ( 'NONE',  ( -13.50000000000000000, -2.500000000000000444, 0.000000000000000000 ) ) ;
#2315 = EDGE_CURVE ( 'NONE', #2853, #2449, #163, .T. ) ;
#2316 = CARTESIAN_POINT ( 'NONE',  ( 9.000000000000003553, -7.500000000000000000, 0.5000000000000000000 ) ) ;
#2317 = CIRCLE ( 'NONE', #834, 0.5000000000000004441 ) ;
#2318 = EDGE_CURVE ( 'NONE', #2435, #28, #224, .T. ) ;
#2319 = VERTEX_POINT ( 'NONE', #2253 ) ;
#2320 = VECTOR ( 'NONE', #865, 1000.000000000000000 ) ;
#2321 = ORIENTED_EDGE ( 'NONE', *, *, #2595, .T. ) ;
#2322 = AXIS2_PLACEMENT_3D ( 'NONE', #96, #1044, #2888 ) ;
#2323 = CARTESIAN_POINT ( 'NONE',  ( 14.50000000000000000, 7.500000000000000000, -10.00000000000000000 ) ) ;
#2324 = VECTOR ( 'NONE', #2457, 1000.000000000000000 ) ;
#2325 = SURFACE_STYLE_FILL_AREA ( #686 ) ;
#2326 = VECTOR ( 'NONE', #857, 1000.000000000000000 ) ;
#2327 = ORIENTED_EDGE ( 'NONE', *, *, #1402, .T. ) ;
#2328 = CIRCLE ( 'NONE', #638, 3.799999999999999822 ) ;
#2329 = FACE_OUTER_BOUND ( 'NONE', #2104, .T. ) ;
#2330 = FACE_BOUND ( 'NONE', #2832, .T. ) ;
#2331 = LINE ( 'NONE', #1675, #2532 ) ;
#2332 = ADVANCED_FACE ( 'NONE', ( #2079 ), #175, .F. ) ;
#2333 = DIRECTION ( 'NONE',  ( 1.000000000000000000, 0.000000000000000000, 0.000000000000000000 ) ) ;
#2334 = ORIENTED_EDGE ( 'NONE', *, *, #1096, .F. ) ;
#2335 =( NAMED_UNIT ( * ) SI_UNIT ( $, .STERADIAN. ) SOLID_ANGLE_UNIT ( ) );
#2336 = EDGE_CURVE ( 'NONE', #564, #261, #1550, .T. ) ;
#2337 = LINE ( 'NONE', #1194, #2800 ) ;
#2338 = CARTESIAN_POINT ( 'NONE',  ( 0.000000000000000000, 0.000000000000000000, 1.000000000000000000 ) ) ;
#2339 = CARTESIAN_POINT ( 'NONE',  ( 14.50000000000000178, -7.500000000000000000, 0.4999999999999998890 ) ) ;
#2340 = DIRECTION ( 'NONE',  ( -1.000000000000000000, -0.000000000000000000, -0.000000000000000000 ) ) ;
#2341 = ORIENTED_EDGE ( 'NONE', *, *, #1096, .T. ) ;
#2342 = CARTESIAN_POINT ( 'NONE',  ( -13.50000000000000178, 7.500000000000000000, 3.000000000000000000 ) ) ;
#2343 = DIRECTION ( 'NONE',  ( 1.000000000000000000, 0.000000000000000000, 0.000000000000000000 ) ) ;
#2344 = CARTESIAN_POINT ( 'NONE',  ( 3.799999999999999822, 4.653657836759942730E-16, 1.200000000000000178 ) ) ;
#2345 = CARTESIAN_POINT ( 'NONE',  ( 12.50000000000000000, -7.500000000000000000, -10.00000000000000000 ) ) ;
#2346 = CARTESIAN_POINT ( 'NONE',  ( -3.800000000000000266, -5.181818181818181657, 0.000000000000000000 ) ) ;
#2347 = EDGE_CURVE ( 'NONE', #2869, #1034, #404, .T. ) ;
#2348 = ORIENTED_EDGE ( 'NONE', *, *, #2469, .T. ) ;
#2349 = ADVANCED_FACE ( 'NONE', ( #1824 ), #2939, .F. ) ;
#2350 = CARTESIAN_POINT ( 'NONE',  ( 0.000000000000000000, 0.000000000000000000, 1.000000000000000000 ) ) ;
#2351 = EDGE_LOOP ( 'NONE', ( #1759, #1571, #1863, #115, #2341, #483, #1477, #1799, #1719 ) ) ;
#2352 = LINE ( 'NONE', #2585, #230 ) ;
#2353 = VECTOR ( 'NONE', #1906, 1000.000000000000000 ) ;
#2354 = DIRECTION ( 'NONE',  ( -0.000000000000000000, -0.000000000000000000, 1.000000000000000000 ) ) ;
#2355 = VERTEX_POINT ( 'NONE', #2715 ) ;
#2356 = CARTESIAN_POINT ( 'NONE',  ( -13.50000000000000178, 4.500000000000000000, 0.000000000000000000 ) ) ;
#2357 = VERTEX_POINT ( 'NONE', #2959 ) ;
#2358 = VECTOR ( 'NONE', #120, 1000.000000000000000 ) ;
#2359 = CARTESIAN_POINT ( 'NONE',  ( -13.50000000000000178, 7.500000000000000000, 3.000000000000000000 ) ) ;
#2360 = DIRECTION ( 'NONE',  ( 0.000000000000000000, 1.000000000000000000, 0.000000000000000000 ) ) ;
#2361 = VECTOR ( 'NONE', #2640, 1000.000000000000000 ) ;
#2362 = ORIENTED_EDGE ( 'NONE', *, *, #2403, .T. ) ;
#2363 = VECTOR ( 'NONE', #1335, 1000.000000000000000 ) ;
#2364 = CARTESIAN_POINT ( 'NONE',  ( 16.50000000000000000, 7.500000000000000000, -10.00000000000000000 ) ) ;
#2365 = ORIENTED_EDGE ( 'NONE', *, *, #1861, .F. ) ;
#2366 =( GEOMETRIC_REPRESENTATION_CONTEXT ( 3 ) GLOBAL_UNCERTAINTY_ASSIGNED_CONTEXT ( ( #1522 ) ) GLOBAL_UNIT_ASSIGNED_CONTEXT ( ( #251, #381, #2849 ) ) REPRESENTATION_CONTEXT ( 'NONE', 'WORKASPACE' ) );
#2367 = AXIS2_PLACEMENT_3D ( 'NONE', #539, #2360, #1420 ) ;
#2368 = ORIENTED_EDGE ( 'NONE', *, *, #954, .T. ) ;
#2369 = CIRCLE ( 'NONE', #1321, 0.5000000000000013323 ) ;
#2370 = EDGE_CURVE ( 'NONE', #662, #1960, #1693, .T. ) ;
#2371 = VECTOR ( 'NONE', #1274, 1000.000000000000000 ) ;
#2372 = ADVANCED_FACE ( 'NONE', ( #900 ), #2051, .F. ) ;
#2373 = DIRECTION ( 'NONE',  ( -0.000000000000000000, 1.000000000000000000, -0.000000000000000000 ) ) ;
#2374 = VERTEX_POINT ( 'NONE', #1596 ) ;
#2375 = LINE ( 'NONE', #1200, #2475 ) ;
#2376 = FACE_OUTER_BOUND ( 'NONE', #1767, .T. ) ;
#2377 = VERTEX_POINT ( 'NONE', #1583 ) ;
#2378 = ORIENTED_EDGE ( 'NONE', *, *, #999, .T. ) ;
#2379 = CARTESIAN_POINT ( 'NONE',  ( -13.50000000000000178, -4.500000000000000888, 0.000000000000000000 ) ) ;
#2380 = DIRECTION ( 'NONE',  ( -0.000000000000000000, -0.000000000000000000, 1.000000000000000000 ) ) ;
#2381 = CARTESIAN_POINT ( 'NONE',  ( 11.50000000000000355, 7.500000000000000000, 0.4999999999999998890 ) ) ;
#2382 = EDGE_LOOP ( 'NONE', ( #341, #1437, #2053, #1825 ) ) ;
#2383 = ORIENTED_EDGE ( 'NONE', *, *, #2693, .F. ) ;
#2384 = DIRECTION ( 'NONE',  ( 1.000000000000000000, 0.000000000000000000, 0.000000000000000000 ) ) ;
#2385 = ORIENTED_EDGE ( 'NONE', *, *, #1453, .T. ) ;
#2386 = DIRECTION ( 'NONE',  ( 0.000000000000000000, 0.000000000000000000, 1.000000000000000000 ) ) ;
#2387 = ORIENTED_EDGE ( 'NONE', *, *, #1533, .T. ) ;
#2388 = EDGE_CURVE ( 'NONE', #417, #1284, #2499, .T. ) ;
#2389 = DIRECTION ( 'NONE',  ( -0.000000000000000000, -0.000000000000000000, 1.000000000000000000 ) ) ;
#2390 = CARTESIAN_POINT ( 'NONE',  ( -5.500000000000000000, 0.000000000000000000, 0.000000000000000000 ) ) ;
#2391 = ORIENTED_EDGE ( 'NONE', *, *, #46, .T. ) ;
#2392 = EDGE_LOOP ( 'NONE', ( #464, #2729, #2271, #138 ) ) ;
#2393 = PLANE ( 'NONE',  #283 ) ;
#2394 = FACE_OUTER_BOUND ( 'NONE', #56, .T. ) ;
#2395 = LINE ( 'NONE', #2203, #1369 ) ;
#2396 = ORIENTED_EDGE ( 'NONE', *, *, #1311, .F. ) ;
#2397 = ORIENTED_EDGE ( 'NONE', *, *, #2419, .F. ) ;
#2398 = EDGE_CURVE ( 'NONE', #2045, #2977, #2974, .T. ) ;
#2399 = FACE_OUTER_BOUND ( 'NONE', #2681, .T. ) ;
#2400 = ORIENTED_EDGE ( 'NONE', *, *, #2224, .T. ) ;
#2401 = DIRECTION ( 'NONE',  ( -1.000000000000000000, 0.000000000000000000, -0.000000000000000000 ) ) ;
#2402 = ORIENTED_EDGE ( 'NONE', *, *, #1146, .T. ) ;
#2403 = EDGE_CURVE ( 'NONE', #2935, #2183, #892, .T. ) ;
#2404 = CARTESIAN_POINT ( 'NONE',  ( -13.50000000000000178, 4.500000000000000000, 0.000000000000000000 ) ) ;
#2405 = EDGE_CURVE ( 'NONE', #2864, #2809, #1271, .T. ) ;
#2406 = FACE_OUTER_BOUND ( 'NONE', #2092, .T. ) ;
#2407 = ADVANCED_FACE ( 'NONE', ( #735 ), #1866, .F. ) ;
#2408 = ORIENTED_EDGE ( 'NONE', *, *, #1986, .F. ) ;
#2409 = VERTEX_POINT ( 'NONE', #490 ) ;
#2410 = VECTOR ( 'NONE', #1589, 1000.000000000000000 ) ;
#2411 = DIRECTION ( 'NONE',  ( 0.000000000000000000, 0.000000000000000000, 1.000000000000000000 ) ) ;
#2412 = EDGE_CURVE ( 'NONE', #568, #309, #241, .T. ) ;
#2413 = CARTESIAN_POINT ( 'NONE',  ( 12.50000000000000000, -7.500000000000000000, 0.4999999999999998890 ) ) ;
#2414 = DIRECTION ( 'NONE',  ( 1.000000000000000000, 0.000000000000000000, 0.000000000000000000 ) ) ;
#2415 = VERTEX_POINT ( 'NONE', #1398 ) ;
#2416 = ORIENTED_EDGE ( 'NONE', *, *, #2134, .T. ) ;
#2417 = AXIS2_PLACEMENT_3D ( 'NONE', #1782, #1959, #2411 ) ;
#2418 = CARTESIAN_POINT ( 'NONE',  ( 11.00000000000000355, -7.500000000000000000, 0.5000000000000000000 ) ) ;
#2419 = EDGE_CURVE ( 'NONE', #2449, #525, #400, .T. ) ;
#2420 = LINE ( 'NONE', #1762, #234 ) ;
#2421 = AXIS2_PLACEMENT_3D ( 'NONE', #2906, #1261, #551 ) ;
#2422 = AXIS2_PLACEMENT_3D ( 'NONE', #482, #2309, #2059 ) ;
#2423 = LINE ( 'NONE', #365, #36 ) ;
#2424 = LINE ( 'NONE', #98, #1177 ) ;
#2425 = AXIS2_PLACEMENT_3D ( 'NONE', #2356, #1445, #1922 ) ;
#2426 = ORIENTED_EDGE ( 'NONE', *, *, #2769, .T. ) ;
#2427 = VECTOR ( 'NONE', #1758, 1000.000000000000000 ) ;
#2428 = DIRECTION ( 'NONE',  ( 0.000000000000000000, 0.000000000000000000, 1.000000000000000000 ) ) ;
#2429 = FACE_OUTER_BOUND ( 'NONE', #1700, .T. ) ;
#2430 = VERTEX_POINT ( 'NONE', #1180 ) ;
#2431 = EDGE_CURVE ( 'NONE', #1775, #2409, #2788, .T. ) ;
#2432 = VERTEX_POINT ( 'NONE', #1909 ) ;
#2433 = CARTESIAN_POINT ( 'NONE',  ( -4.999999999999999112, 2.000000000000000000, 0.000000000000000000 ) ) ;
#2434 = ORIENTED_EDGE ( 'NONE', *, *, #2046, .T. ) ;
#2435 = VERTEX_POINT ( 'NONE', #286 ) ;
#2436 = EDGE_CURVE ( 'NONE', #564, #1034, #1418, .T. ) ;
#2437 = CARTESIAN_POINT ( 'NONE',  ( -13.50000000000000178, 3.499999999999999556, 3.000000000000000000 ) ) ;
#2438 = CARTESIAN_POINT ( 'NONE',  ( 0.000000000000000000, 0.000000000000000000, -10.00000000000000000 ) ) ;
#2439 = VERTEX_POINT ( 'NONE', #1232 ) ;
#2440 = FACE_OUTER_BOUND ( 'NONE', #2982, .T. ) ;
#2441 = CARTESIAN_POINT ( 'NONE',  ( 12.50000000000000000, -7.500000000000000000, -10.00000000000000000 ) ) ;
#2442 = FACE_OUTER_BOUND ( 'NONE', #2001, .T. ) ;
#2443 = DIRECTION ( 'NONE',  ( 0.000000000000000000, 0.000000000000000000, 1.000000000000000000 ) ) ;
#2444 = ORIENTED_EDGE ( 'NONE', *, *, #1626, .F. ) ;
#2445 = EDGE_CURVE ( 'NONE', #2374, #1928, #5, .T. ) ;
#2446 = VERTEX_POINT ( 'NONE', #986 ) ;
#2447 = LINE ( 'NONE', #698, #81 ) ;
#2448 = LINE ( 'NONE', #1053, #2043 ) ;
#2449 = VERTEX_POINT ( 'NONE', #2601 ) ;
#2450 = ORIENTED_EDGE ( 'NONE', *, *, #91, .F. ) ;
#2451 = CARTESIAN_POINT ( 'NONE',  ( -13.50000000000000178, -6.500000000000000888, 3.000000000000000000 ) ) ;
#2452 = PLANE ( 'NONE',  #279 ) ;
#2453 = EDGE_CURVE ( 'NONE', #358, #552, #1463, .T. ) ;
#2454 = EDGE_CURVE ( 'NONE', #2459, #2671, #535, .T. ) ;
#2455 = DIRECTION ( 'NONE',  ( 0.000000000000000000, 0.000000000000000000, 1.000000000000000000 ) ) ;
#2456 = LINE ( 'NONE', #2622, #885 ) ;
#2457 = DIRECTION ( 'NONE',  ( 1.000000000000000000, -0.000000000000000000, -0.000000000000000000 ) ) ;
#2458 = ORIENTED_EDGE ( 'NONE', *, *, #2816, .F. ) ;
#2459 = VERTEX_POINT ( 'NONE', #1218 ) ;
#2460 = ORIENTED_EDGE ( 'NONE', *, *, #2503, .T. ) ;
#2461 = CIRCLE ( 'NONE', #882, 3.799999999999999822 ) ;
#2462 = DIRECTION ( 'NONE',  ( 0.000000000000000000, -1.000000000000000000, 0.000000000000000000 ) ) ;
#2463 = AXIS2_PLACEMENT_3D ( 'NONE', #390, #319, #803 ) ;
#2464 = EDGE_CURVE ( 'NONE', #1507, #417, #1561, .T. ) ;
#2465 = VECTOR ( 'NONE', #597, 1000.000000000000000 ) ;
#2466 = DIRECTION ( 'NONE',  ( -0.000000000000000000, 0.000000000000000000, -1.000000000000000000 ) ) ;
#2467 = AXIS2_PLACEMENT_3D ( 'NONE', #2659, #1064, #104 ) ;
#2468 = ADVANCED_FACE ( 'NONE', ( #477 ), #752, .F. ) ;
#2469 = EDGE_CURVE ( 'NONE', #1960, #375, #2331, .T. ) ;
#2470 = VECTOR ( 'NONE', #1837, 1000.000000000000000 ) ;
#2471 = DIRECTION ( 'NONE',  ( 1.000000000000000000, 0.000000000000000000, 0.000000000000000000 ) ) ;
#2472 = CARTESIAN_POINT ( 'NONE',  ( -13.50000000000000178, 3.499999999999999556, 3.000000000000000000 ) ) ;
#2473 = VERTEX_POINT ( 'NONE', #1011 ) ;
#2474 = ORIENTED_EDGE ( 'NONE', *, *, #187, .F. ) ;
#2475 = VECTOR ( 'NONE', #506, 1000.000000000000000 ) ;
#2476 = DIRECTION ( 'NONE',  ( -1.000000000000000000, 0.000000000000000000, 0.000000000000000000 ) ) ;
#2477 = AXIS2_PLACEMENT_3D ( 'NONE', #756, #1450, #248 ) ;
#2478 = LINE ( 'NONE', #373, #2039 ) ;
#2479 = EDGE_LOOP ( 'NONE', ( #2516, #1733, #1422, #301 ) ) ;
#2480 = CARTESIAN_POINT ( 'NONE',  ( -7.500000000000001776, -6.500000000000000888, 3.000000000000000000 ) ) ;
#2481 = CARTESIAN_POINT ( 'NONE',  ( 0.4999999999999994449, 3.272017726113352953, 3.000000000000000000 ) ) ;
#2482 = FACE_OUTER_BOUND ( 'NONE', #2487, .T. ) ;
#2483 = LINE ( 'NONE', #2937, #73 ) ;
#2484 = DIRECTION ( 'NONE',  ( -0.000000000000000000, -0.000000000000000000, 1.000000000000000000 ) ) ;
#2485 = EDGE_CURVE ( 'NONE', #17, #2212, #2375, .T. ) ;
#2486 = LINE ( 'NONE', #414, #194 ) ;
#2487 = EDGE_LOOP ( 'NONE', ( #1709, #1554, #1337, #1455 ) ) ;
#2488 = EDGE_CURVE ( 'NONE', #1611, #748, #2149, .T. ) ;
#2489 = ORIENTED_EDGE ( 'NONE', *, *, #227, .F. ) ;
#2490 = LINE ( 'NONE', #2942, #979 ) ;
#2491 = VERTEX_POINT ( 'NONE', #1429 ) ;
#2492 = CARTESIAN_POINT ( 'NONE',  ( 0.5000000000000000000, 7.500000000000000000, 0.000000000000000000 ) ) ;
#2493 = DIRECTION ( 'NONE',  ( -1.000000000000000000, -1.776356839400250465E-15, 0.000000000000000000 ) ) ;
#2494 = LINE ( 'NONE', #2692, #24 ) ;
#2495 = VERTEX_POINT ( 'NONE', #60 ) ;
#2496 = DIRECTION ( 'NONE',  ( 0.000000000000000000, 1.000000000000000000, 0.000000000000000000 ) ) ;
#2497 = CARTESIAN_POINT ( 'NONE',  ( 14.50000000000000000, -7.500000000000000000, -10.00000000000000000 ) ) ;
#2498 = CARTESIAN_POINT ( 'NONE',  ( 3.309999999999999609, 4.053580905177738768E-16, 3.000000000000000000 ) ) ;
#2499 = LINE ( 'NONE', #431, #397 ) ;
#2500 = ORIENTED_EDGE ( 'NONE', *, *, #1724, .F. ) ;
#2501 = ORIENTED_EDGE ( 'NONE', *, *, #1042, .F. ) ;
#2502 = ORIENTED_EDGE ( 'NONE', *, *, #2453, .F. ) ;
#2503 = EDGE_CURVE ( 'NONE', #1008, #564, #2119, .T. ) ;
#2504 = DIRECTION ( 'NONE',  ( -1.652117596168387756E-16, 0.000000000000000000, -1.000000000000000000 ) ) ;
#2505 = EDGE_CURVE ( 'NONE', #662, #1769, #520, .T. ) ;
#2506 = CARTESIAN_POINT ( 'NONE',  ( -3.799999999999999822, 0.000000000000000000, 1.000000000000000000 ) ) ;
#2507 = ORIENTED_EDGE ( 'NONE', *, *, #2545, .T. ) ;
#2508 = FACE_OUTER_BOUND ( 'NONE', #2893, .T. ) ;
#2509 = EDGE_CURVE ( 'NONE', #2809, #2068, #1942, .T. ) ;
#2510 = VECTOR ( 'NONE', #1414, 1000.000000000000000 ) ;
#2511 = EDGE_CURVE ( 'NONE', #2536, #307, #1046, .T. ) ;
#2512 = CARTESIAN_POINT ( 'NONE',  ( 13.00000000000000355, -7.500000000000000000, 0.5000000000000000000 ) ) ;
#2513 = VECTOR ( 'NONE', #1406, 1000.000000000000000 ) ;
#2514 = ORIENTED_EDGE ( 'NONE', *, *, #1861, .T. ) ;
#2515 = VECTOR ( 'NONE', #851, 1000.000000000000000 ) ;
#2516 = ORIENTED_EDGE ( 'NONE', *, *, #874, .F. ) ;
#2517 = DIRECTION ( 'NONE',  ( 1.000000000000000000, 0.000000000000000000, 0.000000000000000000 ) ) ;
#2518 = VECTOR ( 'NONE', #2698, 1000.000000000000000 ) ;
#2519 = CARTESIAN_POINT ( 'NONE',  ( -13.50000000000000178, 6.500000000000000000, 0.000000000000000000 ) ) ;
#2520 = CARTESIAN_POINT ( 'NONE',  ( 9.000000000000003553, -7.500000000000000000, 1.000000000000001332 ) ) ;
#2521 = CARTESIAN_POINT ( 'NONE',  ( 0.000000000000000000, 0.000000000000000000, 1.200000000000000178 ) ) ;
#2522 = DIRECTION ( 'NONE',  ( 1.214255053933703751E-16, 1.000000000000000000, -0.000000000000000000 ) ) ;
#2523 = VECTOR ( 'NONE', #2072, 1000.000000000000000 ) ;
#2524 = VERTEX_POINT ( 'NONE', #1476 ) ;
#2525 = ORIENTED_EDGE ( 'NONE', *, *, #2105, .T. ) ;
#2526 = VECTOR ( 'NONE', #1616, 1000.000000000000000 ) ;
#2527 = DIRECTION ( 'NONE',  ( 0.000000000000000000, -1.000000000000000000, 0.000000000000000000 ) ) ;
#2528 = EDGE_CURVE ( 'NONE', #2234, #2831, #450, .T. ) ;
#2529 = FACE_OUTER_BOUND ( 'NONE', #2392, .T. ) ;
#2530 = VECTOR ( 'NONE', #971, 1000.000000000000000 ) ;
#2531 = DIRECTION ( 'NONE',  ( 1.000000000000000000, 0.000000000000000000, 0.000000000000000000 ) ) ;
#2532 = VECTOR ( 'NONE', #258, 1000.000000000000000 ) ;
#2533 = CARTESIAN_POINT ( 'NONE',  ( 15.00000000000000355, -7.500000000000000000, 0.5000000000000000000 ) ) ;
#2534 = PRESENTATION_STYLE_ASSIGNMENT (( #1608 ) ) ;
#2535 = ADVANCED_FACE ( 'NONE', ( #2890 ), #613, .F. ) ;
#2536 = VERTEX_POINT ( 'NONE', #1262 ) ;
#2537 = EDGE_LOOP ( 'NONE', ( #1908, #557, #113, #2632 ) ) ;
#2538 = LINE ( 'NONE', #2498, #2363 ) ;
#2539 = CARTESIAN_POINT ( 'NONE',  ( 0.4999999999999994449, -8.531472846220966133, 0.000000000000000000 ) ) ;
#2540 = EDGE_LOOP ( 'NONE', ( #2130, #1525, #280, #593 ) ) ;
#2541 = FACE_OUTER_BOUND ( 'NONE', #1804, .T. ) ;
#2542 = CARTESIAN_POINT ( 'NONE',  ( 0.000000000000000000, 0.000000000000000000, 1.200000000000000178 ) ) ;
#2543 = DIRECTION ( 'NONE',  ( 1.000000000000000000, 0.000000000000000000, 0.000000000000000000 ) ) ;
#2544 = CARTESIAN_POINT ( 'NONE',  ( 15.00000000000000355, -7.500000000000000000, 0.5000000000000000000 ) ) ;
#2545 = EDGE_CURVE ( 'NONE', #2853, #1016, #1246, .T. ) ;
#2546 = EDGE_CURVE ( 'NONE', #1905, #2536, #1995, .T. ) ;
#2547 = ORIENTED_EDGE ( 'NONE', *, *, #809, .F. ) ;
#2548 = VERTEX_POINT ( 'NONE', #2876 ) ;
#2549 = DIRECTION ( 'NONE',  ( 0.000000000000000000, -0.000000000000000000, 1.000000000000000000 ) ) ;
#2550 = CARTESIAN_POINT ( 'NONE',  ( 14.50000000000000000, -7.500000000000000000, -10.00000000000000000 ) ) ;
#2551 = CARTESIAN_POINT ( 'NONE',  ( -13.50000000000000000, -7.500000000000000000, 3.000000000000000000 ) ) ;
#2552 = EDGE_LOOP ( 'NONE', ( #1231, #48, #1330, #901 ) ) ;
#2553 = FACE_OUTER_BOUND ( 'NONE', #1679, .T. ) ;
#2554 = CARTESIAN_POINT ( 'NONE',  ( 9.000000000000003553, 7.500000000000000000, 0.5000000000000000000 ) ) ;
#2555 = ORIENTED_EDGE ( 'NONE', *, *, #1197, .T. ) ;
#2556 = EDGE_CURVE ( 'NONE', #609, #833, #2767, .T. ) ;
#2557 = VECTOR ( 'NONE', #2947, 1000.000000000000000 ) ;
#2558 = CARTESIAN_POINT ( 'NONE',  ( -13.50000000000000178, -0.5000000000000004441, 0.000000000000000000 ) ) ;
#2559 = DIRECTION ( 'NONE',  ( -1.156482317317871478E-16, 1.000000000000000000, 0.000000000000000000 ) ) ;
#2560 = CIRCLE ( 'NONE', #1597, 4.650000000000000355 ) ;
#2561 = ORIENTED_EDGE ( 'NONE', *, *, #1365, .F. ) ;
#2562 = AXIS2_PLACEMENT_3D ( 'NONE', #777, #2194, #74 ) ;
#2563 = DIRECTION ( 'NONE',  ( -0.000000000000000000, -0.000000000000000000, 1.000000000000000000 ) ) ;
#2564 = FACE_OUTER_BOUND ( 'NONE', #1952, .T. ) ;
#2565 = ORIENTED_EDGE ( 'NONE', *, *, #1787, .F. ) ;
#2566 = VECTOR ( 'NONE', #2089, 1000.000000000000000 ) ;
#2567 = CARTESIAN_POINT ( 'NONE',  ( 11.00000000000000355, -7.500000000000000000, 0.5000000000000000000 ) ) ;
#2568 = AXIS2_PLACEMENT_3D ( 'NONE', #448, #1881, #300 ) ;
#2569 = CARTESIAN_POINT ( 'NONE',  ( -0.4999999999999995559, 3.440512783492417181, 1.283365368216501823 ) ) ;
#2570 = AXIS2_PLACEMENT_3D ( 'NONE', #1368, #2265, #2298 ) ;
#2571 = DIRECTION ( 'NONE',  ( 1.156482317317871478E-16, -1.000000000000000000, 0.000000000000000000 ) ) ;
#2572 = VERTEX_POINT ( 'NONE', #2209 ) ;
#2573 = VECTOR ( 'NONE', #651, 1000.000000000000000 ) ;
#2574 = DIRECTION ( 'NONE',  ( 1.000000000000000000, 0.000000000000000000, 0.000000000000000000 ) ) ;
#2575 = DIRECTION ( 'NONE',  ( -0.000000000000000000, -0.000000000000000000, -1.000000000000000000 ) ) ;
#2576 = CARTESIAN_POINT ( 'NONE',  ( 15.00000000000000355, 7.500000000000000000, 0.5000000000000000000 ) ) ;
#2577 = ORIENTED_EDGE ( 'NONE', *, *, #589, .F. ) ;
#2578 = DIRECTION ( 'NONE',  ( -1.000000000000000000, 0.000000000000000000, 0.000000000000000000 ) ) ;
#2579 = EDGE_CURVE ( 'NONE', #66, #2757, #2222, .T. ) ;
#2580 = LINE ( 'NONE', #1204, #281 ) ;
#2581 = CARTESIAN_POINT ( 'NONE',  ( -0.4999999999999995559, 3.524712754253884750, 1.200000000000000178 ) ) ;
#2582 = VERTEX_POINT ( 'NONE', #126 ) ;
#2583 = DIRECTION ( 'NONE',  ( -1.000000000000000000, 0.000000000000000000, 0.000000000000000000 ) ) ;
#2584 = ORIENTED_EDGE ( 'NONE', *, *, #1486, .T. ) ;
#2585 = CARTESIAN_POINT ( 'NONE',  ( -13.50000000000000000, -1.500000000000000444, 3.000000000000000000 ) ) ;
#2586 = DIRECTION ( 'NONE',  ( 1.156482317317871478E-16, -1.000000000000000000, 0.000000000000000000 ) ) ;
#2587 = DIRECTION ( 'NONE',  ( -0.000000000000000000, -0.000000000000000000, 1.000000000000000000 ) ) ;
#2588 = CARTESIAN_POINT ( 'NONE',  ( -13.50000000000000178, 6.500000000000000000, 3.000000000000000000 ) ) ;
#2589 = VERTEX_POINT ( 'NONE', #2647 ) ;
#2590 = EDGE_CURVE ( 'NONE', #1487, #957, #110, .T. ) ;
#2591 = FACE_OUTER_BOUND ( 'NONE', #972, .T. ) ;
#2592 = CARTESIAN_POINT ( 'NONE',  ( -0.4999999999999994449, -8.531472846220966133, 0.000000000000000000 ) ) ;
#2593 = ORIENTED_EDGE ( 'NONE', *, *, #622, .T. ) ;
#2594 = ORIENTED_EDGE ( 'NONE', *, *, #830, .F. ) ;
#2595 = EDGE_CURVE ( 'NONE', #486, #1591, #145, .T. ) ;
#2596 = EDGE_CURVE ( 'NONE', #1573, #2068, #778, .T. ) ;
#2597 = ORIENTED_EDGE ( 'NONE', *, *, #2284, .T. ) ;
#2598 = DIRECTION ( 'NONE',  ( 1.000000000000000000, 0.000000000000000000, -1.652117596168387756E-16 ) ) ;
#2599 = CIRCLE ( 'NONE', #2705, 4.650000000000000355 ) ;
#2600 = FACE_OUTER_BOUND ( 'NONE', #1957, .T. ) ;
#2601 = CARTESIAN_POINT ( 'NONE',  ( 8.500000000000000000, -7.500000000000000000, 0.4999999999999998890 ) ) ;
#2602 = ORIENTED_EDGE ( 'NONE', *, *, #1292, .F. ) ;
#2603 = VECTOR ( 'NONE', #475, 1000.000000000000000 ) ;
#2604 = CARTESIAN_POINT ( 'NONE',  ( 3.800000000000000266, 5.181818181818186098, 3.000000000000000000 ) ) ;
#2605 = LINE ( 'NONE', #1657, #594 ) ;
#2606 = VECTOR ( 'NONE', #1224, 1000.000000000000000 ) ;
#2607 = ORIENTED_EDGE ( 'NONE', *, *, #207, .F. ) ;
#2608 = ORIENTED_EDGE ( 'NONE', *, *, #2972, .F. ) ;
#2609 = CIRCLE ( 'NONE', #487, 0.5000000000000004441 ) ;
#2610 = CARTESIAN_POINT ( 'NONE',  ( 11.50000000000000355, -7.500000000000000000, 0.4999999999999998890 ) ) ;
#2611 = DIRECTION ( 'NONE',  ( 1.156482317317871478E-16, -1.000000000000000000, 0.000000000000000000 ) ) ;
#2612 = ORIENTED_EDGE ( 'NONE', *, *, #2063, .T. ) ;
#2613 = VECTOR ( 'NONE', #1036, 1000.000000000000000 ) ;
#2614 = VECTOR ( 'NONE', #1353, 1000.000000000000000 ) ;
#2615 = DIRECTION ( 'NONE',  ( -0.000000000000000000, 0.000000000000000000, -1.000000000000000000 ) ) ;
#2616 = ORIENTED_EDGE ( 'NONE', *, *, #2785, .T. ) ;
#2617 = EDGE_CURVE ( 'NONE', #66, #2297, #693, .T. ) ;
#2618 = VECTOR ( 'NONE', #16, 1000.000000000000000 ) ;
#2619 = FACE_OUTER_BOUND ( 'NONE', #154, .T. ) ;
#2620 = DIRECTION ( 'NONE',  ( -0.000000000000000000, 1.000000000000000000, -0.000000000000000000 ) ) ;
#2621 = ORIENTED_EDGE ( 'NONE', *, *, #123, .T. ) ;
#2622 = CARTESIAN_POINT ( 'NONE',  ( -13.50000000000000178, 6.500000000000000000, 3.000000000000000000 ) ) ;
#2623 = DIRECTION ( 'NONE',  ( 1.000000000000000000, 0.000000000000000000, 0.000000000000000000 ) ) ;
#2624 = ORIENTED_EDGE ( 'NONE', *, *, #2206, .F. ) ;
#2625 = ORIENTED_EDGE ( 'NONE', *, *, #1747, .T. ) ;
#2626 = CARTESIAN_POINT ( 'NONE',  ( -13.50000000000000000, -7.500000000000000000, 0.000000000000000000 ) ) ;
#2627 = LINE ( 'NONE', #1916, #2763 ) ;
#2628 = VERTEX_POINT ( 'NONE', #1027 ) ;
#2629 = CARTESIAN_POINT ( 'NONE',  ( -13.50000000000000178, 6.500000000000000000, 0.000000000000000000 ) ) ;
#2630 = ADVANCED_FACE ( 'NONE', ( #2861 ), #2633, .T. ) ;
#2631 = CARTESIAN_POINT ( 'NONE',  ( 0.000000000000000000, 0.000000000000000000, 0.000000000000000000 ) ) ;
#2632 = ORIENTED_EDGE ( 'NONE', *, *, #911, .T. ) ;
#2633 = PLANE ( 'NONE',  #743 ) ;
#2634 = VERTEX_POINT ( 'NONE', #2441 ) ;
#2635 = EDGE_CURVE ( 'NONE', #1359, #1769, #1220, .T. ) ;
#2636 = LINE ( 'NONE', #1725, #2123 ) ;
#2637 = DIRECTION ( 'NONE',  ( -0.000000000000000000, -0.000000000000000000, 1.000000000000000000 ) ) ;
#2638 = VERTEX_POINT ( 'NONE', #1506 ) ;
#2639 = ORIENTED_EDGE ( 'NONE', *, *, #1785, .F. ) ;
#2640 = DIRECTION ( 'NONE',  ( -0.000000000000000000, 1.000000000000000000, -0.000000000000000000 ) ) ;
#2641 = CARTESIAN_POINT ( 'NONE',  ( -0.4999999999999991673, -6.071275269668507664E-17, 1.200000000000000178 ) ) ;
#2642 = ORIENTED_EDGE ( 'NONE', *, *, #473, .T. ) ;
#2643 = CARTESIAN_POINT ( 'NONE',  ( -7.500000000000001776, -4.000000000000000000, 0.000000000000000000 ) ) ;
#2644 = CARTESIAN_POINT ( 'NONE',  ( -7.500000000000001776, -4.000000000000000000, 3.000000000000000000 ) ) ;
#2645 = EDGE_CURVE ( 'NONE', #2589, #14, #2424, .T. ) ;
#2646 = ORIENTED_EDGE ( 'NONE', *, *, #2972, .T. ) ;
#2647 = CARTESIAN_POINT ( 'NONE',  ( 16.50000000000000000, -7.500000000000000000, -10.00000000000000000 ) ) ;
#2648 = ORIENTED_EDGE ( 'NONE', *, *, #1185, .F. ) ;
#2649 = ORIENTED_EDGE ( 'NONE', *, *, #550, .T. ) ;
#2650 = VECTOR ( 'NONE', #2712, 1000.000000000000000 ) ;
#2651 = CARTESIAN_POINT ( 'NONE',  ( 12.50000000000000000, -7.500000000000000000, 0.4999999999999998890 ) ) ;
#2652 = LINE ( 'NONE', #1296, #1848 ) ;
#2653 = ORIENTED_EDGE ( 'NONE', *, *, #245, .F. ) ;
#2654 = ADVANCED_FACE ( 'NONE', ( #1279 ), #2923, .F. ) ;
#2655 = CIRCLE ( 'NONE', #2262, 0.5000000000000013323 ) ;
#2656 = ADVANCED_FACE ( 'NONE', ( #1101 ), #895, .F. ) ;
#2657 = AXIS2_PLACEMENT_3D ( 'NONE', #1637, #2563, #2343 ) ;
#2658 = DIRECTION ( 'NONE',  ( 1.000000000000000000, 0.000000000000000000, 0.000000000000000000 ) ) ;
#2659 = CARTESIAN_POINT ( 'NONE',  ( 9.000000000000003553, -7.500000000000000000, 0.5000000000000000000 ) ) ;
#2660 = DIRECTION ( 'NONE',  ( -0.000000000000000000, -0.000000000000000000, 1.000000000000000000 ) ) ;
#2661 = ORIENTED_EDGE ( 'NONE', *, *, #623, .T. ) ;
#2662 = ORIENTED_EDGE ( 'NONE', *, *, #810, .T. ) ;
#2663 = AXIS2_PLACEMENT_3D ( 'NONE', #1428, #2354, #2798 ) ;
#2664 = CARTESIAN_POINT ( 'NONE',  ( 0.4999999999999995559, 3.524712754253884750, 1.200000000000000178 ) ) ;
#2665 = VECTOR ( 'NONE', #2136, 1000.000000000000000 ) ;
#2666 = AXIS2_PLACEMENT_3D ( 'NONE', #1683, #545, #1482 ) ;
#2667 = PLANE ( 'NONE',  #1212 ) ;
#2668 = ORIENTED_EDGE ( 'NONE', *, *, #1127, .T. ) ;
#2669 = DIRECTION ( 'NONE',  ( 0.000000000000000000, 0.000000000000000000, -1.000000000000000000 ) ) ;
#2670 = CIRCLE ( 'NONE', #844, 0.4999999999999995559 ) ;
#2671 = VERTEX_POINT ( 'NONE', #1113 ) ;
#2672 = AXIS2_PLACEMENT_3D ( 'NONE', #746, #1206, #1932 ) ;
#2673 = LINE ( 'NONE', #1696, #2950 ) ;
#2674 = FACE_OUTER_BOUND ( 'NONE', #2744, .T. ) ;
#2675 = VERTEX_POINT ( 'NONE', #2015 ) ;
#2676 = ORIENTED_EDGE ( 'NONE', *, *, #1003, .T. ) ;
#2677 = EDGE_CURVE ( 'NONE', #143, #1002, #2062, .T. ) ;
#2678 = DIRECTION ( 'NONE',  ( 0.000000000000000000, 0.000000000000000000, 1.000000000000000000 ) ) ;
#2679 = LINE ( 'NONE', #1256, #2371 ) ;
#2680 = EDGE_LOOP ( 'NONE', ( #1316, #278, #919, #83 ) ) ;
#2681 = EDGE_LOOP ( 'NONE', ( #150, #2029, #1121, #2387 ) ) ;
#2682 = DIRECTION ( 'NONE',  ( 0.000000000000000000, -0.000000000000000000, -1.000000000000000000 ) ) ;
#2683 = LINE ( 'NONE', #2161, #2465 ) ;
#2684 = DIRECTION ( 'NONE',  ( -1.000000000000000000, -0.000000000000000000, -0.000000000000000000 ) ) ;
#2685 = DIRECTION ( 'NONE',  ( 0.000000000000000000, 0.000000000000000000, 1.000000000000000000 ) ) ;
#2686 = CARTESIAN_POINT ( 'NONE',  ( 16.50000000000000000, 7.500000000000000000, -10.00000000000000000 ) ) ;
#2687 = ORIENTED_EDGE ( 'NONE', *, *, #946, .T. ) ;
#2688 = EDGE_LOOP ( 'NONE', ( #2310, #165, #2774, #259 ) ) ;
#2689 = FACE_OUTER_BOUND ( 'NONE', #718, .T. ) ;
#2690 = ORIENTED_EDGE ( 'NONE', *, *, #2279, .F. ) ;
#2691 = DIRECTION ( 'NONE',  ( 0.000000000000000000, 0.000000000000000000, 1.000000000000000000 ) ) ;
#2692 = CARTESIAN_POINT ( 'NONE',  ( 16.50000000000000000, 7.500000000000000000, -10.00000000000000000 ) ) ;
#2693 = EDGE_CURVE ( 'NONE', #421, #558, #896, .T. ) ;
#2694 = EDGE_CURVE ( 'NONE', #502, #2944, #2277, .T. ) ;
#2695 = CARTESIAN_POINT ( 'NONE',  ( 2.700000000000000178, 5.181818181818186098, 0.000000000000000000 ) ) ;
#2696 = CARTESIAN_POINT ( 'NONE',  ( -1.734723475976807094E-15, -5.310000000000000497, 3.000000000000000000 ) ) ;
#2697 = DIRECTION ( 'NONE',  ( -0.000000000000000000, -0.000000000000000000, 1.000000000000000000 ) ) ;
#2698 = DIRECTION ( 'NONE',  ( -0.000000000000000000, 1.000000000000000000, -0.000000000000000000 ) ) ;
#2699 = CARTESIAN_POINT ( 'NONE',  ( -5.500000000000000888, 6.000000000000000000, 0.000000000000000000 ) ) ;
#2700 = VERTEX_POINT ( 'NONE', #399 ) ;
#2701 = ORIENTED_EDGE ( 'NONE', *, *, #737, .T. ) ;
#2702 = DIRECTION ( 'NONE',  ( -1.652117596168387756E-16, -0.000000000000000000, -1.000000000000000000 ) ) ;
#2703 = ORIENTED_EDGE ( 'NONE', *, *, #359, .F. ) ;
#2704 = DIRECTION ( 'NONE',  ( -0.000000000000000000, -0.000000000000000000, -1.000000000000000000 ) ) ;
#2705 = AXIS2_PLACEMENT_3D ( 'NONE', #2350, #543, #606 ) ;
#2706 = DIRECTION ( 'NONE',  ( 1.000000000000000000, 0.000000000000000000, 0.000000000000000000 ) ) ;
#2707 = CARTESIAN_POINT ( 'NONE',  ( -5.500000000000000000, 0.000000000000000000, 3.000000000000000000 ) ) ;
#2708 = VECTOR ( 'NONE', #2389, 1000.000000000000000 ) ;
#2709 = ORIENTED_EDGE ( 'NONE', *, *, #2134, .F. ) ;
#2710 = EDGE_CURVE ( 'NONE', #458, #1507, #1130, .T. ) ;
#2711 = AXIS2_PLACEMENT_3D ( 'NONE', #521, #64, #2151 ) ;
#2712 = DIRECTION ( 'NONE',  ( -1.652117596168387756E-16, -0.000000000000000000, -1.000000000000000000 ) ) ;
#2713 = VECTOR ( 'NONE', #463, 1000.000000000000000 ) ;
#2714 = DIRECTION ( 'NONE',  ( 1.000000000000000000, 0.000000000000000000, 0.000000000000000000 ) ) ;
#2715 = CARTESIAN_POINT ( 'NONE',  ( -13.50000000000000000, -2.500000000000000444, 0.000000000000000000 ) ) ;
#2716 = ORIENTED_EDGE ( 'NONE', *, *, #2188, .F. ) ;
#2717 = ORIENTED_EDGE ( 'NONE', *, *, #910, .T. ) ;
#2718 = ORIENTED_EDGE ( 'NONE', *, *, #2318, .F. ) ;
#2719 = AXIS2_PLACEMENT_3D ( 'NONE', #327, #366, #2178 ) ;
#2720 = ORIENTED_EDGE ( 'NONE', *, *, #1003, .F. ) ;
#2721 = CARTESIAN_POINT ( 'NONE',  ( -4.999999999999999112, -2.000000000000000000, 0.000000000000000000 ) ) ;
#2722 = CARTESIAN_POINT ( 'NONE',  ( -13.50000000000000178, -6.500000000000000888, 0.000000000000000000 ) ) ;
#2723 = EDGE_CURVE ( 'NONE', #1772, #1389, #641, .T. ) ;
#2724 = EDGE_CURVE ( 'NONE', #2795, #1507, #2369, .T. ) ;
#2725 = EDGE_CURVE ( 'NONE', #1775, #2869, #426, .T. ) ;
#2726 = DIRECTION ( 'NONE',  ( 1.000000000000000000, 0.000000000000000000, 0.000000000000000000 ) ) ;
#2727 = DIRECTION ( 'NONE',  ( 1.000000000000000000, 0.000000000000000000, 0.000000000000000000 ) ) ;
#2728 = DIRECTION ( 'NONE',  ( -1.652117596168387756E-16, 0.000000000000000000, -1.000000000000000000 ) ) ;
#2729 = ORIENTED_EDGE ( 'NONE', *, *, #2153, .F. ) ;
#2730 = VERTEX_POINT ( 'NONE', #1809 ) ;
#2731 = EDGE_CURVE ( 'NONE', #1833, #2524, #1592, .T. ) ;
#2732 = ADVANCED_FACE ( 'NONE', ( #864 ), #2970, .F. ) ;
#2733 = CARTESIAN_POINT ( 'NONE',  ( -13.50000000000000178, 5.500000000000000000, 0.000000000000000000 ) ) ;
#2734 = ORIENTED_EDGE ( 'NONE', *, *, #1228, .T. ) ;
#2735 = CYLINDRICAL_SURFACE ( 'NONE', #2184, 0.4999999999999995559 ) ;
#2736 = CARTESIAN_POINT ( 'NONE',  ( 13.50000000000000178, -7.500000000000000000, -10.00000000000000000 ) ) ;
#2737 = CYLINDRICAL_SURFACE ( 'NONE', #1678, 0.5000000000000004441 ) ;
#2738 = EDGE_LOOP ( 'NONE', ( #1198, #562, #1119, #1301 ) ) ;
#2739 = DIRECTION ( 'NONE',  ( -0.000000000000000000, -0.000000000000000000, 1.000000000000000000 ) ) ;
#2740 = EDGE_CURVE ( 'NONE', #522, #2977, #1612, .T. ) ;
#2741 = LINE ( 'NONE', #670, #336 ) ;
#2742 = CARTESIAN_POINT ( 'NONE',  ( 0.4999999999999982792, -5.310000000000000497, 0.000000000000000000 ) ) ;
#2743 = DIRECTION ( 'NONE',  ( -3.787379036400652809E-16, 1.000000000000000000, 0.000000000000000000 ) ) ;
#2744 = EDGE_LOOP ( 'NONE', ( #2128, #1117, #2822, #53 ) ) ;
#2745 = VERTEX_POINT ( 'NONE', #1777 ) ;
#2746 = CARTESIAN_POINT ( 'NONE',  ( 9.500000000000003553, -7.500000000000000000, 0.4999999999999998890 ) ) ;
#2747 = CARTESIAN_POINT ( 'NONE',  ( -3.309999999999999609, 0.000000000000000000, 3.000000000000000000 ) ) ;
#2748 = EDGE_CURVE ( 'NONE', #1617, #759, #146, .T. ) ;
#2749 = DIRECTION ( 'NONE',  ( -0.000000000000000000, -0.000000000000000000, 1.000000000000000000 ) ) ;
#2750 = AXIS2_PLACEMENT_3D ( 'NONE', #742, #274, #935 ) ;
#2751 = DIRECTION ( 'NONE',  ( 0.000000000000000000, 0.000000000000000000, 1.000000000000000000 ) ) ;
#2752 = FACE_OUTER_BOUND ( 'NONE', #1565, .T. ) ;
#2753 = FILL_AREA_STYLE_COLOUR ( '', #840 ) ;
#2754 = CIRCLE ( 'NONE', #1981, 0.5000000000000013323 ) ;
#2755 = EDGE_LOOP ( 'NONE', ( #2199, #617, #433, #2961 ) ) ;
#2756 = AXIS2_PLACEMENT_3D ( 'NONE', #79, #1478, #2685 ) ;
#2757 = VERTEX_POINT ( 'NONE', #442 ) ;
#2758 = CARTESIAN_POINT ( 'NONE',  ( -0.5000000000000000000, 7.500000000000000000, 0.000000000000000000 ) ) ;
#2759 = AXIS2_PLACEMENT_3D ( 'NONE', #403, #1595, #913 ) ;
#2760 = DIRECTION ( 'NONE',  ( -0.000000000000000000, -0.000000000000000000, -1.000000000000000000 ) ) ;
#2761 = LINE ( 'NONE', #2252, #2998 ) ;
#2762 = CARTESIAN_POINT ( 'NONE',  ( -5.500000000000000000, -2.000000000000000000, 0.000000000000000000 ) ) ;
#2763 = VECTOR ( 'NONE', #2611, 1000.000000000000000 ) ;
#2764 = ORIENTED_EDGE ( 'NONE', *, *, #32, .F. ) ;
#2765 = AXIS2_PLACEMENT_3D ( 'NONE', #1479, #990, #51 ) ;
#2766 = DIRECTION ( 'NONE',  ( 1.000000000000000000, 0.000000000000000000, 0.000000000000000000 ) ) ;
#2767 = CIRCLE ( 'NONE', #1131, 0.4999999999999995559 ) ;
#2768 = DIRECTION ( 'NONE',  ( 1.000000000000000000, 0.000000000000000000, 0.000000000000000000 ) ) ;
#2769 = EDGE_CURVE ( 'NONE', #673, #2582, #3007, .T. ) ;
#2770 = EDGE_CURVE ( 'NONE', #2439, #2357, #2216, .T. ) ;
#2771 =( GEOMETRIC_REPRESENTATION_CONTEXT ( 3 ) GLOBAL_UNCERTAINTY_ASSIGNED_CONTEXT ( ( #1911 ) ) GLOBAL_UNIT_ASSIGNED_CONTEXT ( ( #20, #9, #2335 ) ) REPRESENTATION_CONTEXT ( 'NONE', 'WORKASPACE' ) );
#2772 = CARTESIAN_POINT ( 'NONE',  ( -0.5000000000000000000, 7.500000000000000000, 3.000000000000000000 ) ) ;
#2773 = CARTESIAN_POINT ( 'NONE',  ( -0.5000000000000000000, 7.500000000000000000, 0.000000000000000000 ) ) ;
#2774 = ORIENTED_EDGE ( 'NONE', *, *, #2191, .F. ) ;
#2775 = PRODUCT_CONTEXT ( 'NONE', #960, 'mechanical' ) ;
#2776 = FACE_OUTER_BOUND ( 'NONE', #416, .T. ) ;
#2777 = CARTESIAN_POINT ( 'NONE',  ( -5.000000000000000888, 6.000000000000000000, 0.000000000000000000 ) ) ;
#2778 = DIRECTION ( 'NONE',  ( 0.000000000000000000, 0.000000000000000000, 1.000000000000000000 ) ) ;
#2779 = ORIENTED_EDGE ( 'NONE', *, *, #2488, .T. ) ;
#2780 = ORIENTED_EDGE ( 'NONE', *, *, #460, .T. ) ;
#2781 = ORIENTED_EDGE ( 'NONE', *, *, #2009, .F. ) ;
#2782 = DIRECTION ( 'NONE',  ( -0.000000000000000000, -0.000000000000000000, 1.000000000000000000 ) ) ;
#2783 = EDGE_CURVE ( 'NONE', #1138, #1771, #1944, .T. ) ;
#2784 = ORIENTED_EDGE ( 'NONE', *, *, #700, .F. ) ;
#2785 = EDGE_CURVE ( 'NONE', #619, #2319, #2448, .T. ) ;
#2786 = CARTESIAN_POINT ( 'NONE',  ( 16.50000000000000000, 7.500000000000000000, 3.000000000000000000 ) ) ;
#2787 = DIRECTION ( 'NONE',  ( -1.156482317317871478E-16, 1.000000000000000000, 0.000000000000000000 ) ) ;
#2788 = LINE ( 'NONE', #1665, #497 ) ;
#2789 = EDGE_LOOP ( 'NONE', ( #904, #6, #2547, #2920 ) ) ;
#2790 = ORIENTED_EDGE ( 'NONE', *, *, #1402, .F. ) ;
#2791 = CARTESIAN_POINT ( 'NONE',  ( -4.650000000000000355, 0.000000000000000000, 0.000000000000000000 ) ) ;
#2792 = FACE_OUTER_BOUND ( 'NONE', #299, .T. ) ;
#2793 = ORIENTED_EDGE ( 'NONE', *, *, #547, .F. ) ;
#2794 = CIRCLE ( 'NONE', #1501, 1.100000000000000311 ) ;
#2795 = VERTEX_POINT ( 'NONE', #570 ) ;
#2796 = AXIS2_PLACEMENT_3D ( 'NONE', #2902, #2691, #2886 ) ;
#2797 = EDGE_CURVE ( 'NONE', #1483, #858, #70, .T. ) ;
#2798 = DIRECTION ( 'NONE',  ( 1.000000000000000000, 0.000000000000000000, 0.000000000000000000 ) ) ;
#2799 = DIRECTION ( 'NONE',  ( 0.000000000000000000, 0.000000000000000000, 1.000000000000000000 ) ) ;
#2800 = VECTOR ( 'NONE', #1887, 1000.000000000000000 ) ;
#2801 = ORIENTED_EDGE ( 'NONE', *, *, #2431, .F. ) ;
#2802 = VECTOR ( 'NONE', #794, 1000.000000000000000 ) ;
#2803 = CARTESIAN_POINT ( 'NONE',  ( -5.500000000000000000, 2.000000000000000000, 0.000000000000000000 ) ) ;
#2804 = CYLINDRICAL_SURFACE ( 'NONE', #2750, 0.5000000000000000000 ) ;
#2805 = STYLED_ITEM ( 'NONE', ( #2534 ), #1761 ) ;
#2806 = DIRECTION ( 'NONE',  ( 0.000000000000000000, 1.000000000000000000, 0.000000000000000000 ) ) ;
#2807 = CIRCLE ( 'NONE', #1803, 0.5000000000000013323 ) ;
#2808 = CARTESIAN_POINT ( 'NONE',  ( -5.500000000000000888, 4.500000000000000000, 0.000000000000000000 ) ) ;
#2809 = VERTEX_POINT ( 'NONE', #2381 ) ;
#2810 = VECTOR ( 'NONE', #2660, 1000.000000000000000 ) ;
#2811 = CARTESIAN_POINT ( 'NONE',  ( 0.000000000000000000, 0.000000000000000000, 1.200000000000000178 ) ) ;
#2812 = FACE_OUTER_BOUND ( 'NONE', #2755, .T. ) ;
#2813 = EDGE_CURVE ( 'NONE', #1611, #2415, #1516, .T. ) ;
#2814 = DIRECTION ( 'NONE',  ( 1.000000000000000000, 0.000000000000000000, 0.000000000000000000 ) ) ;
#2815 = EDGE_CURVE ( 'NONE', #1714, #2548, #2395, .T. ) ;
#2816 = EDGE_CURVE ( 'NONE', #1587, #1172, #340, .T. ) ;
#2817 = CARTESIAN_POINT ( 'NONE',  ( -5.500000000000000000, -2.000000000000000000, 0.000000000000000000 ) ) ;
#2818 = ORIENTED_EDGE ( 'NONE', *, *, #2370, .F. ) ;
#2819 = EDGE_CURVE ( 'NONE', #2446, #14, #2679, .T. ) ;
#2820 = CARTESIAN_POINT ( 'NONE',  ( -5.500000000000000000, 1.500000000000000000, 0.000000000000000000 ) ) ;
#2821 = LINE ( 'NONE', #1019, #1265 ) ;
#2822 = ORIENTED_EDGE ( 'NONE', *, *, #1626, .T. ) ;
#2823 = ORIENTED_EDGE ( 'NONE', *, *, #927, .F. ) ;
#2824 = LINE ( 'NONE', #751, #2665 ) ;
#2825 = ORIENTED_EDGE ( 'NONE', *, *, #909, .T. ) ;
#2826 = CARTESIAN_POINT ( 'NONE',  ( -13.50000000000000178, 7.500000000000000000, 3.000000000000000000 ) ) ;
#2827 = VERTEX_POINT ( 'NONE', #1083 ) ;
#2828 = ORIENTED_EDGE ( 'NONE', *, *, #460, .F. ) ;
#2829 = EDGE_CURVE ( 'NONE', #118, #2045, #1239, .T. ) ;
#2830 = DIRECTION ( 'NONE',  ( -0.000000000000000000, 1.000000000000000000, 0.000000000000000000 ) ) ;
#2831 = VERTEX_POINT ( 'NONE', #2433 ) ;
#2832 = EDGE_LOOP ( 'NONE', ( #1424, #2155 ) ) ;
#2833 = DIRECTION ( 'NONE',  ( 0.000000000000000000, 0.000000000000000000, 1.000000000000000000 ) ) ;
#2834 = FACE_OUTER_BOUND ( 'NONE', #585, .T. ) ;
#2835 = DIRECTION ( 'NONE',  ( 4.625929269271485914E-16, -1.000000000000000000, 0.000000000000000000 ) ) ;
#2836 = VECTOR ( 'NONE', #428, 1000.000000000000000 ) ;
#2837 = CYLINDRICAL_SURFACE ( 'NONE', #837, 0.5000000000000004441 ) ;
#2838 = ORIENTED_EDGE ( 'NONE', *, *, #1421, .T. ) ;
#2839 = DIRECTION ( 'NONE',  ( 0.000000000000000000, 0.000000000000000000, 1.000000000000000000 ) ) ;
#2840 = ORIENTED_EDGE ( 'NONE', *, *, #2953, .F. ) ;
#2841 = AXIS2_PLACEMENT_3D ( 'NONE', #454, #2261, #2493 ) ;
#2842 = DIRECTION ( 'NONE',  ( 1.000000000000000000, 0.000000000000000000, 0.000000000000000000 ) ) ;
#2843 = CARTESIAN_POINT ( 'NONE',  ( -7.500000000000001776, -4.000000000000000000, 3.000000000000000000 ) ) ;
#2844 = AXIS2_PLACEMENT_3D ( 'NONE', #1004, #1915, #1728 ) ;
#2845 = ORIENTED_EDGE ( 'NONE', *, *, #1438, .F. ) ;
#2846 = ORIENTED_EDGE ( 'NONE', *, *, #2710, .F. ) ;
#2847 = CIRCLE ( 'NONE', #733, 1.100000000000000311 ) ;
#2848 = CARTESIAN_POINT ( 'NONE',  ( -3.309999999999999609, 0.000000000000000000, 3.000000000000000000 ) ) ;
#2849 =( NAMED_UNIT ( * ) SI_UNIT ( $, .STERADIAN. ) SOLID_ANGLE_UNIT ( ) );
#2850 = EDGE_CURVE ( 'NONE', #1994, #323, #2328, .T. ) ;
#2851 = AXIS2_PLACEMENT_3D ( 'NONE', #1621, #1844, #2293 ) ;
#2852 = ORIENTED_EDGE ( 'NONE', *, *, #547, .T. ) ;
#2853 = VERTEX_POINT ( 'NONE', #842 ) ;
#2854 = EDGE_CURVE ( 'NONE', #1480, #930, #2868, .T. ) ;
#2855 = CIRCLE ( 'NONE', #1413, 0.5000000000000004441 ) ;
#2856 = LINE ( 'NONE', #2629, #324 ) ;
#2857 = AXIS2_PLACEMENT_3D ( 'NONE', #2047, #2496, #1384 ) ;
#2858 = CIRCLE ( 'NONE', #87, 3.309999999999999609 ) ;
#2859 = PLANE ( 'NONE',  #1357 ) ;
#2860 = ORIENTED_EDGE ( 'NONE', *, *, #2953, .T. ) ;
#2861 = FACE_OUTER_BOUND ( 'NONE', #334, .T. ) ;
#2862 = LINE ( 'NONE', #315, #532 ) ;
#2863 = DIRECTION ( 'NONE',  ( 0.000000000000000000, 1.000000000000000000, 0.000000000000000000 ) ) ;
#2864 = VERTEX_POINT ( 'NONE', #2189 ) ;
#2865 = ORIENTED_EDGE ( 'NONE', *, *, #2770, .F. ) ;
#2866 = CARTESIAN_POINT ( 'NONE',  ( -13.50000000000000178, -3.499999999999999556, 0.000000000000000000 ) ) ;
#2867 = CARTESIAN_POINT ( 'NONE',  ( -4.900000000000000355, -5.181818181818181657, 0.000000000000000000 ) ) ;
#2868 = LINE ( 'NONE', #2641, #1613 ) ;
#2869 = VERTEX_POINT ( 'NONE', #1732 ) ;
#2870 = ADVANCED_FACE ( 'NONE', ( #356 ), #2898, .F. ) ;
#2871 = CARTESIAN_POINT ( 'NONE',  ( -4.900000000000000355, -5.181818181818181657, 0.000000000000000000 ) ) ;
#2872 = EDGE_CURVE ( 'NONE', #1374, #1928, #374, .T. ) ;
#2873 = EDGE_CURVE ( 'NONE', #2745, #261, #1137, .T. ) ;
#2874 = CARTESIAN_POINT ( 'NONE',  ( -13.50000000000000178, 1.499999999999999556, 0.000000000000000000 ) ) ;
#2875 = ORIENTED_EDGE ( 'NONE', *, *, #738, .T. ) ;
#2876 = CARTESIAN_POINT ( 'NONE',  ( 2.700000000000000178, 5.181818181818186098, 3.000000000000000000 ) ) ;
#2877 = ORIENTED_EDGE ( 'NONE', *, *, #2819, .F. ) ;
#2878 = CARTESIAN_POINT ( 'NONE',  ( 0.000000000000000000, 0.000000000000000000, 1.000000000000000000 ) ) ;
#2879 = DIRECTION ( 'NONE',  ( 0.000000000000000000, -1.000000000000000000, 0.000000000000000000 ) ) ;
#2880 = ORIENTED_EDGE ( 'NONE', *, *, #684, .F. ) ;
#2881 = VERTEX_POINT ( 'NONE', #1575 ) ;
#2882 = DIRECTION ( 'NONE',  ( 0.000000000000000000, 0.000000000000000000, -1.000000000000000000 ) ) ;
#2883 = CARTESIAN_POINT ( 'NONE',  ( -13.50000000000000178, 6.500000000000000000, 0.000000000000000000 ) ) ;
#2884 = ORIENTED_EDGE ( 'NONE', *, *, #526, .T. ) ;
#2885 = ORIENTED_EDGE ( 'NONE', *, *, #1724, .T. ) ;
#2886 = DIRECTION ( 'NONE',  ( 1.000000000000000000, 0.000000000000000000, 0.000000000000000000 ) ) ;
#2887 = LINE ( 'NONE', #1687, #1022 ) ;
#2888 = DIRECTION ( 'NONE',  ( -1.000000000000000000, 0.000000000000000000, 0.000000000000000000 ) ) ;
#2889 = ORIENTED_EDGE ( 'NONE', *, *, #1486, .F. ) ;
#2890 = FACE_OUTER_BOUND ( 'NONE', #1727, .T. ) ;
#2891 = DIRECTION ( 'NONE',  ( -0.000000000000000000, -0.000000000000000000, 1.000000000000000000 ) ) ;
#2892 = CARTESIAN_POINT ( 'NONE',  ( -0.4999999999999996669, 4.623040125285525548, 1.000000000000000000 ) ) ;
#2893 = EDGE_LOOP ( 'NONE', ( #1108, #176, #2090, #1054 ) ) ;
#2894 = EDGE_LOOP ( 'NONE', ( #173, #405, #2877, #1112 ) ) ;
#2895 = AXIS2_PLACEMENT_3D ( 'NONE', #1082, #103, #2896 ) ;
#2896 = DIRECTION ( 'NONE',  ( 0.000000000000000000, -0.000000000000000000, -1.000000000000000000 ) ) ;
#2897 = CARTESIAN_POINT ( 'NONE',  ( 16.50000000000000000, 7.500000000000000000, 3.000000000000000000 ) ) ;
#2898 = PLANE ( 'NONE',  #2085 ) ;
#2899 = ORIENTED_EDGE ( 'NONE', *, *, #766, .T. ) ;
#2900 = ORIENTED_EDGE ( 'NONE', *, *, #1214, .T. ) ;
#2901 = AXIS2_PLACEMENT_3D ( 'NONE', #1940, #1071, #1763 ) ;
#2902 = CARTESIAN_POINT ( 'NONE',  ( -3.800000000000000266, -5.181818181818181657, 0.000000000000000000 ) ) ;
#2903 = DIRECTION ( 'NONE',  ( 1.156482317317871478E-16, -1.000000000000000000, 0.000000000000000000 ) ) ;
#2904 = VECTOR ( 'NONE', #2177, 1000.000000000000000 ) ;
#2905 = AXIS2_PLACEMENT_3D ( 'NONE', #1667, #2098, #1467 ) ;
#2906 = CARTESIAN_POINT ( 'NONE',  ( -5.500000000000000888, 6.000000000000000000, 0.000000000000000000 ) ) ;
#2907 = CARTESIAN_POINT ( 'NONE',  ( -13.50000000000000178, 0.4999999999999995559, 3.000000000000000000 ) ) ;
#2908 = AXIS2_PLACEMENT_3D ( 'NONE', #655, #190, #2004 ) ;
#2909 = ADVANCED_FACE ( 'NONE', ( #2529 ), #2735, .F. ) ;
#2910 = CARTESIAN_POINT ( 'NONE',  ( -13.50000000000000178, 1.499999999999999556, 3.000000000000000000 ) ) ;
#2911 = CARTESIAN_POINT ( 'NONE',  ( -7.000000000000000888, -6.000000000000000000, 0.000000000000000000 ) ) ;
#2912 = ORIENTED_EDGE ( 'NONE', *, *, #1039, .F. ) ;
#2913 = ORIENTED_EDGE ( 'NONE', *, *, #527, .F. ) ;
#2914 = LINE ( 'NONE', #856, #1504 ) ;
#2915 = ADVANCED_FACE ( 'NONE', ( #871 ), #2307, .F. ) ;
#2916 = FACE_OUTER_BOUND ( 'NONE', #556, .T. ) ;
#2917 = ADVANCED_FACE ( 'NONE', ( #1378, #171, #653 ), #1139, .F. ) ;
#2918 = DIRECTION ( 'NONE',  ( -1.000000000000000000, -0.000000000000000000, -0.000000000000000000 ) ) ;
#2919 = ORIENTED_EDGE ( 'NONE', *, *, #1057, .F. ) ;
#2920 = ORIENTED_EDGE ( 'NONE', *, *, #816, .F. ) ;
#2921 = CARTESIAN_POINT ( 'NONE',  ( -5.500000000000000000, 0.4999999999999995559, 0.000000000000000000 ) ) ;
#2922 = DIRECTION ( 'NONE',  ( -0.000000000000000000, 1.000000000000000000, -0.000000000000000000 ) ) ;
#2923 = CYLINDRICAL_SURFACE ( 'NONE', #1415, 1.100000000000000311 ) ;
#2924 = DIRECTION ( 'NONE',  ( 0.000000000000000000, 0.000000000000000000, 1.000000000000000000 ) ) ;
#2925 = CARTESIAN_POINT ( 'NONE',  ( -5.500000000000000000, 0.000000000000000000, 0.000000000000000000 ) ) ;
#2926 = VERTEX_POINT ( 'NONE', #2945 ) ;
#2927 = EDGE_LOOP ( 'NONE', ( #943, #1601, #2365, #499 ) ) ;
#2928 = CYLINDRICAL_SURFACE ( 'NONE', #2417, 0.5000000000000013323 ) ;
#2929 = CARTESIAN_POINT ( 'NONE',  ( -0.4999999999999995559, 3.766961640367472608, 1.200000000000000178 ) ) ;
#2930 = ORIENTED_EDGE ( 'NONE', *, *, #139, .T. ) ;
#2931 = PLANE ( 'NONE',  #1807 ) ;
#2932 = EDGE_CURVE ( 'NONE', #2524, #2935, #466, .T. ) ;
#2933 = DIRECTION ( 'NONE',  ( -0.000000000000000000, -0.000000000000000000, -1.000000000000000000 ) ) ;
#2934 = DIRECTION ( 'NONE',  ( -1.156482317317871478E-16, 1.000000000000000000, 0.000000000000000000 ) ) ;
#2935 = VERTEX_POINT ( 'NONE', #2480 ) ;
#2936 = DIRECTION ( 'NONE',  ( 1.156482317317871478E-16, -1.000000000000000000, 0.000000000000000000 ) ) ;
#2937 = CARTESIAN_POINT ( 'NONE',  ( 15.50000000000000355, -7.500000000000000000, 0.4999999999999998890 ) ) ;
#2938 = DIRECTION ( 'NONE',  ( 1.000000000000000000, 0.000000000000000000, 0.000000000000000000 ) ) ;
#2939 = PLANE ( 'NONE',  #1319 ) ;
#2940 = ORIENTED_EDGE ( 'NONE', *, *, #2505, .T. ) ;
#2941 = ORIENTED_EDGE ( 'NONE', *, *, #1453, .F. ) ;
#2942 = CARTESIAN_POINT ( 'NONE',  ( -13.50000000000000178, -5.500000000000000000, 0.000000000000000000 ) ) ;
#2943 = AXIS2_PLACEMENT_3D ( 'NONE', #2033, #2955, #897 ) ;
#2944 = VERTEX_POINT ( 'NONE', #2978 ) ;
#2945 = CARTESIAN_POINT ( 'NONE',  ( -5.500000000000000888, 4.500000000000000000, 3.000000000000000000 ) ) ;
#2946 = VECTOR ( 'NONE', #1056, 1000.000000000000000 ) ;
#2947 = DIRECTION ( 'NONE',  ( -0.000000000000000000, 1.000000000000000000, -0.000000000000000000 ) ) ;
#2948 = EDGE_CURVE ( 'NONE', #2357, #609, #1410, .T. ) ;
#2949 = EDGE_CURVE ( 'NONE', #2628, #831, #2858, .T. ) ;
#2950 = VECTOR ( 'NONE', #1013, 1000.000000000000000 ) ;
#2951 = ADVANCED_FACE ( 'NONE', ( #408 ), #1324, .F. ) ;
#2952 = CARTESIAN_POINT ( 'NONE',  ( -5.500000000000000000, 2.499999999999999556, 0.000000000000000000 ) ) ;
#2953 = EDGE_CURVE ( 'NONE', #261, #2757, #1088, .T. ) ;
#2954 = AXIS2_PLACEMENT_3D ( 'NONE', #265, #2171, #306 ) ;
#2955 = DIRECTION ( 'NONE',  ( -0.000000000000000000, -0.000000000000000000, 1.000000000000000000 ) ) ;
#2956 = ADVANCED_FACE ( 'NONE', ( #2508 ), #2931, .F. ) ;
#2957 = VECTOR ( 'NONE', #818, 1000.000000000000000 ) ;
#2958 = DIRECTION ( 'NONE',  ( 1.445602896647339163E-16, 1.000000000000000000, 0.000000000000000000 ) ) ;
#2959 = CARTESIAN_POINT ( 'NONE',  ( -5.500000000000000888, 5.500000000000000000, 3.000000000000000000 ) ) ;
#2960 = ORIENTED_EDGE ( 'NONE', *, *, #2370, .T. ) ;
#2961 = ORIENTED_EDGE ( 'NONE', *, *, #589, .T. ) ;
#2962 = ORIENTED_EDGE ( 'NONE', *, *, #2723, .T. ) ;
#2963 = VECTOR ( 'NONE', #2285, 1000.000000000000000 ) ;
#2964 = LINE ( 'NONE', #2273, #1886 ) ;
#2965 = EDGE_LOOP ( 'NONE', ( #2416, #102, #1006, #2303 ) ) ;
#2966 = CARTESIAN_POINT ( 'NONE',  ( 0.000000000000000000, 0.000000000000000000, 3.000000000000000000 ) ) ;
#2967 = DIRECTION ( 'NONE',  ( -1.000000000000000000, 0.000000000000000000, 0.000000000000000000 ) ) ;
#2968 = DIRECTION ( 'NONE',  ( -1.000000000000000000, 1.445602896647339163E-16, -0.000000000000000000 ) ) ;
#2969 = VERTEX_POINT ( 'NONE', #1588 ) ;
#2970 = PLANE ( 'NONE',  #2570 ) ;
#2971 = CARTESIAN_POINT ( 'NONE',  ( -5.500000000000000888, 3.500000000000000000, 3.000000000000000000 ) ) ;
#2972 = EDGE_CURVE ( 'NONE', #2491, #1359, #1109, .T. ) ;
#2973 = CARTESIAN_POINT ( 'NONE',  ( -13.50000000000000178, -5.500000000000000000, 0.000000000000000000 ) ) ;
#2974 = LINE ( 'NONE', #915, #243 ) ;
#2975 = ORIENTED_EDGE ( 'NONE', *, *, #610, .F. ) ;
#2976 = VERTEX_POINT ( 'NONE', #2025 ) ;
#2977 = VERTEX_POINT ( 'NONE', #2492 ) ;
#2978 = CARTESIAN_POINT ( 'NONE',  ( -4.650000000000000355, 0.000000000000000000, 1.000000000000000000 ) ) ;
#2979 = DIRECTION ( 'NONE',  ( 1.000000000000000000, 0.000000000000000000, 0.000000000000000000 ) ) ;
#2980 = LINE ( 'NONE', #922, #383 ) ;
#2981 = DIRECTION ( 'NONE',  ( 0.000000000000000000, 0.000000000000000000, 1.000000000000000000 ) ) ;
#2982 = EDGE_LOOP ( 'NONE', ( #1426, #2120, #1751, #2362 ) ) ;
#2983 = ORIENTED_EDGE ( 'NONE', *, *, #955, .T. ) ;
#2984 = CARTESIAN_POINT ( 'NONE',  ( 15.00000000000000355, -7.500000000000000000, 1.000000000000001332 ) ) ;
#2985 = CARTESIAN_POINT ( 'NONE',  ( 1.762194958653875365E-15, -5.310000000000000497, 3.000000000000000000 ) ) ;
#2986 = FILL_AREA_STYLE_COLOUR ( '', #1564 ) ;
#2987 = DIRECTION ( 'NONE',  ( -0.000000000000000000, -0.000000000000000000, 1.000000000000000000 ) ) ;
#2988 = ORIENTED_EDGE ( 'NONE', *, *, #1969, .F. ) ;
#2989 = ADVANCED_FACE ( 'NONE', ( #422 ), #920, .F. ) ;
#2990 = EDGE_CURVE ( 'NONE', #2969, #843, #1122, .T. ) ;
#2991 = CARTESIAN_POINT ( 'NONE',  ( 10.50000000000000000, -7.500000000000000000, -10.00000000000000000 ) ) ;
#2992 = CARTESIAN_POINT ( 'NONE',  ( -5.500000000000000888, 4.000000000000000000, 0.000000000000000000 ) ) ;
#2993 = CARTESIAN_POINT ( 'NONE',  ( 0.000000000000000000, 0.000000000000000000, -10.00000000000000000 ) ) ;
#2994 = AXIS2_PLACEMENT_3D ( 'NONE', #1519, #2462, #2682 ) ;
#2995 = VECTOR ( 'NONE', #2291, 1000.000000000000000 ) ;
#2996 = EDGE_LOOP ( 'NONE', ( #2720, #1174, #82, #198 ) ) ;
#2997 = ADVANCED_BREP_SHAPE_REPRESENTATION ( 'ld-hs', ( #1761, #697 ), #2771 ) ;
#2998 = VECTOR ( 'NONE', #694, 1000.000000000000000 ) ;
#2999 = FACE_OUTER_BOUND ( 'NONE', #2173, .T. ) ;
#3000 = DIRECTION ( 'NONE',  ( -0.000000000000000000, -0.000000000000000000, 1.000000000000000000 ) ) ;
#3001 = CARTESIAN_POINT ( 'NONE',  ( 13.50000000000000178, -7.500000000000000000, -10.00000000000000000 ) ) ;
#3002 = AXIS2_PLACEMENT_3D ( 'NONE', #2338, #1195, #153 ) ;
#3003 = ORIENTED_EDGE ( 'NONE', *, *, #124, .F. ) ;
#3004 = ORIENTED_EDGE ( 'NONE', *, *, #2336, .T. ) ;
#3005 = AXIS2_PLACEMENT_3D ( 'NONE', #2925, #1313, #1282 ) ;
#3006 = LINE ( 'NONE', #918, #1934 ) ;
#3007 = CIRCLE ( 'NONE', #2672, 0.5000000000000004441 ) ;
#3008 = ADVANCED_FACE ( 'NONE', ( #937 ), #1901, .F. ) ;
#3009 = CYLINDRICAL_SURFACE ( 'NONE', #1791, 0.4999999999999995559 ) ;
#3010 = CARTESIAN_POINT ( 'NONE',  ( -0.5000000000000000000, 7.500000000000000000, 0.000000000000000000 ) ) ;
ENDSEC;
END-ISO-10303-21;
