ISO-10303-21;
HEADER;
FILE_DESCRIPTION (( 'STEP AP214' ),
    '1' );
FILE_NAME ('ld-hs-interposer.STEP',
    '2024-02-22T17:25:40',
    ( '' ),
    ( '' ),
    'SwSTEP 2.0',
    'SolidWorks 2022',
    '' );
FILE_SCHEMA (( 'AUTOMOTIVE_DESIGN' ));
ENDSEC;

DATA;
#1 = CARTESIAN_POINT ( 'NONE',  ( -4.629377314878820648, -2.149999385897003901, 0.1293773148788289196 ) ) ;
#2 = ORIENTED_EDGE ( 'NONE', *, *, #296, .T. ) ;
#3 = CIRCLE ( 'NONE', #684, 1.099999999999999201 ) ;
#4 = VECTOR ( 'NONE', #682, 1000.000000000000000 ) ;
#5 = DIRECTION ( 'NONE',  ( -0.000000000000000000, -0.000000000000000000, 1.000000000000000000 ) ) ;
#6 = PLANE ( 'NONE',  #1099 ) ;
#7 = EDGE_CURVE ( 'NONE', #35, #934, #713, .T. ) ;
#8 = CARTESIAN_POINT ( 'NONE',  ( -3.000000000000000888, -5.181818181818181657, 3.500000000000000000 ) ) ;
#9 = VERTEX_POINT ( 'NONE', #465 ) ;
#10 = AXIS2_PLACEMENT_3D ( 'NONE', #996, #1488, #875 ) ;
#11 = CIRCLE ( 'NONE', #801, 0.4000000000000001887 ) ;
#12 = EDGE_LOOP ( 'NONE', ( #880, #555, #1168, #412 ) ) ;
#13 = UNCERTAINTY_MEASURE_WITH_UNIT (LENGTH_MEASURE( 1.000000000000000082E-05 ), #1163, 'distance_accuracy_value', 'NONE');
#14 = DIRECTION ( 'NONE',  ( 0.000000000000000000, -7.885106708985486076E-16, 1.000000000000000000 ) ) ;
#15 = LINE ( 'NONE', #285, #504 ) ;
#16 = CARTESIAN_POINT ( 'NONE',  ( 2.200000000000000178, 4.000000000000000000, 1.350000000000000089 ) ) ;
#17 = DIRECTION ( 'NONE',  ( -0.000000000000000000, -0.000000000000000000, 1.000000000000000000 ) ) ;
#18 = AXIS2_PLACEMENT_3D ( 'NONE', #1391, #477, #1249 ) ;
#19 = ORIENTED_EDGE ( 'NONE', *, *, #1028, .T. ) ;
#20 = AXIS2_PLACEMENT_3D ( 'NONE', #1204, #428, #595 ) ;
#21 = EDGE_CURVE ( 'NONE', #1596, #1315, #190, .T. ) ;
#22 = ORIENTED_EDGE ( 'NONE', *, *, #561, .T. ) ;
#23 = DIRECTION ( 'NONE',  ( 1.000000000000000000, 0.000000000000000000, 0.000000000000000000 ) ) ;
#24 = CARTESIAN_POINT ( 'NONE',  ( -3.866666666666664920, -4.384600798944754629, 1.099999999999999867 ) ) ;
#25 = ORIENTED_EDGE ( 'NONE', *, *, #511, .F. ) ;
#26 = EDGE_CURVE ( 'NONE', #756, #1206, #1098, .T. ) ;
#27 = ORIENTED_EDGE ( 'NONE', *, *, #768, .T. ) ;
#28 = DIRECTION ( 'NONE',  ( -0.000000000000000000, -0.000000000000000000, 1.000000000000000000 ) ) ;
#29 = DIRECTION ( 'NONE',  ( 1.156482317317869753E-15, 1.000000000000000000, 0.000000000000000000 ) ) ;
#30 = PRESENTATION_LAYER_ASSIGNMENT (  '', '', ( #1636 ) ) ;
#31 = PRESENTATION_STYLE_ASSIGNMENT (( #562 ) ) ;
#32 = AXIS2_PLACEMENT_3D ( 'NONE', #819, #38, #174 ) ;
#33 = ORIENTED_EDGE ( 'NONE', *, *, #969, .F. ) ;
#34 = CARTESIAN_POINT ( 'NONE',  ( -4.299999999999998934, -5.649999385897002568, 0.000000000000000000 ) ) ;
#35 = VERTEX_POINT ( 'NONE', #1354 ) ;
#36 = EDGE_CURVE ( 'NONE', #158, #1022, #3, .T. ) ;
#37 = CARTESIAN_POINT ( 'NONE',  ( 4.185012351187775259, -1.909364192710696573, 3.500000000000000000 ) ) ;
#38 = DIRECTION ( 'NONE',  ( -0.000000000000000000, -0.000000000000000000, 1.000000000000000000 ) ) ;
#39 = ORIENTED_EDGE ( 'NONE', *, *, #245, .T. ) ;
#40 = CARTESIAN_POINT ( 'NONE',  ( -5.499999999999999112, -5.649999385897001680, 1.100000000000000089 ) ) ;
#41 = ORIENTED_EDGE ( 'NONE', *, *, #318, .F. ) ;
#42 = LINE ( 'NONE', #922, #1329 ) ;
#43 = CYLINDRICAL_SURFACE ( 'NONE', #1138, 0.4000000000000001887 ) ;
#44 = EDGE_CURVE ( 'NONE', #446, #358, #988, .T. ) ;
#45 = ORIENTED_EDGE ( 'NONE', *, *, #1340, .F. ) ;
#46 = SURFACE_STYLE_USAGE ( .BOTH. , #1577 ) ;
#47 = VERTEX_POINT ( 'NONE', #865 ) ;
#48 = CARTESIAN_POINT ( 'NONE',  ( 4.599999999999998757, -4.000000000000000000, 4.336808689942017736E-16 ) ) ;
#49 = LINE ( 'NONE', #324, #1451 ) ;
#50 = DIRECTION ( 'NONE',  ( -0.000000000000000000, -0.000000000000000000, 1.000000000000000000 ) ) ;
#51 =( LENGTH_UNIT ( ) NAMED_UNIT ( * ) SI_UNIT ( .MILLI., .METRE. ) );
#52 = ORIENTED_EDGE ( 'NONE', *, *, #912, .F. ) ;
#53 = ADVANCED_FACE ( 'NONE', ( #1376, #217, #375, #627, #1162 ), #1424, .T. ) ;
#54 = CIRCLE ( 'NONE', #1542, 0.2000000000000000944 ) ;
#55 = PRESENTATION_STYLE_ASSIGNMENT (( #46 ) ) ;
#56 =( GEOMETRIC_REPRESENTATION_CONTEXT ( 3 ) GLOBAL_UNCERTAINTY_ASSIGNED_CONTEXT ( ( #1298 ) ) GLOBAL_UNIT_ASSIGNED_CONTEXT ( ( #51, #183, #1327 ) ) REPRESENTATION_CONTEXT ( 'NONE', 'WORKASPACE' ) );
#57 = ORIENTED_EDGE ( 'NONE', *, *, #550, .F. ) ;
#58 = CYLINDRICAL_SURFACE ( 'NONE', #1090, 2.200000000000000178 ) ;
#59 = AXIS2_PLACEMENT_3D ( 'NONE', #687, #28, #542 ) ;
#60 = ORIENTED_EDGE ( 'NONE', *, *, #1535, .F. ) ;
#61 = FACE_OUTER_BOUND ( 'NONE', #281, .T. ) ;
#62 = AXIS2_PLACEMENT_3D ( 'NONE', #1009, #1000, #1637 ) ;
#63 = DIRECTION ( 'NONE',  ( 1.000000000000000000, 0.000000000000000000, 0.000000000000000000 ) ) ;
#64 = ORIENTED_EDGE ( 'NONE', *, *, #1556, .F. ) ;
#65 = DIRECTION ( 'NONE',  ( -1.000000000000000000, -0.000000000000000000, -0.000000000000000000 ) ) ;
#66 = PRESENTATION_LAYER_ASSIGNMENT (  '', '', ( #1392 ) ) ;
#67 = EDGE_CURVE ( 'NONE', #1655, #1315, #570, .T. ) ;
#68 = EDGE_LOOP ( 'NONE', ( #1039, #937, #1308, #733 ) ) ;
#69 = DIRECTION ( 'NONE',  ( 0.000000000000000000, 0.000000000000000000, -1.000000000000000000 ) ) ;
#70 = MECHANICAL_DESIGN_GEOMETRIC_PRESENTATION_REPRESENTATION (  '', ( #1341 ), #341 ) ;
#71 = EDGE_LOOP ( 'NONE', ( #45, #125, #139, #1525 ) ) ;
#72 = DIRECTION ( 'NONE',  ( 1.134865695139139706E-15, 1.000000000000000000, 0.000000000000000000 ) ) ;
#73 = CARTESIAN_POINT ( 'NONE',  ( 5.500000000000001776, -7.500000000000000000, 3.500000000000000000 ) ) ;
#74 = ORIENTED_EDGE ( 'NONE', *, *, #590, .F. ) ;
#75 =( NAMED_UNIT ( * ) PLANE_ANGLE_UNIT ( ) SI_UNIT ( $, .RADIAN. ) );
#76 = LINE ( 'NONE', #329, #1167 ) ;
#77 = VERTEX_POINT ( 'NONE', #781 ) ;
#78 = EDGE_CURVE ( 'NONE', #180, #739, #521, .T. ) ;
#79 = LINE ( 'NONE', #1367, #548 ) ;
#80 = LINE ( 'NONE', #723, #1259 ) ;
#81 = ORIENTED_EDGE ( 'NONE', *, *, #1176, .F. ) ;
#82 = CARTESIAN_POINT ( 'NONE',  ( -3.529949493661165061, -0.9899494936611665796, 3.000000000000000000 ) ) ;
#83 = CARTESIAN_POINT ( 'NONE',  ( -2.539999999999998259, 0.000000000000000000, 0.000000000000000000 ) ) ;
#84 = VECTOR ( 'NONE', #1495, 1000.000000000000000 ) ;
#85 = AXIS2_PLACEMENT_3D ( 'NONE', #641, #775, #1157 ) ;
#86 = ORIENTED_EDGE ( 'NONE', *, *, #1446, .T. ) ;
#87 = DIRECTION ( 'NONE',  ( -0.000000000000000000, -0.000000000000000000, 1.000000000000000000 ) ) ;
#88 = EDGE_CURVE ( 'NONE', #993, #106, #1660, .T. ) ;
#89 = ORIENTED_EDGE ( 'NONE', *, *, #1610, .T. ) ;
#90 = COLOUR_RGB ( '',0.5372549019607842924, 0.3490196078431372362, 0.3372549019607843368 ) ;
#91 = PLANE ( 'NONE',  #422 ) ;
#92 = DIRECTION ( 'NONE',  ( 1.000000000000000000, 0.000000000000000000, 0.000000000000000000 ) ) ;
#93 = ADVANCED_FACE ( 'NONE', ( #1019 ), #101, .F. ) ;
#94 = AXIS2_PLACEMENT_3D ( 'NONE', #222, #906, #1128 ) ;
#95 = CARTESIAN_POINT ( 'NONE',  ( -2.539999999999998259, 1.399999999999999911, 0.000000000000000000 ) ) ;
#96 = FACE_BOUND ( 'NONE', #443, .T. ) ;
#97 =( GEOMETRIC_REPRESENTATION_CONTEXT ( 3 ) GLOBAL_UNCERTAINTY_ASSIGNED_CONTEXT ( ( #660 ) ) GLOBAL_UNIT_ASSIGNED_CONTEXT ( ( #1659, #266, #757 ) ) REPRESENTATION_CONTEXT ( 'NONE', 'WORKASPACE' ) );
#98 = VERTEX_POINT ( 'NONE', #1012 ) ;
#99 = DIRECTION ( 'NONE',  ( 0.7071067811865490160, -1.375317731328116602E-15, -0.7071067811865460184 ) ) ;
#100 = AXIS2_PLACEMENT_3D ( 'NONE', #188, #703, #72 ) ;
#101 = CYLINDRICAL_SURFACE ( 'NONE', #1080, 1.404374024830399748 ) ;
#102 = DIRECTION ( 'NONE',  ( 1.000000000000000000, -1.156482317317869753E-15, 0.000000000000000000 ) ) ;
#103 = EDGE_CURVE ( 'NONE', #294, #417, #1305, .T. ) ;
#104 = ORIENTED_EDGE ( 'NONE', *, *, #1465, .T. ) ;
#105 = FACE_OUTER_BOUND ( 'NONE', #1617, .T. ) ;
#106 = VERTEX_POINT ( 'NONE', #894 ) ;
#107 = DIRECTION ( 'NONE',  ( 0.000000000000000000, 0.000000000000000000, 1.000000000000000000 ) ) ;
#108 = CARTESIAN_POINT ( 'NONE',  ( 5.300000000000000711, -5.587450786638753719, 1.350000000000000089 ) ) ;
#109 = ORIENTED_EDGE ( 'NONE', *, *, #1195, .T. ) ;
#110 = EDGE_CURVE ( 'NONE', #1612, #721, #1246, .T. ) ;
#111 = ORIENTED_EDGE ( 'NONE', *, *, #882, .F. ) ;
#112 = AXIS2_PLACEMENT_3D ( 'NONE', #1046, #514, #396 ) ;
#113 = CARTESIAN_POINT ( 'NONE',  ( 0.000000000000000000, 4.000000000000000000, 3.000000000000000000 ) ) ;
#114 = VECTOR ( 'NONE', #963, 1000.000000000000000 ) ;
#115 = PRESENTATION_LAYER_ASSIGNMENT (  '', '', ( #1438 ) ) ;
#116 = ORIENTED_EDGE ( 'NONE', *, *, #829, .T. ) ;
#117 = SURFACE_STYLE_FILL_AREA ( #240 ) ;
#118 = CARTESIAN_POINT ( 'NONE',  ( 5.499999999999999112, 7.500000000000000000, 3.500000000000000000 ) ) ;
#119 = DIRECTION ( 'NONE',  ( 1.000000000000000000, 0.000000000000000000, 0.000000000000000000 ) ) ;
#120 = DIRECTION ( 'NONE',  ( 0.000000000000000000, 0.000000000000000000, -1.000000000000000000 ) ) ;
#121 = ORIENTED_EDGE ( 'NONE', *, *, #1563, .F. ) ;
#122 = AXIS2_PLACEMENT_3D ( 'NONE', #1082, #1623, #1592 ) ;
#123 = DIRECTION ( 'NONE',  ( 1.000000000000000000, 0.000000000000000000, 0.000000000000000000 ) ) ;
#124 = EDGE_CURVE ( 'NONE', #739, #239, #1283, .T. ) ;
#125 = ORIENTED_EDGE ( 'NONE', *, *, #1590, .F. ) ;
#126 = AXIS2_PLACEMENT_3D ( 'NONE', #732, #1130, #350 ) ;
#127 = CARTESIAN_POINT ( 'NONE',  ( 0.000000000000000000, 0.000000000000000000, 3.000000000000000000 ) ) ;
#128 = DIRECTION ( 'NONE',  ( 1.000000000000000000, 0.000000000000000000, 0.000000000000000000 ) ) ;
#129 = FACE_OUTER_BOUND ( 'NONE', #71, .T. ) ;
#130 = ORIENTED_EDGE ( 'NONE', *, *, #1634, .T. ) ;
#131 = VECTOR ( 'NONE', #1188, 1000.000000000000000 ) ;
#132 = CARTESIAN_POINT ( 'NONE',  ( 0.000000000000000000, 0.000000000000000000, 3.500000000000000000 ) ) ;
#133 = ORIENTED_EDGE ( 'NONE', *, *, #1343, .F. ) ;
#134 = EDGE_CURVE ( 'NONE', #283, #185, #1437, .T. ) ;
#135 = SURFACE_SIDE_STYLE ('',( #117 ) ) ;
#136 = DIRECTION ( 'NONE',  ( 1.000000000000000000, 0.000000000000000000, 0.000000000000000000 ) ) ;
#137 = FACE_OUTER_BOUND ( 'NONE', #1366, .T. ) ;
#138 = DIRECTION ( 'NONE',  ( 1.000000000000000000, 0.000000000000000000, 0.000000000000000000 ) ) ;
#139 = ORIENTED_EDGE ( 'NONE', *, *, #1378, .T. ) ;
#140 = ORIENTED_EDGE ( 'NONE', *, *, #747, .T. ) ;
#141 = AXIS2_PLACEMENT_3D ( 'NONE', #1273, #250, #484 ) ;
#142 = AXIS2_PLACEMENT_3D ( 'NONE', #997, #1511, #876 ) ;
#143 = DIRECTION ( 'NONE',  ( -0.000000000000000000, -0.000000000000000000, 1.000000000000000000 ) ) ;
#144 = LINE ( 'NONE', #1147, #1532 ) ;
#145 = DIRECTION ( 'NONE',  ( -1.000000000000000000, -4.152810866438206183E-17, -0.000000000000000000 ) ) ;
#146 = EDGE_CURVE ( 'NONE', #452, #533, #516, .T. ) ;
#147 = ORIENTED_EDGE ( 'NONE', *, *, #759, .F. ) ;
#148 = CIRCLE ( 'NONE', #1033, 4.599999999999999645 ) ;
#149 = VECTOR ( 'NONE', #508, 1000.000000000000000 ) ;
#150 = ORIENTED_EDGE ( 'NONE', *, *, #233, .F. ) ;
#151 = CARTESIAN_POINT ( 'NONE',  ( -7.000000000000000888, -7.500000000000000000, 3.500000000000000000 ) ) ;
#152 = FACE_OUTER_BOUND ( 'NONE', #1101, .T. ) ;
#153 = CARTESIAN_POINT ( 'NONE',  ( -0.9899494936611652474, -3.529949493661166393, 3.000000000000000000 ) ) ;
#154 = AXIS2_PLACEMENT_3D ( 'NONE', #1115, #1631, #1257 ) ;
#155 = ORIENTED_EDGE ( 'NONE', *, *, #156, .T. ) ;
#156 = EDGE_CURVE ( 'NONE', #237, #1015, #900, .T. ) ;
#157 = VECTOR ( 'NONE', #1546, 1000.000000000000000 ) ;
#158 = VERTEX_POINT ( 'NONE', #908 ) ;
#159 = CYLINDRICAL_SURFACE ( 'NONE', #604, 2.200000000000000178 ) ;
#160 = VERTEX_POINT ( 'NONE', #1552 ) ;
#161 = DIRECTION ( 'NONE',  ( -1.000000000000000000, -0.000000000000000000, -0.000000000000000000 ) ) ;
#162 = ADVANCED_FACE ( 'NONE', ( #1004 ), #368, .F. ) ;
#163 = VERTEX_POINT ( 'NONE', #884 ) ;
#164 = DIRECTION ( 'NONE',  ( 0.000000000000000000, 0.000000000000000000, 1.000000000000000000 ) ) ;
#165 = AXIS2_PLACEMENT_3D ( 'NONE', #360, #505, #1266 ) ;
#166 = AXIS2_PLACEMENT_3D ( 'NONE', #83, #608, #236 ) ;
#167 = DIRECTION ( 'NONE',  ( 0.000000000000000000, 0.000000000000000000, 1.000000000000000000 ) ) ;
#168 = ORIENTED_EDGE ( 'NONE', *, *, #1446, .F. ) ;
#169 = CARTESIAN_POINT ( 'NONE',  ( -4.699999999999994849, -2.149999385897003013, 1.100000000000000089 ) ) ;
#170 = VERTEX_POINT ( 'NONE', #1026 ) ;
#171 = EDGE_CURVE ( 'NONE', #1109, #1347, #1545, .T. ) ;
#172 = CARTESIAN_POINT ( 'NONE',  ( 1.099999999999999645, 4.000000000000000000, 1.350000000000000089 ) ) ;
#173 = FACE_OUTER_BOUND ( 'NONE', #207, .T. ) ;
#174 = DIRECTION ( 'NONE',  ( 1.000000000000000000, 0.000000000000000000, 0.000000000000000000 ) ) ;
#175 = ORIENTED_EDGE ( 'NONE', *, *, #1340, .T. ) ;
#176 =( NAMED_UNIT ( * ) SI_UNIT ( $, .STERADIAN. ) SOLID_ANGLE_UNIT ( ) );
#177 = VECTOR ( 'NONE', #764, 1000.000000000000114 ) ;
#178 = ORIENTED_EDGE ( 'NONE', *, *, #146, .T. ) ;
#179 = EDGE_CURVE ( 'NONE', #446, #9, #1111, .T. ) ;
#180 = VERTEX_POINT ( 'NONE', #494 ) ;
#181 = DIRECTION ( 'NONE',  ( -0.000000000000000000, -7.885106708985486076E-16, -1.000000000000000000 ) ) ;
#182 = DIRECTION ( 'NONE',  ( 0.000000000000000000, 0.000000000000000000, -1.000000000000000000 ) ) ;
#183 =( NAMED_UNIT ( * ) PLANE_ANGLE_UNIT ( ) SI_UNIT ( $, .RADIAN. ) );
#184 = VERTEX_POINT ( 'NONE', #916 ) ;
#185 = VERTEX_POINT ( 'NONE', #1527 ) ;
#186 = CARTESIAN_POINT ( 'NONE',  ( -4.299999999999994493, -2.149999385897003457, 1.100000000000000089 ) ) ;
#187 = ORIENTED_EDGE ( 'NONE', *, *, #1202, .T. ) ;
#188 = CARTESIAN_POINT ( 'NONE',  ( -6.999999999999992006, 7.976484799242062165E-15, -2.255777062273396826E-30 ) ) ;
#189 = LINE ( 'NONE', #715, #488 ) ;
#190 = LINE ( 'NONE', #471, #114 ) ;
#191 = MECHANICAL_DESIGN_GEOMETRIC_PRESENTATION_REPRESENTATION (  '', ( #1636 ), #1306 ) ;
#192 = VECTOR ( 'NONE', #512, 1000.000000000000000 ) ;
#193 = EDGE_CURVE ( 'NONE', #1570, #1562, #1568, .T. ) ;
#194 = CARTESIAN_POINT ( 'NONE',  ( -5.500000000000000888, 7.500000000000000000, 3.500000000000000000 ) ) ;
#195 = VECTOR ( 'NONE', #335, 1000.000000000000000 ) ;
#196 = ORIENTED_EDGE ( 'NONE', *, *, #1091, .T. ) ;
#197 = LINE ( 'NONE', #332, #667 ) ;
#198 = CIRCLE ( 'NONE', #796, 1.404374024830399748 ) ;
#199 = AXIS2_PLACEMENT_3D ( 'NONE', #205, #1601, #1474 ) ;
#200 = DIRECTION ( 'NONE',  ( 1.000000000000000000, -1.156482317317869753E-15, -0.000000000000000000 ) ) ;
#201 = ORIENTED_EDGE ( 'NONE', *, *, #579, .T. ) ;
#202 = CARTESIAN_POINT ( 'NONE',  ( 5.500000000000001776, -7.500000000000000000, 0.000000000000000000 ) ) ;
#203 = ADVANCED_FACE ( 'NONE', ( #257 ), #159, .F. ) ;
#204 = ORIENTED_EDGE ( 'NONE', *, *, #67, .T. ) ;
#205 = CARTESIAN_POINT ( 'NONE',  ( -3.800000000000000266, -5.181818181818181657, 1.099999999999999867 ) ) ;
#206 = AXIS2_PLACEMENT_3D ( 'NONE', #299, #722, #1074 ) ;
#207 = EDGE_LOOP ( 'NONE', ( #1658, #489, #985, #1521 ) ) ;
#208 = DIRECTION ( 'NONE',  ( 0.000000000000000000, 0.000000000000000000, 1.000000000000000000 ) ) ;
#209 = EDGE_LOOP ( 'NONE', ( #802, #1183, #342, #995, #1278, #147 ) ) ;
#210 = LINE ( 'NONE', #735, #791 ) ;
#211 = EDGE_CURVE ( 'NONE', #9, #331, #42, .T. ) ;
#212 = ORIENTED_EDGE ( 'NONE', *, *, #1363, .F. ) ;
#213 = CARTESIAN_POINT ( 'NONE',  ( -5.500000000000000888, 7.500000000000000000, 0.9999999999999991118 ) ) ;
#214 = EDGE_CURVE ( 'NONE', #434, #971, #558, .T. ) ;
#215 = ORIENTED_EDGE ( 'NONE', *, *, #224, .T. ) ;
#216 = LINE ( 'NONE', #1122, #1041 ) ;
#217 = FACE_BOUND ( 'NONE', #1400, .T. ) ;
#218 = SURFACE_STYLE_USAGE ( .BOTH. , #752 ) ;
#219 = DIRECTION ( 'NONE',  ( 1.000000000000000000, 0.000000000000000000, 0.000000000000000000 ) ) ;
#220 = VECTOR ( 'NONE', #344, 1000.000000000000000 ) ;
#221 = VECTOR ( 'NONE', #1622, 1000.000000000000000 ) ;
#222 = CARTESIAN_POINT ( 'NONE',  ( 3.500000000000000000, -4.000000000000000000, 1.350000000000000089 ) ) ;
#223 = EDGE_LOOP ( 'NONE', ( #776, #1265 ) ) ;
#224 = EDGE_CURVE ( 'NONE', #185, #170, #1587, .T. ) ;
#225 = FACE_OUTER_BOUND ( 'NONE', #1199, .T. ) ;
#226 = ORIENTED_EDGE ( 'NONE', *, *, #280, .T. ) ;
#227 = AXIS2_PLACEMENT_3D ( 'NONE', #1410, #251, #1274 ) ;
#228 = CARTESIAN_POINT ( 'NONE',  ( -3.000000000000000444, -5.181818181818181657, 3.500000000000000000 ) ) ;
#229 = PLANE ( 'NONE',  #1303 ) ;
#230 = ORIENTED_EDGE ( 'NONE', *, *, #423, .T. ) ;
#231 = DIRECTION ( 'NONE',  ( 1.000000000000000000, -1.156482317317869753E-15, 0.000000000000000000 ) ) ;
#232 = CIRCLE ( 'NONE', #395, 0.1999999999999999833 ) ;
#233 = EDGE_CURVE ( 'NONE', #170, #1333, #54, .T. ) ;
#234 = DIRECTION ( 'NONE',  ( -1.000000000000000000, -2.168404344971007685E-15, 0.000000000000000000 ) ) ;
#235 =( NAMED_UNIT ( * ) SI_UNIT ( $, .STERADIAN. ) SOLID_ANGLE_UNIT ( ) );
#236 = DIRECTION ( 'NONE',  ( 1.000000000000000000, 0.000000000000000000, 0.000000000000000000 ) ) ;
#237 = VERTEX_POINT ( 'NONE', #795 ) ;
#238 = FACE_OUTER_BOUND ( 'NONE', #666, .T. ) ;
#239 = VERTEX_POINT ( 'NONE', #930 ) ;
#240 = FILL_AREA_STYLE ('',( #249 ) ) ;
#241 = CARTESIAN_POINT ( 'NONE',  ( -4.699999999999995737, -2.549999385897003812, 0.000000000000000000 ) ) ;
#242 =( NAMED_UNIT ( * ) PLANE_ANGLE_UNIT ( ) SI_UNIT ( $, .RADIAN. ) );
#243 = DIRECTION ( 'NONE',  ( -0.000000000000000000, -0.000000000000000000, 1.000000000000000000 ) ) ;
#244 = ORIENTED_EDGE ( 'NONE', *, *, #511, .T. ) ;
#245 = EDGE_CURVE ( 'NONE', #446, #185, #1003, .T. ) ;
#246 = ORIENTED_EDGE ( 'NONE', *, *, #262, .F. ) ;
#247 = CARTESIAN_POINT ( 'NONE',  ( 5.500000000000001776, -7.500000000000000000, 3.500000000000000000 ) ) ;
#248 = ORIENTED_EDGE ( 'NONE', *, *, #751, .T. ) ;
#249 = FILL_AREA_STYLE_COLOUR ( '', #1316 ) ;
#250 = DIRECTION ( 'NONE',  ( -0.000000000000000000, -0.000000000000000000, 1.000000000000000000 ) ) ;
#251 = DIRECTION ( 'NONE',  ( -0.000000000000000000, -0.000000000000000000, 1.000000000000000000 ) ) ;
#252 = LINE ( 'NONE', #1284, #177 ) ;
#253 = DIRECTION ( 'NONE',  ( 0.000000000000000000, -0.000000000000000000, -1.000000000000000000 ) ) ;
#254 = ORIENTED_EDGE ( 'NONE', *, *, #399, .F. ) ;
#255 = LINE ( 'NONE', #936, #361 ) ;
#256 = ORIENTED_EDGE ( 'NONE', *, *, #1363, .T. ) ;
#257 = FACE_OUTER_BOUND ( 'NONE', #322, .T. ) ;
#258 = DIRECTION ( 'NONE',  ( -0.7071067811865460184, 8.177564888977965821E-16, -0.7071067811865491270 ) ) ;
#259 = DIRECTION ( 'NONE',  ( -1.000000000000000000, 0.000000000000000000, 0.000000000000000000 ) ) ;
#260 = FACE_OUTER_BOUND ( 'NONE', #1369, .T. ) ;
#261 = EDGE_LOOP ( 'NONE', ( #1070, #2, #549, #22, #652, #1201, #659, #116 ) ) ;
#262 = EDGE_CURVE ( 'NONE', #905, #1570, #1558, .T. ) ;
#263 = ORIENTED_EDGE ( 'NONE', *, *, #171, .T. ) ;
#264 = UNCERTAINTY_MEASURE_WITH_UNIT (LENGTH_MEASURE( 1.000000000000000082E-05 ), #1079, 'distance_accuracy_value', 'NONE');
#265 = EDGE_CURVE ( 'NONE', #1607, #1645, #300, .T. ) ;
#266 =( NAMED_UNIT ( * ) PLANE_ANGLE_UNIT ( ) SI_UNIT ( $, .RADIAN. ) );
#267 = CARTESIAN_POINT ( 'NONE',  ( -5.499999999999992006, 7.500000000000000000, 1.000000000000007772 ) ) ;
#268 = DIRECTION ( 'NONE',  ( -0.000000000000000000, -0.000000000000000000, 1.000000000000000000 ) ) ;
#269 = FILL_AREA_STYLE ('',( #1420 ) ) ;
#270 = PLANE ( 'NONE',  #844 ) ;
#271 = ORIENTED_EDGE ( 'NONE', *, *, #1343, .T. ) ;
#272 = VECTOR ( 'NONE', #1377, 1000.000000000000000 ) ;
#273 = EDGE_LOOP ( 'NONE', ( #677, #468, #1576, #840 ) ) ;
#274 = AXIS2_PLACEMENT_3D ( 'NONE', #284, #803, #1325 ) ;
#275 = AXIS2_PLACEMENT_3D ( 'NONE', #1460, #167, #1076 ) ;
#276 = DIRECTION ( 'NONE',  ( 0.000000000000000000, 0.000000000000000000, -1.000000000000000000 ) ) ;
#277 = CARTESIAN_POINT ( 'NONE',  ( -5.500000000000000888, -7.500000000000001776, 0.9999999999999991118 ) ) ;
#278 = SURFACE_SIDE_STYLE ('',( #286 ) ) ;
#279 = FACE_OUTER_BOUND ( 'NONE', #1059, .T. ) ;
#280 = EDGE_CURVE ( 'NONE', #478, #954, #741, .T. ) ;
#281 = EDGE_LOOP ( 'NONE', ( #1427, #374, #1339, #557 ) ) ;
#282 = CIRCLE ( 'NONE', #122, 2.200000000000000178 ) ;
#283 = VERTEX_POINT ( 'NONE', #1310 ) ;
#284 = CARTESIAN_POINT ( 'NONE',  ( 3.800000000000000266, 5.181818181818186098, 3.500000000000000000 ) ) ;
#285 = CARTESIAN_POINT ( 'NONE',  ( 5.500000000000001776, -7.500000000000000000, 3.500000000000000000 ) ) ;
#286 = SURFACE_STYLE_FILL_AREA ( #1435 ) ;
#287 = DIRECTION ( 'NONE',  ( -0.000000000000000000, -0.000000000000000000, 1.000000000000000000 ) ) ;
#288 = AXIS2_PLACEMENT_3D ( 'NONE', #1651, #510, #1025 ) ;
#289 = ORIENTED_EDGE ( 'NONE', *, *, #550, .T. ) ;
#290 = DIRECTION ( 'NONE',  ( -0.000000000000000000, -0.000000000000000000, 1.000000000000000000 ) ) ;
#291 = ORIENTED_EDGE ( 'NONE', *, *, #870, .F. ) ;
#292 = FACE_OUTER_BOUND ( 'NONE', #701, .T. ) ;
#293 = DIRECTION ( 'NONE',  ( 1.000000000000000000, 0.000000000000000000, 0.000000000000000000 ) ) ;
#294 = VERTEX_POINT ( 'NONE', #678 ) ;
#295 = LINE ( 'NONE', #575, #1031 ) ;
#296 = EDGE_CURVE ( 'NONE', #538, #563, #1186, .T. ) ;
#297 = ORIENTED_EDGE ( 'NONE', *, *, #1279, .F. ) ;
#298 = CARTESIAN_POINT ( 'NONE',  ( 5.150000000000001243, -2.544836778914475239, 3.500000000000000000 ) ) ;
#299 = CARTESIAN_POINT ( 'NONE',  ( 1.121239416325402027, -3.681412358124037443, 3.000000000000000000 ) ) ;
#300 = CIRCLE ( 'NONE', #1462, 1.404374024830399748 ) ;
#301 = VECTOR ( 'NONE', #1421, 1000.000000000000000 ) ;
#302 = CARTESIAN_POINT ( 'NONE',  ( -5.500000000000000888, -7.500000000000001776, 1.099999999999999867 ) ) ;
#303 = VERTEX_POINT ( 'NONE', #151 ) ;
#304 = DIRECTION ( 'NONE',  ( -1.751623080406021339E-46, 7.885106708985485090E-16, 1.000000000000000000 ) ) ;
#305 = EDGE_CURVE ( 'NONE', #1022, #158, #1638, .T. ) ;
#306 = ORIENTED_EDGE ( 'NONE', *, *, #1040, .T. ) ;
#307 = CIRCLE ( 'NONE', #1309, 1.099999999999998979 ) ;
#308 = DIRECTION ( 'NONE',  ( 0.000000000000000000, 0.000000000000000000, 1.000000000000000000 ) ) ;
#309 = PLANE ( 'NONE',  #754 ) ;
#310 = CARTESIAN_POINT ( 'NONE',  ( 1.517883041479706208E-15, -2.540000000000000480, 0.000000000000000000 ) ) ;
#311 = ORIENTED_EDGE ( 'NONE', *, *, #969, .T. ) ;
#312 = PRODUCT_DEFINITION_FORMATION_WITH_SPECIFIED_SOURCE ( 'ANY', '', #1177, .NOT_KNOWN. ) ;
#313 = CARTESIAN_POINT ( 'NONE',  ( -0.9899494936611652474, -3.529949493661166837, -0.000000000000000000 ) ) ;
#314 = VECTOR ( 'NONE', #696, 1000.000000000000000 ) ;
#315 = ORIENTED_EDGE ( 'NONE', *, *, #103, .T. ) ;
#316 = CARTESIAN_POINT ( 'NONE',  ( 0.9810844892847270238, -3.538735813358532933, 0.000000000000000000 ) ) ;
#317 = VERTEX_POINT ( 'NONE', #1318 ) ;
#318 = EDGE_CURVE ( 'NONE', #184, #452, #821, .T. ) ;
#319 = CARTESIAN_POINT ( 'NONE',  ( 1.517883041479706208E-15, -2.540000000000000480, 1.350000000000000089 ) ) ;
#320 = DIRECTION ( 'NONE',  ( -0.000000000000000000, -0.000000000000000000, 1.000000000000000000 ) ) ;
#321 = CARTESIAN_POINT ( 'NONE',  ( 3.000000000000000888, 5.181818181818186098, 0.000000000000000000 ) ) ;
#322 = EDGE_LOOP ( 'NONE', ( #1271, #1384, #708, #958, #19, #271 ) ) ;
#323 = CARTESIAN_POINT ( 'NONE',  ( 5.500000000000000888, -2.412549213361245393, 3.500000000000000000 ) ) ;
#324 = CARTESIAN_POINT ( 'NONE',  ( 5.499999999999999112, 7.500000000000000000, 3.500000000000000000 ) ) ;
#325 = EDGE_CURVE ( 'NONE', #47, #1011, #1170, .T. ) ;
#326 = CARTESIAN_POINT ( 'NONE',  ( 0.000000000000000000, 4.000000000000000000, 4.336808689942017736E-16 ) ) ;
#327 = VECTOR ( 'NONE', #506, 1000.000000000000000 ) ;
#328 = LINE ( 'NONE', #1519, #493 ) ;
#329 = CARTESIAN_POINT ( 'NONE',  ( -6.999999999999993783, -2.149999385896999460, 3.500000000000000000 ) ) ;
#330 = AXIS2_PLACEMENT_3D ( 'NONE', #1337, #287, #1086 ) ;
#331 = VERTEX_POINT ( 'NONE', #528 ) ;
#332 = CARTESIAN_POINT ( 'NONE',  ( -4.299999999999998934, -5.649999385897003457, 1.100000000000000089 ) ) ;
#333 = CARTESIAN_POINT ( 'NONE',  ( -4.299999999999994493, -2.149999385897003901, 0.000000000000000000 ) ) ;
#334 = CIRCLE ( 'NONE', #199, 0.7999999999999994893 ) ;
#335 = DIRECTION ( 'NONE',  ( -0.000000000000000000, -0.000000000000000000, 1.000000000000000000 ) ) ;
#336 = ORIENTED_EDGE ( 'NONE', *, *, #1598, .F. ) ;
#337 = EDGE_CURVE ( 'NONE', #1596, #1360, #148, .T. ) ;
#338 = DIRECTION ( 'NONE',  ( 1.156482317317869753E-15, 1.000000000000000000, 0.000000000000000000 ) ) ;
#339 = ORIENTED_EDGE ( 'NONE', *, *, #850, .F. ) ;
#340 = CARTESIAN_POINT ( 'NONE',  ( -3.529949493661165061, -0.9899494936611665796, 0.000000000000000000 ) ) ;
#341 =( GEOMETRIC_REPRESENTATION_CONTEXT ( 3 ) GLOBAL_UNCERTAINTY_ASSIGNED_CONTEXT ( ( #520 ) ) GLOBAL_UNIT_ASSIGNED_CONTEXT ( ( #419, #1037, #931 ) ) REPRESENTATION_CONTEXT ( 'NONE', 'WORKASPACE' ) );
#342 = ORIENTED_EDGE ( 'NONE', *, *, #860, .T. ) ;
#343 = CARTESIAN_POINT ( 'NONE',  ( 0.000000000000000000, 0.000000000000000000, 3.000000000000000000 ) ) ;
#344 = DIRECTION ( 'NONE',  ( -0.000000000000000000, -0.000000000000000000, 1.000000000000000000 ) ) ;
#345 = DIRECTION ( 'NONE',  ( 0.000000000000000000, 0.000000000000000000, 1.000000000000000000 ) ) ;
#346 = ADVANCED_FACE ( 'NONE', ( #292 ), #1196, .F. ) ;
#347 = ORIENTED_EDGE ( 'NONE', *, *, #1598, .T. ) ;
#348 = DIRECTION ( 'NONE',  ( -0.000000000000000000, -0.000000000000000000, 1.000000000000000000 ) ) ;
#349 = EDGE_LOOP ( 'NONE', ( #1239, #201, #630, #121, #838, #297, #254, #790, #476, #711, #899, #1145, #1134, #1242, #594, #811, #1345 ) ) ;
#350 = DIRECTION ( 'NONE',  ( 1.000000000000000000, 0.000000000000000000, 0.000000000000000000 ) ) ;
#351 = ORIENTED_EDGE ( 'NONE', *, *, #1455, .F. ) ;
#352 = CARTESIAN_POINT ( 'NONE',  ( -7.000000000000000888, -7.500000000000000000, 3.500000000000000000 ) ) ;
#353 =( NAMED_UNIT ( * ) SI_UNIT ( $, .STERADIAN. ) SOLID_ANGLE_UNIT ( ) );
#354 = DIRECTION ( 'NONE',  ( 0.000000000000000000, 0.000000000000000000, -1.000000000000000000 ) ) ;
#355 = VECTOR ( 'NONE', #276, 1000.000000000000000 ) ;
#356 = VECTOR ( 'NONE', #161, 1000.000000000000000 ) ;
#357 = DIRECTION ( 'NONE',  ( 1.000000000000000000, 0.000000000000000000, 0.000000000000000000 ) ) ;
#358 = VERTEX_POINT ( 'NONE', #37 ) ;
#359 = DIRECTION ( 'NONE',  ( -1.000000000000000000, 0.000000000000000000, 0.000000000000000000 ) ) ;
#360 = CARTESIAN_POINT ( 'NONE',  ( 3.500000000000000000, -4.000000000000000000, 3.500000000000000000 ) ) ;
#361 = VECTOR ( 'NONE', #755, 1000.000000000000114 ) ;
#362 = CYLINDRICAL_SURFACE ( 'NONE', #1490, 4.599999999999999645 ) ;
#363 = ORIENTED_EDGE ( 'NONE', *, *, #912, .T. ) ;
#364 = ORIENTED_EDGE ( 'NONE', *, *, #26, .F. ) ;
#365 = CARTESIAN_POINT ( 'NONE',  ( -4.599999999999999645, -5.181818181818181657, 3.500000000000000000 ) ) ;
#366 = ORIENTED_EDGE ( 'NONE', *, *, #933, .T. ) ;
#367 = CIRCLE ( 'NONE', #425, 1.399999999999999689 ) ;
#368 = CYLINDRICAL_SURFACE ( 'NONE', #165, 2.200000000000000178 ) ;
#369 = ADVANCED_FACE ( 'NONE', ( #551 ), #1064, .F. ) ;
#370 = CARTESIAN_POINT ( 'NONE',  ( 1.517883041479706208E-15, -2.540000000000000480, 3.000000000000000000 ) ) ;
#371 = LINE ( 'NONE', #765, #301 ) ;
#372 = ORIENTED_EDGE ( 'NONE', *, *, #694, .T. ) ;
#373 = PLANE ( 'NONE',  #1272 ) ;
#374 = ORIENTED_EDGE ( 'NONE', *, *, #1008, .T. ) ;
#375 = FACE_BOUND ( 'NONE', #223, .T. ) ;
#376 = FACE_OUTER_BOUND ( 'NONE', #1416, .T. ) ;
#377 = ADVANCED_FACE ( 'NONE', ( #1334 ), #587, .F. ) ;
#378 = DIRECTION ( 'NONE',  ( 1.000000000000000000, 0.000000000000000000, 0.000000000000000000 ) ) ;
#379 = ORIENTED_EDGE ( 'NONE', *, *, #296, .F. ) ;
#380 = AXIS2_PLACEMENT_3D ( 'NONE', #1146, #1536, #1417 ) ;
#381 = VECTOR ( 'NONE', #616, 1000.000000000000000 ) ;
#382 = CARTESIAN_POINT ( 'NONE',  ( -4.499999999999991118, -2.203589224383231127, 0.000000000000000000 ) ) ;
#383 = VECTOR ( 'NONE', #120, 1000.000000000000000 ) ;
#384 = VERTEX_POINT ( 'NONE', #972 ) ;
#385 = APPLICATION_PROTOCOL_DEFINITION ( 'draft international standard', 'automotive_design', 1998, #845 ) ;
#386 = CARTESIAN_POINT ( 'NONE',  ( 2.536907097381347675, 0.003092902618653570017, 0.000000000000000000 ) ) ;
#387 = CARTESIAN_POINT ( 'NONE',  ( -5.500000000000000888, 7.500000000000000000, 3.500000000000000000 ) ) ;
#388 = CARTESIAN_POINT ( 'NONE',  ( 2.681534075860315891, 1.400000000000000133, 0.000000000000000000 ) ) ;
#389 = CYLINDRICAL_SURFACE ( 'NONE', #1543, 1.099999999999999867 ) ;
#390 = ADVANCED_FACE ( 'NONE', ( #615, #1124 ), #479, .F. ) ;
#391 = EDGE_CURVE ( 'NONE', #98, #538, #328, .T. ) ;
#392 = ORIENTED_EDGE ( 'NONE', *, *, #1202, .F. ) ;
#393 = CARTESIAN_POINT ( 'NONE',  ( -0.9899494936611652474, -3.529949493661166393, 0.000000000000000000 ) ) ;
#394 = DIRECTION ( 'NONE',  ( 1.000000000000000000, 0.000000000000000000, 0.000000000000000000 ) ) ;
#395 = AXIS2_PLACEMENT_3D ( 'NONE', #909, #783, #259 ) ;
#396 = DIRECTION ( 'NONE',  ( -1.000000000000000000, 0.000000000000000000, 0.000000000000000000 ) ) ;
#397 = ORIENTED_EDGE ( 'NONE', *, *, #881, .T. ) ;
#398 = UNCERTAINTY_MEASURE_WITH_UNIT (LENGTH_MEASURE( 1.000000000000000082E-05 ), #846, 'distance_accuracy_value', 'NONE');
#399 = EDGE_CURVE ( 'NONE', #934, #384, #198, .T. ) ;
#400 = CARTESIAN_POINT ( 'NONE',  ( -3.529949493661165061, -0.9899494936611665796, 0.000000000000000000 ) ) ;
#401 = DIRECTION ( 'NONE',  ( 1.000000000000000000, 0.000000000000000000, 0.000000000000000000 ) ) ;
#402 = FILL_AREA_STYLE_COLOUR ( '', #1067 ) ;
#403 = LINE ( 'NONE', #1014, #1491 ) ;
#404 = VERTEX_POINT ( 'NONE', #82 ) ;
#405 = AXIS2_PLACEMENT_3D ( 'NONE', #1613, #102, #338 ) ;
#406 = VERTEX_POINT ( 'NONE', #607 ) ;
#407 = EDGE_CURVE ( 'NONE', #971, #1190, #1496, .T. ) ;
#408 = AXIS2_PLACEMENT_3D ( 'NONE', #127, #107, #1641 ) ;
#409 = CIRCLE ( 'NONE', #1149, 2.200000000000000178 ) ;
#410 = DIRECTION ( 'NONE',  ( 1.000000000000000000, 0.000000000000000000, 0.000000000000000000 ) ) ;
#411 = SURFACE_STYLE_FILL_AREA ( #1058 ) ;
#412 = ORIENTED_EDGE ( 'NONE', *, *, #1125, .T. ) ;
#413 = AXIS2_PLACEMENT_3D ( 'NONE', #1117, #1537, #128 ) ;
#414 = MANIFOLD_SOLID_BREP ( 'Fillet3', #657 ) ;
#415 = DIRECTION ( 'NONE',  ( 1.000000000000000000, -1.156482317317869753E-15, 0.000000000000000000 ) ) ;
#416 = VECTOR ( 'NONE', #490, 1000.000000000000000 ) ;
#417 = VERTEX_POINT ( 'NONE', #885 ) ;
#418 = DIRECTION ( 'NONE',  ( 1.000000000000000000, 0.000000000000000000, 0.000000000000000000 ) ) ;
#419 =( LENGTH_UNIT ( ) NAMED_UNIT ( * ) SI_UNIT ( .MILLI., .METRE. ) );
#420 = FACE_OUTER_BOUND ( 'NONE', #1094, .T. ) ;
#421 = SURFACE_SIDE_STYLE ('',( #411 ) ) ;
#422 = AXIS2_PLACEMENT_3D ( 'NONE', #1234, #231, #457 ) ;
#423 = EDGE_CURVE ( 'NONE', #1407, #533, #144, .T. ) ;
#424 = ORIENTED_EDGE ( 'NONE', *, *, #1040, .F. ) ;
#425 = AXIS2_PLACEMENT_3D ( 'NONE', #370, #1402, #119 ) ;
#426 = ORIENTED_EDGE ( 'NONE', *, *, #454, .F. ) ;
#427 = DIRECTION ( 'NONE',  ( 0.7071067811865474617, -0.7071067811865475727, 0.000000000000000000 ) ) ;
#428 = DIRECTION ( 'NONE',  ( 0.000000000000000000, 0.000000000000000000, 1.000000000000000000 ) ) ;
#429 = CYLINDRICAL_SURFACE ( 'NONE', #32, 0.1999999999999996503 ) ;
#430 = ORIENTED_EDGE ( 'NONE', *, *, #1528, .T. ) ;
#431 = CARTESIAN_POINT ( 'NONE',  ( -6.999999999999993783, -2.149999385897000348, 1.100000000000000089 ) ) ;
#432 = ADVANCED_FACE ( 'NONE', ( #376 ), #649, .F. ) ;
#433 = FACE_OUTER_BOUND ( 'NONE', #1222, .T. ) ;
#434 = VERTEX_POINT ( 'NONE', #774 ) ;
#435 = CARTESIAN_POINT ( 'NONE',  ( 3.208056504725277591, -1.819456720088596935, 3.500000000000000000 ) ) ;
#436 = VECTOR ( 'NONE', #1036, 1000.000000000000000 ) ;
#437 = CIRCLE ( 'NONE', #1331, 2.200000000000000178 ) ;
#438 = CARTESIAN_POINT ( 'NONE',  ( -4.699999999999995737, -2.549999385897003812, 2.010701726564532252E-15 ) ) ;
#439 = ORIENTED_EDGE ( 'NONE', *, *, #1279, .T. ) ;
#440 = EDGE_CURVE ( 'NONE', #283, #35, #252, .T. ) ;
#441 = COLOUR_RGB ( '',0.5372549019607842924, 0.3490196078431372362, 0.3372549019607843368 ) ;
#442 = EDGE_CURVE ( 'NONE', #1570, #358, #1127, .T. ) ;
#443 = EDGE_LOOP ( 'NONE', ( #618, #1229 ) ) ;
#444 = AXIS2_PLACEMENT_3D ( 'NONE', #455, #869, #1361 ) ;
#445 = LINE ( 'NONE', #323, #1060 ) ;
#446 = VERTEX_POINT ( 'NONE', #628 ) ;
#447 = FACE_OUTER_BOUND ( 'NONE', #349, .T. ) ;
#448 = DIRECTION ( 'NONE',  ( -0.000000000000000000, -0.000000000000000000, 1.000000000000000000 ) ) ;
#449 = ORIENTED_EDGE ( 'NONE', *, *, #799, .T. ) ;
#450 = VECTOR ( 'NONE', #1494, 1000.000000000000000 ) ;
#451 = DIRECTION ( 'NONE',  ( 1.000000000000000000, 0.000000000000000000, 0.000000000000000000 ) ) ;
#452 = VERTEX_POINT ( 'NONE', #1276 ) ;
#453 = EDGE_CURVE ( 'NONE', #540, #993, #1295, .T. ) ;
#454 = EDGE_CURVE ( 'NONE', #756, #384, #1139, .T. ) ;
#455 = CARTESIAN_POINT ( 'NONE',  ( 1.517883041479706208E-15, -2.540000000000000480, 0.000000000000000000 ) ) ;
#456 = CARTESIAN_POINT ( 'NONE',  ( 0.000000000000000000, 4.000000000000000000, 3.500000000000000000 ) ) ;
#457 = DIRECTION ( 'NONE',  ( 1.156482317317869753E-15, 1.000000000000000000, 0.000000000000000000 ) ) ;
#458 = DIRECTION ( 'NONE',  ( 0.000000000000000000, 0.000000000000000000, 1.000000000000000000 ) ) ;
#459 = CARTESIAN_POINT ( 'NONE',  ( 4.599999999999999645, 5.181818181818186098, 0.000000000000000000 ) ) ;
#460 = ORIENTED_EDGE ( 'NONE', *, *, #325, .F. ) ;
#461 = CARTESIAN_POINT ( 'NONE',  ( 1.099999999999999423, 4.000000000000000000, 3.500000000000000000 ) ) ;
#462 = EDGE_CURVE ( 'NONE', #501, #160, #1642, .T. ) ;
#463 = CARTESIAN_POINT ( 'NONE',  ( -7.000000000000000888, -7.500000000000000000, 1.100000000000000089 ) ) ;
#464 = CARTESIAN_POINT ( 'NONE',  ( 5.500000000000001776, -7.500000000000000000, 3.500000000000000000 ) ) ;
#465 = CARTESIAN_POINT ( 'NONE',  ( 4.599999999999999645, 0.000000000000000000, 3.000000000000000000 ) ) ;
#466 = FACE_OUTER_BOUND ( 'NONE', #1487, .T. ) ;
#467 = AXIS2_PLACEMENT_3D ( 'NONE', #1426, #1404, #1304 ) ;
#468 = ORIENTED_EDGE ( 'NONE', *, *, #265, .F. ) ;
#469 = DIRECTION ( 'NONE',  ( -1.000000000000000000, 0.000000000000000000, 0.000000000000000000 ) ) ;
#470 = DIRECTION ( 'NONE',  ( 1.000000000000000000, 0.000000000000000000, 0.000000000000000000 ) ) ;
#471 = CARTESIAN_POINT ( 'NONE',  ( -2.199636333578803615, 4.040000000000000036, 2.425000000000000266 ) ) ;
#472 = LINE ( 'NONE', #352, #672 ) ;
#473 = EDGE_CURVE ( 'NONE', #699, #928, #232, .T. ) ;
#474 = DIRECTION ( 'NONE',  ( -0.000000000000000000, -0.000000000000000000, 1.000000000000000000 ) ) ;
#475 = CARTESIAN_POINT ( 'NONE',  ( 3.040094830735720066, -1.479804156586614683, 0.000000000000000000 ) ) ;
#476 = ORIENTED_EDGE ( 'NONE', *, *, #440, .F. ) ;
#477 = DIRECTION ( 'NONE',  ( -0.000000000000000000, -0.000000000000000000, 1.000000000000000000 ) ) ;
#478 = VERTEX_POINT ( 'NONE', #895 ) ;
#479 = PLANE ( 'NONE',  #10 ) ;
#480 = CARTESIAN_POINT ( 'NONE',  ( 0.9899494936611681339, -3.529949493661166837, 0.000000000000000000 ) ) ;
#481 = CARTESIAN_POINT ( 'NONE',  ( 3.000000000000000888, 5.181818181818186098, 3.500000000000000000 ) ) ;
#482 = ORIENTED_EDGE ( 'NONE', *, *, #1195, .F. ) ;
#483 = DIRECTION ( 'NONE',  ( -0.000000000000000000, -0.000000000000000000, 1.000000000000000000 ) ) ;
#484 = DIRECTION ( 'NONE',  ( 1.000000000000000000, 0.000000000000000000, 0.000000000000000000 ) ) ;
#485 = DIRECTION ( 'NONE',  ( -0.000000000000000000, -0.000000000000000000, 1.000000000000000000 ) ) ;
#486 = AXIS2_PLACEMENT_3D ( 'NONE', #798, #1173, #253 ) ;
#487 = VECTOR ( 'NONE', #1564, 1000.000000000000000 ) ;
#488 = VECTOR ( 'NONE', #698, 1000.000000000000000 ) ;
#489 = ORIENTED_EDGE ( 'NONE', *, *, #21, .T. ) ;
#490 = DIRECTION ( 'NONE',  ( -0.000000000000000000, -0.000000000000000000, 1.000000000000000000 ) ) ;
#491 = ADVANCED_FACE ( 'NONE', ( #137 ), #6, .F. ) ;
#492 = ORIENTED_EDGE ( 'NONE', *, *, #1214, .T. ) ;
#493 = VECTOR ( 'NONE', #849, 1000.000000000000000 ) ;
#494 = CARTESIAN_POINT ( 'NONE',  ( -4.499999999999979572, 7.500000000000000000, 0.000000000000000000 ) ) ;
#495 = CIRCLE ( 'NONE', #444, 1.399999999999999689 ) ;
#496 = CARTESIAN_POINT ( 'NONE',  ( 5.150000000000001243, -5.455163221085524761, 3.500000000000000000 ) ) ;
#497 = EDGE_LOOP ( 'NONE', ( #831, #833, #366, #748, #1244, #1024, #1219, #1405, #1539 ) ) ;
#498 = ORIENTED_EDGE ( 'NONE', *, *, #78, .F. ) ;
#499 = CARTESIAN_POINT ( 'NONE',  ( 1.319469464964951655, -3.707961328280367841, 3.000000000000000000 ) ) ;
#500 = CARTESIAN_POINT ( 'NONE',  ( -4.561161039398396788, -2.168277881822643138, 0.06116103939840593362 ) ) ;
#501 = VERTEX_POINT ( 'NONE', #16 ) ;
#502 = EDGE_CURVE ( 'NONE', #1347, #736, #367, .T. ) ;
#503 =( NAMED_UNIT ( * ) PLANE_ANGLE_UNIT ( ) SI_UNIT ( $, .RADIAN. ) );
#504 = VECTOR ( 'NONE', #1319, 1000.000000000000000 ) ;
#505 = DIRECTION ( 'NONE',  ( -0.000000000000000000, -0.000000000000000000, 1.000000000000000000 ) ) ;
#506 = DIRECTION ( 'NONE',  ( 1.000000000000000000, -1.156482317317869753E-15, -0.000000000000000000 ) ) ;
#507 = ORIENTED_EDGE ( 'NONE', *, *, #110, .T. ) ;
#508 = DIRECTION ( 'NONE',  ( -1.134865695139139706E-15, -1.000000000000000000, -0.000000000000000000 ) ) ;
#509 = VERTEX_POINT ( 'NONE', #640 ) ;
#510 = DIRECTION ( 'NONE',  ( 0.000000000000000000, 0.000000000000000000, 1.000000000000000000 ) ) ;
#511 = EDGE_CURVE ( 'NONE', #417, #180, #680, .T. ) ;
#512 = DIRECTION ( 'NONE',  ( -0.000000000000000000, -3.614007241618347785E-16, -1.000000000000000000 ) ) ;
#513 = LINE ( 'NONE', #431, #1281 ) ;
#514 = DIRECTION ( 'NONE',  ( 0.000000000000000000, 0.000000000000000000, -1.000000000000000000 ) ) ;
#515 = ADVANCED_FACE ( 'NONE', ( #1066, #810 ), #689, .F. ) ;
#516 = CIRCLE ( 'NONE', #141, 0.7999999999999994893 ) ;
#517 = VECTOR ( 'NONE', #1089, 1000.000000000000000 ) ;
#518 = PLANE ( 'NONE',  #719 ) ;
#519 = EDGE_LOOP ( 'NONE', ( #824, #175, #1439, #1551 ) ) ;
#520 = UNCERTAINTY_MEASURE_WITH_UNIT (LENGTH_MEASURE( 1.000000000000000082E-05 ), #419, 'distance_accuracy_value', 'NONE');
#521 = LINE ( 'NONE', #267, #813 ) ;
#522 = CARTESIAN_POINT ( 'NONE',  ( -4.299999999999998934, -5.649999385897003457, 1.100000000000000089 ) ) ;
#523 = DIRECTION ( 'NONE',  ( -0.000000000000000000, -0.000000000000000000, 1.000000000000000000 ) ) ;
#524 = CIRCLE ( 'NONE', #1549, 4.599999999999999645 ) ;
#525 = ADVANCED_FACE ( 'NONE', ( #420 ), #1211, .F. ) ;
#526 = ADVANCED_FACE ( 'NONE', ( #173 ), #560, .F. ) ;
#527 = ORIENTED_EDGE ( 'NONE', *, *, #835, .F. ) ;
#528 = CARTESIAN_POINT ( 'NONE',  ( 4.599999999999999645, 0.000000000000000000, 3.500000000000000000 ) ) ;
#529 = CARTESIAN_POINT ( 'NONE',  ( 5.500000000000001776, -5.587450786638754607, 3.500000000000000000 ) ) ;
#530 = SURFACE_STYLE_USAGE ( .BOTH. , #1172 ) ;
#531 = PRESENTATION_LAYER_ASSIGNMENT (  '', '', ( #1341 ) ) ;
#532 = CARTESIAN_POINT ( 'NONE',  ( 0.9899494936611681339, -3.529949493661166837, 0.000000000000000000 ) ) ;
#533 = VERTEX_POINT ( 'NONE', #1085 ) ;
#534 = ADVANCED_FACE ( 'NONE', ( #1445 ), #923, .F. ) ;
#535 = ORIENTED_EDGE ( 'NONE', *, *, #561, .F. ) ;
#536 = DIRECTION ( 'NONE',  ( -0.000000000000000000, -0.000000000000000000, 1.000000000000000000 ) ) ;
#537 = LINE ( 'NONE', #609, #746 ) ;
#538 = VERTEX_POINT ( 'NONE', #788 ) ;
#539 = VECTOR ( 'NONE', #304, 1000.000000000000000 ) ;
#540 = VERTEX_POINT ( 'NONE', #387 ) ;
#541 = ADVANCED_FACE ( 'NONE', ( #1302 ), #1187, .T. ) ;
#542 = DIRECTION ( 'NONE',  ( 1.000000000000000000, 0.000000000000000000, 0.000000000000000000 ) ) ;
#543 = DIRECTION ( 'NONE',  ( 1.000000000000000000, 0.000000000000000000, 0.000000000000000000 ) ) ;
#544 = DIRECTION ( 'NONE',  ( 1.000000000000000000, 0.000000000000000000, 0.000000000000000000 ) ) ;
#545 = EDGE_LOOP ( 'NONE', ( #39, #215, #1541, #1492, #1047, #891 ) ) ;
#546 = AXIS2_PLACEMENT_3D ( 'NONE', #400, #1432, #427 ) ;
#547 = CARTESIAN_POINT ( 'NONE',  ( 2.199636333578803615, 4.040000000000000036, 2.425000000000000266 ) ) ;
#548 = VECTOR ( 'NONE', #1379, 1000.000000000000000 ) ;
#549 = ORIENTED_EDGE ( 'NONE', *, *, #577, .F. ) ;
#550 = EDGE_CURVE ( 'NONE', #721, #1612, #832, .T. ) ;
#551 = FACE_OUTER_BOUND ( 'NONE', #1589, .T. ) ;
#552 = CARTESIAN_POINT ( 'NONE',  ( 5.500000000000001776, -7.500000000000000000, 0.000000000000000000 ) ) ;
#553 = DIRECTION ( 'NONE',  ( -1.000000000000000000, 0.000000000000000000, -0.000000000000000000 ) ) ;
#554 = FACE_OUTER_BOUND ( 'NONE', #1307, .T. ) ;
#555 = ORIENTED_EDGE ( 'NONE', *, *, #1293, .F. ) ;
#556 = CARTESIAN_POINT ( 'NONE',  ( -4.448695891884097087, -5.649999385897003457, 1.099999999999999867 ) ) ;
#557 = ORIENTED_EDGE ( 'NONE', *, *, #632, .T. ) ;
#558 = LINE ( 'NONE', #1073, #1380 ) ;
#559 = LINE ( 'NONE', #552, #964 ) ;
#560 = CYLINDRICAL_SURFACE ( 'NONE', #589, 4.599999999999999645 ) ;
#561 = EDGE_CURVE ( 'NONE', #1600, #1231, #15, .T. ) ;
#562 = SURFACE_STYLE_USAGE ( .BOTH. , #421 ) ;
#563 = VERTEX_POINT ( 'NONE', #529 ) ;
#564 = ADVANCED_FACE ( 'NONE', ( #1311 ), #1181, .F. ) ;
#565 = DIRECTION ( 'NONE',  ( -1.156482317317869753E-15, -1.000000000000000000, -0.000000000000000000 ) ) ;
#566 = ORIENTED_EDGE ( 'NONE', *, *, #1548, .T. ) ;
#567 = LINE ( 'NONE', #461, #1253 ) ;
#568 = AXIS2_PLACEMENT_3D ( 'NONE', #1330, #1061, #1585 ) ;
#569 = ORIENTED_EDGE ( 'NONE', *, *, #453, .T. ) ;
#570 = CIRCLE ( 'NONE', #1165, 2.200000000000000178 ) ;
#571 = AXIS2_PLACEMENT_3D ( 'NONE', #707, #1215, #451 ) ;
#572 = DIRECTION ( 'NONE',  ( 1.000000000000000000, 0.000000000000000000, 0.000000000000000000 ) ) ;
#573 = CYLINDRICAL_SURFACE ( 'NONE', #330, 0.7999999999999994893 ) ;
#574 = ORIENTED_EDGE ( 'NONE', *, *, #623, .F. ) ;
#575 = CARTESIAN_POINT ( 'NONE',  ( -5.500000000000000888, 7.500000000000000000, 0.000000000000000000 ) ) ;
#576 = ADVANCED_FACE ( 'NONE', ( #152 ), #671, .F. ) ;
#577 = EDGE_CURVE ( 'NONE', #1600, #563, #49, .T. ) ;
#578 = AXIS2_PLACEMENT_3D ( 'NONE', #946, #1458, #817 ) ;
#579 = EDGE_CURVE ( 'NONE', #718, #736, #727, .T. ) ;
#580 = VERTEX_POINT ( 'NONE', #1232 ) ;
#581 = AXIS2_PLACEMENT_3D ( 'NONE', #582, #87, #1120 ) ;
#582 = CARTESIAN_POINT ( 'NONE',  ( 3.800000000000000266, 5.181818181818186098, 0.000000000000000000 ) ) ;
#583 = ORIENTED_EDGE ( 'NONE', *, *, #1478, .T. ) ;
#584 = CARTESIAN_POINT ( 'NONE',  ( -4.299999999999997158, -3.985992107508041560, 0.000000000000000000 ) ) ;
#585 = CARTESIAN_POINT ( 'NONE',  ( 3.529949493661168614, -0.9899494936611659135, 0.000000000000000000 ) ) ;
#586 = ORIENTED_EDGE ( 'NONE', *, *, #1226, .T. ) ;
#587 = CYLINDRICAL_SURFACE ( 'NONE', #637, 0.7999999999999994893 ) ;
#588 = FILL_AREA_STYLE_COLOUR ( '', #1192 ) ;
#589 = AXIS2_PLACEMENT_3D ( 'NONE', #1075, #1588, #572 ) ;
#590 = EDGE_CURVE ( 'NONE', #580, #1016, #1609, .T. ) ;
#591 = ORIENTED_EDGE ( 'NONE', *, *, #36, .F. ) ;
#592 =( BOUNDED_CURVE ( )  B_SPLINE_CURVE ( 3, ( #382, #500, #1, #1280 ),
 .UNSPECIFIED., .F., .F. ) 
 B_SPLINE_CURVE_WITH_KNOTS ( ( 4, 4 ),
 ( 4.188790204786378979, 4.712388980384689674 ),
 .UNSPECIFIED. ) 
 CURVE ( )  GEOMETRIC_REPRESENTATION_ITEM ( )  RATIONAL_B_SPLINE_CURVE ( ( 1.000000000000000000, 0.9772838841927111719, 0.9772838841927111719, 1.000000000000000000 ) ) 
 REPRESENTATION_ITEM ( '' )  );
#593 = DIRECTION ( 'NONE',  ( -1.000000000000000000, 0.000000000000000000, 0.000000000000000000 ) ) ;
#594 = ORIENTED_EDGE ( 'NONE', *, *, #806, .F. ) ;
#595 = DIRECTION ( 'NONE',  ( 1.000000000000000000, 0.000000000000000000, -0.000000000000000000 ) ) ;
#596 = DIRECTION ( 'NONE',  ( 1.000000000000000000, 1.577021341797097067E-16, -0.000000000000000000 ) ) ;
#597 = ORIENTED_EDGE ( 'NONE', *, *, #146, .F. ) ;
#598 = CARTESIAN_POINT ( 'NONE',  ( 2.536907097381347675, 0.003092902618653570017, 3.000000000000000000 ) ) ;
#599 = LINE ( 'NONE', #1633, #272 ) ;
#600 = EDGE_LOOP ( 'NONE', ( #498, #25, #1136, #1374, #681 ) ) ;
#601 = LINE ( 'NONE', #475, #1144 ) ;
#602 = ADVANCED_FACE ( 'NONE', ( #61 ), #309, .F. ) ;
#603 = LINE ( 'NONE', #883, #1287 ) ;
#604 = AXIS2_PLACEMENT_3D ( 'NONE', #1203, #1050, #418 ) ;
#605 = EDGE_LOOP ( 'NONE', ( #86, #430 ) ) ;
#606 = VECTOR ( 'NONE', #1126, 1000.000000000000000 ) ;
#607 = CARTESIAN_POINT ( 'NONE',  ( 5.150000000000000355, -5.455163221085524761, 3.500000000000000000 ) ) ;
#608 = DIRECTION ( 'NONE',  ( 0.000000000000000000, 0.000000000000000000, 1.000000000000000000 ) ) ;
#609 = CARTESIAN_POINT ( 'NONE',  ( 5.499999999999999112, 7.500000000000000000, 0.000000000000000000 ) ) ;
#610 = VECTOR ( 'NONE', #761, 1000.000000000000000 ) ;
#611 = ORIENTED_EDGE ( 'NONE', *, *, #799, .F. ) ;
#612 = CARTESIAN_POINT ( 'NONE',  ( 2.199636333578803615, 4.040000000000000036, 3.500000000000000000 ) ) ;
#613 = ADVANCED_FACE ( 'NONE', ( #447 ), #836, .T. ) ;
#614 = VERTEX_POINT ( 'NONE', #961 ) ;
#615 = FACE_BOUND ( 'NONE', #1007, .T. ) ;
#616 = DIRECTION ( 'NONE',  ( -1.239088197126291261E-15, -1.000000000000000000, -0.000000000000000000 ) ) ;
#617 = DIRECTION ( 'NONE',  ( -0.000000000000000000, -0.000000000000000000, 1.000000000000000000 ) ) ;
#618 = ORIENTED_EDGE ( 'NONE', *, *, #280, .F. ) ;
#619 = DIRECTION ( 'NONE',  ( 0.000000000000000000, 0.000000000000000000, 1.000000000000000000 ) ) ;
#620 = DIRECTION ( 'NONE',  ( 1.000000000000000000, 0.000000000000000000, 0.000000000000000000 ) ) ;
#621 = FILL_AREA_STYLE ('',( #695 ) ) ;
#622 = CARTESIAN_POINT ( 'NONE',  ( 4.599999999999999645, 5.181818181818186098, 3.500000000000000000 ) ) ;
#623 = EDGE_CURVE ( 'NONE', #509, #1231, #559, .T. ) ;
#624 = VERTEX_POINT ( 'NONE', #978 ) ;
#625 = DIRECTION ( 'NONE',  ( -1.000000000000000000, 0.000000000000000000, -0.000000000000000000 ) ) ;
#626 = ORIENTED_EDGE ( 'NONE', *, *, #110, .F. ) ;
#627 = FACE_BOUND ( 'NONE', #1388, .T. ) ;
#628 = CARTESIAN_POINT ( 'NONE',  ( 4.185012351187775259, -1.909364192710696351, 3.000000000000000000 ) ) ;
#629 = LINE ( 'NONE', #973, #1358 ) ;
#630 = ORIENTED_EDGE ( 'NONE', *, *, #502, .F. ) ;
#631 = AXIS2_PLACEMENT_3D ( 'NONE', #319, #1595, #1189 ) ;
#632 = EDGE_CURVE ( 'NONE', #106, #239, #818, .T. ) ;
#633 = ORIENTED_EDGE ( 'NONE', *, *, #21, .F. ) ;
#634 = DIRECTION ( 'NONE',  ( -0.000000000000000000, -3.614007241618347785E-16, -1.000000000000000000 ) ) ;
#635 = CARTESIAN_POINT ( 'NONE',  ( 3.500000000000000000, -4.000000000000000000, 4.336808689942017736E-16 ) ) ;
#636 = VERTEX_POINT ( 'NONE', #1335 ) ;
#637 = AXIS2_PLACEMENT_3D ( 'NONE', #1627, #734, #1100 ) ;
#638 = DIRECTION ( 'NONE',  ( -0.000000000000000000, -0.000000000000000000, 1.000000000000000000 ) ) ;
#639 = AXIS2_PLACEMENT_3D ( 'NONE', #648, #1155, #1418 ) ;
#640 = CARTESIAN_POINT ( 'NONE',  ( -5.500000000000000888, -7.500000000000001776, 0.000000000000000000 ) ) ;
#641 = CARTESIAN_POINT ( 'NONE',  ( -3.800000000000000266, -5.181818181818181657, 1.099999999999999867 ) ) ;
#642 = ORIENTED_EDGE ( 'NONE', *, *, #664, .F. ) ;
#643 = ORIENTED_EDGE ( 'NONE', *, *, #214, .F. ) ;
#644 = CARTESIAN_POINT ( 'NONE',  ( -5.500000000000000888, 7.500000000000000000, 3.500000000000000000 ) ) ;
#645 = ORIENTED_EDGE ( 'NONE', *, *, #1626, .T. ) ;
#646 = VECTOR ( 'NONE', #1425, 1000.000000000000000 ) ;
#647 = DIRECTION ( 'NONE',  ( -0.000000000000000000, -0.000000000000000000, -1.000000000000000000 ) ) ;
#648 = CARTESIAN_POINT ( 'NONE',  ( -2.539999999999998259, 0.000000000000000000, 3.000000000000000000 ) ) ;
#649 = PLANE ( 'NONE',  #1602 ) ;
#650 = CARTESIAN_POINT ( 'NONE',  ( 3.500000000000000000, -4.000000000000000000, 1.350000000000000089 ) ) ;
#651 = CARTESIAN_POINT ( 'NONE',  ( -3.899999999999997247, -3.985992107508042448, 1.099999999999999867 ) ) ;
#652 = ORIENTED_EDGE ( 'NONE', *, *, #728, .T. ) ;
#653 = DIRECTION ( 'NONE',  ( 0.000000000000000000, 0.000000000000000000, -1.000000000000000000 ) ) ;
#654 = ADVANCED_FACE ( 'NONE', ( #1485 ), #1477, .F. ) ;
#655 = CARTESIAN_POINT ( 'NONE',  ( 1.336934551467092280, -4.401432267466294235, 3.000000000000000000 ) ) ;
#656 = ORIENTED_EDGE ( 'NONE', *, *, #921, .F. ) ;
#657 = CLOSED_SHELL ( 'NONE', ( #534, #1414, #737, #675, #564, #93, #1584, #53, #526, #998, #1661, #1153, #999, #654, #1323, #602, #491, #1353, #369, #989, #576, #541, #1133, #613, #525, #432, #1357, #1352, #1403, #346, #515, #162, #203, #1300, #814, #951, #390, #1290, #1484, #1056, #1498, #1113, #377, #1166, #1515 ) ) ;
#658 = VECTOR ( 'NONE', #700, 1000.000000000000000 ) ;
#659 = ORIENTED_EDGE ( 'NONE', *, *, #1478, .F. ) ;
#660 = UNCERTAINTY_MEASURE_WITH_UNIT (LENGTH_MEASURE( 1.000000000000000082E-05 ), #1659, 'distance_accuracy_value', 'NONE');
#661 = DIRECTION ( 'NONE',  ( 1.000000000000000000, 0.000000000000000000, 0.000000000000000000 ) ) ;
#662 = CARTESIAN_POINT ( 'NONE',  ( 3.800000000000000266, 5.181818181818186098, 3.500000000000000000 ) ) ;
#663 = DIRECTION ( 'NONE',  ( -0.000000000000000000, -0.000000000000000000, 1.000000000000000000 ) ) ;
#664 = EDGE_CURVE ( 'NONE', #871, #1109, #1350, .T. ) ;
#665 = FACE_OUTER_BOUND ( 'NONE', #209, .T. ) ;
#666 = EDGE_LOOP ( 'NONE', ( #960, #1185, #449, #289 ) ) ;
#667 = VECTOR ( 'NONE', #1093, 1000.000000000000000 ) ;
#668 = VERTEX_POINT ( 'NONE', #584 ) ;
#669 = VECTOR ( 'NONE', #749, 1000.000000000000000 ) ;
#670 = DIRECTION ( 'NONE',  ( -1.000000000000000000, 0.000000000000000000, 0.000000000000000000 ) ) ;
#671 = PLANE ( 'NONE',  #100 ) ;
#672 = VECTOR ( 'NONE', #848, 1000.000000000000000 ) ;
#673 = PLANE ( 'NONE',  #1464 ) ;
#674 = ORIENTED_EDGE ( 'NONE', *, *, #171, .F. ) ;
#675 = ADVANCED_FACE ( 'NONE', ( #1095 ), #1603, .F. ) ;
#676 = APPLICATION_CONTEXT ( 'automotive_design' ) ;
#677 = ORIENTED_EDGE ( 'NONE', *, *, #1143, .F. ) ;
#678 = CARTESIAN_POINT ( 'NONE',  ( -4.299999999999995381, -2.549999385897004256, 0.000000000000000000 ) ) ;
#679 = CARTESIAN_POINT ( 'NONE',  ( 0.000000000000000000, 4.000000000000000000, 1.350000000000000089 ) ) ;
#680 = LINE ( 'NONE', #1575, #131 ) ;
#681 = ORIENTED_EDGE ( 'NONE', *, *, #124, .F. ) ;
#682 = DIRECTION ( 'NONE',  ( 0.000000000000000000, 0.000000000000000000, -1.000000000000000000 ) ) ;
#683 = EDGE_CURVE ( 'NONE', #303, #1630, #472, .T. ) ;
#684 = AXIS2_PLACEMENT_3D ( 'NONE', #326, #320, #716 ) ;
#685 = ORIENTED_EDGE ( 'NONE', *, *, #1028, .F. ) ;
#686 = VECTOR ( 'NONE', #1212, 1000.000000000000000 ) ;
#687 = CARTESIAN_POINT ( 'NONE',  ( -3.800000000000000266, -5.181818181818181657, 0.000000000000000000 ) ) ;
#688 = DIRECTION ( 'NONE',  ( -1.000000000000000000, -1.734723475976807341E-16, 0.000000000000000000 ) ) ;
#689 = PLANE ( 'NONE',  #940 ) ;
#690 = LINE ( 'NONE', #962, #686 ) ;
#691 = ORIENTED_EDGE ( 'NONE', *, *, #1270, .F. ) ;
#692 = CARTESIAN_POINT ( 'NONE',  ( 5.499999999999999112, 7.500000000000000000, 0.000000000000000000 ) ) ;
#693 = ORIENTED_EDGE ( 'NONE', *, *, #318, .T. ) ;
#694 = EDGE_CURVE ( 'NONE', #1034, #1001, #1522, .T. ) ;
#695 = FILL_AREA_STYLE_COLOUR ( '', #90 ) ;
#696 = DIRECTION ( 'NONE',  ( -1.134865695139139706E-15, -1.000000000000000000, -0.000000000000000000 ) ) ;
#697 = EDGE_CURVE ( 'NONE', #943, #404, #1365, .T. ) ;
#698 = DIRECTION ( 'NONE',  ( 1.751623080406021339E-46, -7.885106708985485090E-16, -1.000000000000000000 ) ) ;
#699 = VERTEX_POINT ( 'NONE', #782 ) ;
#700 = DIRECTION ( 'NONE',  ( -1.000000000000000000, 1.156482317317869753E-15, -0.000000000000000000 ) ) ;
#701 = EDGE_LOOP ( 'NONE', ( #1158, #674, #642, #1457 ) ) ;
#702 = FACE_OUTER_BOUND ( 'NONE', #769, .T. ) ;
#703 = DIRECTION ( 'NONE',  ( 1.000000000000000000, -1.134865695139139706E-15, 4.101412840497090871E-31 ) ) ;
#704 = CARTESIAN_POINT ( 'NONE',  ( -5.500000000000000888, -7.500000000000001776, 3.500000000000000000 ) ) ;
#705 = EDGE_CURVE ( 'NONE', #1630, #580, #513, .T. ) ;
#706 = EDGE_LOOP ( 'NONE', ( #1106, #363, #1282, #1423 ) ) ;
#707 = CARTESIAN_POINT ( 'NONE',  ( -3.800000000000000266, -5.181818181818181657, 3.500000000000000000 ) ) ;
#708 = ORIENTED_EDGE ( 'NONE', *, *, #1248, .T. ) ;
#709 = CARTESIAN_POINT ( 'NONE',  ( -4.699999999999995737, -2.549999385897002924, 1.100000000000000089 ) ) ;
#710 = VECTOR ( 'NONE', #485, 1000.000000000000000 ) ;
#711 = ORIENTED_EDGE ( 'NONE', *, *, #134, .T. ) ;
#712 = CARTESIAN_POINT ( 'NONE',  ( -3.529949493661165061, -0.9899494936611665796, 0.000000000000000000 ) ) ;
#713 = CIRCLE ( 'NONE', #843, 1.404374024830399748 ) ;
#714 = CIRCLE ( 'NONE', #467, 2.200000000000000178 ) ;
#715 = CARTESIAN_POINT ( 'NONE',  ( -4.299999999999995381, -2.549999385897004256, 3.154042683594203502E-16 ) ) ;
#716 = DIRECTION ( 'NONE',  ( 1.000000000000000000, 0.000000000000000000, 0.000000000000000000 ) ) ;
#717 = DIRECTION ( 'NONE',  ( -0.000000000000000000, -0.000000000000000000, 1.000000000000000000 ) ) ;
#718 = VERTEX_POINT ( 'NONE', #499 ) ;
#719 = AXIS2_PLACEMENT_3D ( 'NONE', #1533, #878, #415 ) ;
#720 = CARTESIAN_POINT ( 'NONE',  ( 5.300000000000000711, -2.412549213361246281, 1.350000000000000089 ) ) ;
#721 = VERTEX_POINT ( 'NONE', #172 ) ;
#722 = DIRECTION ( 'NONE',  ( 0.000000000000000000, 0.000000000000000000, 1.000000000000000000 ) ) ;
#723 = CARTESIAN_POINT ( 'NONE',  ( -7.000000000000000888, -7.500000000000000000, 1.100000000000000089 ) ) ;
#724 = EDGE_LOOP ( 'NONE', ( #1324, #168, #1123, #1321, #1624, #204, #633, #566 ) ) ;
#725 = MECHANICAL_DESIGN_GEOMETRIC_PRESENTATION_REPRESENTATION (  '', ( #1392 ), #97 ) ;
#726 = CARTESIAN_POINT ( 'NONE',  ( 0.9899494936611681339, -3.529949493661166837, 1.350000000000000089 ) ) ;
#727 = CIRCLE ( 'NONE', #206, 0.2000000000000000944 ) ;
#728 = EDGE_CURVE ( 'NONE', #1231, #1015, #537, .T. ) ;
#729 = ORIENTED_EDGE ( 'NONE', *, *, #860, .F. ) ;
#730 = CARTESIAN_POINT ( 'NONE',  ( 0.9810844892847270238, -3.538735813358532933, 3.000000000000000000 ) ) ;
#731 = EDGE_LOOP ( 'NONE', ( #1500, #130, #1507, #1328 ) ) ;
#732 = CARTESIAN_POINT ( 'NONE',  ( 3.500000000000000000, -4.000000000000000000, 4.336808689942017736E-16 ) ) ;
#733 = ORIENTED_EDGE ( 'NONE', *, *, #751, .F. ) ;
#734 = DIRECTION ( 'NONE',  ( -0.000000000000000000, -0.000000000000000000, 1.000000000000000000 ) ) ;
#735 = CARTESIAN_POINT ( 'NONE',  ( -4.299999999999998934, -5.649999385897003457, 1.100000000000000089 ) ) ;
#736 = VERTEX_POINT ( 'NONE', #730 ) ;
#737 = ADVANCED_FACE ( 'NONE', ( #702 ), #1245, .F. ) ;
#738 = CARTESIAN_POINT ( 'NONE',  ( 2.681534075860315891, 1.400000000000000133, 0.000000000000000000 ) ) ;
#739 = VERTEX_POINT ( 'NONE', #213 ) ;
#740 = DIRECTION ( 'NONE',  ( -0.000000000000000000, -0.000000000000000000, 1.000000000000000000 ) ) ;
#741 = CIRCLE ( 'NONE', #274, 0.7999999999999994893 ) ;
#742 = ORIENTED_EDGE ( 'NONE', *, *, #1573, .T. ) ;
#743 = AXIS2_PLACEMENT_3D ( 'NONE', #1628, #866, #1396 ) ;
#744 = LINE ( 'NONE', #753, #606 ) ;
#745 = CARTESIAN_POINT ( 'NONE',  ( 1.319469464964951655, -3.707961328280367841, 3.500000000000000000 ) ) ;
#746 = VECTOR ( 'NONE', #1209, 1000.000000000000000 ) ;
#747 = EDGE_CURVE ( 'NONE', #1109, #1260, #495, .T. ) ;
#748 = ORIENTED_EDGE ( 'NONE', *, *, #233, .T. ) ;
#749 = DIRECTION ( 'NONE',  ( 0.7071067811865474617, -0.7071067811865475727, 0.000000000000000000 ) ) ;
#750 = ORIENTED_EDGE ( 'NONE', *, *, #265, .T. ) ;
#751 = EDGE_CURVE ( 'NONE', #736, #699, #841, .T. ) ;
#752 = SURFACE_SIDE_STYLE ('',( #1237 ) ) ;
#753 = CARTESIAN_POINT ( 'NONE',  ( -1.099999999999999423, 4.000000000000000000, 3.500000000000000000 ) ) ;
#754 = AXIS2_PLACEMENT_3D ( 'NONE', #333, #827, #1581 ) ;
#755 = DIRECTION ( 'NONE',  ( 0.7071067811865474617, 0.7071067811865474617, 0.000000000000000000 ) ) ;
#756 = VERTEX_POINT ( 'NONE', #738 ) ;
#757 =( NAMED_UNIT ( * ) SI_UNIT ( $, .STERADIAN. ) SOLID_ANGLE_UNIT ( ) );
#758 = DIRECTION ( 'NONE',  ( -1.000000000000000000, 0.000000000000000000, -0.000000000000000000 ) ) ;
#759 = EDGE_CURVE ( 'NONE', #1260, #1607, #975, .T. ) ;
#760 = LINE ( 'NONE', #622, #710 ) ;
#761 = DIRECTION ( 'NONE',  ( -0.000000000000000000, -0.000000000000000000, -1.000000000000000000 ) ) ;
#762 = ORIENTED_EDGE ( 'NONE', *, *, #882, .T. ) ;
#763 = CARTESIAN_POINT ( 'NONE',  ( -5.499999999999994671, -2.149999385897002568, 0.9999999999999991118 ) ) ;
#764 = DIRECTION ( 'NONE',  ( 0.7071067811865474617, 0.7071067811865474617, 0.000000000000000000 ) ) ;
#765 = CARTESIAN_POINT ( 'NONE',  ( 2.400000000000000799, -4.000000000000000000, 3.500000000000000000 ) ) ;
#766 = CIRCLE ( 'NONE', #166, 1.400000000000000133 ) ;
#767 = VERTEX_POINT ( 'NONE', #48 ) ;
#768 = EDGE_CURVE ( 'NONE', #636, #1625, #854, .T. ) ;
#769 = EDGE_LOOP ( 'NONE', ( #591, #982, #507, #611 ) ) ;
#770 = LINE ( 'NONE', #777, #149 ) ;
#771 = ORIENTED_EDGE ( 'NONE', *, *, #442, .F. ) ;
#772 = STYLED_ITEM ( 'NONE', ( #917 ), #414 ) ;
#773 = CARTESIAN_POINT ( 'NONE',  ( 0.000000000000000000, 4.000000000000000000, 1.350000000000000089 ) ) ;
#774 = CARTESIAN_POINT ( 'NONE',  ( -4.599999999999999645, -5.181818181818181657, 1.099999999999999867 ) ) ;
#775 = DIRECTION ( 'NONE',  ( -0.000000000000000000, 0.000000000000000000, 1.000000000000000000 ) ) ;
#776 = ORIENTED_EDGE ( 'NONE', *, *, #1590, .T. ) ;
#777 = CARTESIAN_POINT ( 'NONE',  ( -5.500000000000000888, -7.500000000000001776, 1.100000000000000089 ) ) ;
#778 =( GEOMETRIC_REPRESENTATION_CONTEXT ( 3 ) GLOBAL_UNCERTAINTY_ASSIGNED_CONTEXT ( ( #398 ) ) GLOBAL_UNIT_ASSIGNED_CONTEXT ( ( #846, #503, #1544 ) ) REPRESENTATION_CONTEXT ( 'NONE', 'WORKASPACE' ) );
#779 = EDGE_CURVE ( 'NONE', #1001, #1034, #1119, .T. ) ;
#780 = ORIENTED_EDGE ( 'NONE', *, *, #88, .F. ) ;
#781 = CARTESIAN_POINT ( 'NONE',  ( 4.599999999999999645, -4.000000000000000000, 1.350000000000000089 ) ) ;
#782 = CARTESIAN_POINT ( 'NONE',  ( 0.9810844892847270238, -3.538735813358532933, 1.350000000000000089 ) ) ;
#783 = DIRECTION ( 'NONE',  ( 0.000000000000000000, 0.000000000000000000, -1.000000000000000000 ) ) ;
#784 = CARTESIAN_POINT ( 'NONE',  ( -4.299999999999998934, -5.649999385897002568, 0.000000000000000000 ) ) ;
#785 = EDGE_LOOP ( 'NONE', ( #1557, #1398, #1213, #1640, #1092 ) ) ;
#786 = ORIENTED_EDGE ( 'NONE', *, *, #683, .F. ) ;
#787 = CARTESIAN_POINT ( 'NONE',  ( 3.181516186973030180, -1.621225512823924353, 3.000000000000000000 ) ) ;
#788 = CARTESIAN_POINT ( 'NONE',  ( 5.500000000000001776, -5.587450786638754607, 1.350000000000000089 ) ) ;
#789 = DIRECTION ( 'NONE',  ( -0.000000000000000000, -0.000000000000000000, 1.000000000000000000 ) ) ;
#790 = ORIENTED_EDGE ( 'NONE', *, *, #7, .F. ) ;
#791 = VECTOR ( 'NONE', #1243, 1000.000000000000000 ) ;
#792 = AXIS2_PLACEMENT_3D ( 'NONE', #1131, #653, #758 ) ;
#793 = AXIS2_PLACEMENT_3D ( 'NONE', #1560, #17, #138 ) ;
#794 = ORIENTED_EDGE ( 'NONE', *, *, #1125, .F. ) ;
#795 = CARTESIAN_POINT ( 'NONE',  ( 5.499999999999999112, 7.500000000000000000, 3.500000000000000000 ) ) ;
#796 = AXIS2_PLACEMENT_3D ( 'NONE', #598, #1497, #1107 ) ;
#797 = SURFACE_STYLE_USAGE ( .BOTH. , #278 ) ;
#798 = CARTESIAN_POINT ( 'NONE',  ( -5.500000000000000888, 7.500000000000000000, 3.500000000000000000 ) ) ;
#799 = EDGE_CURVE ( 'NONE', #1022, #721, #567, .T. ) ;
#800 = ORIENTED_EDGE ( 'NONE', *, *, #590, .T. ) ;
#801 = AXIS2_PLACEMENT_3D ( 'NONE', #651, #1389, #123 ) ;
#802 = ORIENTED_EDGE ( 'NONE', *, *, #1526, .T. ) ;
#803 = DIRECTION ( 'NONE',  ( -0.000000000000000000, -0.000000000000000000, 1.000000000000000000 ) ) ;
#804 = VECTOR ( 'NONE', #663, 1000.000000000000000 ) ;
#805 = EDGE_LOOP ( 'NONE', ( #816, #535, #925, #949, #1510, #913 ) ) ;
#806 = EDGE_CURVE ( 'NONE', #966, #160, #282, .T. ) ;
#807 = CARTESIAN_POINT ( 'NONE',  ( 1.099999999999999201, 4.000000000000000000, 4.336808689942017736E-16 ) ) ;
#808 = ORIENTED_EDGE ( 'NONE', *, *, #193, .F. ) ;
#809 = CARTESIAN_POINT ( 'NONE',  ( 5.500000000000001776, -5.587450786638754607, 3.500000000000000000 ) ) ;
#810 = FACE_OUTER_BOUND ( 'NONE', #497, .T. ) ;
#811 = ORIENTED_EDGE ( 'NONE', *, *, #1548, .F. ) ;
#812 = EDGE_CURVE ( 'NONE', #98, #905, #1035, .T. ) ;
#813 = VECTOR ( 'NONE', #1154, 1000.000000000000114 ) ;
#814 = ADVANCED_FACE ( 'NONE', ( #1240 ), #58, .F. ) ;
#815 = CIRCLE ( 'NONE', #1216, 1.099999999999999867 ) ;
#816 = ORIENTED_EDGE ( 'NONE', *, *, #623, .T. ) ;
#817 = DIRECTION ( 'NONE',  ( 1.239088197126291261E-15, 1.000000000000000000, 0.000000000000000000 ) ) ;
#818 = LINE ( 'NONE', #1342, #1150 ) ;
#819 = CARTESIAN_POINT ( 'NONE',  ( 5.300000000000000711, -2.412549213361246281, 3.500000000000000000 ) ) ;
#820 = ORIENTED_EDGE ( 'NONE', *, *, #664, .T. ) ;
#821 = CIRCLE ( 'NONE', #59, 0.7999999999999994893 ) ;
#822 = CARTESIAN_POINT ( 'NONE',  ( 5.300000000000000711, -5.587450786638753719, 3.500000000000000000 ) ) ;
#823 = VECTOR ( 'NONE', #834, 1000.000000000000114 ) ;
#824 = ORIENTED_EDGE ( 'NONE', *, *, #941, .F. ) ;
#825 = EDGE_CURVE ( 'NONE', #1018, #1011, #197, .T. ) ;
#826 = ORIENTED_EDGE ( 'NONE', *, *, #728, .F. ) ;
#827 = DIRECTION ( 'NONE',  ( 1.156482317317869753E-15, 1.000000000000000000, -7.885106708985485090E-16 ) ) ;
#828 = VECTOR ( 'NONE', #596, 1000.000000000000000 ) ;
#829 = EDGE_CURVE ( 'NONE', #1562, #98, #445, .T. ) ;
#830 = FACE_OUTER_BOUND ( 'NONE', #1062, .T. ) ;
#831 = ORIENTED_EDGE ( 'NONE', *, *, #391, .F. ) ;
#832 = CIRCLE ( 'NONE', #1656, 1.099999999999999645 ) ;
#833 = ORIENTED_EDGE ( 'NONE', *, *, #812, .T. ) ;
#834 = DIRECTION ( 'NONE',  ( 0.7071067811865474617, 0.7071067811865474617, 0.000000000000000000 ) ) ;
#835 = EDGE_CURVE ( 'NONE', #871, #404, #79, .T. ) ;
#836 = PLANE ( 'NONE',  #20 ) ;
#837 = DIRECTION ( 'NONE',  ( 1.000000000000000000, 0.000000000000000000, 0.000000000000000000 ) ) ;
#838 = ORIENTED_EDGE ( 'NONE', *, *, #697, .F. ) ;
#839 = CARTESIAN_POINT ( 'NONE',  ( -2.200000000000000178, 4.000000000000000000, 1.350000000000000089 ) ) ;
#840 = ORIENTED_EDGE ( 'NONE', *, *, #7, .T. ) ;
#841 = LINE ( 'NONE', #316, #1572 ) ;
#842 = CIRCLE ( 'NONE', #85, 0.7999999999999994893 ) ;
#843 = AXIS2_PLACEMENT_3D ( 'NONE', #1087, #458, #92 ) ;
#844 = AXIS2_PLACEMENT_3D ( 'NONE', #784, #896, #1554 ) ;
#845 = APPLICATION_CONTEXT ( 'automotive_design' ) ;
#846 =( LENGTH_UNIT ( ) NAMED_UNIT ( * ) SI_UNIT ( .MILLI., .METRE. ) );
#847 = EDGE_LOOP ( 'NONE', ( #693, #178, #1372, #1338, #315, #244, #1317, #826, #574, #424, #1292 ) ) ;
#848 = DIRECTION ( 'NONE',  ( 1.134865695139139706E-15, 1.000000000000000000, 0.000000000000000000 ) ) ;
#849 = DIRECTION ( 'NONE',  ( 1.734723475976807341E-16, -1.000000000000000000, 0.000000000000000000 ) ) ;
#850 = EDGE_CURVE ( 'NONE', #1407, #434, #334, .T. ) ;
#851 = DIRECTION ( 'NONE',  ( -0.000000000000000000, -0.000000000000000000, 1.000000000000000000 ) ) ;
#852 = AXIS2_PLACEMENT_3D ( 'NONE', #1301, #536, #23 ) ;
#853 = ORIENTED_EDGE ( 'NONE', *, *, #759, .T. ) ;
#854 = CIRCLE ( 'NONE', #1387, 0.4000000000000001887 ) ;
#855 = DIRECTION ( 'NONE',  ( -0.000000000000000000, -0.000000000000000000, -1.000000000000000000 ) ) ;
#856 = CARTESIAN_POINT ( 'NONE',  ( 5.150000000000001243, -2.544836778914475683, 3.500000000000000000 ) ) ;
#857 = VERTEX_POINT ( 'NONE', #1348 ) ;
#858 = DIRECTION ( 'NONE',  ( 1.000000000000000000, 0.000000000000000000, 0.000000000000000000 ) ) ;
#859 = FACE_OUTER_BOUND ( 'NONE', #1650, .T. ) ;
#860 = EDGE_CURVE ( 'NONE', #1333, #283, #601, .T. ) ;
#861 = VECTOR ( 'NONE', #1065, 1000.000000000000000 ) ;
#862 = ORIENTED_EDGE ( 'NONE', *, *, #179, .F. ) ;
#863 = DIRECTION ( 'NONE',  ( 1.000000000000000000, 2.168404344971007685E-15, 0.000000000000000000 ) ) ;
#864 = CARTESIAN_POINT ( 'NONE',  ( -2.199636333578802727, 4.040000000000000036, 3.000000000000000000 ) ) ;
#865 = CARTESIAN_POINT ( 'NONE',  ( -5.499999999999999112, -5.649999385897000792, 0.000000000000000000 ) ) ;
#866 = DIRECTION ( 'NONE',  ( 0.000000000000000000, 0.000000000000000000, 1.000000000000000000 ) ) ;
#867 = EDGE_CURVE ( 'NONE', #533, #668, #1594, .T. ) ;
#868 = EDGE_LOOP ( 'NONE', ( #196, #1621, #1450, #1129, #155 ) ) ;
#869 = DIRECTION ( 'NONE',  ( 0.000000000000000000, 0.000000000000000000, 1.000000000000000000 ) ) ;
#870 = EDGE_CURVE ( 'NONE', #636, #106, #986, .T. ) ;
#871 = VERTEX_POINT ( 'NONE', #340 ) ;
#872 = CARTESIAN_POINT ( 'NONE',  ( 5.300000000000000711, -5.587450786638753719, 3.500000000000000000 ) ) ;
#873 = ORIENTED_EDGE ( 'NONE', *, *, #407, .F. ) ;
#874 = CIRCLE ( 'NONE', #142, 1.099999999999999867 ) ;
#875 = DIRECTION ( 'NONE',  ( -1.000000000000000000, 0.000000000000000000, -0.000000000000000000 ) ) ;
#876 = DIRECTION ( 'NONE',  ( 1.000000000000000000, 0.000000000000000000, 0.000000000000000000 ) ) ;
#877 = ORIENTED_EDGE ( 'NONE', *, *, #305, .T. ) ;
#878 = DIRECTION ( 'NONE',  ( -1.156482317317869753E-15, -1.000000000000000000, 3.614007241618347785E-16 ) ) ;
#879 = VECTOR ( 'NONE', #1501, 1000.000000000000000 ) ;
#880 = ORIENTED_EDGE ( 'NONE', *, *, #88, .T. ) ;
#881 = EDGE_CURVE ( 'NONE', #540, #739, #1508, .T. ) ;
#882 = EDGE_CURVE ( 'NONE', #358, #331, #524, .T. ) ;
#883 = CARTESIAN_POINT ( 'NONE',  ( -2.200000000000000178, 4.000000000000000000, 3.500000000000000000 ) ) ;
#884 = CARTESIAN_POINT ( 'NONE',  ( 1.336934551467092280, -4.401432267466295123, 3.500000000000000000 ) ) ;
#885 = CARTESIAN_POINT ( 'NONE',  ( -4.499999999999991118, -2.203589224383231127, 0.000000000000000000 ) ) ;
#886 = DIRECTION ( 'NONE',  ( 1.000000000000000000, 0.000000000000000000, 0.000000000000000000 ) ) ;
#887 = ORIENTED_EDGE ( 'NONE', *, *, #779, .T. ) ;
#888 = CIRCLE ( 'NONE', #126, 1.099999999999998979 ) ;
#889 = AXIS2_PLACEMENT_3D ( 'NONE', #456, #968, #858 ) ;
#890 = CARTESIAN_POINT ( 'NONE',  ( -2.539999999999998259, 1.399999999999999911, 3.000000000000000000 ) ) ;
#891 = ORIENTED_EDGE ( 'NONE', *, *, #44, .F. ) ;
#892 = SURFACE_STYLE_USAGE ( .BOTH. , #135 ) ;
#893 = EDGE_CURVE ( 'NONE', #1250, #1333, #255, .T. ) ;
#894 = CARTESIAN_POINT ( 'NONE',  ( -5.499999999999994671, -2.149999385897002124, 1.100000000000000089 ) ) ;
#895 = CARTESIAN_POINT ( 'NONE',  ( 4.599999999999999645, 5.181818181818186098, 3.500000000000000000 ) ) ;
#896 = DIRECTION ( 'NONE',  ( -1.156482317317869753E-15, -1.000000000000000000, -7.885106708985485090E-16 ) ) ;
#897 = ORIENTED_EDGE ( 'NONE', *, *, #697, .T. ) ;
#898 = CARTESIAN_POINT ( 'NONE',  ( 3.941281122211747423, 0.003092902618653570017, 3.000000000000000000 ) ) ;
#899 = ORIENTED_EDGE ( 'NONE', *, *, #245, .F. ) ;
#900 = LINE ( 'NONE', #118, #952 ) ;
#901 = CARTESIAN_POINT ( 'NONE',  ( -2.539999999999998259, 1.399999999999999911, 0.000000000000000000 ) ) ;
#902 = DIRECTION ( 'NONE',  ( -0.000000000000000000, -0.000000000000000000, 1.000000000000000000 ) ) ;
#903 = VECTOR ( 'NONE', #1393, 1000.000000000000000 ) ;
#904 = AXIS2_PLACEMENT_3D ( 'NONE', #1224, #290, #1207 ) ;
#905 = VERTEX_POINT ( 'NONE', #1032 ) ;
#906 = DIRECTION ( 'NONE',  ( -0.000000000000000000, -0.000000000000000000, 1.000000000000000000 ) ) ;
#907 = ORIENTED_EDGE ( 'NONE', *, *, #694, .F. ) ;
#908 = CARTESIAN_POINT ( 'NONE',  ( -1.099999999999999201, 4.000000000000000000, 4.336808689942017736E-16 ) ) ;
#909 = CARTESIAN_POINT ( 'NONE',  ( 1.121239416325402027, -3.681412358124037443, 1.350000000000000089 ) ) ;
#910 = LINE ( 'NONE', #1038, #327 ) ;
#911 = ORIENTED_EDGE ( 'NONE', *, *, #1020, .T. ) ;
#912 = EDGE_CURVE ( 'NONE', #1001, #954, #1629, .T. ) ;
#913 = ORIENTED_EDGE ( 'NONE', *, *, #1455, .T. ) ;
#914 = UNCERTAINTY_MEASURE_WITH_UNIT (LENGTH_MEASURE( 1.000000000000000082E-05 ), #983, 'distance_accuracy_value', 'NONE');
#915 = PRESENTATION_STYLE_ASSIGNMENT (( #892 ) ) ;
#916 = CARTESIAN_POINT ( 'NONE',  ( -4.448695891884097975, -5.649999385897002568, 0.000000000000000000 ) ) ;
#917 = PRESENTATION_STYLE_ASSIGNMENT (( #530 ) ) ;
#918 = CYLINDRICAL_SURFACE ( 'NONE', #793, 1.404374024830399748 ) ;
#919 = ORIENTED_EDGE ( 'NONE', *, *, #1556, .T. ) ;
#920 = ORIENTED_EDGE ( 'NONE', *, *, #1175, .F. ) ;
#921 = EDGE_CURVE ( 'NONE', #1011, #1413, #770, .T. ) ;
#922 = CARTESIAN_POINT ( 'NONE',  ( 4.599999999999999645, 0.000000000000000000, 3.000000000000000000 ) ) ;
#923 = CYLINDRICAL_SURFACE ( 'NONE', #1397, 0.7999999999999994893 ) ;
#924 = LINE ( 'NONE', #1436, #383 ) ;
#925 = ORIENTED_EDGE ( 'NONE', *, *, #1573, .F. ) ;
#926 = AXIS2_PLACEMENT_3D ( 'NONE', #1643, #851, #886 ) ;
#927 = AXIS2_PLACEMENT_3D ( 'NONE', #773, #1401, #1137 ) ;
#928 = VERTEX_POINT ( 'NONE', #1291 ) ;
#929 = EDGE_CURVE ( 'NONE', #417, #1593, #592, .T. ) ;
#930 = CARTESIAN_POINT ( 'NONE',  ( -5.499999999999994671, -2.149999385897002124, 0.9999999999999991118 ) ) ;
#931 =( NAMED_UNIT ( * ) SI_UNIT ( $, .STERADIAN. ) SOLID_ANGLE_UNIT ( ) );
#932 = DIRECTION ( 'NONE',  ( -0.000000000000000000, -0.000000000000000000, 1.000000000000000000 ) ) ;
#933 = EDGE_CURVE ( 'NONE', #905, #170, #1646, .T. ) ;
#934 = VERTEX_POINT ( 'NONE', #898 ) ;
#935 = VECTOR ( 'NONE', #1255, 1000.000000000000000 ) ;
#936 = CARTESIAN_POINT ( 'NONE',  ( 0.9899494936611681339, -3.529949493661166837, 1.350000000000000089 ) ) ;
#937 = ORIENTED_EDGE ( 'NONE', *, *, #991, .F. ) ;
#938 = AXIS2_PLACEMENT_3D ( 'NONE', #872, #1517, #359 ) ;
#939 = DIRECTION ( 'NONE',  ( -0.000000000000000000, -0.000000000000000000, 1.000000000000000000 ) ) ;
#940 = AXIS2_PLACEMENT_3D ( 'NONE', #1566, #182, #553 ) ;
#941 = EDGE_CURVE ( 'NONE', #1441, #767, #307, .T. ) ;
#942 = CARTESIAN_POINT ( 'NONE',  ( 2.400000000000001243, -4.000000000000000000, 4.336808689942017736E-16 ) ) ;
#943 = VERTEX_POINT ( 'NONE', #890 ) ;
#944 =( NAMED_UNIT ( * ) PLANE_ANGLE_UNIT ( ) SI_UNIT ( $, .RADIAN. ) );
#945 = EDGE_LOOP ( 'NONE', ( #656, #460, #306, #351 ) ) ;
#946 = CARTESIAN_POINT ( 'NONE',  ( -4.299999999999991829, 5.427206303413147877E-15, -5.373688460901880045E-30 ) ) ;
#947 = DIRECTION ( 'NONE',  ( 1.734723475976807341E-16, -1.000000000000000000, 0.000000000000000000 ) ) ;
#948 = LINE ( 'NONE', #704, #1275 ) ;
#949 = ORIENTED_EDGE ( 'NONE', *, *, #1626, .F. ) ;
#950 = FACE_OUTER_BOUND ( 'NONE', #1208, .T. ) ;
#951 = ADVANCED_FACE ( 'NONE', ( #238 ), #1550, .F. ) ;
#952 = VECTOR ( 'NONE', #647, 1000.000000000000000 ) ;
#953 = AXIS2_PLACEMENT_3D ( 'NONE', #822, #717, #1200 ) ;
#954 = VERTEX_POINT ( 'NONE', #1264 ) ;
#955 = DIRECTION ( 'NONE',  ( 0.000000000000000000, 0.000000000000000000, -1.000000000000000000 ) ) ;
#956 = ORIENTED_EDGE ( 'NONE', *, *, #36, .T. ) ;
#957 = CIRCLE ( 'NONE', #1010, 2.200000000000000178 ) ;
#958 = ORIENTED_EDGE ( 'NONE', *, *, #1394, .F. ) ;
#959 = DIRECTION ( 'NONE',  ( -0.000000000000000000, -0.000000000000000000, 1.000000000000000000 ) ) ;
#960 = ORIENTED_EDGE ( 'NONE', *, *, #1258, .F. ) ;
#961 = CARTESIAN_POINT ( 'NONE',  ( -4.299999999999997158, -3.985992107508041560, 1.100000000000000089 ) ) ;
#962 = CARTESIAN_POINT ( 'NONE',  ( 5.499999999999999112, 7.500000000000000000, 3.500000000000000000 ) ) ;
#963 = DIRECTION ( 'NONE',  ( -0.000000000000000000, -0.000000000000000000, 1.000000000000000000 ) ) ;
#964 = VECTOR ( 'NONE', #1104, 1000.000000000000000 ) ;
#965 = CARTESIAN_POINT ( 'NONE',  ( -7.000000000000000888, -7.500000000000000000, 1.100000000000000089 ) ) ;
#966 = VERTEX_POINT ( 'NONE', #1649 ) ;
#967 = CARTESIAN_POINT ( 'NONE',  ( 0.000000000000000000, 4.000000000000000000, 3.500000000000000000 ) ) ;
#968 = DIRECTION ( 'NONE',  ( -0.000000000000000000, -0.000000000000000000, 1.000000000000000000 ) ) ;
#969 = EDGE_CURVE ( 'NONE', #614, #1407, #11, .T. ) ;
#970 = CARTESIAN_POINT ( 'NONE',  ( 5.500000000000000888, -2.412549213361245393, 3.500000000000000000 ) ) ;
#971 = VERTEX_POINT ( 'NONE', #365 ) ;
#972 = CARTESIAN_POINT ( 'NONE',  ( 2.681534075860315891, 1.400000000000000133, 3.000000000000000000 ) ) ;
#973 = CARTESIAN_POINT ( 'NONE',  ( 3.941281122211747423, 0.003092902618653570017, 0.000000000000000000 ) ) ;
#974 = ORIENTED_EDGE ( 'NONE', *, *, #1332, .T. ) ;
#975 = LINE ( 'NONE', #1373, #823 ) ;
#976 = AXIS2_PLACEMENT_3D ( 'NONE', #1006, #1251, #1505 ) ;
#977 = EDGE_LOOP ( 'NONE', ( #52, #907, #586, #226 ) ) ;
#978 = CARTESIAN_POINT ( 'NONE',  ( 2.400000000000000355, -4.000000000000000000, 1.350000000000000089 ) ) ;
#979 = AXIS2_PLACEMENT_3D ( 'NONE', #310, #932, #293 ) ;
#980 = CYLINDRICAL_SURFACE ( 'NONE', #1502, 4.599999999999999645 ) ;
#981 = EDGE_CURVE ( 'NONE', #160, #317, #957, .T. ) ;
#982 = ORIENTED_EDGE ( 'NONE', *, *, #1258, .T. ) ;
#983 =( LENGTH_UNIT ( ) NAMED_UNIT ( * ) SI_UNIT ( .MILLI., .METRE. ) );
#984 = CARTESIAN_POINT ( 'NONE',  ( 0.000000000000000000, 0.000000000000000000, 3.000000000000000000 ) ) ;
#985 = ORIENTED_EDGE ( 'NONE', *, *, #1176, .T. ) ;
#986 = LINE ( 'NONE', #186, #879 ) ;
#987 = LINE ( 'NONE', #1604, #1599 ) ;
#988 = LINE ( 'NONE', #1504, #220 ) ;
#989 = ADVANCED_FACE ( 'NONE', ( #1151 ), #518, .F. ) ;
#990 = CARTESIAN_POINT ( 'NONE',  ( 3.500000000000000000, -4.000000000000000000, 3.000000000000000000 ) ) ;
#991 = EDGE_CURVE ( 'NONE', #928, #718, #1415, .T. ) ;
#992 = DIRECTION ( 'NONE',  ( -0.000000000000000000, 0.000000000000000000, 1.000000000000000000 ) ) ;
#993 = VERTEX_POINT ( 'NONE', #1142 ) ;
#994 = DIRECTION ( 'NONE',  ( -0.000000000000000000, -0.000000000000000000, 1.000000000000000000 ) ) ;
#995 = ORIENTED_EDGE ( 'NONE', *, *, #440, .T. ) ;
#996 = CARTESIAN_POINT ( 'NONE',  ( 1.099999999999999645, 4.000000000000000000, 1.350000000000000089 ) ) ;
#997 = CARTESIAN_POINT ( 'NONE',  ( 3.500000000000000000, -4.000000000000000000, 1.350000000000000089 ) ) ;
#998 = ADVANCED_FACE ( 'NONE', ( #96, #1513, #105 ), #229, .F. ) ;
#999 = ADVANCED_FACE ( 'NONE', ( #1135 ), #373, .F. ) ;
#1000 = DIRECTION ( 'NONE',  ( -0.000000000000000000, -0.000000000000000000, 1.000000000000000000 ) ) ;
#1001 = VERTEX_POINT ( 'NONE', #321 ) ;
#1002 = DIRECTION ( 'NONE',  ( 1.000000000000000000, 0.000000000000000000, 0.000000000000000000 ) ) ;
#1003 = CIRCLE ( 'NONE', #1030, 2.200000000000000178 ) ;
#1004 = FACE_OUTER_BOUND ( 'NONE', #545, .T. ) ;
#1005 = CIRCLE ( 'NONE', #1639, 2.200000000000000178 ) ;
#1006 = CARTESIAN_POINT ( 'NONE',  ( 0.000000000000000000, 0.000000000000000000, 3.500000000000000000 ) ) ;
#1007 = EDGE_LOOP ( 'NONE', ( #57, #626 ) ) ;
#1008 = EDGE_CURVE ( 'NONE', #1593, #636, #1463, .T. ) ;
#1009 = CARTESIAN_POINT ( 'NONE',  ( 0.000000000000000000, 4.000000000000000000, 3.500000000000000000 ) ) ;
#1010 = AXIS2_PLACEMENT_3D ( 'NONE', #113, #1159, #1399 ) ;
#1011 = VERTEX_POINT ( 'NONE', #40 ) ;
#1012 = CARTESIAN_POINT ( 'NONE',  ( 5.500000000000000888, -2.412549213361245393, 1.350000000000000089 ) ) ;
#1013 = CARTESIAN_POINT ( 'NONE',  ( 2.200000000000000178, 4.000000000000000000, 3.500000000000000000 ) ) ;
#1014 = CARTESIAN_POINT ( 'NONE',  ( 4.599999999999999645, -4.000000000000000000, 3.500000000000000000 ) ) ;
#1015 = VERTEX_POINT ( 'NONE', #692 ) ;
#1016 = VERTEX_POINT ( 'NONE', #965 ) ;
#1017 = DIRECTION ( 'NONE',  ( 0.000000000000000000, 0.000000000000000000, 1.000000000000000000 ) ) ;
#1018 = VERTEX_POINT ( 'NONE', #556 ) ;
#1019 = FACE_OUTER_BOUND ( 'NONE', #1531, .T. ) ;
#1020 = EDGE_CURVE ( 'NONE', #237, #540, #1356, .T. ) ;
#1021 = CARTESIAN_POINT ( 'NONE',  ( 3.500000000000000000, -4.000000000000000000, 3.500000000000000000 ) ) ;
#1022 = VERTEX_POINT ( 'NONE', #807 ) ;
#1023 = DIRECTION ( 'NONE',  ( -1.577021341797097067E-16, 1.000000000000000000, 0.000000000000000000 ) ) ;
#1024 = ORIENTED_EDGE ( 'NONE', *, *, #1429, .F. ) ;
#1025 = DIRECTION ( 'NONE',  ( 1.000000000000000000, 0.000000000000000000, 0.000000000000000000 ) ) ;
#1026 = CARTESIAN_POINT ( 'NONE',  ( 3.208056504725277591, -1.819456720088596935, 1.350000000000000089 ) ) ;
#1027 = CARTESIAN_POINT ( 'NONE',  ( -5.499999999999999112, -5.999999999999999112, 3.500000000000000000 ) ) ;
#1028 = EDGE_CURVE ( 'NONE', #163, #406, #1381, .T. ) ;
#1029 = CARTESIAN_POINT ( 'NONE',  ( 3.040094830735720066, -1.479804156586614683, 1.350000000000000089 ) ) ;
#1030 = AXIS2_PLACEMENT_3D ( 'NONE', #1443, #164, #410 ) ;
#1031 = VECTOR ( 'NONE', #65, 1000.000000000000000 ) ;
#1032 = CARTESIAN_POINT ( 'NONE',  ( 5.150000000000001243, -2.544836778914475683, 1.350000000000000089 ) ) ;
#1033 = AXIS2_PLACEMENT_3D ( 'NONE', #1044, #1574, #1452 ) ;
#1034 = VERTEX_POINT ( 'NONE', #459 ) ;
#1035 = CIRCLE ( 'NONE', #1442, 0.1999999999999996503 ) ;
#1036 = DIRECTION ( 'NONE',  ( -1.156482317317869753E-15, -1.000000000000000000, 0.000000000000000000 ) ) ;
#1037 =( NAMED_UNIT ( * ) PLANE_ANGLE_UNIT ( ) SI_UNIT ( $, .RADIAN. ) );
#1038 = CARTESIAN_POINT ( 'NONE',  ( -6.999999999999993783, -2.149999385897000348, 1.100000000000000089 ) ) ;
#1039 = ORIENTED_EDGE ( 'NONE', *, *, #579, .F. ) ;
#1040 = EDGE_CURVE ( 'NONE', #47, #509, #1456, .T. ) ;
#1041 = VECTOR ( 'NONE', #99, 1000.000000000000114 ) ;
#1042 = ORIENTED_EDGE ( 'NONE', *, *, #67, .F. ) ;
#1043 = AXIS2_PLACEMENT_3D ( 'NONE', #1433, #1559, #401 ) ;
#1044 = CARTESIAN_POINT ( 'NONE',  ( 0.000000000000000000, 0.000000000000000000, 3.000000000000000000 ) ) ;
#1045 = DIRECTION ( 'NONE',  ( -4.152810866438206183E-17, 1.000000000000000000, 0.000000000000000000 ) ) ;
#1046 = CARTESIAN_POINT ( 'NONE',  ( 1.121239416325402027, -3.681412358124037443, 3.500000000000000000 ) ) ;
#1047 = ORIENTED_EDGE ( 'NONE', *, *, #442, .T. ) ;
#1048 = EDGE_CURVE ( 'NONE', #1655, #317, #1448, .T. ) ;
#1049 = VERTEX_POINT ( 'NONE', #839 ) ;
#1050 = DIRECTION ( 'NONE',  ( -0.000000000000000000, -0.000000000000000000, 1.000000000000000000 ) ) ;
#1051 = PRODUCT_DEFINITION_SHAPE ( 'NONE', 'NONE',  #1178 ) ;
#1052 = CARTESIAN_POINT ( 'NONE',  ( 3.181516186973030180, -1.621225512823924353, 3.500000000000000000 ) ) ;
#1053 = ORIENTED_EDGE ( 'NONE', *, *, #1648, .F. ) ;
#1054 = VECTOR ( 'NONE', #145, 1000.000000000000000 ) ;
#1055 = ORIENTED_EDGE ( 'NONE', *, *, #1610, .F. ) ;
#1056 = ADVANCED_FACE ( 'NONE', ( #950 ), #1471, .T. ) ;
#1057 = CARTESIAN_POINT ( 'NONE',  ( -5.499999999999999112, -5.649999385897000792, 0.000000000000000000 ) ) ;
#1058 = FILL_AREA_STYLE ('',( #1068 ) ) ;
#1059 = EDGE_LOOP ( 'NONE', ( #1263, #248, #1174, #1480, #1114, #263 ) ) ;
#1060 = VECTOR ( 'NONE', #855, 1000.000000000000000 ) ;
#1061 = DIRECTION ( 'NONE',  ( -0.000000000000000000, -0.000000000000000000, 1.000000000000000000 ) ) ;
#1062 = EDGE_LOOP ( 'NONE', ( #150, #1578, #1454, #729 ) ) ;
#1063 = CIRCLE ( 'NONE', #18, 0.7999999999999999334 ) ;
#1064 = PLANE ( 'NONE',  #578 ) ;
#1065 = DIRECTION ( 'NONE',  ( 0.7071067811865474617, -0.7071067811865475727, 0.000000000000000000 ) ) ;
#1066 = FACE_BOUND ( 'NONE', #1571, .T. ) ;
#1067 = COLOUR_RGB ( '',0.5372549019607842924, 0.3490196078431372362, 0.3372549019607843368 ) ;
#1068 = FILL_AREA_STYLE_COLOUR ( '', #1411 ) ;
#1069 = EDGE_CURVE ( 'NONE', #954, #478, #1434, .T. ) ;
#1070 = ORIENTED_EDGE ( 'NONE', *, *, #391, .T. ) ;
#1071 = CARTESIAN_POINT ( 'NONE',  ( -2.539999999999998259, 1.399999999999999911, 0.000000000000000000 ) ) ;
#1072 = ORIENTED_EDGE ( 'NONE', *, *, #1506, .T. ) ;
#1073 = CARTESIAN_POINT ( 'NONE',  ( -4.599999999999999645, -5.181818181818181657, 3.500000000000000000 ) ) ;
#1074 = DIRECTION ( 'NONE',  ( 1.000000000000000000, 0.000000000000000000, 0.000000000000000000 ) ) ;
#1075 = CARTESIAN_POINT ( 'NONE',  ( 0.000000000000000000, 0.000000000000000000, 3.000000000000000000 ) ) ;
#1076 = DIRECTION ( 'NONE',  ( 1.000000000000000000, 0.000000000000000000, 0.000000000000000000 ) ) ;
#1077 = ORIENTED_EDGE ( 'NONE', *, *, #193, .T. ) ;
#1078 = EDGE_CURVE ( 'NONE', #184, #47, #1322, .T. ) ;
#1079 =( LENGTH_UNIT ( ) NAMED_UNIT ( * ) SI_UNIT ( .MILLI., .METRE. ) );
#1080 = AXIS2_PLACEMENT_3D ( 'NONE', #386, #638, #620 ) ;
#1081 = ORIENTED_EDGE ( 'NONE', *, *, #850, .T. ) ;
#1082 = CARTESIAN_POINT ( 'NONE',  ( 0.000000000000000000, 4.000000000000000000, 3.000000000000000000 ) ) ;
#1083 = ORIENTED_EDGE ( 'NONE', *, *, #1227, .F. ) ;
#1084 = DIRECTION ( 'NONE',  ( -1.734723475976807094E-16, 1.000000000000000000, -0.000000000000000000 ) ) ;
#1085 = CARTESIAN_POINT ( 'NONE',  ( -3.866666666666664920, -4.384600798944755518, 0.000000000000000000 ) ) ;
#1086 = DIRECTION ( 'NONE',  ( 1.000000000000000000, 0.000000000000000000, 0.000000000000000000 ) ) ;
#1087 = CARTESIAN_POINT ( 'NONE',  ( 2.536907097381347675, 0.003092902618653570017, 3.000000000000000000 ) ) ;
#1088 = MECHANICAL_DESIGN_GEOMETRIC_PRESENTATION_REPRESENTATION (  '', ( #772 ), #1262 ) ;
#1089 = DIRECTION ( 'NONE',  ( -0.000000000000000000, -0.000000000000000000, 1.000000000000000000 ) ) ;
#1090 = AXIS2_PLACEMENT_3D ( 'NONE', #1608, #959, #1493 ) ;
#1091 = EDGE_CURVE ( 'NONE', #1015, #180, #295, .T. ) ;
#1092 = ORIENTED_EDGE ( 'NONE', *, *, #1506, .F. ) ;
#1093 = DIRECTION ( 'NONE',  ( -1.000000000000000000, 1.156482317317869753E-15, -0.000000000000000000 ) ) ;
#1094 = EDGE_LOOP ( 'NONE', ( #897, #527, #392, #1473 ) ) ;
#1095 = FACE_OUTER_BOUND ( 'NONE', #731, .T. ) ;
#1096 = AXIS2_PLACEMENT_3D ( 'NONE', #1611, #208, #470 ) ;
#1097 = CARTESIAN_POINT ( 'NONE',  ( -6.999999999999993783, -2.149999385896999460, 3.500000000000000000 ) ) ;
#1098 = LINE ( 'NONE', #1605, #84 ) ;
#1099 = AXIS2_PLACEMENT_3D ( 'NONE', #522, #1529, #394 ) ;
#1100 = DIRECTION ( 'NONE',  ( 1.000000000000000000, 0.000000000000000000, 0.000000000000000000 ) ) ;
#1101 = EDGE_LOOP ( 'NONE', ( #800, #645, #1116, #1254 ) ) ;
#1102 = EDGE_CURVE ( 'NONE', #1206, #943, #1597, .T. ) ;
#1103 = DIRECTION ( 'NONE',  ( 1.000000000000000000, 0.000000000000000000, 0.000000000000000000 ) ) ;
#1104 = DIRECTION ( 'NONE',  ( 1.000000000000000000, 1.577021341797097067E-16, -0.000000000000000000 ) ) ;
#1105 = CARTESIAN_POINT ( 'NONE',  ( -4.699999999999994849, -2.149999385897003457, 0.2000000000000034528 ) ) ;
#1106 = ORIENTED_EDGE ( 'NONE', *, *, #779, .F. ) ;
#1107 = DIRECTION ( 'NONE',  ( 1.000000000000000000, 0.000000000000000000, 0.000000000000000000 ) ) ;
#1108 = FACE_OUTER_BOUND ( 'NONE', #1288, .T. ) ;
#1109 = VERTEX_POINT ( 'NONE', #313 ) ;
#1110 = CARTESIAN_POINT ( 'NONE',  ( -3.899999999999997247, -3.985992107508042448, 0.000000000000000000 ) ) ;
#1111 = CIRCLE ( 'NONE', #408, 4.599999999999999645 ) ;
#1112 = AXIS2_PLACEMENT_3D ( 'NONE', #108, #354, #1489 ) ;
#1113 = ADVANCED_FACE ( 'NONE', ( #433 ), #1346, .F. ) ;
#1114 = ORIENTED_EDGE ( 'NONE', *, *, #747, .F. ) ;
#1115 = CARTESIAN_POINT ( 'NONE',  ( 2.536907097381347675, 0.003092902618653570017, 0.000000000000000000 ) ) ;
#1116 = ORIENTED_EDGE ( 'NONE', *, *, #683, .T. ) ;
#1117 = CARTESIAN_POINT ( 'NONE',  ( -3.800000000000000266, -5.181818181818181657, 3.500000000000000000 ) ) ;
#1118 = LINE ( 'NONE', #1268, #221 ) ;
#1119 = CIRCLE ( 'NONE', #581, 0.7999999999999994893 ) ;
#1120 = DIRECTION ( 'NONE',  ( 1.000000000000000000, 0.000000000000000000, 0.000000000000000000 ) ) ;
#1121 = ORIENTED_EDGE ( 'NONE', *, *, #825, .F. ) ;
#1122 = CARTESIAN_POINT ( 'NONE',  ( -5.499999999999992006, -2.149999385897001680, 0.9999999999999970024 ) ) ;
#1123 = ORIENTED_EDGE ( 'NONE', *, *, #462, .T. ) ;
#1124 = FACE_OUTER_BOUND ( 'NONE', #605, .T. ) ;
#1125 = EDGE_CURVE ( 'NONE', #1630, #993, #76, .T. ) ;
#1126 = DIRECTION ( 'NONE',  ( -0.000000000000000000, -0.000000000000000000, 1.000000000000000000 ) ) ;
#1127 = CIRCLE ( 'NONE', #1475, 2.200000000000000178 ) ;
#1128 = DIRECTION ( 'NONE',  ( 1.000000000000000000, 0.000000000000000000, 0.000000000000000000 ) ) ;
#1129 = ORIENTED_EDGE ( 'NONE', *, *, #1020, .F. ) ;
#1130 = DIRECTION ( 'NONE',  ( -0.000000000000000000, -0.000000000000000000, 1.000000000000000000 ) ) ;
#1131 = CARTESIAN_POINT ( 'NONE',  ( 0.000000000000000000, 0.000000000000000000, 0.000000000000000000 ) ) ;
#1132 = DIRECTION ( 'NONE',  ( 1.000000000000000000, 0.000000000000000000, 0.000000000000000000 ) ) ;
#1133 = ADVANCED_FACE ( 'NONE', ( #859 ), #362, .F. ) ;
#1134 = ORIENTED_EDGE ( 'NONE', *, *, #1175, .T. ) ;
#1135 = FACE_OUTER_BOUND ( 'NONE', #805, .T. ) ;
#1136 = ORIENTED_EDGE ( 'NONE', *, *, #929, .T. ) ;
#1137 = DIRECTION ( 'NONE',  ( 1.000000000000000000, 0.000000000000000000, 0.000000000000000000 ) ) ;
#1138 = AXIS2_PLACEMENT_3D ( 'NONE', #438, #1469, #1344 ) ;
#1139 = LINE ( 'NONE', #388, #804 ) ;
#1140 = PLANE ( 'NONE',  #405 ) ;
#1141 = ORIENTED_EDGE ( 'NONE', *, *, #1648, .T. ) ;
#1142 = CARTESIAN_POINT ( 'NONE',  ( -5.500000000000000000, -2.149999385897001680, 3.500000000000000000 ) ) ;
#1143 = EDGE_CURVE ( 'NONE', #1645, #934, #629, .T. ) ;
#1144 = VECTOR ( 'NONE', #992, 1000.000000000000000 ) ;
#1145 = ORIENTED_EDGE ( 'NONE', *, *, #179, .T. ) ;
#1146 = CARTESIAN_POINT ( 'NONE',  ( 5.300000000000000711, -2.412549213361246281, 3.500000000000000000 ) ) ;
#1147 = CARTESIAN_POINT ( 'NONE',  ( -3.866666666666664920, -4.384600798944754629, 3.500000000000000000 ) ) ;
#1148 = PLANE ( 'NONE',  #486 ) ;
#1149 = AXIS2_PLACEMENT_3D ( 'NONE', #1362, #994, #1002 ) ;
#1150 = VECTOR ( 'NONE', #181, 1000.000000000000000 ) ;
#1151 = FACE_OUTER_BOUND ( 'NONE', #12, .T. ) ;
#1152 = ORIENTED_EDGE ( 'NONE', *, *, #124, .T. ) ;
#1153 = ADVANCED_FACE ( 'NONE', ( #466 ), #1140, .F. ) ;
#1154 = DIRECTION ( 'NONE',  ( -0.7071067811865490160, 0.000000000000000000, 0.7071067811865460184 ) ) ;
#1155 = DIRECTION ( 'NONE',  ( 0.000000000000000000, 0.000000000000000000, 1.000000000000000000 ) ) ;
#1156 = DIRECTION ( 'NONE',  ( -1.000000000000000000, -4.152810866438206183E-17, 0.000000000000000000 ) ) ;
#1157 = DIRECTION ( 'NONE',  ( 1.000000000000000000, 0.000000000000000000, 0.000000000000000000 ) ) ;
#1158 = ORIENTED_EDGE ( 'NONE', *, *, #1563, .T. ) ;
#1159 = DIRECTION ( 'NONE',  ( 0.000000000000000000, 0.000000000000000000, 1.000000000000000000 ) ) ;
#1160 = ORIENTED_EDGE ( 'NONE', *, *, #867, .F. ) ;
#1161 = PRODUCT_CONTEXT ( 'NONE', #845, 'mechanical' ) ;
#1162 = FACE_OUTER_BOUND ( 'NONE', #847, .T. ) ;
#1163 =( LENGTH_UNIT ( ) NAMED_UNIT ( * ) SI_UNIT ( .MILLI., .METRE. ) );
#1164 = LINE ( 'NONE', #8, #1193 ) ;
#1165 = AXIS2_PLACEMENT_3D ( 'NONE', #1652, #5, #1294 ) ;
#1166 = ADVANCED_FACE ( 'NONE', ( #1108 ), #1370, .T. ) ;
#1167 = VECTOR ( 'NONE', #1520, 1000.000000000000000 ) ;
#1168 = ORIENTED_EDGE ( 'NONE', *, *, #705, .F. ) ;
#1169 = ORIENTED_EDGE ( 'NONE', *, *, #1102, .F. ) ;
#1170 = LINE ( 'NONE', #1057, #1440 ) ;
#1171 = DIRECTION ( 'NONE',  ( -0.000000000000000000, -0.000000000000000000, 1.000000000000000000 ) ) ;
#1172 = SURFACE_SIDE_STYLE ('',( #1653 ) ) ;
#1173 = DIRECTION ( 'NONE',  ( 0.000000000000000000, -1.000000000000000000, 0.000000000000000000 ) ) ;
#1174 = ORIENTED_EDGE ( 'NONE', *, *, #1429, .T. ) ;
#1175 = EDGE_CURVE ( 'NONE', #9, #317, #1408, .T. ) ;
#1176 = EDGE_CURVE ( 'NONE', #1315, #163, #1565, .T. ) ;
#1177 = PRODUCT ( 'ld-hs-interposer', 'ld-hs-interposer', '', ( #1161 ) ) ;
#1178 = PRODUCT_DEFINITION ( 'UNKNOWN', '', #312, #1430 ) ;
#1179 = ORIENTED_EDGE ( 'NONE', *, *, #577, .T. ) ;
#1180 = CARTESIAN_POINT ( 'NONE',  ( 2.536907097381347675, 0.003092902618653570017, 0.000000000000000000 ) ) ;
#1181 = CYLINDRICAL_SURFACE ( 'NONE', #1043, 1.099999999999999867 ) ;
#1182 = CYLINDRICAL_SURFACE ( 'NONE', #979, 1.399999999999999689 ) ;
#1183 = ORIENTED_EDGE ( 'NONE', *, *, #893, .T. ) ;
#1184 = EDGE_CURVE ( 'NONE', #1607, #35, #599, .T. ) ;
#1185 = ORIENTED_EDGE ( 'NONE', *, *, #305, .F. ) ;
#1186 = LINE ( 'NONE', #809, #487 ) ;
#1187 = PLANE ( 'NONE',  #1236 ) ;
#1188 = DIRECTION ( 'NONE',  ( 1.156482317317869753E-15, 1.000000000000000000, 0.000000000000000000 ) ) ;
#1189 = DIRECTION ( 'NONE',  ( -1.000000000000000000, 1.170938346284345041E-13, 0.000000000000000000 ) ) ;
#1190 = VERTEX_POINT ( 'NONE', #228 ) ;
#1191 = SURFACE_STYLE_FILL_AREA ( #1606 ) ;
#1192 = COLOUR_RGB ( '',0.5372549019607842924, 0.3490196078431372362, 0.3372549019607843368 ) ;
#1193 = VECTOR ( 'NONE', #523, 1000.000000000000000 ) ;
#1194 = ORIENTED_EDGE ( 'NONE', *, *, #812, .F. ) ;
#1195 = EDGE_CURVE ( 'NONE', #614, #1625, #210, .T. ) ;
#1196 = PLANE ( 'NONE',  #546 ) ;
#1197 = CARTESIAN_POINT ( 'NONE',  ( 5.499999999999999112, 7.500000000000000000, 3.500000000000000000 ) ) ;
#1198 = DIRECTION ( 'NONE',  ( -0.000000000000000000, -0.000000000000000000, 1.000000000000000000 ) ) ;
#1199 = EDGE_LOOP ( 'NONE', ( #920, #1235, #104, #1256 ) ) ;
#1200 = DIRECTION ( 'NONE',  ( 1.000000000000000000, 0.000000000000000000, 0.000000000000000000 ) ) ;
#1201 = ORIENTED_EDGE ( 'NONE', *, *, #156, .F. ) ;
#1202 = EDGE_CURVE ( 'NONE', #1206, #871, #766, .T. ) ;
#1203 = CARTESIAN_POINT ( 'NONE',  ( 3.500000000000000000, -4.000000000000000000, 3.500000000000000000 ) ) ;
#1204 = CARTESIAN_POINT ( 'NONE',  ( 0.000000000000000000, 0.000000000000000000, 3.000000000000000000 ) ) ;
#1205 = FACE_OUTER_BOUND ( 'NONE', #785, .T. ) ;
#1206 = VERTEX_POINT ( 'NONE', #95 ) ;
#1207 = DIRECTION ( 'NONE',  ( 1.000000000000000000, 0.000000000000000000, 0.000000000000000000 ) ) ;
#1208 = EDGE_LOOP ( 'NONE', ( #1083, #133, #1055, #379 ) ) ;
#1209 = DIRECTION ( 'NONE',  ( -1.734723475976807094E-16, 1.000000000000000000, -0.000000000000000000 ) ) ;
#1210 = ORIENTED_EDGE ( 'NONE', *, *, #1214, .F. ) ;
#1211 = CYLINDRICAL_SURFACE ( 'NONE', #1289, 1.400000000000000133 ) ;
#1212 = DIRECTION ( 'NONE',  ( -1.734723475976807094E-16, 1.000000000000000000, -0.000000000000000000 ) ) ;
#1213 = ORIENTED_EDGE ( 'NONE', *, *, #929, .F. ) ;
#1214 = EDGE_CURVE ( 'NONE', #1018, #184, #1118, .T. ) ;
#1215 = DIRECTION ( 'NONE',  ( -0.000000000000000000, -0.000000000000000000, 1.000000000000000000 ) ) ;
#1216 = AXIS2_PLACEMENT_3D ( 'NONE', #650, #789, #378 ) ;
#1217 = VECTOR ( 'NONE', #939, 1000.000000000000000 ) ;
#1218 = AXIS2_PLACEMENT_3D ( 'NONE', #1052, #1198, #837 ) ;
#1219 = ORIENTED_EDGE ( 'NONE', *, *, #473, .T. ) ;
#1220 = DIRECTION ( 'NONE',  ( 0.000000000000000000, -0.000000000000000000, -1.000000000000000000 ) ) ;
#1221 = CARTESIAN_POINT ( 'NONE',  ( -4.299999999999997158, -3.985992107508041560, -5.373688460901880045E-30 ) ) ;
#1222 = EDGE_LOOP ( 'NONE', ( #643, #339, #230, #597, #256, #1141 ) ) ;
#1223 = PRESENTATION_LAYER_ASSIGNMENT (  '', '', ( #772 ) ) ;
#1224 = CARTESIAN_POINT ( 'NONE',  ( 3.800000000000000266, 5.181818181818186098, 3.500000000000000000 ) ) ;
#1225 = AXIS2_PLACEMENT_3D ( 'NONE', #967, #348, #1103 ) ;
#1226 = EDGE_CURVE ( 'NONE', #1034, #478, #760, .T. ) ;
#1227 = EDGE_CURVE ( 'NONE', #857, #538, #1615, .T. ) ;
#1228 = EDGE_CURVE ( 'NONE', #294, #668, #1238, .T. ) ;
#1229 = ORIENTED_EDGE ( 'NONE', *, *, #1069, .F. ) ;
#1230 = DIRECTION ( 'NONE',  ( -0.000000000000000000, -0.000000000000000000, 1.000000000000000000 ) ) ;
#1231 = VERTEX_POINT ( 'NONE', #202 ) ;
#1232 = CARTESIAN_POINT ( 'NONE',  ( -6.999999999999993783, -2.149999385897000348, 1.100000000000000089 ) ) ;
#1233 = CIRCLE ( 'NONE', #154, 1.404374024830399748 ) ;
#1234 = CARTESIAN_POINT ( 'NONE',  ( -5.500000000000000888, -7.500000000000001776, 3.500000000000000000 ) ) ;
#1235 = ORIENTED_EDGE ( 'NONE', *, *, #211, .T. ) ;
#1236 = AXIS2_PLACEMENT_3D ( 'NONE', #277, #258, #29 ) ;
#1237 = SURFACE_STYLE_FILL_AREA ( #621 ) ;
#1238 = LINE ( 'NONE', #1364, #381 ) ;
#1239 = ORIENTED_EDGE ( 'NONE', *, *, #1248, .F. ) ;
#1240 = FACE_OUTER_BOUND ( 'NONE', #724, .T. ) ;
#1241 = LINE ( 'NONE', #1503, #669 ) ;
#1242 = ORIENTED_EDGE ( 'NONE', *, *, #981, .F. ) ;
#1243 = DIRECTION ( 'NONE',  ( 1.239088197126290866E-15, 1.000000000000000000, 0.000000000000000000 ) ) ;
#1244 = ORIENTED_EDGE ( 'NONE', *, *, #893, .F. ) ;
#1245 = CYLINDRICAL_SURFACE ( 'NONE', #1225, 1.099999999999999423 ) ;
#1246 = CIRCLE ( 'NONE', #927, 1.099999999999999645 ) ;
#1247 = VECTOR ( 'NONE', #1314, 1000.000000000000000 ) ;
#1248 = EDGE_CURVE ( 'NONE', #718, #1360, #437, .T. ) ;
#1249 = DIRECTION ( 'NONE',  ( 1.000000000000000000, 0.000000000000000000, 0.000000000000000000 ) ) ;
#1250 = VERTEX_POINT ( 'NONE', #726 ) ;
#1251 = DIRECTION ( 'NONE',  ( 0.000000000000000000, 0.000000000000000000, 1.000000000000000000 ) ) ;
#1252 = MECHANICAL_DESIGN_GEOMETRIC_PRESENTATION_REPRESENTATION (  '', ( #1644 ), #1467 ) ;
#1253 = VECTOR ( 'NONE', #1230, 1000.000000000000000 ) ;
#1254 = ORIENTED_EDGE ( 'NONE', *, *, #705, .T. ) ;
#1255 = DIRECTION ( 'NONE',  ( -0.000000000000000000, -0.000000000000000000, 1.000000000000000000 ) ) ;
#1256 = ORIENTED_EDGE ( 'NONE', *, *, #1048, .T. ) ;
#1257 = DIRECTION ( 'NONE',  ( 1.000000000000000000, 0.000000000000000000, 0.000000000000000000 ) ) ;
#1258 = EDGE_CURVE ( 'NONE', #158, #1612, #744, .T. ) ;
#1259 = VECTOR ( 'NONE', #619, 1000.000000000000000 ) ;
#1260 = VERTEX_POINT ( 'NONE', #480 ) ;
#1261 = CARTESIAN_POINT ( 'NONE',  ( -2.539999999999998259, 1.399999999999999911, 3.000000000000000000 ) ) ;
#1262 =( GEOMETRIC_REPRESENTATION_CONTEXT ( 3 ) GLOBAL_UNCERTAINTY_ASSIGNED_CONTEXT ( ( #13 ) ) GLOBAL_UNIT_ASSIGNED_CONTEXT ( ( #1163, #242, #235 ) ) REPRESENTATION_CONTEXT ( 'NONE', 'WORKASPACE' ) );
#1263 = ORIENTED_EDGE ( 'NONE', *, *, #502, .T. ) ;
#1264 = CARTESIAN_POINT ( 'NONE',  ( 3.000000000000000888, 5.181818181818186098, 3.500000000000000000 ) ) ;
#1265 = ORIENTED_EDGE ( 'NONE', *, *, #941, .T. ) ;
#1266 = DIRECTION ( 'NONE',  ( 1.000000000000000000, 0.000000000000000000, 0.000000000000000000 ) ) ;
#1267 = CARTESIAN_POINT ( 'NONE',  ( 3.500000000000000000, -4.000000000000000000, 3.500000000000000000 ) ) ;
#1268 = CARTESIAN_POINT ( 'NONE',  ( -4.448695891884096199, -5.649999385897005233, 3.499999999999999556 ) ) ;
#1269 = ORIENTED_EDGE ( 'NONE', *, *, #44, .T. ) ;
#1270 = EDGE_CURVE ( 'NONE', #77, #624, #874, .T. ) ;
#1271 = ORIENTED_EDGE ( 'NONE', *, *, #1371, .F. ) ;
#1272 = AXIS2_PLACEMENT_3D ( 'NONE', #247, #1023, #1540 ) ;
#1273 = CARTESIAN_POINT ( 'NONE',  ( -3.800000000000000266, -5.181818181818181657, 0.000000000000000000 ) ) ;
#1274 = DIRECTION ( 'NONE',  ( 1.000000000000000000, 0.000000000000000000, 0.000000000000000000 ) ) ;
#1275 = VECTOR ( 'NONE', #1582, 1000.000000000000000 ) ;
#1276 = CARTESIAN_POINT ( 'NONE',  ( -3.000000000000000888, -5.181818181818181657, 0.000000000000000000 ) ) ;
#1277 = DIRECTION ( 'NONE',  ( 0.7071067811865474617, 0.7071067811865474617, 0.000000000000000000 ) ) ;
#1278 = ORIENTED_EDGE ( 'NONE', *, *, #1184, .F. ) ;
#1279 = EDGE_CURVE ( 'NONE', #384, #943, #1385, .T. ) ;
#1280 = CARTESIAN_POINT ( 'NONE',  ( -4.699999999999994849, -2.149999385897003457, 0.2000000000000034528 ) ) ;
#1281 = VECTOR ( 'NONE', #634, 1000.000000000000000 ) ;
#1282 = ORIENTED_EDGE ( 'NONE', *, *, #1069, .T. ) ;
#1283 = LINE ( 'NONE', #763, #436 ) ;
#1284 = CARTESIAN_POINT ( 'NONE',  ( 0.9899494936611681339, -3.529949493661166837, 3.000000000000000000 ) ) ;
#1285 = FACE_OUTER_BOUND ( 'NONE', #68, .T. ) ;
#1286 = ORIENTED_EDGE ( 'NONE', *, *, #1143, .T. ) ;
#1287 = VECTOR ( 'NONE', #483, 1000.000000000000000 ) ;
#1288 = EDGE_LOOP ( 'NONE', ( #1160, #1466, #33, #64 ) ) ;
#1289 = AXIS2_PLACEMENT_3D ( 'NONE', #1459, #50, #1326 ) ;
#1290 = ADVANCED_FACE ( 'NONE', ( #1285 ), #1530, .T. ) ;
#1291 = CARTESIAN_POINT ( 'NONE',  ( 1.319469464964951655, -3.707961328280367841, 1.350000000000000089 ) ) ;
#1292 = ORIENTED_EDGE ( 'NONE', *, *, #1078, .F. ) ;
#1293 = EDGE_CURVE ( 'NONE', #580, #106, #910, .T. ) ;
#1294 = DIRECTION ( 'NONE',  ( 1.000000000000000000, 0.000000000000000000, 0.000000000000000000 ) ) ;
#1295 = LINE ( 'NONE', #1027, #157 ) ;
#1296 = FACE_OUTER_BOUND ( 'NONE', #273, .T. ) ;
#1297 = ORIENTED_EDGE ( 'NONE', *, *, #632, .F. ) ;
#1298 = UNCERTAINTY_MEASURE_WITH_UNIT (LENGTH_MEASURE( 1.000000000000000082E-05 ), #51, 'distance_accuracy_value', 'NONE');
#1299 = SHAPE_DEFINITION_REPRESENTATION ( #1051, #1419 ) ;
#1300 = ADVANCED_FACE ( 'NONE', ( #129 ), #389, .F. ) ;
#1301 = CARTESIAN_POINT ( 'NONE',  ( 0.000000000000000000, 4.000000000000000000, 4.336808689942017736E-16 ) ) ;
#1302 = FACE_OUTER_BOUND ( 'NONE', #600, .T. ) ;
#1303 = AXIS2_PLACEMENT_3D ( 'NONE', #1657, #1406, #625 ) ;
#1304 = DIRECTION ( 'NONE',  ( 1.000000000000000000, 0.000000000000000000, 0.000000000000000000 ) ) ;
#1305 = CIRCLE ( 'NONE', #1614, 0.4000000000000001887 ) ;
#1306 =( GEOMETRIC_REPRESENTATION_CONTEXT ( 3 ) GLOBAL_UNCERTAINTY_ASSIGNED_CONTEXT ( ( #264 ) ) GLOBAL_UNIT_ASSIGNED_CONTEXT ( ( #1079, #944, #176 ) ) REPRESENTATION_CONTEXT ( 'NONE', 'WORKASPACE' ) );
#1307 = EDGE_LOOP ( 'NONE', ( #1390, #1534, #1461, #212, #41, #1210 ) ) ;
#1308 = ORIENTED_EDGE ( 'NONE', *, *, #473, .F. ) ;
#1309 = AXIS2_PLACEMENT_3D ( 'NONE', #635, #617, #1524 ) ;
#1310 = CARTESIAN_POINT ( 'NONE',  ( 3.040094830735720066, -1.479804156586614683, 3.000000000000000000 ) ) ;
#1311 = FACE_OUTER_BOUND ( 'NONE', #519, .T. ) ;
#1312 = PRESENTATION_STYLE_ASSIGNMENT (( #797 ) ) ;
#1313 = EDGE_CURVE ( 'NONE', #624, #77, #815, .T. ) ;
#1314 = DIRECTION ( 'NONE',  ( 0.000000000000000000, 0.000000000000000000, -1.000000000000000000 ) ) ;
#1315 = VERTEX_POINT ( 'NONE', #1412 ) ;
#1316 = COLOUR_RGB ( '',0.5372549019607842924, 0.3490196078431372362, 0.3372549019607843368 ) ;
#1317 = ORIENTED_EDGE ( 'NONE', *, *, #1091, .F. ) ;
#1318 = CARTESIAN_POINT ( 'NONE',  ( 2.199636333578802727, 4.040000000000000036, 3.000000000000000000 ) ) ;
#1319 = DIRECTION ( 'NONE',  ( -0.000000000000000000, -0.000000000000000000, -1.000000000000000000 ) ) ;
#1320 = LINE ( 'NONE', #1567, #195 ) ;
#1321 = ORIENTED_EDGE ( 'NONE', *, *, #981, .T. ) ;
#1322 = LINE ( 'NONE', #34, #658 ) ;
#1323 = ADVANCED_FACE ( 'NONE', ( #1547 ), #1148, .F. ) ;
#1324 = ORIENTED_EDGE ( 'NONE', *, *, #1634, .F. ) ;
#1325 = DIRECTION ( 'NONE',  ( 1.000000000000000000, 0.000000000000000000, 0.000000000000000000 ) ) ;
#1326 = DIRECTION ( 'NONE',  ( 1.000000000000000000, 0.000000000000000000, 0.000000000000000000 ) ) ;
#1327 =( NAMED_UNIT ( * ) SI_UNIT ( $, .STERADIAN. ) SOLID_ANGLE_UNIT ( ) );
#1328 = ORIENTED_EDGE ( 'NONE', *, *, #462, .F. ) ;
#1329 = VECTOR ( 'NONE', #1468, 1000.000000000000000 ) ;
#1330 = CARTESIAN_POINT ( 'NONE',  ( 3.500000000000000000, -4.000000000000000000, 3.500000000000000000 ) ) ;
#1331 = AXIS2_PLACEMENT_3D ( 'NONE', #990, #345, #219 ) ;
#1332 = EDGE_CURVE ( 'NONE', #434, #1018, #842, .T. ) ;
#1333 = VERTEX_POINT ( 'NONE', #1029 ) ;
#1334 = FACE_OUTER_BOUND ( 'NONE', #977, .T. ) ;
#1335 = CARTESIAN_POINT ( 'NONE',  ( -4.699999999999994849, -2.149999385897003013, 1.100000000000000089 ) ) ;
#1336 = AXIS2_PLACEMENT_3D ( 'NONE', #1110, #1618, #469 ) ;
#1337 = CARTESIAN_POINT ( 'NONE',  ( -3.800000000000000266, -5.181818181818181657, 3.500000000000000000 ) ) ;
#1338 = ORIENTED_EDGE ( 'NONE', *, *, #1228, .F. ) ;
#1339 = ORIENTED_EDGE ( 'NONE', *, *, #870, .T. ) ;
#1340 = EDGE_CURVE ( 'NONE', #1441, #624, #371, .T. ) ;
#1341 = STYLED_ITEM ( 'NONE', ( #1312 ), #534 ) ;
#1342 = CARTESIAN_POINT ( 'NONE',  ( -5.499999999999994671, -2.149999385897003013, 0.000000000000000000 ) ) ;
#1343 = EDGE_CURVE ( 'NONE', #406, #857, #1654, .T. ) ;
#1344 = DIRECTION ( 'NONE',  ( 0.000000000000000000, -1.000000000000000000, 7.885106708985485090E-16 ) ) ;
#1345 = ORIENTED_EDGE ( 'NONE', *, *, #337, .T. ) ;
#1346 = CYLINDRICAL_SURFACE ( 'NONE', #571, 0.7999999999999994893 ) ;
#1347 = VERTEX_POINT ( 'NONE', #153 ) ;
#1348 = CARTESIAN_POINT ( 'NONE',  ( 5.150000000000000355, -5.455163221085524761, 1.350000000000000089 ) ) ;
#1349 = ORIENTED_EDGE ( 'NONE', *, *, #1228, .T. ) ;
#1350 = LINE ( 'NONE', #712, #861 ) ;
#1351 = FACE_OUTER_BOUND ( 'NONE', #1382, .T. ) ;
#1352 = ADVANCED_FACE ( 'NONE', ( #665 ), #673, .F. ) ;
#1353 = ADVANCED_FACE ( 'NONE', ( #260 ), #270, .F. ) ;
#1354 = CARTESIAN_POINT ( 'NONE',  ( 3.529949493661168614, -0.9899494936611659135, 3.000000000000000000 ) ) ;
#1355 = PRESENTATION_STYLE_ASSIGNMENT (( #218 ) ) ;
#1356 = LINE ( 'NONE', #194, #356 ) ;
#1357 = ADVANCED_FACE ( 'NONE', ( #1296 ), #918, .F. ) ;
#1358 = VECTOR ( 'NONE', #474, 1000.000000000000000 ) ;
#1359 = CIRCLE ( 'NONE', #631, 1.399999999999999689 ) ;
#1360 = VERTEX_POINT ( 'NONE', #655 ) ;
#1361 = DIRECTION ( 'NONE',  ( 1.000000000000000000, 0.000000000000000000, 0.000000000000000000 ) ) ;
#1362 = CARTESIAN_POINT ( 'NONE',  ( 0.000000000000000000, 4.000000000000000000, 1.350000000000000089 ) ) ;
#1363 = EDGE_CURVE ( 'NONE', #452, #1190, #1164, .T. ) ;
#1364 = CARTESIAN_POINT ( 'NONE',  ( -4.299999999999998934, -5.649999385897002568, 0.000000000000000000 ) ) ;
#1365 = CIRCLE ( 'NONE', #639, 1.400000000000000133 ) ;
#1366 = EDGE_LOOP ( 'NONE', ( #291, #27, #482, #311, #1081, #974, #1664, #1591, #60, #74, #1561 ) ) ;
#1367 = CARTESIAN_POINT ( 'NONE',  ( -3.529949493661165061, -0.9899494936611665796, 0.000000000000000000 ) ) ;
#1368 = LINE ( 'NONE', #73, #828 ) ;
#1369 = EDGE_LOOP ( 'NONE', ( #1121, #492, #1470, #1482 ) ) ;
#1370 = CYLINDRICAL_SURFACE ( 'NONE', #926, 0.4000000000000001887 ) ;
#1371 = EDGE_CURVE ( 'NONE', #928, #857, #714, .T. ) ;
#1372 = ORIENTED_EDGE ( 'NONE', *, *, #867, .T. ) ;
#1373 = CARTESIAN_POINT ( 'NONE',  ( 0.9899494936611681339, -3.529949493661166837, 0.000000000000000000 ) ) ;
#1374 = ORIENTED_EDGE ( 'NONE', *, *, #1620, .F. ) ;
#1375 = CARTESIAN_POINT ( 'NONE',  ( -1.099999999999999645, 4.000000000000000000, 1.350000000000000089 ) ) ;
#1376 = FACE_BOUND ( 'NONE', #1516, .T. ) ;
#1377 = DIRECTION ( 'NONE',  ( -0.000000000000000000, -0.000000000000000000, 1.000000000000000000 ) ) ;
#1378 = EDGE_CURVE ( 'NONE', #767, #77, #403, .T. ) ;
#1379 = DIRECTION ( 'NONE',  ( -0.000000000000000000, -0.000000000000000000, 1.000000000000000000 ) ) ;
#1380 = VECTOR ( 'NONE', #143, 1000.000000000000000 ) ;
#1381 = CIRCLE ( 'NONE', #568, 2.200000000000000178 ) ;
#1382 = EDGE_LOOP ( 'NONE', ( #808, #246, #1194, #1447 ) ) ;
#1383 = CARTESIAN_POINT ( 'NONE',  ( -4.299999999999995381, -2.549999385897003368, 1.100000000000000089 ) ) ;
#1384 = ORIENTED_EDGE ( 'NONE', *, *, #991, .T. ) ;
#1385 = LINE ( 'NONE', #1261, #1054 ) ;
#1386 = PRESENTATION_LAYER_ASSIGNMENT (  '', '', ( #1644 ) ) ;
#1387 = AXIS2_PLACEMENT_3D ( 'NONE', #709, #1220, #863 ) ;
#1388 = EDGE_LOOP ( 'NONE', ( #187, #820, #140, #853, #750, #347, #1476 ) ) ;
#1389 = DIRECTION ( 'NONE',  ( -0.000000000000000000, 0.000000000000000000, 1.000000000000000000 ) ) ;
#1390 = ORIENTED_EDGE ( 'NONE', *, *, #1332, .F. ) ;
#1391 = CARTESIAN_POINT ( 'NONE',  ( -3.800000000000000266, -5.181818181818181657, 3.500000000000000000 ) ) ;
#1392 = STYLED_ITEM ( 'NONE', ( #915 ), #1419 ) ;
#1393 = DIRECTION ( 'NONE',  ( -0.000000000000000000, -0.000000000000000000, 1.000000000000000000 ) ) ;
#1394 = EDGE_CURVE ( 'NONE', #163, #1360, #924, .T. ) ;
#1395 = DIRECTION ( 'NONE',  ( 0.000000000000000000, 0.000000000000000000, -1.000000000000000000 ) ) ;
#1396 = DIRECTION ( 'NONE',  ( 1.000000000000000000, 0.000000000000000000, 0.000000000000000000 ) ) ;
#1397 = AXIS2_PLACEMENT_3D ( 'NONE', #662, #268, #1444 ) ;
#1398 = ORIENTED_EDGE ( 'NONE', *, *, #1008, .F. ) ;
#1399 = DIRECTION ( 'NONE',  ( 1.000000000000000000, 0.000000000000000000, 0.000000000000000000 ) ) ;
#1400 = EDGE_LOOP ( 'NONE', ( #877, #956 ) ) ;
#1401 = DIRECTION ( 'NONE',  ( -0.000000000000000000, -0.000000000000000000, 1.000000000000000000 ) ) ;
#1402 = DIRECTION ( 'NONE',  ( 0.000000000000000000, 0.000000000000000000, 1.000000000000000000 ) ) ;
#1403 = ADVANCED_FACE ( 'NONE', ( #279 ), #1182, .F. ) ;
#1404 = DIRECTION ( 'NONE',  ( -0.000000000000000000, -0.000000000000000000, 1.000000000000000000 ) ) ;
#1405 = ORIENTED_EDGE ( 'NONE', *, *, #1371, .T. ) ;
#1406 = DIRECTION ( 'NONE',  ( 0.000000000000000000, 0.000000000000000000, -1.000000000000000000 ) ) ;
#1407 = VERTEX_POINT ( 'NONE', #24 ) ;
#1408 = CIRCLE ( 'NONE', #743, 4.599999999999999645 ) ;
#1409 = DIRECTION ( 'NONE',  ( -0.000000000000000000, -0.000000000000000000, 1.000000000000000000 ) ) ;
#1410 = CARTESIAN_POINT ( 'NONE',  ( 3.800000000000000266, 5.181818181818186098, 0.000000000000000000 ) ) ;
#1411 = COLOUR_RGB ( '',0.5372549019607842924, 0.3490196078431372362, 0.3372549019607843368 ) ;
#1412 = CARTESIAN_POINT ( 'NONE',  ( -2.199636333578803615, 4.040000000000000036, 3.500000000000000000 ) ) ;
#1413 = VERTEX_POINT ( 'NONE', #302 ) ;
#1414 = ADVANCED_FACE ( 'NONE', ( #554 ), #573, .F. ) ;
#1415 = LINE ( 'NONE', #745, #935 ) ;
#1416 = EDGE_LOOP ( 'NONE', ( #439, #1169, #364, #1586 ) ) ;
#1417 = DIRECTION ( 'NONE',  ( -1.000000000000000000, 0.000000000000000000, 0.000000000000000000 ) ) ;
#1418 = DIRECTION ( 'NONE',  ( 1.000000000000000000, 0.000000000000000000, 0.000000000000000000 ) ) ;
#1419 = ADVANCED_BREP_SHAPE_REPRESENTATION ( 'ld-hs-interposer', ( #414, #288 ), #778 ) ;
#1420 = FILL_AREA_STYLE_COLOUR ( '', #441 ) ;
#1421 = DIRECTION ( 'NONE',  ( -0.000000000000000000, -0.000000000000000000, 1.000000000000000000 ) ) ;
#1422 = PRODUCT_RELATED_PRODUCT_CATEGORY ( 'part', '', ( #1177 ) ) ;
#1423 = ORIENTED_EDGE ( 'NONE', *, *, #1226, .F. ) ;
#1424 = PLANE ( 'NONE',  #792 ) ;
#1425 = DIRECTION ( 'NONE',  ( -0.000000000000000000, -0.000000000000000000, 1.000000000000000000 ) ) ;
#1426 = CARTESIAN_POINT ( 'NONE',  ( 3.500000000000000000, -4.000000000000000000, 1.350000000000000089 ) ) ;
#1427 = ORIENTED_EDGE ( 'NONE', *, *, #1620, .T. ) ;
#1428 = ORIENTED_EDGE ( 'NONE', *, *, #399, .T. ) ;
#1429 = EDGE_CURVE ( 'NONE', #699, #1250, #1359, .T. ) ;
#1430 = PRODUCT_DEFINITION_CONTEXT ( 'detailed design', #676, 'design' ) ;
#1431 = APPLICATION_PROTOCOL_DEFINITION ( 'draft international standard', 'automotive_design', 1998, #676 ) ;
#1432 = DIRECTION ( 'NONE',  ( -0.7071067811865475727, -0.7071067811865474617, 0.000000000000000000 ) ) ;
#1433 = CARTESIAN_POINT ( 'NONE',  ( 3.500000000000000000, -4.000000000000000000, 3.500000000000000000 ) ) ;
#1434 = CIRCLE ( 'NONE', #904, 0.7999999999999994893 ) ;
#1435 = FILL_AREA_STYLE ('',( #402 ) ) ;
#1436 = CARTESIAN_POINT ( 'NONE',  ( 1.336934551467092280, -4.401432267466294235, 2.425000000000000266 ) ) ;
#1437 = CIRCLE ( 'NONE', #1514, 0.2000000000000000944 ) ;
#1438 = STYLED_ITEM ( 'NONE', ( #31 ), #1414 ) ;
#1439 = ORIENTED_EDGE ( 'NONE', *, *, #1313, .T. ) ;
#1440 = VECTOR ( 'NONE', #14, 1000.000000000000000 ) ;
#1441 = VERTEX_POINT ( 'NONE', #942 ) ;
#1442 = AXIS2_PLACEMENT_3D ( 'NONE', #720, #69, #593 ) ;
#1443 = CARTESIAN_POINT ( 'NONE',  ( 3.500000000000000000, -4.000000000000000000, 3.000000000000000000 ) ) ;
#1444 = DIRECTION ( 'NONE',  ( 1.000000000000000000, 0.000000000000000000, 0.000000000000000000 ) ) ;
#1445 = FACE_OUTER_BOUND ( 'NONE', #706, .T. ) ;
#1446 = EDGE_CURVE ( 'NONE', #501, #1049, #1005, .T. ) ;
#1447 = ORIENTED_EDGE ( 'NONE', *, *, #829, .F. ) ;
#1448 = LINE ( 'NONE', #547, #4 ) ;
#1449 = CIRCLE ( 'NONE', #1096, 2.200000000000000178 ) ;
#1450 = ORIENTED_EDGE ( 'NONE', *, *, #881, .F. ) ;
#1451 = VECTOR ( 'NONE', #1084, 1000.000000000000000 ) ;
#1452 = DIRECTION ( 'NONE',  ( 1.000000000000000000, 0.000000000000000000, 0.000000000000000000 ) ) ;
#1453 = CARTESIAN_POINT ( 'NONE',  ( 0.000000000000000000, 4.000000000000000000, 1.350000000000000089 ) ) ;
#1454 = ORIENTED_EDGE ( 'NONE', *, *, #134, .F. ) ;
#1455 = EDGE_CURVE ( 'NONE', #1413, #509, #948, .T. ) ;
#1456 = LINE ( 'NONE', #1481, #1512 ) ;
#1457 = ORIENTED_EDGE ( 'NONE', *, *, #835, .T. ) ;
#1458 = DIRECTION ( 'NONE',  ( 1.000000000000000000, -1.239088197126291261E-15, 9.770342656185249982E-31 ) ) ;
#1459 = CARTESIAN_POINT ( 'NONE',  ( -2.539999999999998259, 0.000000000000000000, 0.000000000000000000 ) ) ;
#1460 = CARTESIAN_POINT ( 'NONE',  ( 0.000000000000000000, 0.000000000000000000, 3.500000000000000000 ) ) ;
#1461 = ORIENTED_EDGE ( 'NONE', *, *, #407, .T. ) ;
#1462 = AXIS2_PLACEMENT_3D ( 'NONE', #1180, #308, #661 ) ;
#1463 = LINE ( 'NONE', #169, #539 ) ;
#1464 = AXIS2_PLACEMENT_3D ( 'NONE', #532, #1663, #1277 ) ;
#1465 = EDGE_CURVE ( 'NONE', #331, #1655, #1569, .T. ) ;
#1466 = ORIENTED_EDGE ( 'NONE', *, *, #423, .F. ) ;
#1467 =( GEOMETRIC_REPRESENTATION_CONTEXT ( 3 ) GLOBAL_UNCERTAINTY_ASSIGNED_CONTEXT ( ( #914 ) ) GLOBAL_UNIT_ASSIGNED_CONTEXT ( ( #983, #75, #353 ) ) REPRESENTATION_CONTEXT ( 'NONE', 'WORKASPACE' ) );
#1468 = DIRECTION ( 'NONE',  ( -0.000000000000000000, -0.000000000000000000, 1.000000000000000000 ) ) ;
#1469 = DIRECTION ( 'NONE',  ( -1.751623080406021339E-46, 7.885106708985485090E-16, 1.000000000000000000 ) ) ;
#1470 = ORIENTED_EDGE ( 'NONE', *, *, #1078, .T. ) ;
#1471 = CYLINDRICAL_SURFACE ( 'NONE', #953, 0.1999999999999996503 ) ;
#1472 = CIRCLE ( 'NONE', #938, 0.1999999999999996503 ) ;
#1473 = ORIENTED_EDGE ( 'NONE', *, *, #1102, .T. ) ;
#1474 = DIRECTION ( 'NONE',  ( 1.000000000000000000, 0.000000000000000000, 0.000000000000000000 ) ) ;
#1475 = AXIS2_PLACEMENT_3D ( 'NONE', #1267, #1553, #1662 ) ;
#1476 = ORIENTED_EDGE ( 'NONE', *, *, #26, .T. ) ;
#1477 = PLANE ( 'NONE',  #1579 ) ;
#1478 = EDGE_CURVE ( 'NONE', #1562, #237, #690, .T. ) ;
#1479 = CYLINDRICAL_SURFACE ( 'NONE', #1218, 0.2000000000000000944 ) ;
#1480 = ORIENTED_EDGE ( 'NONE', *, *, #1526, .F. ) ;
#1481 = CARTESIAN_POINT ( 'NONE',  ( -5.500000000000000888, -7.500000000000001776, 0.000000000000000000 ) ) ;
#1482 = ORIENTED_EDGE ( 'NONE', *, *, #325, .T. ) ;
#1483 = DIRECTION ( 'NONE',  ( 0.000000000000000000, 0.000000000000000000, -1.000000000000000000 ) ) ;
#1484 = ADVANCED_FACE ( 'NONE', ( #830 ), #1479, .T. ) ;
#1485 = FACE_OUTER_BOUND ( 'NONE', #261, .T. ) ;
#1486 = FACE_OUTER_BOUND ( 'NONE', #945, .T. ) ;
#1487 = EDGE_LOOP ( 'NONE', ( #397, #1152, #1297, #780, #1647 ) ) ;
#1488 = DIRECTION ( 'NONE',  ( 0.000000000000000000, 0.000000000000000000, -1.000000000000000000 ) ) ;
#1489 = DIRECTION ( 'NONE',  ( -1.000000000000000000, 0.000000000000000000, 0.000000000000000000 ) ) ;
#1490 = AXIS2_PLACEMENT_3D ( 'NONE', #984, #1499, #1132 ) ;
#1491 = VECTOR ( 'NONE', #243, 1000.000000000000000 ) ;
#1492 = ORIENTED_EDGE ( 'NONE', *, *, #262, .T. ) ;
#1493 = DIRECTION ( 'NONE',  ( 1.000000000000000000, 0.000000000000000000, 0.000000000000000000 ) ) ;
#1494 = DIRECTION ( 'NONE',  ( -9.770342656185249982E-31, 1.210631626715868071E-45, 1.000000000000000000 ) ) ;
#1495 = DIRECTION ( 'NONE',  ( -1.000000000000000000, -4.152810866438206183E-17, -0.000000000000000000 ) ) ;
#1496 = CIRCLE ( 'NONE', #413, 0.7999999999999999334 ) ;
#1497 = DIRECTION ( 'NONE',  ( 0.000000000000000000, 0.000000000000000000, 1.000000000000000000 ) ) ;
#1498 = ADVANCED_FACE ( 'NONE', ( #1351 ), #429, .T. ) ;
#1499 = DIRECTION ( 'NONE',  ( -0.000000000000000000, -0.000000000000000000, 1.000000000000000000 ) ) ;
#1500 = ORIENTED_EDGE ( 'NONE', *, *, #1528, .F. ) ;
#1501 = DIRECTION ( 'NONE',  ( -1.000000000000000000, 1.156482317317869753E-15, -0.000000000000000000 ) ) ;
#1502 = AXIS2_PLACEMENT_3D ( 'NONE', #343, #740, #63 ) ;
#1503 = CARTESIAN_POINT ( 'NONE',  ( -3.529949493661165061, -0.9899494936611665796, 3.000000000000000000 ) ) ;
#1504 = CARTESIAN_POINT ( 'NONE',  ( 4.185012351187775259, -1.909364192710696573, 2.425000000000000266 ) ) ;
#1505 = DIRECTION ( 'NONE',  ( 1.000000000000000000, 0.000000000000000000, 0.000000000000000000 ) ) ;
#1506 = EDGE_CURVE ( 'NONE', #1625, #294, #189, .T. ) ;
#1507 = ORIENTED_EDGE ( 'NONE', *, *, #806, .T. ) ;
#1508 = LINE ( 'NONE', #644, #610 ) ;
#1509 = LINE ( 'NONE', #1221, #450 ) ;
#1510 = ORIENTED_EDGE ( 'NONE', *, *, #1535, .T. ) ;
#1511 = DIRECTION ( 'NONE',  ( -0.000000000000000000, -0.000000000000000000, 1.000000000000000000 ) ) ;
#1512 = VECTOR ( 'NONE', #565, 1000.000000000000000 ) ;
#1513 = FACE_BOUND ( 'NONE', #1555, .T. ) ;
#1514 = AXIS2_PLACEMENT_3D ( 'NONE', #787, #1632, #136 ) ;
#1515 = ADVANCED_FACE ( 'NONE', ( #1205 ), #43, .F. ) ;
#1516 = EDGE_LOOP ( 'NONE', ( #372, #887 ) ) ;
#1517 = DIRECTION ( 'NONE',  ( -0.000000000000000000, -0.000000000000000000, 1.000000000000000000 ) ) ;
#1518 = CARTESIAN_POINT ( 'NONE',  ( -5.499999999999994671, -2.149999385897002124, 1.100000000000000089 ) ) ;
#1519 = CARTESIAN_POINT ( 'NONE',  ( 5.499999999999999112, 7.500000000000000000, 1.350000000000000089 ) ) ;
#1520 = DIRECTION ( 'NONE',  ( 1.000000000000000000, -1.156482317317869753E-15, -0.000000000000000000 ) ) ;
#1521 = ORIENTED_EDGE ( 'NONE', *, *, #1394, .T. ) ;
#1522 = CIRCLE ( 'NONE', #227, 0.7999999999999994893 ) ;
#1523 = ORIENTED_EDGE ( 'NONE', *, *, #1465, .F. ) ;
#1524 = DIRECTION ( 'NONE',  ( 1.000000000000000000, 0.000000000000000000, 0.000000000000000000 ) ) ;
#1525 = ORIENTED_EDGE ( 'NONE', *, *, #1270, .T. ) ;
#1526 = EDGE_CURVE ( 'NONE', #1260, #1250, #1320, .T. ) ;
#1527 = CARTESIAN_POINT ( 'NONE',  ( 3.208056504725277591, -1.819456720088596935, 3.000000000000000000 ) ) ;
#1528 = EDGE_CURVE ( 'NONE', #1049, #501, #409, .T. ) ;
#1529 = DIRECTION ( 'NONE',  ( -0.000000000000000000, 0.000000000000000000, 1.000000000000000000 ) ) ;
#1530 = CYLINDRICAL_SURFACE ( 'NONE', #112, 0.1999999999999999833 ) ;
#1531 = EDGE_LOOP ( 'NONE', ( #336, #1286, #1428, #426 ) ) ;
#1532 = VECTOR ( 'NONE', #1395, 1000.000000000000000 ) ;
#1533 = CARTESIAN_POINT ( 'NONE',  ( -6.999999999999993783, -2.149999385897000348, 1.100000000000000089 ) ) ;
#1534 = ORIENTED_EDGE ( 'NONE', *, *, #214, .T. ) ;
#1535 = EDGE_CURVE ( 'NONE', #1016, #1413, #987, .T. ) ;
#1536 = DIRECTION ( 'NONE',  ( -0.000000000000000000, -0.000000000000000000, 1.000000000000000000 ) ) ;
#1537 = DIRECTION ( 'NONE',  ( -0.000000000000000000, -0.000000000000000000, 1.000000000000000000 ) ) ;
#1538 = DIRECTION ( 'NONE',  ( 1.000000000000000000, 0.000000000000000000, 0.000000000000000000 ) ) ;
#1539 = ORIENTED_EDGE ( 'NONE', *, *, #1227, .T. ) ;
#1540 = DIRECTION ( 'NONE',  ( -1.000000000000000000, -1.577021341797097067E-16, 0.000000000000000000 ) ) ;
#1541 = ORIENTED_EDGE ( 'NONE', *, *, #933, .F. ) ;
#1542 = AXIS2_PLACEMENT_3D ( 'NONE', #1580, #955, #670 ) ;
#1543 = AXIS2_PLACEMENT_3D ( 'NONE', #1021, #902, #1538 ) ;
#1544 =( NAMED_UNIT ( * ) SI_UNIT ( $, .STERADIAN. ) SOLID_ANGLE_UNIT ( ) );
#1545 = LINE ( 'NONE', #393, #903 ) ;
#1546 = DIRECTION ( 'NONE',  ( 1.284980352575412946E-16, -1.000000000000000000, -0.000000000000000000 ) ) ;
#1547 = FACE_OUTER_BOUND ( 'NONE', #868, .T. ) ;
#1548 = EDGE_CURVE ( 'NONE', #1596, #966, #1449, .T. ) ;
#1549 = AXIS2_PLACEMENT_3D ( 'NONE', #132, #1017, #357 ) ;
#1550 = CYLINDRICAL_SURFACE ( 'NONE', #62, 1.099999999999999423 ) ;
#1551 = ORIENTED_EDGE ( 'NONE', *, *, #1378, .F. ) ;
#1552 = CARTESIAN_POINT ( 'NONE',  ( 2.200000000000000178, 4.000000000000000000, 3.000000000000000000 ) ) ;
#1553 = DIRECTION ( 'NONE',  ( -0.000000000000000000, -0.000000000000000000, 1.000000000000000000 ) ) ;
#1554 = DIRECTION ( 'NONE',  ( 1.000000000000000000, -1.156482317317869753E-15, 0.000000000000000000 ) ) ;
#1555 = EDGE_LOOP ( 'NONE', ( #1053, #873 ) ) ;
#1556 = EDGE_CURVE ( 'NONE', #668, #614, #1509, .T. ) ;
#1557 = ORIENTED_EDGE ( 'NONE', *, *, #768, .F. ) ;
#1558 = LINE ( 'NONE', #298, #1217 ) ;
#1559 = DIRECTION ( 'NONE',  ( -0.000000000000000000, -0.000000000000000000, 1.000000000000000000 ) ) ;
#1560 = CARTESIAN_POINT ( 'NONE',  ( 2.536907097381347675, 0.003092902618653570017, 0.000000000000000000 ) ) ;
#1561 = ORIENTED_EDGE ( 'NONE', *, *, #1293, .T. ) ;
#1562 = VERTEX_POINT ( 'NONE', #970 ) ;
#1563 = EDGE_CURVE ( 'NONE', #404, #1347, #1241, .T. ) ;
#1564 = DIRECTION ( 'NONE',  ( 0.000000000000000000, 0.000000000000000000, 1.000000000000000000 ) ) ;
#1565 = CIRCLE ( 'NONE', #976, 4.599999999999999645 ) ;
#1566 = CARTESIAN_POINT ( 'NONE',  ( 4.599999999999999645, -4.000000000000000000, 1.350000000000000089 ) ) ;
#1567 = CARTESIAN_POINT ( 'NONE',  ( 0.9899494936611681339, -3.529949493661166837, 0.000000000000000000 ) ) ;
#1568 = CIRCLE ( 'NONE', #380, 0.1999999999999996503 ) ;
#1569 = CIRCLE ( 'NONE', #275, 4.599999999999999645 ) ;
#1570 = VERTEX_POINT ( 'NONE', #856 ) ;
#1571 = EDGE_LOOP ( 'NONE', ( #691, #1635 ) ) ;
#1572 = VECTOR ( 'NONE', #1483, 1000.000000000000000 ) ;
#1573 = EDGE_CURVE ( 'NONE', #303, #1600, #1368, .T. ) ;
#1574 = DIRECTION ( 'NONE',  ( 0.000000000000000000, 0.000000000000000000, 1.000000000000000000 ) ) ;
#1575 = CARTESIAN_POINT ( 'NONE',  ( -4.499999999999979572, 7.499999999999998224, 0.000000000000000000 ) ) ;
#1576 = ORIENTED_EDGE ( 'NONE', *, *, #1184, .T. ) ;
#1577 = SURFACE_SIDE_STYLE ('',( #1191 ) ) ;
#1578 = ORIENTED_EDGE ( 'NONE', *, *, #224, .F. ) ;
#1579 = AXIS2_PLACEMENT_3D ( 'NONE', #1197, #688, #947 ) ;
#1580 = CARTESIAN_POINT ( 'NONE',  ( 3.181516186973030180, -1.621225512823924353, 1.350000000000000089 ) ) ;
#1581 = DIRECTION ( 'NONE',  ( -1.000000000000000000, 1.156482317317869753E-15, 0.000000000000000000 ) ) ;
#1582 = DIRECTION ( 'NONE',  ( -0.000000000000000000, -0.000000000000000000, -1.000000000000000000 ) ) ;
#1583 = ORIENTED_EDGE ( 'NONE', *, *, #211, .F. ) ;
#1584 = ADVANCED_FACE ( 'NONE', ( #225 ), #980, .F. ) ;
#1585 = DIRECTION ( 'NONE',  ( 1.000000000000000000, 0.000000000000000000, 0.000000000000000000 ) ) ;
#1586 = ORIENTED_EDGE ( 'NONE', *, *, #454, .T. ) ;
#1587 = LINE ( 'NONE', #435, #355 ) ;
#1588 = DIRECTION ( 'NONE',  ( -0.000000000000000000, -0.000000000000000000, 1.000000000000000000 ) ) ;
#1589 = EDGE_LOOP ( 'NONE', ( #109, #1072, #1349, #919 ) ) ;
#1590 = EDGE_CURVE ( 'NONE', #767, #1441, #888, .T. ) ;
#1591 = ORIENTED_EDGE ( 'NONE', *, *, #921, .T. ) ;
#1592 = DIRECTION ( 'NONE',  ( 1.000000000000000000, 0.000000000000000000, 0.000000000000000000 ) ) ;
#1593 = VERTEX_POINT ( 'NONE', #1105 ) ;
#1594 = CIRCLE ( 'NONE', #1336, 0.4000000000000001887 ) ;
#1595 = DIRECTION ( 'NONE',  ( -0.000000000000000000, -0.000000000000000000, 1.000000000000000000 ) ) ;
#1596 = VERTEX_POINT ( 'NONE', #864 ) ;
#1597 = LINE ( 'NONE', #1071, #517 ) ;
#1598 = EDGE_CURVE ( 'NONE', #1645, #756, #1233, .T. ) ;
#1599 = VECTOR ( 'NONE', #200, 1000.000000000000000 ) ;
#1600 = VERTEX_POINT ( 'NONE', #464 ) ;
#1601 = DIRECTION ( 'NONE',  ( -0.000000000000000000, 0.000000000000000000, 1.000000000000000000 ) ) ;
#1602 = AXIS2_PLACEMENT_3D ( 'NONE', #901, #1045, #1156 ) ;
#1603 = CYLINDRICAL_SURFACE ( 'NONE', #889, 2.200000000000000178 ) ;
#1604 = CARTESIAN_POINT ( 'NONE',  ( -7.000000000000000888, -7.500000000000000000, 1.100000000000000089 ) ) ;
#1605 = CARTESIAN_POINT ( 'NONE',  ( -2.539999999999998259, 1.399999999999999911, 0.000000000000000000 ) ) ;
#1606 = FILL_AREA_STYLE ('',( #588 ) ) ;
#1607 = VERTEX_POINT ( 'NONE', #585 ) ;
#1608 = CARTESIAN_POINT ( 'NONE',  ( 0.000000000000000000, 4.000000000000000000, 3.500000000000000000 ) ) ;
#1609 = LINE ( 'NONE', #463, #314 ) ;
#1610 = EDGE_CURVE ( 'NONE', #563, #406, #1472, .T. ) ;
#1611 = CARTESIAN_POINT ( 'NONE',  ( 0.000000000000000000, 4.000000000000000000, 3.000000000000000000 ) ) ;
#1612 = VERTEX_POINT ( 'NONE', #1375 ) ;
#1613 = CARTESIAN_POINT ( 'NONE',  ( -5.500000000000000888, -7.500000000000001776, 3.500000000000000000 ) ) ;
#1614 = AXIS2_PLACEMENT_3D ( 'NONE', #241, #1409, #234 ) ;
#1615 = CIRCLE ( 'NONE', #1112, 0.1999999999999996503 ) ;
#1616 = MECHANICAL_DESIGN_GEOMETRIC_PRESENTATION_REPRESENTATION (  '', ( #1438 ), #56 ) ;
#1617 = EDGE_LOOP ( 'NONE', ( #1179, #89, #685, #81, #1042, #1523, #111, #771, #1077, #583, #911, #569, #794, #786, #742 ) ) ;
#1618 = DIRECTION ( 'NONE',  ( 0.000000000000000000, 0.000000000000000000, -1.000000000000000000 ) ) ;
#1619 = CARTESIAN_POINT ( 'NONE',  ( 3.941281122211747423, 0.003092902618653570017, 0.000000000000000000 ) ) ;
#1620 = EDGE_CURVE ( 'NONE', #239, #1593, #216, .T. ) ;
#1621 = ORIENTED_EDGE ( 'NONE', *, *, #78, .T. ) ;
#1622 = DIRECTION ( 'NONE',  ( 0.000000000000000000, 0.000000000000000000, -1.000000000000000000 ) ) ;
#1623 = DIRECTION ( 'NONE',  ( 0.000000000000000000, 0.000000000000000000, 1.000000000000000000 ) ) ;
#1624 = ORIENTED_EDGE ( 'NONE', *, *, #1048, .F. ) ;
#1625 = VERTEX_POINT ( 'NONE', #1383 ) ;
#1626 = EDGE_CURVE ( 'NONE', #1016, #303, #80, .T. ) ;
#1627 = CARTESIAN_POINT ( 'NONE',  ( 3.800000000000000266, 5.181818181818186098, 3.500000000000000000 ) ) ;
#1628 = CARTESIAN_POINT ( 'NONE',  ( 0.000000000000000000, 0.000000000000000000, 3.000000000000000000 ) ) ;
#1629 = LINE ( 'NONE', #481, #416 ) ;
#1630 = VERTEX_POINT ( 'NONE', #1097 ) ;
#1631 = DIRECTION ( 'NONE',  ( 0.000000000000000000, 0.000000000000000000, 1.000000000000000000 ) ) ;
#1632 = DIRECTION ( 'NONE',  ( 0.000000000000000000, 0.000000000000000000, 1.000000000000000000 ) ) ;
#1633 = CARTESIAN_POINT ( 'NONE',  ( 3.529949493661168614, -0.9899494936611659135, 0.000000000000000000 ) ) ;
#1634 = EDGE_CURVE ( 'NONE', #1049, #966, #603, .T. ) ;
#1635 = ORIENTED_EDGE ( 'NONE', *, *, #1313, .F. ) ;
#1636 = STYLED_ITEM ( 'NONE', ( #55 ), #1113 ) ;
#1637 = DIRECTION ( 'NONE',  ( 1.000000000000000000, 0.000000000000000000, 0.000000000000000000 ) ) ;
#1638 = CIRCLE ( 'NONE', #852, 1.099999999999999201 ) ;
#1639 = AXIS2_PLACEMENT_3D ( 'NONE', #1453, #448, #544 ) ;
#1640 = ORIENTED_EDGE ( 'NONE', *, *, #103, .F. ) ;
#1641 = DIRECTION ( 'NONE',  ( 1.000000000000000000, 0.000000000000000000, 0.000000000000000000 ) ) ;
#1642 = LINE ( 'NONE', #1013, #646 ) ;
#1643 = CARTESIAN_POINT ( 'NONE',  ( -3.899999999999997247, -3.985992107508042448, 3.500000000000000000 ) ) ;
#1644 = STYLED_ITEM ( 'NONE', ( #1355 ), #377 ) ;
#1645 = VERTEX_POINT ( 'NONE', #1619 ) ;
#1646 = CIRCLE ( 'NONE', #94, 2.200000000000000178 ) ;
#1647 = ORIENTED_EDGE ( 'NONE', *, *, #453, .F. ) ;
#1648 = EDGE_CURVE ( 'NONE', #1190, #971, #1063, .T. ) ;
#1649 = CARTESIAN_POINT ( 'NONE',  ( -2.200000000000000178, 4.000000000000000000, 3.000000000000000000 ) ) ;
#1650 = EDGE_LOOP ( 'NONE', ( #1583, #862, #1269, #762 ) ) ;
#1651 = CARTESIAN_POINT ( 'NONE',  ( 0.000000000000000000, 0.000000000000000000, 0.000000000000000000 ) ) ;
#1652 = CARTESIAN_POINT ( 'NONE',  ( 0.000000000000000000, 4.000000000000000000, 3.500000000000000000 ) ) ;
#1653 = SURFACE_STYLE_FILL_AREA ( #269 ) ;
#1654 = LINE ( 'NONE', #496, #1247 ) ;
#1655 = VERTEX_POINT ( 'NONE', #612 ) ;
#1656 = AXIS2_PLACEMENT_3D ( 'NONE', #679, #1171, #543 ) ;
#1657 = CARTESIAN_POINT ( 'NONE',  ( 0.000000000000000000, 0.000000000000000000, 3.500000000000000000 ) ) ;
#1658 = ORIENTED_EDGE ( 'NONE', *, *, #337, .F. ) ;
#1659 =( LENGTH_UNIT ( ) NAMED_UNIT ( * ) SI_UNIT ( .MILLI., .METRE. ) );
#1660 = LINE ( 'NONE', #1518, #192 ) ;
#1661 = ADVANCED_FACE ( 'NONE', ( #1486 ), #91, .F. ) ;
#1662 = DIRECTION ( 'NONE',  ( 1.000000000000000000, 0.000000000000000000, 0.000000000000000000 ) ) ;
#1663 = DIRECTION ( 'NONE',  ( 0.7071067811865475727, -0.7071067811865475727, 0.000000000000000000 ) ) ;
#1664 = ORIENTED_EDGE ( 'NONE', *, *, #825, .T. ) ;
ENDSEC;
END-ISO-10303-21;
