ISO-10303-21;
HEADER;
FILE_DESCRIPTION (( 'STEP AP214' ),
    '1' );
FILE_NAME ('ld-hs-v2.STEP',
    '2024-04-12T08:57:03',
    ( '' ),
    ( '' ),
    'SwSTEP 2.0',
    'SolidWorks 2022',
    '' );
FILE_SCHEMA (( 'AUTOMOTIVE_DESIGN' ));
ENDSEC;

DATA;
#1 = ORIENTED_EDGE ( 'NONE', *, *, #2988, .F. ) ;
#2 = EDGE_CURVE ( 'NONE', #3302, #2340, #363, .T. ) ;
#3 = DIRECTION ( 'NONE',  ( 1.000000000000000000, 0.000000000000000000, 0.000000000000000000 ) ) ;
#4 = CIRCLE ( 'NONE', #2361, 3.309999999999999609 ) ;
#5 = LINE ( 'NONE', #2221, #2313 ) ;
#6 = ADVANCED_FACE ( 'NONE', ( #1799 ), #2910, .F. ) ;
#7 = ORIENTED_EDGE ( 'NONE', *, *, #1678, .F. ) ;
#8 = AXIS2_PLACEMENT_3D ( 'NONE', #2973, #2955, #2659 ) ;
#9 = LINE ( 'NONE', #268, #2178 ) ;
#10 = CIRCLE ( 'NONE', #2541, 0.5000000000000004441 ) ;
#11 = LINE ( 'NONE', #2280, #124 ) ;
#12 = CARTESIAN_POINT ( 'NONE',  ( 14.50000000000000178, -7.500000000000000000, 0.4999999999999998890 ) ) ;
#13 = VECTOR ( 'NONE', #2165, 1000.000000000000000 ) ;
#14 = DIRECTION ( 'NONE',  ( -0.000000000000000000, 1.000000000000000000, -0.000000000000000000 ) ) ;
#15 = VERTEX_POINT ( 'NONE', #733 ) ;
#16 = CARTESIAN_POINT ( 'NONE',  ( 4.000000000000001776, 0.000000000000000000, 9.400000000000000355 ) ) ;
#17 = AXIS2_PLACEMENT_3D ( 'NONE', #495, #2154, #735 ) ;
#18 = CARTESIAN_POINT ( 'NONE',  ( 0.4999999999999990563, -7.500000000000000000, 3.000000000000000000 ) ) ;
#19 = VERTEX_POINT ( 'NONE', #1487 ) ;
#20 = DIRECTION ( 'NONE',  ( 0.000000000000000000, 0.000000000000000000, -1.000000000000000000 ) ) ;
#21 = VERTEX_POINT ( 'NONE', #1816 ) ;
#22 = VERTEX_POINT ( 'NONE', #2605 ) ;
#23 = DIRECTION ( 'NONE',  ( 1.000000000000000000, -0.000000000000000000, -0.000000000000000000 ) ) ;
#24 = EDGE_CURVE ( 'NONE', #474, #820, #2927, .T. ) ;
#25 = ORIENTED_EDGE ( 'NONE', *, *, #2164, .F. ) ;
#26 = CARTESIAN_POINT ( 'NONE',  ( -6.099999999999999645, 2.499999999999999556, 3.000000000000000000 ) ) ;
#27 = CARTESIAN_POINT ( 'NONE',  ( 14.70710678118654791, 4.283239619235637008, 1.000000000000001332 ) ) ;
#28 = EDGE_CURVE ( 'NONE', #1919, #349, #2407, .T. ) ;
#29 = FACE_BOUND ( 'NONE', #1100, .T. ) ;
#30 = ADVANCED_FACE ( 'NONE', ( #2617 ), #969, .F. ) ;
#31 = ORIENTED_EDGE ( 'NONE', *, *, #3410, .T. ) ;
#32 = LINE ( 'NONE', #530, #3591 ) ;
#33 = VERTEX_POINT ( 'NONE', #98 ) ;
#34 = LINE ( 'NONE', #1145, #2243 ) ;
#35 = PLANE ( 'NONE',  #2947 ) ;
#36 = ORIENTED_EDGE ( 'NONE', *, *, #3017, .T. ) ;
#37 = VERTEX_POINT ( 'NONE', #984 ) ;
#38 = CYLINDRICAL_SURFACE ( 'NONE', #1663, 0.5000000000000004441 ) ;
#39 = CARTESIAN_POINT ( 'NONE',  ( 9.500000000000005329, 7.500000000000000000, -9.500000000000000000 ) ) ;
#40 = LINE ( 'NONE', #1167, #2998 ) ;
#41 = DIRECTION ( 'NONE',  ( 0.000000000000000000, 1.000000000000000000, 0.000000000000000000 ) ) ;
#42 = CARTESIAN_POINT ( 'NONE',  ( -6.099999999999999645, -1.500000000000000444, 3.000000000000000000 ) ) ;
#43 = ADVANCED_FACE ( 'NONE', ( #1227 ), #2353, .F. ) ;
#44 = ORIENTED_EDGE ( 'NONE', *, *, #343, .F. ) ;
#45 = EDGE_CURVE ( 'NONE', #443, #1458, #344, .T. ) ;
#46 = CYLINDRICAL_SURFACE ( 'NONE', #593, 0.5000000000000013323 ) ;
#47 = VERTEX_POINT ( 'NONE', #396 ) ;
#48 = LINE ( 'NONE', #2305, #2119 ) ;
#49 = AXIS2_PLACEMENT_3D ( 'NONE', #708, #3456, #2894 ) ;
#50 = ORIENTED_EDGE ( 'NONE', *, *, #2217, .F. ) ;
#51 = VECTOR ( 'NONE', #1240, 1000.000000000000000 ) ;
#52 = DIRECTION ( 'NONE',  ( -0.000000000000000000, 1.000000000000000000, -0.000000000000000000 ) ) ;
#53 = CARTESIAN_POINT ( 'NONE',  ( -13.50000000000000178, 7.500000000000000000, 0.000000000000000000 ) ) ;
#54 = VECTOR ( 'NONE', #1880, 1000.000000000000000 ) ;
#55 = ORIENTED_EDGE ( 'NONE', *, *, #368, .T. ) ;
#56 = CARTESIAN_POINT ( 'NONE',  ( 3.800000000000000266, 5.181818181818186098, 3.000000000000000000 ) ) ;
#57 = CARTESIAN_POINT ( 'NONE',  ( 0.000000000000000000, 0.000000000000000000, 1.200000000000000178 ) ) ;
#58 = VECTOR ( 'NONE', #1042, 1000.000000000000000 ) ;
#59 = CARTESIAN_POINT ( 'NONE',  ( -7.500000000000001776, -6.500000000000000888, 0.000000000000000000 ) ) ;
#60 = CYLINDRICAL_SURFACE ( 'NONE', #778, 0.5000000000000013323 ) ;
#61 = VECTOR ( 'NONE', #2214, 1000.000000000000000 ) ;
#62 = AXIS2_PLACEMENT_3D ( 'NONE', #1190, #1728, #2839 ) ;
#63 = VERTEX_POINT ( 'NONE', #2633 ) ;
#64 = DIRECTION ( 'NONE',  ( -1.000000000000000000, 0.000000000000000000, 0.000000000000000000 ) ) ;
#65 = AXIS2_PLACEMENT_3D ( 'NONE', #1140, #3024, #511 ) ;
#66 = AXIS2_PLACEMENT_3D ( 'NONE', #1372, #2496, #3550 ) ;
#67 = EDGE_CURVE ( 'NONE', #574, #892, #413, .T. ) ;
#68 = CARTESIAN_POINT ( 'NONE',  ( 12.50000000000000000, -7.500000000000000000, -9.500000000000000000 ) ) ;
#69 = VECTOR ( 'NONE', #2348, 1000.000000000000000 ) ;
#70 = VERTEX_POINT ( 'NONE', #2374 ) ;
#71 = FACE_OUTER_BOUND ( 'NONE', #200, .T. ) ;
#72 = ADVANCED_FACE ( 'NONE', ( #3477 ), #2094, .F. ) ;
#73 = ORIENTED_EDGE ( 'NONE', *, *, #1940, .F. ) ;
#74 = VERTEX_POINT ( 'NONE', #2390 ) ;
#75 = ORIENTED_EDGE ( 'NONE', *, *, #450, .F. ) ;
#76 = PLANE ( 'NONE',  #1189 ) ;
#77 = DIRECTION ( 'NONE',  ( -1.000000000000000000, 0.000000000000000000, 0.000000000000000000 ) ) ;
#78 = ORIENTED_EDGE ( 'NONE', *, *, #2193, .T. ) ;
#79 = DIRECTION ( 'NONE',  ( -0.8191520442889890230, -0.5735764363510501562, 0.000000000000000000 ) ) ;
#80 = CARTESIAN_POINT ( 'NONE',  ( -7.500000000000001776, -5.500000000000000888, 3.000000000000000000 ) ) ;
#81 = CARTESIAN_POINT ( 'NONE',  ( 3.184927093632671458, 7.499999999999993783, -0.5000000000000004441 ) ) ;
#82 = DIRECTION ( 'NONE',  ( -0.000000000000000000, -0.000000000000000000, 1.000000000000000000 ) ) ;
#83 = CARTESIAN_POINT ( 'NONE',  ( -0.4999999999999998890, 6.488612787525830150, 9.400000000000000355 ) ) ;
#84 = FACE_OUTER_BOUND ( 'NONE', #3031, .T. ) ;
#85 = ORIENTED_EDGE ( 'NONE', *, *, #260, .T. ) ;
#86 = LINE ( 'NONE', #3424, #2815 ) ;
#87 = EDGE_CURVE ( 'NONE', #2343, #103, #2059, .T. ) ;
#88 = ORIENTED_EDGE ( 'NONE', *, *, #485, .F. ) ;
#89 = ORIENTED_EDGE ( 'NONE', *, *, #2326, .F. ) ;
#90 = EDGE_CURVE ( 'NONE', #2745, #1394, #1559, .T. ) ;
#91 = ORIENTED_EDGE ( 'NONE', *, *, #3280, .T. ) ;
#92 = CARTESIAN_POINT ( 'NONE',  ( -13.50000000000000000, -7.500000000000000000, 0.000000000000000000 ) ) ;
#93 = EDGE_CURVE ( 'NONE', #3542, #74, #3245, .T. ) ;
#94 = ORIENTED_EDGE ( 'NONE', *, *, #2513, .T. ) ;
#95 = CARTESIAN_POINT ( 'NONE',  ( -0.4999999999999995559, 3.766961640367472608, 1.200000000000000178 ) ) ;
#96 = CARTESIAN_POINT ( 'NONE',  ( -7.500000000000001776, -6.000000000000000000, 0.000000000000000000 ) ) ;
#97 = DIRECTION ( 'NONE',  ( -0.000000000000000000, -0.000000000000000000, -1.000000000000000000 ) ) ;
#98 = CARTESIAN_POINT ( 'NONE',  ( -13.50000000000000178, 3.499999999999999556, 0.000000000000000000 ) ) ;
#99 = LINE ( 'NONE', #2672, #1949 ) ;
#100 = DIRECTION ( 'NONE',  ( 1.000000000000000000, 0.000000000000000000, 0.000000000000000000 ) ) ;
#101 = VERTEX_POINT ( 'NONE', #2708 ) ;
#102 = CARTESIAN_POINT ( 'NONE',  ( 0.5000000000000000000, 7.500000000000000000, 3.000000000000000000 ) ) ;
#103 = VERTEX_POINT ( 'NONE', #3564 ) ;
#104 = ORIENTED_EDGE ( 'NONE', *, *, #470, .F. ) ;
#105 = ORIENTED_EDGE ( 'NONE', *, *, #2871, .T. ) ;
#106 = LINE ( 'NONE', #3137, #660 ) ;
#107 = EDGE_CURVE ( 'NONE', #2960, #492, #3571, .T. ) ;
#108 = EDGE_CURVE ( 'NONE', #1740, #1329, #3259, .T. ) ;
#109 = EDGE_LOOP ( 'NONE', ( #715, #871, #3382, #1128 ) ) ;
#110 = CARTESIAN_POINT ( 'NONE',  ( -5.500000000000000888, 0.000000000000000000, 9.400000000000000355 ) ) ;
#111 = CARTESIAN_POINT ( 'NONE',  ( -7.500000000000001776, -6.500000000000000888, 3.000000000000000000 ) ) ;
#112 = ADVANCED_BREP_SHAPE_REPRESENTATION ( 'ld-hs-v2', ( #2560, #1607 ), #542 ) ;
#113 = AXIS2_PLACEMENT_3D ( 'NONE', #1813, #2602, #1554 ) ;
#114 = DIRECTION ( 'NONE',  ( -1.000000000000000000, 0.000000000000000000, 0.000000000000000000 ) ) ;
#115 = CARTESIAN_POINT ( 'NONE',  ( 13.50000000000000178, -7.500000000000000000, -9.500000000000000000 ) ) ;
#116 = CIRCLE ( 'NONE', #2935, 4.650000000000000355 ) ;
#117 = DIRECTION ( 'NONE',  ( -1.000000000000000000, -0.000000000000000000, -0.000000000000000000 ) ) ;
#118 = AXIS2_PLACEMENT_3D ( 'NONE', #2762, #3366, #2465 ) ;
#119 = DIRECTION ( 'NONE',  ( 1.156482317317871478E-16, -1.000000000000000000, 0.000000000000000000 ) ) ;
#120 = AXIS2_PLACEMENT_3D ( 'NONE', #236, #1918, #3352 ) ;
#121 = ORIENTED_EDGE ( 'NONE', *, *, #2394, .T. ) ;
#122 = DIRECTION ( 'NONE',  ( 1.000000000000000000, 1.156482317317871478E-16, -0.000000000000000000 ) ) ;
#123 = AXIS2_PLACEMENT_3D ( 'NONE', #3276, #158, #1600 ) ;
#124 = VECTOR ( 'NONE', #856, 1000.000000000000000 ) ;
#125 = AXIS2_PLACEMENT_3D ( 'NONE', #3003, #1537, #1616 ) ;
#126 = VECTOR ( 'NONE', #484, 1000.000000000000000 ) ;
#127 = ORIENTED_EDGE ( 'NONE', *, *, #1757, .T. ) ;
#128 = ORIENTED_EDGE ( 'NONE', *, *, #1450, .T. ) ;
#129 = ORIENTED_EDGE ( 'NONE', *, *, #1271, .T. ) ;
#130 = PRESENTATION_LAYER_ASSIGNMENT (  '', '', ( #3353 ) ) ;
#131 = VECTOR ( 'NONE', #2022, 1000.000000000000000 ) ;
#132 = CARTESIAN_POINT ( 'NONE',  ( 0.000000000000000000, 0.000000000000000000, 3.000000000000000000 ) ) ;
#133 = ORIENTED_EDGE ( 'NONE', *, *, #3211, .F. ) ;
#134 = CARTESIAN_POINT ( 'NONE',  ( 0.5000000000000000000, 7.500000000000000000, 0.000000000000000000 ) ) ;
#135 = CYLINDRICAL_SURFACE ( 'NONE', #2881, 4.000000000000000000 ) ;
#136 = ADVANCED_FACE ( 'NONE', ( #1340 ), #2758, .F. ) ;
#137 = CARTESIAN_POINT ( 'NONE',  ( -7.500000000000001776, -6.500000000000000888, 0.000000000000000000 ) ) ;
#138 = ORIENTED_EDGE ( 'NONE', *, *, #1336, .F. ) ;
#139 = DIRECTION ( 'NONE',  ( 0.000000000000000000, 0.000000000000000000, -1.000000000000000000 ) ) ;
#140 = EDGE_CURVE ( 'NONE', #2497, #3193, #3606, .T. ) ;
#141 = FACE_OUTER_BOUND ( 'NONE', #2045, .T. ) ;
#142 = EDGE_CURVE ( 'NONE', #407, #1391, #2481, .T. ) ;
#143 = DIRECTION ( 'NONE',  ( 0.000000000000000000, 0.000000000000000000, -1.000000000000000000 ) ) ;
#144 = ORIENTED_EDGE ( 'NONE', *, *, #2347, .T. ) ;
#145 = LINE ( 'NONE', #2691, #237 ) ;
#146 = ORIENTED_EDGE ( 'NONE', *, *, #1856, .F. ) ;
#147 = ORIENTED_EDGE ( 'NONE', *, *, #2921, .T. ) ;
#148 = ORIENTED_EDGE ( 'NONE', *, *, #1878, .T. ) ;
#149 = CARTESIAN_POINT ( 'NONE',  ( -0.4827754690797282922, 5.478770651017876858, 9.400000000000000355 ) ) ;
#150 = CARTESIAN_POINT ( 'NONE',  ( -7.000000000000000888, -4.000000000000000000, 0.000000000000000000 ) ) ;
#151 = ORIENTED_EDGE ( 'NONE', *, *, #3015, .T. ) ;
#152 = CARTESIAN_POINT ( 'NONE',  ( -6.099999999999999645, 0.000000000000000000, 3.000000000000000000 ) ) ;
#153 = LINE ( 'NONE', #2370, #714 ) ;
#154 = DIRECTION ( 'NONE',  ( 1.000000000000000000, 0.000000000000000000, 0.000000000000000000 ) ) ;
#155 = DIRECTION ( 'NONE',  ( 0.000000000000000000, -0.000000000000000000, 1.000000000000000000 ) ) ;
#156 = CARTESIAN_POINT ( 'NONE',  ( -13.50000000000000000, -7.500000000000000000, 3.000000000000000000 ) ) ;
#157 = FACE_OUTER_BOUND ( 'NONE', #693, .T. ) ;
#158 = DIRECTION ( 'NONE',  ( 0.000000000000000000, 0.000000000000000000, 1.000000000000000000 ) ) ;
#159 = EDGE_CURVE ( 'NONE', #3588, #2983, #878, .T. ) ;
#160 = ORIENTED_EDGE ( 'NONE', *, *, #274, .T. ) ;
#161 = ADVANCED_FACE ( 'NONE', ( #2739 ), #1874, .F. ) ;
#162 = DIRECTION ( 'NONE',  ( -1.000000000000000000, 0.000000000000000000, 0.000000000000000000 ) ) ;
#163 = EDGE_CURVE ( 'NONE', #1984, #2514, #3046, .T. ) ;
#164 = ORIENTED_EDGE ( 'NONE', *, *, #1201, .T. ) ;
#165 = EDGE_LOOP ( 'NONE', ( #924, #151, #105, #623 ) ) ;
#166 = ORIENTED_EDGE ( 'NONE', *, *, #2394, .F. ) ;
#167 = LINE ( 'NONE', #794, #2314 ) ;
#168 = CARTESIAN_POINT ( 'NONE',  ( 0.000000000000000000, 0.000000000000000000, 0.000000000000000000 ) ) ;
#169 = VERTEX_POINT ( 'NONE', #508 ) ;
#170 = DIRECTION ( 'NONE',  ( 1.000000000000000000, 0.000000000000000000, 0.000000000000000000 ) ) ;
#171 = CYLINDRICAL_SURFACE ( 'NONE', #1480, 0.5000000000000004441 ) ;
#172 = CARTESIAN_POINT ( 'NONE',  ( 11.00000000000000355, 4.283239619235636120, 1.000000000000001332 ) ) ;
#173 = DIRECTION ( 'NONE',  ( 0.000000000000000000, 0.000000000000000000, -1.000000000000000000 ) ) ;
#174 = VECTOR ( 'NONE', #213, 1000.000000000000000 ) ;
#175 = DIRECTION ( 'NONE',  ( 0.000000000000000000, 0.000000000000000000, 1.000000000000000000 ) ) ;
#176 = FACE_OUTER_BOUND ( 'NONE', #2540, .T. ) ;
#177 = VECTOR ( 'NONE', #2559, 1000.000000000000000 ) ;
#178 = ORIENTED_EDGE ( 'NONE', *, *, #2972, .F. ) ;
#179 = DIRECTION ( 'NONE',  ( -0.000000000000000000, -0.000000000000000000, 1.000000000000000000 ) ) ;
#180 = EDGE_CURVE ( 'NONE', #1458, #2777, #226, .T. ) ;
#181 = VECTOR ( 'NONE', #2985, 1000.000000000000000 ) ;
#182 = ORIENTED_EDGE ( 'NONE', *, *, #2460, .F. ) ;
#183 = VECTOR ( 'NONE', #3451, 1000.000000000000000 ) ;
#184 = ORIENTED_EDGE ( 'NONE', *, *, #3483, .T. ) ;
#185 = ORIENTED_EDGE ( 'NONE', *, *, #293, .F. ) ;
#186 = EDGE_CURVE ( 'NONE', #2227, #1011, #523, .T. ) ;
#187 = CARTESIAN_POINT ( 'NONE',  ( 0.000000000000000000, 0.000000000000000000, 1.200000000000000178 ) ) ;
#188 = VECTOR ( 'NONE', #1593, 1000.000000000000000 ) ;
#189 = CARTESIAN_POINT ( 'NONE',  ( 1.762194958653875365E-15, -4.809999999999999609, 0.000000000000000000 ) ) ;
#190 = AXIS2_PLACEMENT_3D ( 'NONE', #2658, #986, #1043 ) ;
#191 = EDGE_LOOP ( 'NONE', ( #2841, #1909, #3552, #55 ) ) ;
#192 = AXIS2_PLACEMENT_3D ( 'NONE', #1114, #843, #2281 ) ;
#193 = CARTESIAN_POINT ( 'NONE',  ( 16.49999999999999645, -7.500000000000000000, -9.500000000000000000 ) ) ;
#194 = DIRECTION ( 'NONE',  ( -0.000000000000000000, 1.000000000000000000, -0.000000000000000000 ) ) ;
#195 = EDGE_LOOP ( 'NONE', ( #3356, #2712, #2099, #3095 ) ) ;
#196 = DIRECTION ( 'NONE',  ( -0.000000000000000000, 1.000000000000000000, -0.000000000000000000 ) ) ;
#197 = PLANE ( 'NONE',  #771 ) ;
#198 = DIRECTION ( 'NONE',  ( 0.000000000000000000, 1.000000000000000000, 0.000000000000000000 ) ) ;
#199 = DIRECTION ( 'NONE',  ( 1.156482317317871478E-16, -1.000000000000000000, 0.000000000000000000 ) ) ;
#200 = EDGE_LOOP ( 'NONE', ( #2040, #1679, #957, #2939 ) ) ;
#201 = CYLINDRICAL_SURFACE ( 'NONE', #120, 3.799999999999999822 ) ;
#202 = ADVANCED_FACE ( 'NONE', ( #2685 ), #229, .F. ) ;
#203 = ORIENTED_EDGE ( 'NONE', *, *, #2972, .T. ) ;
#204 = ORIENTED_EDGE ( 'NONE', *, *, #884, .T. ) ;
#205 = ORIENTED_EDGE ( 'NONE', *, *, #2735, .T. ) ;
#206 = CARTESIAN_POINT ( 'NONE',  ( -13.50000000000000178, 3.499999999999999556, 0.000000000000000000 ) ) ;
#207 = EDGE_CURVE ( 'NONE', #2933, #70, #2462, .T. ) ;
#208 = VERTEX_POINT ( 'NONE', #253 ) ;
#209 = EDGE_CURVE ( 'NONE', #3415, #3132, #2057, .T. ) ;
#210 = DIRECTION ( 'NONE',  ( 0.000000000000000000, 0.000000000000000000, 1.000000000000000000 ) ) ;
#211 = CARTESIAN_POINT ( 'NONE',  ( 0.000000000000000000, 0.000000000000000000, 9.400000000000000355 ) ) ;
#212 = VERTEX_POINT ( 'NONE', #1378 ) ;
#213 = DIRECTION ( 'NONE',  ( -1.000000000000000000, -0.000000000000000000, -0.000000000000000000 ) ) ;
#214 = FACE_OUTER_BOUND ( 'NONE', #2014, .T. ) ;
#215 = FACE_OUTER_BOUND ( 'NONE', #2417, .T. ) ;
#216 = CARTESIAN_POINT ( 'NONE',  ( -13.50000000000000178, 7.500000000000000000, 3.000000000000000000 ) ) ;
#217 = VERTEX_POINT ( 'NONE', #2502 ) ;
#218 = CARTESIAN_POINT ( 'NONE',  ( -13.50000000000000000, -1.500000000000000444, 0.000000000000000000 ) ) ;
#219 = ORIENTED_EDGE ( 'NONE', *, *, #1673, .T. ) ;
#220 = DIRECTION ( 'NONE',  ( 1.000000000000000000, 0.000000000000000000, 0.000000000000000000 ) ) ;
#221 = CARTESIAN_POINT ( 'NONE',  ( -6.099999999999999645, -2.000000000000000000, 3.000000000000000000 ) ) ;
#222 = CARTESIAN_POINT ( 'NONE',  ( 16.50000000000000000, 7.500000000000000000, 3.000000000000000000 ) ) ;
#223 = ORIENTED_EDGE ( 'NONE', *, *, #520, .F. ) ;
#224 = CARTESIAN_POINT ( 'NONE',  ( -13.50000000000000178, 7.500000000000000000, 3.000000000000000000 ) ) ;
#225 = EDGE_CURVE ( 'NONE', #2349, #3362, #493, .T. ) ;
#226 =( BOUNDED_CURVE ( )  B_SPLINE_CURVE ( 3, ( #172, #1618, #3325, #1080 ),
 .UNSPECIFIED., .F., .T. ) 
 B_SPLINE_CURVE_WITH_KNOTS ( ( 4, 4 ),
 ( 3.141592653589793116, 4.712388980384689674 ),
 .UNSPECIFIED. ) 
 CURVE ( )  GEOMETRIC_REPRESENTATION_ITEM ( )  RATIONAL_B_SPLINE_CURVE ( ( 1.000000000000000000, 0.8047378541243649375, 0.8047378541243649375, 1.000000000000000000 ) ) 
 REPRESENTATION_ITEM ( '' )  );
#227 = DIRECTION ( 'NONE',  ( 1.156482317317871478E-16, -1.000000000000000000, 0.000000000000000000 ) ) ;
#228 = VERTEX_POINT ( 'NONE', #1096 ) ;
#229 = CYLINDRICAL_SURFACE ( 'NONE', #1415, 0.5000000000000013323 ) ;
#230 = DIRECTION ( 'NONE',  ( 0.000000000000000000, -0.000000000000000000, -1.000000000000000000 ) ) ;
#231 = ADVANCED_FACE ( 'NONE', ( #2223 ), #1858, .F. ) ;
#232 = FACE_OUTER_BOUND ( 'NONE', #1106, .T. ) ;
#233 = FACE_OUTER_BOUND ( 'NONE', #109, .T. ) ;
#234 = ORIENTED_EDGE ( 'NONE', *, *, #1860, .F. ) ;
#235 = CIRCLE ( 'NONE', #2868, 1.100000000000000311 ) ;
#236 = CARTESIAN_POINT ( 'NONE',  ( 0.000000000000000000, 0.000000000000000000, 1.200000000000000178 ) ) ;
#237 = VECTOR ( 'NONE', #2396, 1000.000000000000000 ) ;
#238 = ORIENTED_EDGE ( 'NONE', *, *, #3544, .T. ) ;
#239 = CYLINDRICAL_SURFACE ( 'NONE', #3220, 0.4999999999999995559 ) ;
#240 = CIRCLE ( 'NONE', #1473, 3.309999999999999609 ) ;
#241 = VECTOR ( 'NONE', #1621, 1000.000000000000000 ) ;
#242 = AXIS2_PLACEMENT_3D ( 'NONE', #156, #2354, #2111 ) ;
#243 = EDGE_LOOP ( 'NONE', ( #2715, #2994, #1889, #2344 ) ) ;
#244 = VERTEX_POINT ( 'NONE', #1026 ) ;
#245 = CARTESIAN_POINT ( 'NONE',  ( 9.000000000000003553, -7.500000000000000000, 0.5000000000000000000 ) ) ;
#246 = VECTOR ( 'NONE', #1759, 1000.000000000000000 ) ;
#247 = AXIS2_PLACEMENT_3D ( 'NONE', #2404, #687, #944 ) ;
#248 = FACE_OUTER_BOUND ( 'NONE', #2258, .T. ) ;
#249 = VECTOR ( 'NONE', #3019, 1000.000000000000000 ) ;
#250 = AXIS2_PLACEMENT_3D ( 'NONE', #206, #777, #2161 ) ;
#251 = VERTEX_POINT ( 'NONE', #1112 ) ;
#252 = EDGE_CURVE ( 'NONE', #228, #1062, #235, .T. ) ;
#253 = CARTESIAN_POINT ( 'NONE',  ( 0.4999999999999996669, 4.623040125285525548, 1.000000000000000000 ) ) ;
#254 = CARTESIAN_POINT ( 'NONE',  ( 4.000000000000001776, 0.000000000000000000, 3.000000000000000888 ) ) ;
#255 = DIRECTION ( 'NONE',  ( 1.000000000000000000, 0.000000000000000000, 0.000000000000000000 ) ) ;
#256 = DIRECTION ( 'NONE',  ( -0.000000000000000000, 1.000000000000000000, -0.000000000000000000 ) ) ;
#257 = EDGE_CURVE ( 'NONE', #1239, #1095, #2357, .T. ) ;
#258 = ORIENTED_EDGE ( 'NONE', *, *, #24, .F. ) ;
#259 = CYLINDRICAL_SURFACE ( 'NONE', #1181, 0.5000000000000013323 ) ;
#260 = EDGE_CURVE ( 'NONE', #1549, #3120, #9, .T. ) ;
#261 = CARTESIAN_POINT ( 'NONE',  ( -6.099999999999999645, 2.000000000000000000, 3.000000000000000000 ) ) ;
#262 = VERTEX_POINT ( 'NONE', #2279 ) ;
#263 = CARTESIAN_POINT ( 'NONE',  ( -7.500000000000001776, -4.000000000000000000, 0.000000000000000000 ) ) ;
#264 = ORIENTED_EDGE ( 'NONE', *, *, #1359, .T. ) ;
#265 = DIRECTION ( 'NONE',  ( -1.000000000000000000, -0.000000000000000000, -0.000000000000000000 ) ) ;
#266 = LINE ( 'NONE', #2238, #718 ) ;
#267 = VERTEX_POINT ( 'NONE', #3344 ) ;
#268 = CARTESIAN_POINT ( 'NONE',  ( -3.559999999999997389, 0.000000000000000000, 1.200000000000000178 ) ) ;
#269 = FACE_OUTER_BOUND ( 'NONE', #2628, .T. ) ;
#270 = CARTESIAN_POINT ( 'NONE',  ( -5.599999999999998757, 2.000000000000000000, 3.000000000000000000 ) ) ;
#271 = DIRECTION ( 'NONE',  ( 0.000000000000000000, 0.000000000000000000, 1.000000000000000000 ) ) ;
#272 = ORIENTED_EDGE ( 'NONE', *, *, #3227, .F. ) ;
#273 = DIRECTION ( 'NONE',  ( -1.000000000000000000, 0.000000000000000000, -0.000000000000000000 ) ) ;
#274 = EDGE_CURVE ( 'NONE', #425, #3370, #894, .T. ) ;
#275 = LINE ( 'NONE', #2843, #302 ) ;
#276 = ADVANCED_FACE ( 'NONE', ( #840 ), #1188, .F. ) ;
#277 = VERTEX_POINT ( 'NONE', #39 ) ;
#278 = VERTEX_POINT ( 'NONE', #1166 ) ;
#279 = DIRECTION ( 'NONE',  ( 1.000000000000000000, 4.625929269271486900E-16, 0.000000000000000000 ) ) ;
#280 = EDGE_CURVE ( 'NONE', #3151, #15, #725, .T. ) ;
#281 = ORIENTED_EDGE ( 'NONE', *, *, #2581, .T. ) ;
#282 = LINE ( 'NONE', #3122, #3345 ) ;
#283 = CARTESIAN_POINT ( 'NONE',  ( -3.309999999999999609, 0.000000000000000000, 3.000000000000000000 ) ) ;
#284 = EDGE_LOOP ( 'NONE', ( #3278, #1754, #2558, #737, #388, #1765, #2977, #2253, #2275, #1824, #7, #2386, #2383, #3014, #825, #2832, #3311, #644, #2707, #3288, #3244, #2806, #887, #3402, #2861, #588, #2786, #3176, #992, #1602, #25, #1202, #2922, #1235, #458, #185, #3441, #3060, #537, #853, #1787, #465, #50, #146, #1259, #2206, #1159, #1019, #2024, #36, #1770, #551, #2801, #3539, #1574, #581, #2322, #2774, #2000, #1344, #2327, #1074 ) ) ;
#285 = CYLINDRICAL_SURFACE ( 'NONE', #3103, 0.5000000000000000000 ) ;
#286 = LINE ( 'NONE', #896, #946 ) ;
#287 = CARTESIAN_POINT ( 'NONE',  ( -6.099999999999999645, 0.000000000000000000, 0.000000000000000000 ) ) ;
#288 = DIRECTION ( 'NONE',  ( 1.000000000000000000, 0.000000000000000000, 0.000000000000000000 ) ) ;
#289 = ORIENTED_EDGE ( 'NONE', *, *, #932, .T. ) ;
#290 = CARTESIAN_POINT ( 'NONE',  ( -13.50000000000000178, 7.500000000000000000, 3.000000000000000000 ) ) ;
#291 = ORIENTED_EDGE ( 'NONE', *, *, #3594, .T. ) ;
#292 = DIRECTION ( 'NONE',  ( 0.000000000000000000, 0.000000000000000000, -1.000000000000000000 ) ) ;
#293 = EDGE_CURVE ( 'NONE', #3258, #3613, #2778, .T. ) ;
#294 = VECTOR ( 'NONE', #2615, 1000.000000000000000 ) ;
#295 = CIRCLE ( 'NONE', #706, 3.799999999999999822 ) ;
#296 = EDGE_CURVE ( 'NONE', #1310, #1020, #1395, .T. ) ;
#297 = DIRECTION ( 'NONE',  ( -0.000000000000000000, 1.000000000000000000, -0.000000000000000000 ) ) ;
#298 = ADVANCED_FACE ( 'NONE', ( #3621 ), #1964, .F. ) ;
#299 = AXIS2_PLACEMENT_3D ( 'NONE', #2725, #2169, #2986 ) ;
#300 = FACE_OUTER_BOUND ( 'NONE', #2013, .T. ) ;
#301 = EDGE_LOOP ( 'NONE', ( #1424, #1121, #1356, #512 ) ) ;
#302 = VECTOR ( 'NONE', #329, 1000.000000000000000 ) ;
#303 = FACE_OUTER_BOUND ( 'NONE', #1399, .T. ) ;
#304 = VECTOR ( 'NONE', #649, 1000.000000000000000 ) ;
#305 = CARTESIAN_POINT ( 'NONE',  ( 11.00000000000000355, 4.283239619235636120, 1.000000000000001332 ) ) ;
#306 = SURFACE_STYLE_FILL_AREA ( #651 ) ;
#307 = CARTESIAN_POINT ( 'NONE',  ( 8.500000000000000000, -7.500000000000000000, -9.500000000000000000 ) ) ;
#308 = CIRCLE ( 'NONE', #3240, 5.500000000000000888 ) ;
#309 = ORIENTED_EDGE ( 'NONE', *, *, #3568, .T. ) ;
#310 = AXIS2_PLACEMENT_3D ( 'NONE', #1185, #2600, #927 ) ;
#311 = VECTOR ( 'NONE', #1168, 1000.000000000000000 ) ;
#312 = DIRECTION ( 'NONE',  ( 1.000000000000000000, -0.000000000000000000, -0.000000000000000000 ) ) ;
#313 = EDGE_LOOP ( 'NONE', ( #1258, #900, #3092, #1924 ) ) ;
#314 = DIRECTION ( 'NONE',  ( -7.331258200180983982E-17, 0.9063077870366510469, -0.4226182617406972764 ) ) ;
#315 = EDGE_CURVE ( 'NONE', #1791, #37, #2793, .T. ) ;
#316 = ORIENTED_EDGE ( 'NONE', *, *, #549, .F. ) ;
#317 = VERTEX_POINT ( 'NONE', #2020 ) ;
#318 = CARTESIAN_POINT ( 'NONE',  ( 8.500000000000000000, 7.500000000000000000, 1.499999999999996225 ) ) ;
#319 = EDGE_CURVE ( 'NONE', #1791, #2993, #3363, .T. ) ;
#320 = DIRECTION ( 'NONE',  ( -0.000000000000000000, -0.000000000000000000, -1.000000000000000000 ) ) ;
#321 = ADVANCED_FACE ( 'NONE', ( #303 ), #285, .F. ) ;
#322 = ORIENTED_EDGE ( 'NONE', *, *, #2049, .F. ) ;
#323 = CARTESIAN_POINT ( 'NONE',  ( 12.70710678118654791, 4.283239619235635232, 1.000000000000001332 ) ) ;
#324 = DIRECTION ( 'NONE',  ( -0.000000000000000000, -0.000000000000000000, 1.000000000000000000 ) ) ;
#325 = CARTESIAN_POINT ( 'NONE',  ( -13.50000000000000178, 7.500000000000000000, 3.000000000000000000 ) ) ;
#326 = CARTESIAN_POINT ( 'NONE',  ( -7.500000000000001776, -5.500000000000000888, 0.000000000000000000 ) ) ;
#327 = EDGE_LOOP ( 'NONE', ( #2792, #1156, #3153, #3359 ) ) ;
#328 = LINE ( 'NONE', #1465, #827 ) ;
#329 = DIRECTION ( 'NONE',  ( -0.000000000000000000, -0.000000000000000000, 1.000000000000000000 ) ) ;
#330 = ORIENTED_EDGE ( 'NONE', *, *, #209, .T. ) ;
#331 = DIRECTION ( 'NONE',  ( -1.000000000000000000, 0.000000000000000000, 0.000000000000000000 ) ) ;
#332 = ORIENTED_EDGE ( 'NONE', *, *, #1908, .T. ) ;
#333 = FACE_OUTER_BOUND ( 'NONE', #3269, .T. ) ;
#334 = FILL_AREA_STYLE ('',( #2073 ) ) ;
#335 = ORIENTED_EDGE ( 'NONE', *, *, #842, .F. ) ;
#336 = CARTESIAN_POINT ( 'NONE',  ( -0.5000000000000000000, 7.500000000000000000, 0.000000000000000000 ) ) ;
#337 = CARTESIAN_POINT ( 'NONE',  ( 16.49999999999999645, -7.500000000000000000, -9.500000000000000000 ) ) ;
#338 = ADVANCED_FACE ( 'NONE', ( #1945 ), #1702, .F. ) ;
#339 = DIRECTION ( 'NONE',  ( -0.000000000000000000, -0.000000000000000000, 1.000000000000000000 ) ) ;
#340 = DIRECTION ( 'NONE',  ( 1.000000000000000000, 0.000000000000000000, 0.000000000000000000 ) ) ;
#341 = ORIENTED_EDGE ( 'NONE', *, *, #2670, .T. ) ;
#342 = PLANE ( 'NONE',  #1123 ) ;
#343 = EDGE_CURVE ( 'NONE', #1232, #3386, #3395, .T. ) ;
#344 =( BOUNDED_CURVE ( )  B_SPLINE_CURVE ( 3, ( #381, #1540, #2082, #1501 ),
 .UNSPECIFIED., .F., .T. ) 
 B_SPLINE_CURVE_WITH_KNOTS ( ( 4, 4 ),
 ( 1.570796326794896558, 3.141592653589793116 ),
 .UNSPECIFIED. ) 
 CURVE ( )  GEOMETRIC_REPRESENTATION_ITEM ( )  RATIONAL_B_SPLINE_CURVE ( ( 1.000000000000000000, 0.8047378541243649375, 0.8047378541243649375, 1.000000000000000000 ) ) 
 REPRESENTATION_ITEM ( '' )  );
#345 = CARTESIAN_POINT ( 'NONE',  ( 3.799999999999999822, 4.653657836759942730E-16, 1.200000000000000178 ) ) ;
#346 = ORIENTED_EDGE ( 'NONE', *, *, #2732, .F. ) ;
#347 = LINE ( 'NONE', #1214, #531 ) ;
#348 = ORIENTED_EDGE ( 'NONE', *, *, #2970, .T. ) ;
#349 = VERTEX_POINT ( 'NONE', #26 ) ;
#350 = VECTOR ( 'NONE', #2318, 1000.000000000000000 ) ;
#351 = VERTEX_POINT ( 'NONE', #545 ) ;
#352 = DIRECTION ( 'NONE',  ( 0.000000000000000000, 0.000000000000000000, 1.000000000000000000 ) ) ;
#353 = APPLICATION_PROTOCOL_DEFINITION ( 'draft international standard', 'automotive_design', 1998, #2065 ) ;
#354 = VECTOR ( 'NONE', #3225, 1000.000000000000000 ) ;
#355 = ORIENTED_EDGE ( 'NONE', *, *, #108, .T. ) ;
#356 = CARTESIAN_POINT ( 'NONE',  ( 10.50000000000000178, 5.355493079490424080, 0.4999999999999998890 ) ) ;
#357 = DIRECTION ( 'NONE',  ( 0.7071067811865477948, 0.000000000000000000, -0.7071067811865473507 ) ) ;
#358 = AXIS2_PLACEMENT_3D ( 'NONE', #1680, #1345, #2468 ) ;
#359 = CARTESIAN_POINT ( 'NONE',  ( -6.099999999999999645, 0.4999999999999995559, 0.000000000000000000 ) ) ;
#360 = ADVANCED_FACE ( 'NONE', ( #3105 ), #597, .F. ) ;
#361 = VECTOR ( 'NONE', #312, 1000.000000000000000 ) ;
#362 = CIRCLE ( 'NONE', #1184, 0.5000000000000004441 ) ;
#363 = LINE ( 'NONE', #689, #2176 ) ;
#364 = DIRECTION ( 'NONE',  ( 0.000000000000000000, 0.000000000000000000, 1.000000000000000000 ) ) ;
#365 = VECTOR ( 'NONE', #2023, 1000.000000000000000 ) ;
#366 = AXIS2_PLACEMENT_3D ( 'NONE', #1922, #1883, #444 ) ;
#367 = DIRECTION ( 'NONE',  ( 0.000000000000000000, 0.000000000000000000, 1.000000000000000000 ) ) ;
#368 = EDGE_CURVE ( 'NONE', #3193, #2898, #3460, .T. ) ;
#369 = EDGE_LOOP ( 'NONE', ( #289, #3503, #75, #330 ) ) ;
#370 =( GEOMETRIC_REPRESENTATION_CONTEXT ( 3 ) GLOBAL_UNCERTAINTY_ASSIGNED_CONTEXT ( ( #3556 ) ) GLOBAL_UNIT_ASSIGNED_CONTEXT ( ( #891, #726, #1316 ) ) REPRESENTATION_CONTEXT ( 'NONE', 'WORKASPACE' ) );
#371 = ORIENTED_EDGE ( 'NONE', *, *, #387, .F. ) ;
#372 = AXIS2_PLACEMENT_3D ( 'NONE', #1660, #568, #3627 ) ;
#373 = EDGE_CURVE ( 'NONE', #2690, #101, #2907, .T. ) ;
#374 = PLANE ( 'NONE',  #1828 ) ;
#375 = ORIENTED_EDGE ( 'NONE', *, *, #990, .T. ) ;
#376 = ORIENTED_EDGE ( 'NONE', *, *, #2782, .T. ) ;
#377 = CARTESIAN_POINT ( 'NONE',  ( -3.424894045943700949, -2.066422215826032360, 3.000000000000000000 ) ) ;
#378 = ORIENTED_EDGE ( 'NONE', *, *, #2328, .F. ) ;
#379 = CARTESIAN_POINT ( 'NONE',  ( 4.563391365275700551, 3.070091081275471367, 3.000000000000000000 ) ) ;
#380 = CARTESIAN_POINT ( 'NONE',  ( 0.4999999999999989453, -5.477225575051662076, 3.000000000000000000 ) ) ;
#381 = CARTESIAN_POINT ( 'NONE',  ( 10.50000000000000178, 5.355493079490424080, 0.4999999999999998890 ) ) ;
#382 = DIRECTION ( 'NONE',  ( -1.734723475976807094E-16, -0.000000000000000000, -1.000000000000000000 ) ) ;
#383 = PLANE ( 'NONE',  #3109 ) ;
#384 = ORIENTED_EDGE ( 'NONE', *, *, #315, .T. ) ;
#385 = CARTESIAN_POINT ( 'NONE',  ( -13.50000000000000000, -1.500000000000000444, 0.000000000000000000 ) ) ;
#386 = EDGE_CURVE ( 'NONE', #1079, #1394, #1263, .T. ) ;
#387 = EDGE_CURVE ( 'NONE', #1740, #3135, #3449, .T. ) ;
#388 = ORIENTED_EDGE ( 'NONE', *, *, #1786, .T. ) ;
#389 = ORIENTED_EDGE ( 'NONE', *, *, #793, .F. ) ;
#390 = DIRECTION ( 'NONE',  ( -0.000000000000000000, -0.000000000000000000, 1.000000000000000000 ) ) ;
#391 =( NAMED_UNIT ( * ) PLANE_ANGLE_UNIT ( ) SI_UNIT ( $, .RADIAN. ) );
#392 = ORIENTED_EDGE ( 'NONE', *, *, #2645, .T. ) ;
#393 = CARTESIAN_POINT ( 'NONE',  ( 15.50000000000000711, 4.727381544774650557, 0.7928932188134536485 ) ) ;
#394 = LINE ( 'NONE', #1516, #3002 ) ;
#395 = CARTESIAN_POINT ( 'NONE',  ( 0.000000000000000000, 0.000000000000000000, 1.200000000000000178 ) ) ;
#396 = CARTESIAN_POINT ( 'NONE',  ( -6.099999999999999645, 1.500000000000000000, 3.000000000000000000 ) ) ;
#397 = CARTESIAN_POINT ( 'NONE',  ( 8.500000000000000000, -7.500000000000000000, -9.500000000000000000 ) ) ;
#398 = CARTESIAN_POINT ( 'NONE',  ( 13.50000000000000355, 5.355493079490424080, 0.4999999999999998890 ) ) ;
#399 = ORIENTED_EDGE ( 'NONE', *, *, #2527, .T. ) ;
#400 = DIRECTION ( 'NONE',  ( 0.000000000000000000, 0.000000000000000000, 1.000000000000000000 ) ) ;
#401 = EDGE_CURVE ( 'NONE', #2844, #1669, #1755, .T. ) ;
#402 = ORIENTED_EDGE ( 'NONE', *, *, #3425, .F. ) ;
#403 = VERTEX_POINT ( 'NONE', #2036 ) ;
#404 = PLANE ( 'NONE',  #2132 ) ;
#405 = EDGE_CURVE ( 'NONE', #1216, #2514, #2091, .T. ) ;
#406 = VECTOR ( 'NONE', #784, 1000.000000000000000 ) ;
#407 = VERTEX_POINT ( 'NONE', #3142 ) ;
#408 = LINE ( 'NONE', #1499, #1176 ) ;
#409 = EDGE_CURVE ( 'NONE', #1984, #922, #2924, .T. ) ;
#410 = FACE_OUTER_BOUND ( 'NONE', #2729, .T. ) ;
#411 = AXIS2_PLACEMENT_3D ( 'NONE', #3182, #2051, #1481 ) ;
#412 = DIRECTION ( 'NONE',  ( -0.000000000000000000, -0.000000000000000000, -1.000000000000000000 ) ) ;
#413 = LINE ( 'NONE', #115, #3043 ) ;
#414 = AXIS2_PLACEMENT_3D ( 'NONE', #1090, #2216, #3320 ) ;
#415 = LINE ( 'NONE', #2657, #1892 ) ;
#416 = FACE_OUTER_BOUND ( 'NONE', #1311, .T. ) ;
#417 = AXIS2_PLACEMENT_3D ( 'NONE', #1452, #2026, #3204 ) ;
#418 = CARTESIAN_POINT ( 'NONE',  ( -6.099999999999999645, -0.5000000000000004441, 0.000000000000000000 ) ) ;
#419 = CIRCLE ( 'NONE', #1768, 5.500000000000000888 ) ;
#420 = VERTEX_POINT ( 'NONE', #1777 ) ;
#421 = DIRECTION ( 'NONE',  ( 1.000000000000000000, 0.000000000000000000, 0.000000000000000000 ) ) ;
#422 = AXIS2_PLACEMENT_3D ( 'NONE', #3145, #2039, #340 ) ;
#423 = VECTOR ( 'NONE', #1483, 1000.000000000000000 ) ;
#424 = CIRCLE ( 'NONE', #719, 0.5000000000000004441 ) ;
#425 = VERTEX_POINT ( 'NONE', #3473 ) ;
#426 = VERTEX_POINT ( 'NONE', #379 ) ;
#427 = ORIENTED_EDGE ( 'NONE', *, *, #1905, .F. ) ;
#428 = AXIS2_PLACEMENT_3D ( 'NONE', #1324, #3261, #3275 ) ;
#429 = DIRECTION ( 'NONE',  ( 0.000000000000000000, 0.000000000000000000, 1.000000000000000000 ) ) ;
#430 = LINE ( 'NONE', #150, #1242 ) ;
#431 = EDGE_LOOP ( 'NONE', ( #3484, #1683, #904, #1735 ) ) ;
#432 = DIRECTION ( 'NONE',  ( 1.000000000000000000, 0.000000000000000000, 0.000000000000000000 ) ) ;
#433 = DIRECTION ( 'NONE',  ( 1.000000000000000000, 0.000000000000000000, 0.000000000000000000 ) ) ;
#434 = CARTESIAN_POINT ( 'NONE',  ( 9.500000000000003553, 7.499999999999996447, -0.5000000000000004441 ) ) ;
#435 = ADVANCED_FACE ( 'NONE', ( #2946 ), #2866, .T. ) ;
#436 = ORIENTED_EDGE ( 'NONE', *, *, #2612, .T. ) ;
#437 = CARTESIAN_POINT ( 'NONE',  ( 16.50000000000000000, 3.499999999999999556, 3.000000000000000000 ) ) ;
#438 = DIRECTION ( 'NONE',  ( 1.156482317317871478E-16, -1.000000000000000000, 0.000000000000000000 ) ) ;
#439 = LINE ( 'NONE', #787, #889 ) ;
#440 = ORIENTED_EDGE ( 'NONE', *, *, #478, .F. ) ;
#441 = CARTESIAN_POINT ( 'NONE',  ( -13.50000000000000178, -0.5000000000000004441, 0.000000000000000000 ) ) ;
#442 = ORIENTED_EDGE ( 'NONE', *, *, #3425, .T. ) ;
#443 = VERTEX_POINT ( 'NONE', #356 ) ;
#444 = DIRECTION ( 'NONE',  ( 1.000000000000000000, 0.000000000000000000, 0.000000000000000000 ) ) ;
#445 = ORIENTED_EDGE ( 'NONE', *, *, #772, .F. ) ;
#446 = CYLINDRICAL_SURFACE ( 'NONE', #883, 0.4999999999999995559 ) ;
#447 = FACE_OUTER_BOUND ( 'NONE', #1522, .T. ) ;
#448 = CARTESIAN_POINT ( 'NONE',  ( -13.50000000000000178, 4.500000000000000000, 0.000000000000000000 ) ) ;
#449 = ORIENTED_EDGE ( 'NONE', *, *, #3097, .F. ) ;
#450 = EDGE_CURVE ( 'NONE', #3415, #3542, #704, .T. ) ;
#451 = DIRECTION ( 'NONE',  ( 1.000000000000000000, 0.000000000000000000, 0.000000000000000000 ) ) ;
#452 = FACE_OUTER_BOUND ( 'NONE', #3044, .T. ) ;
#453 = PLANE ( 'NONE',  #2430 ) ;
#454 = FACE_OUTER_BOUND ( 'NONE', #696, .T. ) ;
#455 = EDGE_CURVE ( 'NONE', #805, #1254, #2532, .T. ) ;
#456 = ORIENTED_EDGE ( 'NONE', *, *, #3615, .T. ) ;
#457 = LINE ( 'NONE', #1821, #2873 ) ;
#458 = ORIENTED_EDGE ( 'NONE', *, *, #2567, .T. ) ;
#459 = ORIENTED_EDGE ( 'NONE', *, *, #2213, .T. ) ;
#460 = ORIENTED_EDGE ( 'NONE', *, *, #3387, .F. ) ;
#461 = LINE ( 'NONE', #1348, #2490 ) ;
#462 = VERTEX_POINT ( 'NONE', #929 ) ;
#463 = CARTESIAN_POINT ( 'NONE',  ( -6.099999999999999645, 0.000000000000000000, 0.000000000000000000 ) ) ;
#464 = CARTESIAN_POINT ( 'NONE',  ( 4.000000000000001776, 0.000000000000000000, -8.313708498984761164 ) ) ;
#465 = ORIENTED_EDGE ( 'NONE', *, *, #2782, .F. ) ;
#466 = CARTESIAN_POINT ( 'NONE',  ( 3.348449755875716694, 2.188123449985367230, -8.313708498984761164 ) ) ;
#467 = CARTESIAN_POINT ( 'NONE',  ( 14.50000000000000000, -7.500000000000000000, -9.500000000000000000 ) ) ;
#468 = VECTOR ( 'NONE', #809, 1000.000000000000000 ) ;
#469 = CARTESIAN_POINT ( 'NONE',  ( 10.50000000000000000, 7.499999999999997335, -0.5000000000000004441 ) ) ;
#470 = EDGE_CURVE ( 'NONE', #1464, #1329, #1942, .T. ) ;
#471 = CARTESIAN_POINT ( 'NONE',  ( -13.50000000000000178, -5.500000000000000000, 3.000000000000000000 ) ) ;
#472 = PRODUCT ( 'ld-hs-v2', 'ld-hs-v2', '', ( #1868 ) ) ;
#473 = CIRCLE ( 'NONE', #589, 4.650000000000000355 ) ;
#474 = VERTEX_POINT ( 'NONE', #134 ) ;
#475 = LINE ( 'NONE', #1327, #3401 ) ;
#476 = AXIS2_PLACEMENT_3D ( 'NONE', #1057, #1675, #1914 ) ;
#477 = ADVANCED_FACE ( 'NONE', ( #670 ), #1796, .F. ) ;
#478 = EDGE_CURVE ( 'NONE', #860, #2662, #2342, .T. ) ;
#479 = AXIS2_PLACEMENT_3D ( 'NONE', #2556, #271, #2210 ) ;
#480 = VERTEX_POINT ( 'NONE', #2629 ) ;
#481 = VECTOR ( 'NONE', #3529, 1000.000000000000000 ) ;
#482 = ORIENTED_EDGE ( 'NONE', *, *, #1489, .T. ) ;
#483 = ORIENTED_EDGE ( 'NONE', *, *, #1873, .T. ) ;
#484 = DIRECTION ( 'NONE',  ( -1.000000000000000000, -0.000000000000000000, -0.000000000000000000 ) ) ;
#485 = EDGE_CURVE ( 'NONE', #2695, #2884, #408, .T. ) ;
#486 = VECTOR ( 'NONE', #2389, 1000.000000000000000 ) ;
#487 = AXIS2_PLACEMENT_3D ( 'NONE', #925, #2330, #2644 ) ;
#488 = ORIENTED_EDGE ( 'NONE', *, *, #343, .T. ) ;
#489 = CIRCLE ( 'NONE', #17, 0.5000000000000000000 ) ;
#490 = CARTESIAN_POINT ( 'NONE',  ( 15.00000000000000355, -7.500000000000000000, 0.5000000000000000000 ) ) ;
#491 = CARTESIAN_POINT ( 'NONE',  ( -6.099999999999999645, 2.000000000000000000, 0.000000000000000000 ) ) ;
#492 = VERTEX_POINT ( 'NONE', #110 ) ;
#493 = LINE ( 'NONE', #1056, #821 ) ;
#494 = FACE_BOUND ( 'NONE', #3351, .T. ) ;
#495 = CARTESIAN_POINT ( 'NONE',  ( 1.762194958653875365E-15, -5.310000000000000497, 3.000000000000000000 ) ) ;
#496 = PLANE ( 'NONE',  #123 ) ;
#497 = ORIENTED_EDGE ( 'NONE', *, *, #2871, .F. ) ;
#498 = DIRECTION ( 'NONE',  ( 0.000000000000000000, 0.000000000000000000, 1.000000000000000000 ) ) ;
#499 = EDGE_LOOP ( 'NONE', ( #3358, #1507, #3040, #2211 ) ) ;
#500 = EDGE_CURVE ( 'NONE', #1051, #3429, #3334, .T. ) ;
#501 = FACE_OUTER_BOUND ( 'NONE', #3411, .T. ) ;
#502 = ADVANCED_FACE ( 'NONE', ( #792 ), #239, .F. ) ;
#503 = ORIENTED_EDGE ( 'NONE', *, *, #1088, .T. ) ;
#504 = EDGE_CURVE ( 'NONE', #2588, #2884, #1852, .T. ) ;
#505 = FACE_OUTER_BOUND ( 'NONE', #2399, .T. ) ;
#506 = CARTESIAN_POINT ( 'NONE',  ( -13.50000000000000178, -4.500000000000000888, 3.000000000000000000 ) ) ;
#507 = ORIENTED_EDGE ( 'NONE', *, *, #2191, .T. ) ;
#508 = CARTESIAN_POINT ( 'NONE',  ( -7.000000000000000888, -6.000000000000000000, 3.000000000000000000 ) ) ;
#509 = CARTESIAN_POINT ( 'NONE',  ( 6.999999999999995559, 3.499999999999995115, 3.000000000000000000 ) ) ;
#510 = DIRECTION ( 'NONE',  ( 1.000000000000000000, 4.625929269271486900E-16, -0.000000000000000000 ) ) ;
#511 = DIRECTION ( 'NONE',  ( 1.000000000000000000, 0.000000000000000000, 0.000000000000000000 ) ) ;
#512 = ORIENTED_EDGE ( 'NONE', *, *, #3483, .F. ) ;
#513 = LINE ( 'NONE', #2767, #1003 ) ;
#514 = EDGE_LOOP ( 'NONE', ( #2263, #2938, #1213, #3130, #2467, #322 ) ) ;
#515 = DIRECTION ( 'NONE',  ( -1.000000000000000000, 0.000000000000000000, 0.000000000000000000 ) ) ;
#516 = CARTESIAN_POINT ( 'NONE',  ( -13.50000000000000000, -1.500000000000000444, 0.000000000000000000 ) ) ;
#517 = EDGE_CURVE ( 'NONE', #21, #2345, #3614, .T. ) ;
#518 = ORIENTED_EDGE ( 'NONE', *, *, #3189, .F. ) ;
#519 = CARTESIAN_POINT ( 'NONE',  ( 11.50000000000000178, -7.500000000000000000, -9.500000000000000000 ) ) ;
#520 = EDGE_CURVE ( 'NONE', #103, #574, #3307, .T. ) ;
#521 = DIRECTION ( 'NONE',  ( 0.000000000000000000, 0.000000000000000000, 1.000000000000000000 ) ) ;
#522 = EDGE_CURVE ( 'NONE', #101, #1394, #1371, .T. ) ;
#523 = LINE ( 'NONE', #1632, #174 ) ;
#524 = CARTESIAN_POINT ( 'NONE',  ( -0.4999999999999996669, 4.623040125285525548, 1.000000000000000000 ) ) ;
#525 = CARTESIAN_POINT ( 'NONE',  ( -0.4999999999999996669, 4.623040125285525548, 1.000000000000000000 ) ) ;
#526 = DIRECTION ( 'NONE',  ( -0.000000000000000000, -0.000000000000000000, 1.000000000000000000 ) ) ;
#527 = ORIENTED_EDGE ( 'NONE', *, *, #1723, .T. ) ;
#528 = VECTOR ( 'NONE', #3089, 1000.000000000000000 ) ;
#529 = CARTESIAN_POINT ( 'NONE',  ( 9.000000000000003553, -7.500000000000000000, 1.000000000000001332 ) ) ;
#530 = CARTESIAN_POINT ( 'NONE',  ( 8.500000000000000000, 3.499999999999996003, 3.000000000000000000 ) ) ;
#531 = VECTOR ( 'NONE', #1419, 1000.000000000000000 ) ;
#532 = ORIENTED_EDGE ( 'NONE', *, *, #2233, .F. ) ;
#533 = DIRECTION ( 'NONE',  ( -7.331258200180983982E-17, 0.9063077870366510469, -0.4226182617406972764 ) ) ;
#534 = AXIS2_PLACEMENT_3D ( 'NONE', #3533, #3056, #2224 ) ;
#535 = CIRCLE ( 'NONE', #2647, 0.5000000000000013323 ) ;
#536 = ORIENTED_EDGE ( 'NONE', *, *, #2326, .T. ) ;
#537 = ORIENTED_EDGE ( 'NONE', *, *, #1624, .F. ) ;
#538 = CARTESIAN_POINT ( 'NONE',  ( -6.099999999999999645, 1.499999999999999556, 0.000000000000000000 ) ) ;
#539 = CIRCLE ( 'NONE', #1538, 0.4999999999999995559 ) ;
#540 = VECTOR ( 'NONE', #352, 1000.000000000000000 ) ;
#541 = CARTESIAN_POINT ( 'NONE',  ( 14.50000000000000000, -7.500000000000000000, -9.500000000000000000 ) ) ;
#542 =( GEOMETRIC_REPRESENTATION_CONTEXT ( 3 ) GLOBAL_UNCERTAINTY_ASSIGNED_CONTEXT ( ( #1808 ) ) GLOBAL_UNIT_ASSIGNED_CONTEXT ( ( #2033, #391, #1497 ) ) REPRESENTATION_CONTEXT ( 'NONE', 'WORKASPACE' ) );
#543 = MECHANICAL_DESIGN_GEOMETRIC_PRESENTATION_REPRESENTATION (  '', ( #1430 ), #1890 ) ;
#544 = ORIENTED_EDGE ( 'NONE', *, *, #1645, .T. ) ;
#545 = CARTESIAN_POINT ( 'NONE',  ( -7.000000000000000888, -4.000000000000000000, 0.000000000000000000 ) ) ;
#546 = FACE_OUTER_BOUND ( 'NONE', #3194, .T. ) ;
#547 = ADVANCED_FACE ( 'NONE', ( #3239 ), #3028, .F. ) ;
#548 = CARTESIAN_POINT ( 'NONE',  ( 16.49999999999999645, -7.500000000000000000, -9.500000000000000000 ) ) ;
#549 = EDGE_CURVE ( 'NONE', #3011, #3229, #763, .T. ) ;
#550 = PLANE ( 'NONE',  #1834 ) ;
#551 = ORIENTED_EDGE ( 'NONE', *, *, #522, .F. ) ;
#552 = DIRECTION ( 'NONE',  ( -0.000000000000000000, 1.000000000000000000, -0.000000000000000000 ) ) ;
#553 = ADVANCED_FACE ( 'NONE', ( #1920 ), #3333, .F. ) ;
#554 = LINE ( 'NONE', #1102, #2822 ) ;
#555 = ORIENTED_EDGE ( 'NONE', *, *, #2440, .T. ) ;
#556 = CARTESIAN_POINT ( 'NONE',  ( -0.5000000000000000000, 7.500000000000000000, 3.000000000000000000 ) ) ;
#557 = ORIENTED_EDGE ( 'NONE', *, *, #2510, .F. ) ;
#558 = DIRECTION ( 'NONE',  ( 1.000000000000000000, 0.000000000000000000, 0.000000000000000000 ) ) ;
#559 = CARTESIAN_POINT ( 'NONE',  ( -4.655689363101329192, -2.928234374893023517, 9.400000000000000355 ) ) ;
#560 = ORIENTED_EDGE ( 'NONE', *, *, #2217, .T. ) ;
#561 = CARTESIAN_POINT ( 'NONE',  ( 12.50000000000000000, 5.355493079490424080, 0.4999999999999998890 ) ) ;
#562 = FACE_OUTER_BOUND ( 'NONE', #2989, .T. ) ;
#563 = CARTESIAN_POINT ( 'NONE',  ( -13.50000000000000178, 5.500000000000000000, 0.000000000000000000 ) ) ;
#564 = DIRECTION ( 'NONE',  ( 0.000000000000000000, -1.000000000000000000, 0.000000000000000000 ) ) ;
#565 = ADVANCED_FACE ( 'NONE', ( #1122 ), #446, .F. ) ;
#566 = ORIENTED_EDGE ( 'NONE', *, *, #3476, .T. ) ;
#567 = CARTESIAN_POINT ( 'NONE',  ( -2.700000000000000178, -5.181818181818181657, 3.000000000000000000 ) ) ;
#568 = DIRECTION ( 'NONE',  ( 0.000000000000000000, 0.000000000000000000, 1.000000000000000000 ) ) ;
#569 = EDGE_CURVE ( 'NONE', #2453, #1049, #2126, .T. ) ;
#570 = ORIENTED_EDGE ( 'NONE', *, *, #2197, .T. ) ;
#571 = EDGE_CURVE ( 'NONE', #2006, #3190, #2932, .T. ) ;
#572 = CARTESIAN_POINT ( 'NONE',  ( 13.50000000000000178, -7.500000000000000000, -9.500000000000000000 ) ) ;
#573 = EDGE_LOOP ( 'NONE', ( #3332, #1701, #3487, #2885 ) ) ;
#574 = VERTEX_POINT ( 'NONE', #2772 ) ;
#575 = DIRECTION ( 'NONE',  ( -1.734723475976807094E-16, 0.000000000000000000, -1.000000000000000000 ) ) ;
#576 = CARTESIAN_POINT ( 'NONE',  ( 11.00000000000000355, -7.500000000000000000, 1.000000000000001332 ) ) ;
#577 = ORIENTED_EDGE ( 'NONE', *, *, #1175, .T. ) ;
#578 = DIRECTION ( 'NONE',  ( 0.000000000000000000, 0.000000000000000000, -1.000000000000000000 ) ) ;
#579 = DIRECTION ( 'NONE',  ( 0.000000000000000000, 0.000000000000000000, 1.000000000000000000 ) ) ;
#580 = DIRECTION ( 'NONE',  ( 0.000000000000000000, -0.000000000000000000, -1.000000000000000000 ) ) ;
#581 = ORIENTED_EDGE ( 'NONE', *, *, #3260, .F. ) ;
#582 = EDGE_CURVE ( 'NONE', #2856, #1790, #2495, .T. ) ;
#583 = ORIENTED_EDGE ( 'NONE', *, *, #3501, .T. ) ;
#584 = CARTESIAN_POINT ( 'NONE',  ( -7.500000000000001776, -5.500000000000000888, 0.000000000000000000 ) ) ;
#585 = EDGE_CURVE ( 'NONE', #37, #805, #3575, .T. ) ;
#586 = AXIS2_PLACEMENT_3D ( 'NONE', #1727, #1674, #3416 ) ;
#587 = EDGE_CURVE ( 'NONE', #420, #3249, #2180, .T. ) ;
#588 = ORIENTED_EDGE ( 'NONE', *, *, #1170, .F. ) ;
#589 = AXIS2_PLACEMENT_3D ( 'NONE', #2434, #3537, #1287 ) ;
#590 = ORIENTED_EDGE ( 'NONE', *, *, #3322, .T. ) ;
#591 = DIRECTION ( 'NONE',  ( 0.01705417637246715509, -0.9998545669587436402, 0.000000000000000000 ) ) ;
#592 = EDGE_CURVE ( 'NONE', #169, #2588, #2416, .T. ) ;
#593 = AXIS2_PLACEMENT_3D ( 'NONE', #1174, #2606, #3404 ) ;
#594 = AXIS2_PLACEMENT_3D ( 'NONE', #2208, #2740, #230 ) ;
#595 = CARTESIAN_POINT ( 'NONE',  ( 11.00000000000000355, -7.500000000000000000, 0.5000000000000000000 ) ) ;
#596 = ORIENTED_EDGE ( 'NONE', *, *, #3277, .F. ) ;
#597 = PLANE ( 'NONE',  #586 ) ;
#598 = PLANE ( 'NONE',  #62 ) ;
#599 = VECTOR ( 'NONE', #194, 1000.000000000000000 ) ;
#600 = CYLINDRICAL_SURFACE ( 'NONE', #1955, 4.000000000000000000 ) ;
#601 = AXIS2_PLACEMENT_3D ( 'NONE', #756, #1021, #1050 ) ;
#602 = ORIENTED_EDGE ( 'NONE', *, *, #3166, .F. ) ;
#603 = CARTESIAN_POINT ( 'NONE',  ( -3.309999999999999609, 0.000000000000000000, 3.000000000000000000 ) ) ;
#604 = VECTOR ( 'NONE', #2997, 1000.000000000000000 ) ;
#605 =( BOUNDED_CURVE ( )  B_SPLINE_CURVE ( 3, ( #2167, #3549, #1379, #1875 ),
 .UNSPECIFIED., .F., .T. ) 
 B_SPLINE_CURVE_WITH_KNOTS ( ( 4, 4 ),
 ( 3.141592653589793116, 4.712388980384689674 ),
 .UNSPECIFIED. ) 
 CURVE ( )  GEOMETRIC_REPRESENTATION_ITEM ( )  RATIONAL_B_SPLINE_CURVE ( ( 1.000000000000000000, 0.8047378541243649375, 0.8047378541243649375, 1.000000000000000000 ) ) 
 REPRESENTATION_ITEM ( '' )  );
#606 = CARTESIAN_POINT ( 'NONE',  ( -0.4999999999999994449, -8.531472846220966133, 0.000000000000000000 ) ) ;
#607 = ORIENTED_EDGE ( 'NONE', *, *, #1266, .F. ) ;
#608 = LINE ( 'NONE', #1160, #177 ) ;
#609 = CARTESIAN_POINT ( 'NONE',  ( -0.4999999999999995559, 3.272017726113352953, 1.450000000000003286 ) ) ;
#610 = EDGE_CURVE ( 'NONE', #2777, #1648, #1937, .T. ) ;
#611 = ORIENTED_EDGE ( 'NONE', *, *, #1055, .F. ) ;
#612 = VERTEX_POINT ( 'NONE', #1696 ) ;
#613 = CARTESIAN_POINT ( 'NONE',  ( 16.50000000000000000, 7.500000000000000000, -9.500000000000000000 ) ) ;
#614 = CARTESIAN_POINT ( 'NONE',  ( -6.099999999999999645, -2.500000000000000000, 0.000000000000000000 ) ) ;
#615 = ADVANCED_FACE ( 'NONE', ( #1664 ), #2512, .F. ) ;
#616 = ORIENTED_EDGE ( 'NONE', *, *, #1289, .F. ) ;
#617 = CARTESIAN_POINT ( 'NONE',  ( -13.50000000000000178, 7.500000000000000000, 3.000000000000000000 ) ) ;
#618 = LINE ( 'NONE', #3075, #2591 ) ;
#619 = FILL_AREA_STYLE_COLOUR ( '', #2654 ) ;
#620 = CARTESIAN_POINT ( 'NONE',  ( 3.559999999999997389, 4.359742604964574173E-16, 1.200000000000000178 ) ) ;
#621 = ORIENTED_EDGE ( 'NONE', *, *, #1318, .T. ) ;
#622 = CARTESIAN_POINT ( 'NONE',  ( -13.50000000000000000, -7.500000000000000000, 0.000000000000000000 ) ) ;
#623 = ORIENTED_EDGE ( 'NONE', *, *, #2901, .F. ) ;
#624 = DIRECTION ( 'NONE',  ( 0.000000000000000000, 0.000000000000000000, 1.000000000000000000 ) ) ;
#625 = ORIENTED_EDGE ( 'NONE', *, *, #3081, .F. ) ;
#626 = ORIENTED_EDGE ( 'NONE', *, *, #1693, .F. ) ;
#627 = EDGE_LOOP ( 'NONE', ( #1745, #3210, #1406, #2594 ) ) ;
#628 = CARTESIAN_POINT ( 'NONE',  ( 9.500000000000001776, -7.500000000000000000, -9.500000000000000000 ) ) ;
#629 = EDGE_CURVE ( 'NONE', #1531, #2062, #2403, .T. ) ;
#630 = VERTEX_POINT ( 'NONE', #1179 ) ;
#631 = CARTESIAN_POINT ( 'NONE',  ( -0.3804764266782945104, -0.5188314909249456264, 19.03339290700687414 ) ) ;
#632 = FACE_OUTER_BOUND ( 'NONE', #431, .T. ) ;
#633 = EDGE_CURVE ( 'NONE', #3588, #1091, #3371, .T. ) ;
#634 = DIRECTION ( 'NONE',  ( 1.000000000000000000, -0.000000000000000000, -0.000000000000000000 ) ) ;
#635 = LINE ( 'NONE', #3129, #246 ) ;
#636 = EDGE_CURVE ( 'NONE', #1494, #2993, #3515, .T. ) ;
#637 = ORIENTED_EDGE ( 'NONE', *, *, #698, .T. ) ;
#638 = DIRECTION ( 'NONE',  ( -0.000000000000000000, 1.000000000000000000, -0.000000000000000000 ) ) ;
#639 = ORIENTED_EDGE ( 'NONE', *, *, #2236, .F. ) ;
#640 = CARTESIAN_POINT ( 'NONE',  ( 15.00000000000000355, -7.500000000000000000, 0.5000000000000000000 ) ) ;
#641 = ORIENTED_EDGE ( 'NONE', *, *, #257, .F. ) ;
#642 = VERTEX_POINT ( 'NONE', #2828 ) ;
#643 = AXIS2_PLACEMENT_3D ( 'NONE', #152, #3491, #2108 ) ;
#644 = ORIENTED_EDGE ( 'NONE', *, *, #3237, .F. ) ;
#645 = CARTESIAN_POINT ( 'NONE',  ( -13.50000000000000178, 1.499999999999999556, 0.000000000000000000 ) ) ;
#646 = CARTESIAN_POINT ( 'NONE',  ( -2.700000000000000178, -5.181818181818181657, 0.000000000000000000 ) ) ;
#647 = AXIS2_PLACEMENT_3D ( 'NONE', #2044, #865, #1989 ) ;
#648 = CARTESIAN_POINT ( 'NONE',  ( 15.00000000000000355, 4.283239619235637896, 1.000000000000001332 ) ) ;
#649 = DIRECTION ( 'NONE',  ( -0.000000000000000000, -0.000000000000000000, -1.000000000000000000 ) ) ;
#650 = AXIS2_PLACEMENT_3D ( 'NONE', #3478, #3202, #690 ) ;
#651 = FILL_AREA_STYLE ('',( #619 ) ) ;
#652 = DIRECTION ( 'NONE',  ( 1.000000000000000000, 0.000000000000000000, 0.000000000000000000 ) ) ;
#653 = AXIS2_PLACEMENT_3D ( 'NONE', #880, #2229, #2004 ) ;
#654 = VECTOR ( 'NONE', #1279, 1000.000000000000000 ) ;
#655 = EDGE_CURVE ( 'NONE', #3448, #3362, #86, .T. ) ;
#656 = EDGE_LOOP ( 'NONE', ( #2437, #2679, #1978, #3169 ) ) ;
#657 = LINE ( 'NONE', #3494, #1715 ) ;
#658 = EDGE_CURVE ( 'NONE', #3263, #2247, #347, .T. ) ;
#659 = VECTOR ( 'NONE', #1927, 1000.000000000000000 ) ;
#660 = VECTOR ( 'NONE', #2599, 1000.000000000000000 ) ;
#661 = CARTESIAN_POINT ( 'NONE',  ( -7.000000000000000888, -4.000000000000000000, 3.000000000000000000 ) ) ;
#662 = EDGE_CURVE ( 'NONE', #1750, #1973, #608, .T. ) ;
#663 = ORIENTED_EDGE ( 'NONE', *, *, #2371, .F. ) ;
#664 = PRESENTATION_LAYER_ASSIGNMENT (  '', '', ( #1430 ) ) ;
#665 = DIRECTION ( 'NONE',  ( 0.000000000000000000, 0.000000000000000000, -1.000000000000000000 ) ) ;
#666 = ORIENTED_EDGE ( 'NONE', *, *, #2901, .T. ) ;
#667 = ORIENTED_EDGE ( 'NONE', *, *, #3365, .T. ) ;
#668 = CARTESIAN_POINT ( 'NONE',  ( 16.50000000000000000, 7.500000000000000000, 3.000000000000000000 ) ) ;
#669 = SURFACE_SIDE_STYLE ('',( #3180 ) ) ;
#670 = FACE_OUTER_BOUND ( 'NONE', #1377, .T. ) ;
#671 = CARTESIAN_POINT ( 'NONE',  ( -13.50000000000000178, 7.500000000000000000, 3.000000000000000000 ) ) ;
#672 = CARTESIAN_POINT ( 'NONE',  ( 9.000000000000003553, -7.500000000000000000, 1.000000000000001332 ) ) ;
#673 = DIRECTION ( 'NONE',  ( -0.000000000000000000, -0.000000000000000000, -1.000000000000000000 ) ) ;
#674 = DIRECTION ( 'NONE',  ( -0.000000000000000000, 1.000000000000000000, -0.000000000000000000 ) ) ;
#675 = EDGE_CURVE ( 'NONE', #2662, #2544, #921, .T. ) ;
#676 = CARTESIAN_POINT ( 'NONE',  ( -13.50000000000000178, 5.500000000000000000, 0.000000000000000000 ) ) ;
#677 = EDGE_LOOP ( 'NONE', ( #1807, #389, #2623, #3373 ) ) ;
#678 = CARTESIAN_POINT ( 'NONE',  ( 0.4999999999999988343, -6.832496885981400148, 3.000000000000000000 ) ) ;
#679 = ADVANCED_FACE ( 'NONE', ( #2341 ), #2899, .F. ) ;
#680 = EDGE_CURVE ( 'NONE', #2983, #2570, #34, .T. ) ;
#681 = ORIENTED_EDGE ( 'NONE', *, *, #2003, .F. ) ;
#682 = ORIENTED_EDGE ( 'NONE', *, *, #2833, .T. ) ;
#683 = EDGE_LOOP ( 'NONE', ( #1994, #2274, #755, #1402 ) ) ;
#684 = DIRECTION ( 'NONE',  ( -0.000000000000000000, 1.000000000000000000, -0.000000000000000000 ) ) ;
#685 = ORIENTED_EDGE ( 'NONE', *, *, #3341, .F. ) ;
#686 = CARTESIAN_POINT ( 'NONE',  ( -13.50000000000000178, -3.499999999999999556, 0.000000000000000000 ) ) ;
#687 = DIRECTION ( 'NONE',  ( 0.000000000000000000, 0.000000000000000000, 1.000000000000000000 ) ) ;
#688 = CARTESIAN_POINT ( 'NONE',  ( -13.50000000000000178, 2.499999999999999556, 0.000000000000000000 ) ) ;
#689 = CARTESIAN_POINT ( 'NONE',  ( -5.600000000000000533, 6.000000000000000000, 0.000000000000000000 ) ) ;
#690 = DIRECTION ( 'NONE',  ( -1.000000000000000000, 0.000000000000000000, 0.000000000000000000 ) ) ;
#691 = CARTESIAN_POINT ( 'NONE',  ( -13.50000000000000178, 7.500000000000000000, 3.000000000000000000 ) ) ;
#692 = LINE ( 'NONE', #1819, #3578 ) ;
#693 = EDGE_LOOP ( 'NONE', ( #2660, #1851, #3547, #2295, #1585 ) ) ;
#694 = LINE ( 'NONE', #2934, #3284 ) ;
#695 = EDGE_CURVE ( 'NONE', #2719, #3151, #48, .T. ) ;
#696 = EDGE_LOOP ( 'NONE', ( #1, #73, #2172, #2846 ) ) ;
#697 = ORIENTED_EDGE ( 'NONE', *, *, #968, .T. ) ;
#698 = EDGE_CURVE ( 'NONE', #1975, #1919, #2005, .T. ) ;
#699 = EDGE_LOOP ( 'NONE', ( #2088, #291, #3559, #371, #355, #3581, #1729, #384, #3554, #182, #1033 ) ) ;
#700 = CARTESIAN_POINT ( 'NONE',  ( -13.50000000000000178, 7.500000000000000000, 3.000000000000000000 ) ) ;
#701 = EDGE_CURVE ( 'NONE', #2807, #1391, #295, .T. ) ;
#702 = VECTOR ( 'NONE', #943, 1000.000000000000000 ) ;
#703 = EDGE_LOOP ( 'NONE', ( #1719, #2913, #1594, #2902 ) ) ;
#704 = LINE ( 'NONE', #686, #294 ) ;
#705 = LINE ( 'NONE', #2908, #304 ) ;
#706 = AXIS2_PLACEMENT_3D ( 'NONE', #3388, #938, #2063 ) ;
#707 = DIRECTION ( 'NONE',  ( -0.000000000000000000, 1.000000000000000000, -0.000000000000000000 ) ) ;
#708 = CARTESIAN_POINT ( 'NONE',  ( 13.50000000000000178, -7.500000000000000000, -9.500000000000000000 ) ) ;
#709 = CIRCLE ( 'NONE', #1299, 0.5000000000000004441 ) ;
#710 = DIRECTION ( 'NONE',  ( -1.000000000000000000, 0.000000000000000000, 0.000000000000000000 ) ) ;
#711 = LINE ( 'NONE', #691, #781 ) ;
#712 = VECTOR ( 'NONE', #256, 1000.000000000000000 ) ;
#713 = CARTESIAN_POINT ( 'NONE',  ( -0.4827754690797282366, 5.478770651017876858, 9.400000000000000355 ) ) ;
#714 = VECTOR ( 'NONE', #3474, 1000.000000000000000 ) ;
#715 = ORIENTED_EDGE ( 'NONE', *, *, #680, .F. ) ;
#716 = CARTESIAN_POINT ( 'NONE',  ( 1.734723475976807094E-15, 0.000000000000000000, 3.000000000000000888 ) ) ;
#717 = AXIS2_PLACEMENT_3D ( 'NONE', #743, #1294, #1870 ) ;
#718 = VECTOR ( 'NONE', #852, 1000.000000000000000 ) ;
#719 = AXIS2_PLACEMENT_3D ( 'NONE', #2979, #1588, #2698 ) ;
#720 = VERTEX_POINT ( 'NONE', #2546 ) ;
#721 = ORIENTED_EDGE ( 'NONE', *, *, #744, .T. ) ;
#722 = DIRECTION ( 'NONE',  ( -1.000000000000000000, 0.000000000000000000, 0.000000000000000000 ) ) ;
#723 = CARTESIAN_POINT ( 'NONE',  ( 3.184927093632675010, 3.499999999999993783, 1.365230632619982121 ) ) ;
#724 = ADVANCED_FACE ( 'NONE', ( #3408 ), #882, .F. ) ;
#725 =( BOUNDED_CURVE ( )  B_SPLINE_CURVE ( 3, ( #561, #2838, #323, #2534 ),
 .UNSPECIFIED., .F., .T. ) 
 B_SPLINE_CURVE_WITH_KNOTS ( ( 4, 4 ),
 ( 1.570796326794896558, 3.141592653589793116 ),
 .UNSPECIFIED. ) 
 CURVE ( )  GEOMETRIC_REPRESENTATION_ITEM ( )  RATIONAL_B_SPLINE_CURVE ( ( 1.000000000000000000, 0.8047378541243649375, 0.8047378541243649375, 1.000000000000000000 ) ) 
 REPRESENTATION_ITEM ( '' )  );
#726 =( NAMED_UNIT ( * ) PLANE_ANGLE_UNIT ( ) SI_UNIT ( $, .RADIAN. ) );
#727 = VERTEX_POINT ( 'NONE', #905 ) ;
#728 = DIRECTION ( 'NONE',  ( -3.787379036400652809E-16, -1.000000000000000000, -0.000000000000000000 ) ) ;
#729 = CARTESIAN_POINT ( 'NONE',  ( 11.50000000000000355, 7.499999999999997335, -0.5000000000000004441 ) ) ;
#730 = EDGE_CURVE ( 'NONE', #208, #3025, #116, .T. ) ;
#731 = DIRECTION ( 'NONE',  ( 0.000000000000000000, 0.000000000000000000, 1.000000000000000000 ) ) ;
#732 = EDGE_LOOP ( 'NONE', ( #566, #1565, #392, #205, #2284, #2069, #2573 ) ) ;
#733 = CARTESIAN_POINT ( 'NONE',  ( 13.00000000000000355, 4.283239619235636120, 1.000000000000001332 ) ) ;
#734 = DIRECTION ( 'NONE',  ( -1.000000000000000000, 0.000000000000000000, 0.000000000000000000 ) ) ;
#735 = DIRECTION ( 'NONE',  ( 1.000000000000000000, 0.000000000000000000, 0.000000000000000000 ) ) ;
#736 = DIRECTION ( 'NONE',  ( 0.000000000000000000, 0.000000000000000000, 1.000000000000000000 ) ) ;
#737 = ORIENTED_EDGE ( 'NONE', *, *, #2513, .F. ) ;
#738 = DIRECTION ( 'NONE',  ( 1.000000000000000000, 4.625929269271486900E-16, -0.000000000000000000 ) ) ;
#739 = EDGE_LOOP ( 'NONE', ( #378, #774, #1580, #1511 ) ) ;
#740 = VERTEX_POINT ( 'NONE', #584 ) ;
#741 = LINE ( 'NONE', #2718, #2017 ) ;
#742 = ORIENTED_EDGE ( 'NONE', *, *, #260, .F. ) ;
#743 = CARTESIAN_POINT ( 'NONE',  ( 0.4999999999999991673, 0.6818181818181827669, 18.97387595183884201 ) ) ;
#744 = EDGE_CURVE ( 'NONE', #3190, #1750, #2697, .T. ) ;
#745 = DIRECTION ( 'NONE',  ( 0.000000000000000000, 0.000000000000000000, -1.000000000000000000 ) ) ;
#746 = DIRECTION ( 'NONE',  ( 0.000000000000000000, 0.000000000000000000, 1.000000000000000000 ) ) ;
#747 = CARTESIAN_POINT ( 'NONE',  ( -0.5000000000000000000, 7.500000000000000000, 0.000000000000000000 ) ) ;
#748 = EDGE_CURVE ( 'NONE', #33, #2068, #3150, .T. ) ;
#749 = DIRECTION ( 'NONE',  ( 0.000000000000000000, 0.000000000000000000, 1.000000000000000000 ) ) ;
#750 = EDGE_CURVE ( 'NONE', #2074, #2601, #2860, .T. ) ;
#751 = CARTESIAN_POINT ( 'NONE',  ( 2.700000000000000178, 5.181818181818186098, 0.000000000000000000 ) ) ;
#752 = ORIENTED_EDGE ( 'NONE', *, *, #2278, .F. ) ;
#753 = ORIENTED_EDGE ( 'NONE', *, *, #1810, .T. ) ;
#754 = ORIENTED_EDGE ( 'NONE', *, *, #1038, .F. ) ;
#755 = ORIENTED_EDGE ( 'NONE', *, *, #2943, .T. ) ;
#756 = CARTESIAN_POINT ( 'NONE',  ( -3.800000000000000266, -5.181818181818181657, 3.000000000000000000 ) ) ;
#757 = ORIENTED_EDGE ( 'NONE', *, *, #3500, .F. ) ;
#758 = PLANE ( 'NONE',  #717 ) ;
#759 = DIRECTION ( 'NONE',  ( 1.000000000000000000, 0.000000000000000000, 0.000000000000000000 ) ) ;
#760 = EDGE_LOOP ( 'NONE', ( #641, #616, #2474, #2311, #1313 ) ) ;
#761 = CARTESIAN_POINT ( 'NONE',  ( 1.734723475976807094E-15, 0.000000000000000000, 3.000000000000000888 ) ) ;
#762 = FACE_BOUND ( 'NONE', #2831, .T. ) ;
#763 = CIRCLE ( 'NONE', #1234, 4.650000000000000355 ) ;
#764 = CYLINDRICAL_SURFACE ( 'NONE', #1781, 1.100000000000000311 ) ;
#765 = CARTESIAN_POINT ( 'NONE',  ( -5.599999999999998757, -2.000000000000000000, 3.000000000000000000 ) ) ;
#766 = ADVANCED_FACE ( 'NONE', ( #71 ), #374, .F. ) ;
#767 = VECTOR ( 'NONE', #2590, 1000.000000000000000 ) ;
#768 = ORIENTED_EDGE ( 'NONE', *, *, #3544, .F. ) ;
#769 = CARTESIAN_POINT ( 'NONE',  ( -13.50000000000000178, 0.4999999999999995559, 0.000000000000000000 ) ) ;
#770 = VECTOR ( 'NONE', #41, 1000.000000000000000 ) ;
#771 = AXIS2_PLACEMENT_3D ( 'NONE', #747, #1323, #2503 ) ;
#772 = EDGE_CURVE ( 'NONE', #3249, #630, #2100, .T. ) ;
#773 = AXIS2_PLACEMENT_3D ( 'NONE', #68, #2324, #3148 ) ;
#774 = ORIENTED_EDGE ( 'NONE', *, *, #2716, .T. ) ;
#775 = AXIS2_PLACEMENT_3D ( 'NONE', #2242, #324, #3622 ) ;
#776 = VERTEX_POINT ( 'NONE', #3463 ) ;
#777 = DIRECTION ( 'NONE',  ( 0.000000000000000000, -1.000000000000000000, 0.000000000000000000 ) ) ;
#778 = AXIS2_PLACEMENT_3D ( 'NONE', #2870, #1486, #3437 ) ;
#779 = VECTOR ( 'NONE', #2237, 1000.000000000000000 ) ;
#780 = ORIENTED_EDGE ( 'NONE', *, *, #854, .T. ) ;
#781 = VECTOR ( 'NONE', #438, 1000.000000000000000 ) ;
#782 = CARTESIAN_POINT ( 'NONE',  ( 8.500000000000000000, 3.499999999999993783, 1.499999999999996225 ) ) ;
#783 = PLANE ( 'NONE',  #3586 ) ;
#784 = DIRECTION ( 'NONE',  ( -1.214255053933703751E-16, 1.000000000000000000, 0.000000000000000000 ) ) ;
#785 = LINE ( 'NONE', #2724, #2877 ) ;
#786 = CARTESIAN_POINT ( 'NONE',  ( 8.500000000000000000, -7.500000000000000000, 0.4999999999999998890 ) ) ;
#787 = CARTESIAN_POINT ( 'NONE',  ( 0.4999999999999996669, 4.623040125285525548, 1.000000000000000000 ) ) ;
#788 = VERTEX_POINT ( 'NONE', #1548 ) ;
#789 = DIRECTION ( 'NONE',  ( -1.000000000000000000, 1.445602896647339163E-16, -0.000000000000000000 ) ) ;
#790 = EDGE_CURVE ( 'NONE', #1146, #1062, #145, .T. ) ;
#791 = ORIENTED_EDGE ( 'NONE', *, *, #1359, .F. ) ;
#792 = FACE_OUTER_BOUND ( 'NONE', #3156, .T. ) ;
#793 = EDGE_CURVE ( 'NONE', #776, #2329, #1803, .T. ) ;
#794 = CARTESIAN_POINT ( 'NONE',  ( 0.4999999999999994449, -8.531472846220966133, 3.000000000000000000 ) ) ;
#795 = EDGE_CURVE ( 'NONE', #407, #3135, #2359, .T. ) ;
#796 = ORIENTED_EDGE ( 'NONE', *, *, #1628, .T. ) ;
#797 = ORIENTED_EDGE ( 'NONE', *, *, #2921, .F. ) ;
#798 = DIRECTION ( 'NONE',  ( 0.000000000000000000, 0.000000000000000000, 1.000000000000000000 ) ) ;
#799 = CARTESIAN_POINT ( 'NONE',  ( -6.099999999999999645, -1.500000000000000444, 0.000000000000000000 ) ) ;
#800 = ORIENTED_EDGE ( 'NONE', *, *, #1556, .T. ) ;
#801 = CARTESIAN_POINT ( 'NONE',  ( 8.500000000000000000, -7.500000000000000000, 0.4999999999999998890 ) ) ;
#802 = LINE ( 'NONE', #1358, #1066 ) ;
#803 = CARTESIAN_POINT ( 'NONE',  ( -3.424894045943701393, -2.066422215826032360, 9.400000000000000355 ) ) ;
#804 = CARTESIAN_POINT ( 'NONE',  ( -3.559999999999997389, 0.000000000000000000, 1.200000000000000178 ) ) ;
#805 = VERTEX_POINT ( 'NONE', #3499 ) ;
#806 = DIRECTION ( 'NONE',  ( 0.000000000000000000, -0.000000000000000000, -1.000000000000000000 ) ) ;
#807 = CARTESIAN_POINT ( 'NONE',  ( -0.4999999999999990563, -7.500000000000000000, 0.000000000000000000 ) ) ;
#808 = ORIENTED_EDGE ( 'NONE', *, *, #3409, .T. ) ;
#809 = DIRECTION ( 'NONE',  ( -1.734723475976807094E-16, -0.000000000000000000, -1.000000000000000000 ) ) ;
#810 = ADVANCED_FACE ( 'NONE', ( #3206 ), #1256, .F. ) ;
#811 = ORIENTED_EDGE ( 'NONE', *, *, #409, .F. ) ;
#812 = EDGE_CURVE ( 'NONE', #217, #3263, #2381, .T. ) ;
#813 = CARTESIAN_POINT ( 'NONE',  ( -6.099999999999999645, 2.000000000000000000, 0.000000000000000000 ) ) ;
#814 = DIRECTION ( 'NONE',  ( 1.000000000000000000, 4.625929269271486900E-16, -0.000000000000000000 ) ) ;
#815 = ORIENTED_EDGE ( 'NONE', *, *, #3078, .T. ) ;
#816 = DIRECTION ( 'NONE',  ( -0.000000000000000000, -0.000000000000000000, 1.000000000000000000 ) ) ;
#817 = LINE ( 'NONE', #3022, #58 ) ;
#818 = CARTESIAN_POINT ( 'NONE',  ( -13.50000000000000178, 7.500000000000000000, 0.000000000000000000 ) ) ;
#819 = LINE ( 'NONE', #2282, #2188 ) ;
#820 = VERTEX_POINT ( 'NONE', #102 ) ;
#821 = VECTOR ( 'NONE', #2184, 1000.000000000000000 ) ;
#822 = DIRECTION ( 'NONE',  ( 1.000000000000000000, 0.000000000000000000, 0.000000000000000000 ) ) ;
#823 = CARTESIAN_POINT ( 'NONE',  ( -13.50000000000000178, -5.500000000000000000, 0.000000000000000000 ) ) ;
#824 = AXIS2_PLACEMENT_3D ( 'NONE', #385, #959, #989 ) ;
#825 = ORIENTED_EDGE ( 'NONE', *, *, #3432, .T. ) ;
#826 = DIRECTION ( 'NONE',  ( 0.000000000000000000, 0.000000000000000000, 1.000000000000000000 ) ) ;
#827 = VECTOR ( 'NONE', #64, 1000.000000000000000 ) ;
#828 = B_SPLINE_CURVE_WITH_KNOTS ( 'NONE', 3,
 ( #1098, #1397, #1931, #2537 ),
 .UNSPECIFIED., .F., .F.,
 ( 4, 4 ),
 ( 0.000000000000000000, 0.0003554641715376446543 ),
 .UNSPECIFIED. ) ;
#829 = AXIS2_PLACEMENT_3D ( 'NONE', #2726, #1343, #2245 ) ;
#830 = CIRCLE ( 'NONE', #1248, 3.309999999999999609 ) ;
#831 = ORIENTED_EDGE ( 'NONE', *, *, #1810, .F. ) ;
#832 = ORIENTED_EDGE ( 'NONE', *, *, #3138, .F. ) ;
#833 = PLANE ( 'NONE',  #1953 ) ;
#834 = AXIS2_PLACEMENT_3D ( 'NONE', #3271, #3200, #2653 ) ;
#835 = VECTOR ( 'NONE', #2419, 1000.000000000000000 ) ;
#836 = EDGE_CURVE ( 'NONE', #3625, #47, #457, .T. ) ;
#837 = LINE ( 'NONE', #3604, #3004 ) ;
#838 = VECTOR ( 'NONE', #2096, 1000.000000000000000 ) ;
#839 = ORIENTED_EDGE ( 'NONE', *, *, #1055, .T. ) ;
#840 = FACE_OUTER_BOUND ( 'NONE', #3557, .T. ) ;
#841 = CARTESIAN_POINT ( 'NONE',  ( -0.3804764266782945104, -0.5188314909249456264, 3.000000000000000000 ) ) ;
#842 = EDGE_CURVE ( 'NONE', #208, #2601, #2141, .T. ) ;
#843 = DIRECTION ( 'NONE',  ( -0.000000000000000000, -0.000000000000000000, -1.000000000000000000 ) ) ;
#844 = DIRECTION ( 'NONE',  ( 1.000000000000000000, 0.000000000000000000, 0.000000000000000000 ) ) ;
#845 = ORIENTED_EDGE ( 'NONE', *, *, #142, .T. ) ;
#846 = CARTESIAN_POINT ( 'NONE',  ( -7.500000000000001776, -4.500000000000000888, 0.000000000000000000 ) ) ;
#847 = CARTESIAN_POINT ( 'NONE',  ( 11.50000000000000355, -7.500000000000000000, 0.4999999999999998890 ) ) ;
#848 = ORIENTED_EDGE ( 'NONE', *, *, #3541, .T. ) ;
#849 = CARTESIAN_POINT ( 'NONE',  ( 16.50000000000000000, -7.500000000000000000, 3.000000000000000000 ) ) ;
#850 = EDGE_LOOP ( 'NONE', ( #1963, #596, #2234, #1672 ) ) ;
#851 = LINE ( 'NONE', #613, #1373 ) ;
#852 = DIRECTION ( 'NONE',  ( -0.000000000000000000, 1.000000000000000000, -0.000000000000000000 ) ) ;
#853 = ORIENTED_EDGE ( 'NONE', *, *, #1693, .T. ) ;
#854 = EDGE_CURVE ( 'NONE', #867, #918, #694, .T. ) ;
#855 = DIRECTION ( 'NONE',  ( 0.000000000000000000, -0.000000000000000000, -1.000000000000000000 ) ) ;
#856 = DIRECTION ( 'NONE',  ( -0.000000000000000000, -0.000000000000000000, 1.000000000000000000 ) ) ;
#857 = LINE ( 'NONE', #3623, #2080 ) ;
#858 = CARTESIAN_POINT ( 'NONE',  ( 4.650000000000000355, 5.694607616035192869E-16, 1.000000000000000000 ) ) ;
#859 = EDGE_CURVE ( 'NONE', #3231, #1211, #1845, .T. ) ;
#860 = VERTEX_POINT ( 'NONE', #1306 ) ;
#861 = DIRECTION ( 'NONE',  ( -1.000000000000000000, 0.000000000000000000, 0.000000000000000000 ) ) ;
#862 = EDGE_CURVE ( 'NONE', #2933, #1293, #886, .T. ) ;
#863 = CARTESIAN_POINT ( 'NONE',  ( 8.500000000000000000, 3.499999999999993783, 1.365230632619983009 ) ) ;
#864 = EDGE_LOOP ( 'NONE', ( #797, #2362, #808, #3390 ) ) ;
#865 = DIRECTION ( 'NONE',  ( 1.000000000000000000, -1.214255053933703751E-16, 0.000000000000000000 ) ) ;
#866 = DIRECTION ( 'NONE',  ( 1.000000000000000000, 0.000000000000000000, 0.000000000000000000 ) ) ;
#867 = VERTEX_POINT ( 'NONE', #1566 ) ;
#868 = ORIENTED_EDGE ( 'NONE', *, *, #2460, .T. ) ;
#869 = PLANE ( 'NONE',  #1428 ) ;
#870 = CARTESIAN_POINT ( 'NONE',  ( -0.4999999999999995559, 3.356283515140383589, 1.366701161510160745 ) ) ;
#871 = ORIENTED_EDGE ( 'NONE', *, *, #159, .F. ) ;
#872 = DIRECTION ( 'NONE',  ( -1.000000000000000000, 0.000000000000000000, 0.000000000000000000 ) ) ;
#873 = LINE ( 'NONE', #337, #3584 ) ;
#874 =( LENGTH_UNIT ( ) NAMED_UNIT ( * ) SI_UNIT ( .MILLI., .METRE. ) );
#875 = LINE ( 'NONE', #2505, #3001 ) ;
#876 = ORIENTED_EDGE ( 'NONE', *, *, #2034, .T. ) ;
#877 = CARTESIAN_POINT ( 'NONE',  ( -13.50000000000000000, -7.500000000000000000, 3.000000000000000000 ) ) ;
#878 = CIRCLE ( 'NONE', #1466, 1.100000000000000311 ) ;
#879 = EDGE_CURVE ( 'NONE', #3025, #1464, #473, .T. ) ;
#880 = CARTESIAN_POINT ( 'NONE',  ( 0.000000000000000000, 0.000000000000000000, 9.400000000000000355 ) ) ;
#881 = EDGE_LOOP ( 'NONE', ( #577, #160, #128, #2337, #166 ) ) ;
#882 = PLANE ( 'NONE',  #647 ) ;
#883 = AXIS2_PLACEMENT_3D ( 'NONE', #2526, #3357, #220 ) ;
#884 = EDGE_CURVE ( 'NONE', #1095, #70, #3393, .T. ) ;
#885 = ORIENTED_EDGE ( 'NONE', *, *, #2896, .F. ) ;
#886 = CIRCLE ( 'NONE', #3164, 4.000000000000000000 ) ;
#887 = ORIENTED_EDGE ( 'NONE', *, *, #1215, .F. ) ;
#888 = LINE ( 'NONE', #2775, #1072 ) ;
#889 = VECTOR ( 'NONE', #1916, 1000.000000000000000 ) ;
#890 = VECTOR ( 'NONE', #2058, 1000.000000000000000 ) ;
#891 =( LENGTH_UNIT ( ) NAMED_UNIT ( * ) SI_UNIT ( .MILLI., .METRE. ) );
#892 = VERTEX_POINT ( 'NONE', #2638 ) ;
#893 = VECTOR ( 'NONE', #1429, 1000.000000000000000 ) ;
#894 = LINE ( 'NONE', #2264, #350 ) ;
#895 = VECTOR ( 'NONE', #3242, 1000.000000000000000 ) ;
#896 = CARTESIAN_POINT ( 'NONE',  ( 16.50000000000000000, 7.500000000000000000, -9.500000000000000000 ) ) ;
#897 = FACE_OUTER_BOUND ( 'NONE', #914, .T. ) ;
#898 = CARTESIAN_POINT ( 'NONE',  ( 8.500000000000000000, 5.355493079490422303, 0.5000000000000000000 ) ) ;
#899 = VECTOR ( 'NONE', #3252, 1000.000000000000000 ) ;
#900 = ORIENTED_EDGE ( 'NONE', *, *, #1556, .F. ) ;
#901 = CARTESIAN_POINT ( 'NONE',  ( -5.599999999999998757, 0.000000000000000000, 3.000000000000000000 ) ) ;
#902 = AXIS2_PLACEMENT_3D ( 'NONE', #1342, #3076, #2225 ) ;
#903 = FACE_OUTER_BOUND ( 'NONE', #1018, .T. ) ;
#904 = ORIENTED_EDGE ( 'NONE', *, *, #500, .T. ) ;
#905 = CARTESIAN_POINT ( 'NONE',  ( -13.50000000000000000, -2.500000000000000444, 0.000000000000000000 ) ) ;
#906 = EDGE_CURVE ( 'NONE', #3370, #2333, #1031, .T. ) ;
#907 = VERTEX_POINT ( 'NONE', #3517 ) ;
#908 = EDGE_LOOP ( 'NONE', ( #1290, #3490, #3175, #583, #2766 ) ) ;
#909 = ADVANCED_FACE ( 'NONE', ( #1864 ), #2086, .F. ) ;
#910 = CARTESIAN_POINT ( 'NONE',  ( -6.099999999999999645, 2.499999999999999556, 0.000000000000000000 ) ) ;
#911 = LINE ( 'NONE', #1811, #954 ) ;
#912 = EDGE_CURVE ( 'NONE', #2340, #3448, #2751, .T. ) ;
#913 = LINE ( 'NONE', #1443, #2945 ) ;
#914 = EDGE_LOOP ( 'NONE', ( #2402, #3498, #3610, #923 ) ) ;
#915 = CARTESIAN_POINT ( 'NONE',  ( 8.500000000000000000, 5.355493079490422303, 0.5000000000000000000 ) ) ;
#916 = DIRECTION ( 'NONE',  ( -1.734723475976807094E-16, -0.000000000000000000, -1.000000000000000000 ) ) ;
#917 = CARTESIAN_POINT ( 'NONE',  ( -13.50000000000000178, 7.500000000000000000, 3.000000000000000000 ) ) ;
#918 = VERTEX_POINT ( 'NONE', #846 ) ;
#919 = LINE ( 'NONE', #345, #3519 ) ;
#920 = ORIENTED_EDGE ( 'NONE', *, *, #1673, .F. ) ;
#921 = LINE ( 'NONE', #2845, #1887 ) ;
#922 = VERTEX_POINT ( 'NONE', #1046 ) ;
#923 = ORIENTED_EDGE ( 'NONE', *, *, #3050, .T. ) ;
#924 = ORIENTED_EDGE ( 'NONE', *, *, #879, .F. ) ;
#925 = CARTESIAN_POINT ( 'NONE',  ( 1.734723475976807094E-15, 0.000000000000000000, 9.400000000000000355 ) ) ;
#926 = EDGE_CURVE ( 'NONE', #317, #860, #1637, .T. ) ;
#927 = DIRECTION ( 'NONE',  ( 1.000000000000000000, 0.000000000000000000, -0.000000000000000000 ) ) ;
#928 = EDGE_CURVE ( 'NONE', #3249, #3104, #513, .T. ) ;
#929 = CARTESIAN_POINT ( 'NONE',  ( 13.50000000000000355, 7.499999999999999112, -0.5000000000000004441 ) ) ;
#930 = DIRECTION ( 'NONE',  ( -1.734723475976807094E-16, -0.000000000000000000, -1.000000000000000000 ) ) ;
#931 = SURFACE_STYLE_USAGE ( .BOTH. , #3379 ) ;
#932 = EDGE_CURVE ( 'NONE', #3132, #74, #2991, .T. ) ;
#933 = FACE_OUTER_BOUND ( 'NONE', #1272, .T. ) ;
#934 = DIRECTION ( 'NONE',  ( -1.156482317317871478E-16, 1.000000000000000000, 0.000000000000000000 ) ) ;
#935 = FACE_OUTER_BOUND ( 'NONE', #732, .T. ) ;
#936 = DIRECTION ( 'NONE',  ( 0.000000000000000000, 0.000000000000000000, -1.000000000000000000 ) ) ;
#937 = ORIENTED_EDGE ( 'NONE', *, *, #1132, .F. ) ;
#938 = DIRECTION ( 'NONE',  ( 0.000000000000000000, 0.000000000000000000, -1.000000000000000000 ) ) ;
#939 = EDGE_LOOP ( 'NONE', ( #1328, #1960, #2903, #2919 ) ) ;
#940 = DIRECTION ( 'NONE',  ( 1.000000000000000000, 0.000000000000000000, 0.000000000000000000 ) ) ;
#941 = CARTESIAN_POINT ( 'NONE',  ( -0.4999999999999995559, 3.440512783492415849, 1.283365368216502933 ) ) ;
#942 = ORIENTED_EDGE ( 'NONE', *, *, #1856, .T. ) ;
#943 = DIRECTION ( 'NONE',  ( -0.000000000000000000, -0.000000000000000000, -1.000000000000000000 ) ) ;
#944 = DIRECTION ( 'NONE',  ( 1.000000000000000000, 0.000000000000000000, 0.000000000000000000 ) ) ;
#945 = ADVANCED_FACE ( 'NONE', ( #2728 ), #3330, .T. ) ;
#946 = VECTOR ( 'NONE', #1411, 1000.000000000000000 ) ;
#947 = CARTESIAN_POINT ( 'NONE',  ( -5.600000000000000533, 4.000000000000000000, 0.000000000000000000 ) ) ;
#948 = VECTOR ( 'NONE', #1413, 1000.000000000000000 ) ;
#949 = VECTOR ( 'NONE', #916, 1000.000000000000000 ) ;
#950 = DIRECTION ( 'NONE',  ( -0.000000000000000000, -0.000000000000000000, 1.000000000000000000 ) ) ;
#951 = CARTESIAN_POINT ( 'NONE',  ( -13.50000000000000178, 7.500000000000000000, 3.000000000000000000 ) ) ;
#952 = EDGE_CURVE ( 'NONE', #3214, #2898, #3041, .T. ) ;
#953 = VECTOR ( 'NONE', #227, 1000.000000000000000 ) ;
#954 = VECTOR ( 'NONE', #2048, 1000.000000000000000 ) ;
#955 = ADVANCED_FACE ( 'NONE', ( #1400 ), #2523, .T. ) ;
#956 = DIRECTION ( 'NONE',  ( 1.156482317317871478E-16, -1.000000000000000000, 0.000000000000000000 ) ) ;
#957 = ORIENTED_EDGE ( 'NONE', *, *, #386, .F. ) ;
#958 = VECTOR ( 'NONE', #2320, 1000.000000000000000 ) ;
#959 = DIRECTION ( 'NONE',  ( -0.000000000000000000, 1.000000000000000000, 0.000000000000000000 ) ) ;
#960 = VERTEX_POINT ( 'NONE', #3061 ) ;
#961 = ORIENTED_EDGE ( 'NONE', *, *, #2101, .F. ) ;
#962 = VERTEX_POINT ( 'NONE', #2248 ) ;
#963 = CYLINDRICAL_SURFACE ( 'NONE', #2545, 3.309999999999999609 ) ;
#964 = EDGE_LOOP ( 'NONE', ( #1570, #2978, #2358, #94, #258, #1820, #2548, #1795, #1847 ) ) ;
#965 = CARTESIAN_POINT ( 'NONE',  ( 8.707106781186547906, 4.283239619235633455, 1.000000000000001332 ) ) ;
#966 = CARTESIAN_POINT ( 'NONE',  ( 2.700000000000000178, 5.181818181818186098, 0.000000000000000000 ) ) ;
#967 = LINE ( 'NONE', #1004, #1901 ) ;
#968 = EDGE_CURVE ( 'NONE', #1642, #1146, #1530, .T. ) ;
#969 = PLANE ( 'NONE',  #2469 ) ;
#970 = CARTESIAN_POINT ( 'NONE',  ( -13.50000000000000178, -6.500000000000000888, 0.000000000000000000 ) ) ;
#971 = CARTESIAN_POINT ( 'NONE',  ( 13.00000000000000355, -7.500000000000000000, 0.5000000000000000000 ) ) ;
#972 = DIRECTION ( 'NONE',  ( 0.000000000000000000, -0.000000000000000000, -1.000000000000000000 ) ) ;
#973 = ADVANCED_FACE ( 'NONE', ( #3303 ), #201, .F. ) ;
#974 = ORIENTED_EDGE ( 'NONE', *, *, #1563, .T. ) ;
#975 = EDGE_CURVE ( 'NONE', #3406, #2662, #2228, .T. ) ;
#976 = DIRECTION ( 'NONE',  ( 0.000000000000000000, -0.000000000000000000, -1.000000000000000000 ) ) ;
#977 = ORIENTED_EDGE ( 'NONE', *, *, #2442, .F. ) ;
#978 = EDGE_LOOP ( 'NONE', ( #570, #2445, #3420, #768, #1609 ) ) ;
#979 = DIRECTION ( 'NONE',  ( -1.000000000000000000, 0.000000000000000000, 0.000000000000000000 ) ) ;
#980 = ORIENTED_EDGE ( 'NONE', *, *, #315, .F. ) ;
#981 = CARTESIAN_POINT ( 'NONE',  ( 0.4999999999999995559, 3.272017726113352953, 3.000000000000000000 ) ) ;
#982 = CARTESIAN_POINT ( 'NONE',  ( -3.309999999999999609, 0.000000000000000000, 1.450000000000003286 ) ) ;
#983 = PLANE ( 'NONE',  #834 ) ;
#984 = CARTESIAN_POINT ( 'NONE',  ( -0.5000000000000000000, 7.500000000000000000, 3.000000000000000000 ) ) ;
#985 = LINE ( 'NONE', #2391, #2937 ) ;
#986 = DIRECTION ( 'NONE',  ( 0.000000000000000000, -1.000000000000000000, 0.000000000000000000 ) ) ;
#987 = DIRECTION ( 'NONE',  ( 1.000000000000000000, 0.000000000000000000, 0.000000000000000000 ) ) ;
#988 = EDGE_LOOP ( 'NONE', ( #3504, #3462, #2624, #2677, #1305, #2890, #3467, #2667 ) ) ;
#989 = DIRECTION ( 'NONE',  ( 0.000000000000000000, -0.000000000000000000, 1.000000000000000000 ) ) ;
#990 = EDGE_CURVE ( 'NONE', #2343, #15, #3026, .T. ) ;
#991 = PRODUCT_DEFINITION ( 'UNKNOWN', '', #2016, #1509 ) ;
#992 = ORIENTED_EDGE ( 'NONE', *, *, #836, .F. ) ;
#993 = EDGE_LOOP ( 'NONE', ( #2596, #796, #1435, #3265, #121, #937, #78, #456, #3488, #2300, #1409, #148, #1884, #1923, #2696, #1437, #238, #839, #527, #482, #1414, #2561, #1933, #2850, #2549, #977 ) ) ;
#994 = EDGE_LOOP ( 'NONE', ( #2046, #3306, #3521, #309 ) ) ;
#995 = EDGE_CURVE ( 'NONE', #2333, #443, #475, .T. ) ;
#996 = AXIS2_PLACEMENT_3D ( 'NONE', #3163, #673, #2872 ) ;
#997 = CYLINDRICAL_SURFACE ( 'NONE', #1308, 4.650000000000000355 ) ;
#998 = CARTESIAN_POINT ( 'NONE',  ( -7.000000000000000888, -6.000000000000000000, 0.000000000000000000 ) ) ;
#999 = VECTOR ( 'NONE', #1322, 1000.000000000000000 ) ;
#1000 = ORIENTED_EDGE ( 'NONE', *, *, #108, .F. ) ;
#1001 = CARTESIAN_POINT ( 'NONE',  ( 0.000000000000000000, 0.000000000000000000, 0.000000000000000000 ) ) ;
#1002 = CARTESIAN_POINT ( 'NONE',  ( -0.3804764266782945104, -0.5188314909249456264, 9.400000000000000355 ) ) ;
#1003 = VECTOR ( 'NONE', #806, 1000.000000000000000 ) ;
#1004 = CARTESIAN_POINT ( 'NONE',  ( -13.50000000000000178, 5.500000000000000000, 3.000000000000000000 ) ) ;
#1005 = DIRECTION ( 'NONE',  ( 1.000000000000000000, 1.156482317317871478E-16, -0.000000000000000000 ) ) ;
#1006 = CIRCLE ( 'NONE', #1243, 0.5000000000000013323 ) ;
#1007 = DIRECTION ( 'NONE',  ( -1.156482317317871478E-16, 1.000000000000000000, 0.000000000000000000 ) ) ;
#1008 = AXIS2_PLACEMENT_3D ( 'NONE', #2042, #638, #367 ) ;
#1009 = CARTESIAN_POINT ( 'NONE',  ( -13.50000000000000178, 7.500000000000000000, 0.000000000000000000 ) ) ;
#1010 = VECTOR ( 'NONE', #1352, 1000.000000000000000 ) ;
#1011 = VERTEX_POINT ( 'NONE', #218 ) ;
#1012 = CARTESIAN_POINT ( 'NONE',  ( 0.000000000000000000, 0.000000000000000000, 1.200000000000000178 ) ) ;
#1013 = AXIS2_PLACEMENT_3D ( 'NONE', #2669, #731, #3510 ) ;
#1014 = VECTOR ( 'NONE', #684, 1000.000000000000000 ) ;
#1015 = VECTOR ( 'NONE', #1164, 1000.000000000000000 ) ;
#1016 = VECTOR ( 'NONE', #2780, 1000.000000000000000 ) ;
#1017 = EDGE_CURVE ( 'NONE', #3527, #2733, #3051, .T. ) ;
#1018 = EDGE_LOOP ( 'NONE', ( #1147, #3098, #3570, #1321 ) ) ;
#1019 = ORIENTED_EDGE ( 'NONE', *, *, #3185, .F. ) ;
#1020 = VERTEX_POINT ( 'NONE', #769 ) ;
#1021 = DIRECTION ( 'NONE',  ( 0.000000000000000000, 0.000000000000000000, 1.000000000000000000 ) ) ;
#1022 = ADVANCED_FACE ( 'NONE', ( #2784 ), #259, .F. ) ;
#1023 = EDGE_CURVE ( 'NONE', #3516, #907, #1384, .T. ) ;
#1024 = CARTESIAN_POINT ( 'NONE',  ( -0.4999999999999995559, 3.766961640367472608, 1.000000000000000000 ) ) ;
#1025 = DIRECTION ( 'NONE',  ( 1.000000000000000000, 0.000000000000000000, 0.000000000000000000 ) ) ;
#1026 = CARTESIAN_POINT ( 'NONE',  ( 12.50000000000000000, -7.500000000000000000, 0.4999999999999998890 ) ) ;
#1027 = CARTESIAN_POINT ( 'NONE',  ( 0.000000000000000000, 0.000000000000000000, 1.450000000000003286 ) ) ;
#1028 = CARTESIAN_POINT ( 'NONE',  ( -13.50000000000000178, 4.500000000000000000, 3.000000000000000000 ) ) ;
#1029 = CARTESIAN_POINT ( 'NONE',  ( -4.900000000000000355, -5.181818181818181657, 0.000000000000000000 ) ) ;
#1030 = ORIENTED_EDGE ( 'NONE', *, *, #2571, .T. ) ;
#1031 = LINE ( 'NONE', #2157, #3223 ) ;
#1032 = ORIENTED_EDGE ( 'NONE', *, *, #1200, .F. ) ;
#1033 = ORIENTED_EDGE ( 'NONE', *, *, #405, .F. ) ;
#1034 = ORIENTED_EDGE ( 'NONE', *, *, #2923, .T. ) ;
#1035 = CARTESIAN_POINT ( 'NONE',  ( -13.50000000000000178, 3.499999999999999556, 3.000000000000000000 ) ) ;
#1036 = EDGE_LOOP ( 'NONE', ( #752, #3574, #3283, #3319 ) ) ;
#1037 = CARTESIAN_POINT ( 'NONE',  ( -6.100000000000000533, 4.500000000000000000, 0.000000000000000000 ) ) ;
#1038 = EDGE_CURVE ( 'NONE', #351, #3415, #2586, .T. ) ;
#1039 = LINE ( 'NONE', #3217, #486 ) ;
#1040 = VERTEX_POINT ( 'NONE', #3572 ) ;
#1041 = DIRECTION ( 'NONE',  ( -0.000000000000000000, -0.000000000000000000, 1.000000000000000000 ) ) ;
#1042 = DIRECTION ( 'NONE',  ( 4.328546897633577931E-17, 1.000000000000000000, -0.000000000000000000 ) ) ;
#1043 = DIRECTION ( 'NONE',  ( 0.000000000000000000, -0.000000000000000000, -1.000000000000000000 ) ) ;
#1044 = CARTESIAN_POINT ( 'NONE',  ( -13.50000000000000178, 7.500000000000000000, 0.000000000000000000 ) ) ;
#1045 = VERTEX_POINT ( 'NONE', #1063 ) ;
#1046 = CARTESIAN_POINT ( 'NONE',  ( -4.655689363101329192, -2.928234374893023961, 3.000000000000000000 ) ) ;
#1047 = ORIENTED_EDGE ( 'NONE', *, *, #3501, .F. ) ;
#1048 = ORIENTED_EDGE ( 'NONE', *, *, #2645, .F. ) ;
#1049 = VERTEX_POINT ( 'NONE', #1436 ) ;
#1050 = DIRECTION ( 'NONE',  ( 1.000000000000000000, 0.000000000000000000, 0.000000000000000000 ) ) ;
#1051 = VERTEX_POINT ( 'NONE', #901 ) ;
#1052 = ORIENTED_EDGE ( 'NONE', *, *, #1088, .F. ) ;
#1053 = CARTESIAN_POINT ( 'NONE',  ( -13.50000000000000000, -2.500000000000000444, 0.000000000000000000 ) ) ;
#1054 = CARTESIAN_POINT ( 'NONE',  ( 7.500000000000001776, 7.500000000000000000, 0.000000000000000000 ) ) ;
#1055 = EDGE_CURVE ( 'NONE', #2452, #317, #1006, .T. ) ;
#1056 = CARTESIAN_POINT ( 'NONE',  ( -13.50000000000000178, 6.500000000000000000, 0.000000000000000000 ) ) ;
#1057 = CARTESIAN_POINT ( 'NONE',  ( -6.100000000000000533, 4.000000000000000000, 0.000000000000000000 ) ) ;
#1058 = DIRECTION ( 'NONE',  ( 1.000000000000000000, 0.000000000000000000, 0.000000000000000000 ) ) ;
#1059 = DIRECTION ( 'NONE',  ( 1.000000000000000000, 0.000000000000000000, 0.000000000000000000 ) ) ;
#1060 = AXIS2_PLACEMENT_3D ( 'NONE', #1603, #2173, #3596 ) ;
#1061 = EDGE_CURVE ( 'NONE', #1453, #2019, #2323, .T. ) ;
#1062 = VERTEX_POINT ( 'NONE', #3080 ) ;
#1063 = CARTESIAN_POINT ( 'NONE',  ( -6.100000000000000533, 6.500000000000000000, 0.000000000000000000 ) ) ;
#1064 = ADVANCED_FACE ( 'NONE', ( #2798 ), #342, .F. ) ;
#1065 = CIRCLE ( 'NONE', #2757, 0.5000000000000004441 ) ;
#1066 = VECTOR ( 'NONE', #2483, 1000.000000000000000 ) ;
#1067 = ORIENTED_EDGE ( 'NONE', *, *, #485, .T. ) ;
#1068 = VECTOR ( 'NONE', #930, 1000.000000000000000 ) ;
#1069 = DIRECTION ( 'NONE',  ( 1.000000000000000000, -0.000000000000000000, -0.000000000000000000 ) ) ;
#1070 = DIRECTION ( 'NONE',  ( 1.000000000000000000, 0.000000000000000000, 0.000000000000000000 ) ) ;
#1071 = AXIS2_PLACEMENT_3D ( 'NONE', #3361, #2776, #3034 ) ;
#1072 = VECTOR ( 'NONE', #265, 1000.000000000000000 ) ;
#1073 = ORIENTED_EDGE ( 'NONE', *, *, #698, .F. ) ;
#1074 = ORIENTED_EDGE ( 'NONE', *, *, #2630, .T. ) ;
#1075 = AXIS2_PLACEMENT_3D ( 'NONE', #1774, #320, #77 ) ;
#1076 = CIRCLE ( 'NONE', #299, 0.4999999999999995559 ) ;
#1077 = DIRECTION ( 'NONE',  ( -0.000000000000000000, -0.000000000000000000, -1.000000000000000000 ) ) ;
#1078 = CARTESIAN_POINT ( 'NONE',  ( -0.4571056322550008377, 3.973795973746105048, 9.400000000000000355 ) ) ;
#1079 = VERTEX_POINT ( 'NONE', #877 ) ;
#1080 = CARTESIAN_POINT ( 'NONE',  ( 11.50000000000000355, 5.355493079490424080, 0.4999999999999998890 ) ) ;
#1081 = PLANE ( 'NONE',  #1596 ) ;
#1082 = DIRECTION ( 'NONE',  ( 1.214255053933703751E-16, 1.000000000000000000, -0.000000000000000000 ) ) ;
#1083 = CARTESIAN_POINT ( 'NONE',  ( -13.50000000000000178, 7.500000000000000000, 3.000000000000000000 ) ) ;
#1084 = ORIENTED_EDGE ( 'NONE', *, *, #478, .T. ) ;
#1085 = CARTESIAN_POINT ( 'NONE',  ( 13.00000000000000355, -7.500000000000000000, 1.000000000000001332 ) ) ;
#1086 = EDGE_CURVE ( 'NONE', #2960, #3516, #2002, .T. ) ;
#1087 = CARTESIAN_POINT ( 'NONE',  ( -13.50000000000000178, 7.500000000000000000, 3.000000000000000000 ) ) ;
#1088 = EDGE_CURVE ( 'NONE', #1232, #1751, #3421, .T. ) ;
#1089 = VERTEX_POINT ( 'NONE', #603 ) ;
#1090 = CARTESIAN_POINT ( 'NONE',  ( -7.500000000000001776, -6.000000000000000000, 3.000000000000000000 ) ) ;
#1091 = VERTEX_POINT ( 'NONE', #567 ) ;
#1092 = ORIENTED_EDGE ( 'NONE', *, *, #2761, .T. ) ;
#1093 = LINE ( 'NONE', #782, #2129 ) ;
#1094 = DIRECTION ( 'NONE',  ( 1.445602896647339163E-16, 1.000000000000000000, 0.000000000000000000 ) ) ;
#1095 = VERTEX_POINT ( 'NONE', #16 ) ;
#1096 = CARTESIAN_POINT ( 'NONE',  ( 2.700000000000000178, 5.181818181818186098, 3.000000000000000000 ) ) ;
#1097 = DIRECTION ( 'NONE',  ( -1.000000000000000000, 0.000000000000000000, 0.000000000000000000 ) ) ;
#1098 = CARTESIAN_POINT ( 'NONE',  ( 0.4999999999999995559, 3.524712754253881197, 1.200000000000000178 ) ) ;
#1099 = DIRECTION ( 'NONE',  ( -0.000000000000000000, -0.000000000000000000, 1.000000000000000000 ) ) ;
#1100 = EDGE_LOOP ( 'NONE', ( #2865, #1470 ) ) ;
#1101 = DIRECTION ( 'NONE',  ( 0.000000000000000000, 0.000000000000000000, -1.000000000000000000 ) ) ;
#1102 = CARTESIAN_POINT ( 'NONE',  ( -13.50000000000000000, -2.500000000000000444, 0.000000000000000000 ) ) ;
#1103 = ORIENTED_EDGE ( 'NONE', *, *, #3260, .T. ) ;
#1104 = CARTESIAN_POINT ( 'NONE',  ( 16.50000000000000000, 7.500000000000000000, -9.500000000000000000 ) ) ;
#1105 = EDGE_CURVE ( 'NONE', #1669, #19, #4, .T. ) ;
#1106 = EDGE_LOOP ( 'NONE', ( #532, #3482, #1685, #164 ) ) ;
#1107 = ORIENTED_EDGE ( 'NONE', *, *, #1561, .T. ) ;
#1108 = EDGE_CURVE ( 'NONE', #3197, #776, #2874, .T. ) ;
#1109 = CARTESIAN_POINT ( 'NONE',  ( -13.50000000000000178, -4.500000000000000888, 3.000000000000000000 ) ) ;
#1110 = LINE ( 'NONE', #1911, #249 ) ;
#1111 = ORIENTED_EDGE ( 'NONE', *, *, #2213, .F. ) ;
#1112 = CARTESIAN_POINT ( 'NONE',  ( 16.50000000000000000, 7.500000000000000000, -9.500000000000000000 ) ) ;
#1113 = DIRECTION ( 'NONE',  ( -1.000000000000000000, 0.000000000000000000, 0.000000000000000000 ) ) ;
#1114 = CARTESIAN_POINT ( 'NONE',  ( 0.000000000000000000, 0.000000000000000000, 1.200000000000000178 ) ) ;
#1115 = DIRECTION ( 'NONE',  ( 1.000000000000000000, 0.000000000000000000, 0.000000000000000000 ) ) ;
#1116 = ORIENTED_EDGE ( 'NONE', *, *, #3123, .T. ) ;
#1117 = AXIS2_PLACEMENT_3D ( 'NONE', #2968, #1298, #3532 ) ;
#1118 = CARTESIAN_POINT ( 'NONE',  ( 15.00000000000000355, -7.500000000000000000, 1.000000000000001332 ) ) ;
#1119 = DIRECTION ( 'NONE',  ( 1.000000000000000000, 0.000000000000000000, 0.000000000000000000 ) ) ;
#1120 = VECTOR ( 'NONE', #400, 1000.000000000000000 ) ;
#1121 = ORIENTED_EDGE ( 'NONE', *, *, #2552, .T. ) ;
#1122 = FACE_OUTER_BOUND ( 'NONE', #1990, .T. ) ;
#1123 = AXIS2_PLACEMENT_3D ( 'NONE', #2025, #1172, #3383 ) ;
#1124 = CARTESIAN_POINT ( 'NONE',  ( -1.734723475976807094E-15, -5.310000000000000497, 0.000000000000000000 ) ) ;
#1125 = EDGE_CURVE ( 'NONE', #1211, #2958, #419, .T. ) ;
#1126 = CIRCLE ( 'NONE', #479, 0.5000000000000004441 ) ;
#1127 = AXIS2_PLACEMENT_3D ( 'NONE', #2092, #2127, #1814 ) ;
#1128 = ORIENTED_EDGE ( 'NONE', *, *, #3138, .T. ) ;
#1129 = CARTESIAN_POINT ( 'NONE',  ( -13.50000000000000178, 0.4999999999999995559, 3.000000000000000000 ) ) ;
#1130 = AXIS2_PLACEMENT_3D ( 'NONE', #1169, #1462, #1025 ) ;
#1131 = VECTOR ( 'NONE', #52, 1000.000000000000000 ) ;
#1132 = EDGE_CURVE ( 'NONE', #612, #1195, #328, .T. ) ;
#1133 = LINE ( 'NONE', #1962, #953 ) ;
#1134 = VECTOR ( 'NONE', #1861, 1000.000000000000000 ) ;
#1135 = EDGE_CURVE ( 'NONE', #2733, #2777, #3093, .T. ) ;
#1136 = ORIENTED_EDGE ( 'NONE', *, *, #1905, .T. ) ;
#1137 = CARTESIAN_POINT ( 'NONE',  ( -0.5000000000000000000, 7.500000000000000000, 0.000000000000000000 ) ) ;
#1138 = DIRECTION ( 'NONE',  ( 1.000000000000000000, 0.000000000000000000, 0.000000000000000000 ) ) ;
#1139 = DIRECTION ( 'NONE',  ( 0.000000000000000000, -0.000000000000000000, -1.000000000000000000 ) ) ;
#1140 = CARTESIAN_POINT ( 'NONE',  ( -3.800000000000000266, -5.181818181818181657, 3.000000000000000000 ) ) ;
#1141 = ORIENTED_EDGE ( 'NONE', *, *, #1822, .F. ) ;
#1142 = DIRECTION ( 'NONE',  ( -0.000000000000000000, -0.000000000000000000, -1.000000000000000000 ) ) ;
#1143 = LINE ( 'NONE', #863, #1658 ) ;
#1144 = EDGE_LOOP ( 'NONE', ( #1073, #3502, #341, #1812 ) ) ;
#1145 = CARTESIAN_POINT ( 'NONE',  ( -4.900000000000000355, -5.181818181818181657, 0.000000000000000000 ) ) ;
#1146 = VERTEX_POINT ( 'NONE', #2969 ) ;
#1147 = ORIENTED_EDGE ( 'NONE', *, *, #3304, .T. ) ;
#1148 = DIRECTION ( 'NONE',  ( 0.000000000000000000, 0.000000000000000000, -1.000000000000000000 ) ) ;
#1149 = ORIENTED_EDGE ( 'NONE', *, *, #1966, .T. ) ;
#1150 = DIRECTION ( 'NONE',  ( 1.000000000000000000, 0.000000000000000000, 0.000000000000000000 ) ) ;
#1151 = LINE ( 'NONE', #2297, #949 ) ;
#1152 = ADVANCED_FACE ( 'NONE', ( #3246 ), #1282, .F. ) ;
#1153 = CARTESIAN_POINT ( 'NONE',  ( 15.50000000000000355, 7.500000000000000000, -0.5000000000000004441 ) ) ;
#1154 = EDGE_CURVE ( 'NONE', #2701, #2856, #1268, .T. ) ;
#1155 = DIRECTION ( 'NONE',  ( -0.000000000000000000, -0.000000000000000000, -1.000000000000000000 ) ) ;
#1156 = ORIENTED_EDGE ( 'NONE', *, *, #680, .T. ) ;
#1157 = DIRECTION ( 'NONE',  ( 0.000000000000000000, 1.000000000000000000, 0.000000000000000000 ) ) ;
#1158 = ADVANCED_FACE ( 'NONE', ( #452 ), #2686, .F. ) ;
#1159 = ORIENTED_EDGE ( 'NONE', *, *, #592, .F. ) ;
#1160 = CARTESIAN_POINT ( 'NONE',  ( -6.100000000000000533, 4.500000000000000000, 0.000000000000000000 ) ) ;
#1161 = ORIENTED_EDGE ( 'NONE', *, *, #2915, .F. ) ;
#1162 = ORIENTED_EDGE ( 'NONE', *, *, #695, .F. ) ;
#1163 = CARTESIAN_POINT ( 'NONE',  ( 12.50000000000000000, -7.500000000000000000, -9.500000000000000000 ) ) ;
#1164 = DIRECTION ( 'NONE',  ( -1.000000000000000000, 0.000000000000000000, 0.000000000000000000 ) ) ;
#1165 = ORIENTED_EDGE ( 'NONE', *, *, #1135, .F. ) ;
#1166 = CARTESIAN_POINT ( 'NONE',  ( 0.4999999999999995559, 3.524712754253881197, 1.200000000000000178 ) ) ;
#1167 = CARTESIAN_POINT ( 'NONE',  ( -13.50000000000000000, -7.500000000000000000, 0.000000000000000000 ) ) ;
#1168 = DIRECTION ( 'NONE',  ( 1.000000000000000000, 4.625929269271486900E-16, -0.000000000000000000 ) ) ;
#1169 = CARTESIAN_POINT ( 'NONE',  ( 1.734723475976807094E-15, 0.000000000000000000, 3.000000000000000888 ) ) ;
#1170 = EDGE_CURVE ( 'NONE', #349, #2642, #657, .T. ) ;
#1171 = EDGE_LOOP ( 'NONE', ( #681, #2200, #3444, #2397 ) ) ;
#1172 = DIRECTION ( 'NONE',  ( -0.000000000000000000, 1.000000000000000000, 0.000000000000000000 ) ) ;
#1173 = AXIS2_PLACEMENT_3D ( 'NONE', #2446, #1041, #2166 ) ;
#1174 = CARTESIAN_POINT ( 'NONE',  ( 11.00000000000000355, -7.500000000000000000, 0.5000000000000000000 ) ) ;
#1175 = EDGE_CURVE ( 'NONE', #2557, #425, #985, .T. ) ;
#1176 = VECTOR ( 'NONE', #1532, 1000.000000000000000 ) ;
#1177 = ORIENTED_EDGE ( 'NONE', *, *, #387, .T. ) ;
#1178 = EDGE_CURVE ( 'NONE', #1648, #21, #1784, .T. ) ;
#1179 = CARTESIAN_POINT ( 'NONE',  ( 0.4999999999999989453, -3.968626966596886074, 3.000000000000000000 ) ) ;
#1180 = AXIS2_PLACEMENT_3D ( 'NONE', #1347, #826, #1958 ) ;
#1181 = AXIS2_PLACEMENT_3D ( 'NONE', #1951, #3012, #498 ) ;
#1182 = CARTESIAN_POINT ( 'NONE',  ( -0.4999999999999998890, 6.488612787525830150, 19.03339290700687414 ) ) ;
#1183 = CIRCLE ( 'NONE', #1247, 0.4999999999999995559 ) ;
#1184 = AXIS2_PLACEMENT_3D ( 'NONE', #463, #798, #170 ) ;
#1185 = CARTESIAN_POINT ( 'NONE',  ( 0.000000000000000000, 0.000000000000000000, 9.400000000000000355 ) ) ;
#1186 = ORIENTED_EDGE ( 'NONE', *, *, #3410, .F. ) ;
#1187 = VECTOR ( 'NONE', #1836, 1000.000000000000000 ) ;
#1188 = PLANE ( 'NONE',  #2115 ) ;
#1189 = AXIS2_PLACEMENT_3D ( 'NONE', #3430, #2089, #3471 ) ;
#1190 = CARTESIAN_POINT ( 'NONE',  ( 14.50000000000000000, -7.500000000000000000, -9.500000000000000000 ) ) ;
#1191 = LINE ( 'NONE', #359, #2951 ) ;
#1192 = AXIS2_PLACEMENT_3D ( 'NONE', #2316, #1220, #3414 ) ;
#1193 = CARTESIAN_POINT ( 'NONE',  ( 0.000000000000000000, 0.000000000000000000, 3.000000000000000000 ) ) ;
#1194 = CIRCLE ( 'NONE', #2883, 0.5000000000000000000 ) ;
#1195 = VERTEX_POINT ( 'NONE', #1800 ) ;
#1196 = CARTESIAN_POINT ( 'NONE',  ( 11.50000000000000355, -7.500000000000000000, 0.4999999999999998890 ) ) ;
#1197 = DIRECTION ( 'NONE',  ( 1.000000000000000000, 0.000000000000000000, 0.000000000000000000 ) ) ;
#1198 = ORIENTED_EDGE ( 'NONE', *, *, #3272, .T. ) ;
#1199 = DIRECTION ( 'NONE',  ( 1.000000000000000000, 0.000000000000000000, 0.000000000000000000 ) ) ;
#1200 = EDGE_CURVE ( 'NONE', #1089, #1216, #240, .T. ) ;
#1201 = EDGE_CURVE ( 'NONE', #2247, #1051, #709, .T. ) ;
#1202 = ORIENTED_EDGE ( 'NONE', *, *, #500, .F. ) ;
#1203 = ORIENTED_EDGE ( 'NONE', *, *, #504, .T. ) ;
#1204 = DIRECTION ( 'NONE',  ( -1.000000000000000000, 0.000000000000000000, 0.000000000000000000 ) ) ;
#1205 = DIRECTION ( 'NONE',  ( 1.156482317317871478E-16, -1.000000000000000000, 0.000000000000000000 ) ) ;
#1206 = ORIENTED_EDGE ( 'NONE', *, *, #587, .F. ) ;
#1207 = DIRECTION ( 'NONE',  ( 0.000000000000000000, 0.000000000000000000, 1.000000000000000000 ) ) ;
#1208 = DIRECTION ( 'NONE',  ( -3.787379036400652809E-16, -1.000000000000000000, -0.000000000000000000 ) ) ;
#1209 = LINE ( 'NONE', #998, #2199 ) ;
#1210 = CARTESIAN_POINT ( 'NONE',  ( 0.4999999999999982792, -5.310000000000000497, 3.000000000000000000 ) ) ;
#1211 = VERTEX_POINT ( 'NONE', #2911 ) ;
#1212 = PLANE ( 'NONE',  #2880 ) ;
#1213 = ORIENTED_EDGE ( 'NONE', *, *, #2630, .F. ) ;
#1214 = CARTESIAN_POINT ( 'NONE',  ( -13.50000000000000178, -0.5000000000000004441, 3.000000000000000000 ) ) ;
#1215 = EDGE_CURVE ( 'NONE', #642, #403, #2641, .T. ) ;
#1216 = VERTEX_POINT ( 'NONE', #3219 ) ;
#1217 = ORIENTED_EDGE ( 'NONE', *, *, #2589, .F. ) ;
#1218 = ORIENTED_EDGE ( 'NONE', *, *, #906, .F. ) ;
#1219 = FACE_OUTER_BOUND ( 'NONE', #3337, .T. ) ;
#1220 = DIRECTION ( 'NONE',  ( 0.000000000000000000, 0.000000000000000000, -1.000000000000000000 ) ) ;
#1221 = EDGE_CURVE ( 'NONE', #1020, #1809, #99, .T. ) ;
#1222 = ORIENTED_EDGE ( 'NONE', *, *, #1442, .F. ) ;
#1223 = CARTESIAN_POINT ( 'NONE',  ( -13.50000000000000000, -7.500000000000000000, 3.000000000000000000 ) ) ;
#1224 = ADVANCED_FACE ( 'NONE', ( #1817 ), #2083, .F. ) ;
#1225 = CARTESIAN_POINT ( 'NONE',  ( -0.4999999999999994449, -8.531472846220966133, 0.000000000000000000 ) ) ;
#1226 = DIRECTION ( 'NONE',  ( -0.000000000000000000, -0.000000000000000000, 1.000000000000000000 ) ) ;
#1227 = FACE_OUTER_BOUND ( 'NONE', #3536, .T. ) ;
#1228 = DIRECTION ( 'NONE',  ( -1.156482317317871478E-16, 1.000000000000000000, 0.000000000000000000 ) ) ;
#1229 = DIRECTION ( 'NONE',  ( -0.000000000000000000, -0.000000000000000000, 1.000000000000000000 ) ) ;
#1230 = EDGE_LOOP ( 'NONE', ( #757, #3620, #459, #2676, #667, #3068, #1692, #557, #488, #800, #1262, #1928, #1823, #780, #219, #1610, #1495, #885, #3472, #2219, #3208, #1840, #1475, #2783, #3205, #1198, #1521, #2614, #3601, #555, #637, #2743, #518, #3027, #2031, #721, #3111, #1161, #1374, #3282, #348, #1479, #2230, #2222, #2433, #1991, #497, #316, #1334, #1141 ) ) ;
#1231 = CARTESIAN_POINT ( 'NONE',  ( 0.4999999999999989453, -5.477225575051662076, 9.400000000000000355 ) ) ;
#1232 = VERTEX_POINT ( 'NONE', #970 ) ;
#1233 = VERTEX_POINT ( 'NONE', #3458 ) ;
#1234 = AXIS2_PLACEMENT_3D ( 'NONE', #1001, #2963, #515 ) ;
#1235 = ORIENTED_EDGE ( 'NONE', *, *, #658, .F. ) ;
#1236 = CARTESIAN_POINT ( 'NONE',  ( 3.800000000000000266, 5.181818181818186098, 0.000000000000000000 ) ) ;
#1237 = ADVANCED_FACE ( 'NONE', ( #935 ), #3187, .F. ) ;
#1238 = AXIS2_PLACEMENT_3D ( 'NONE', #1012, #2914, #162 ) ;
#1239 = VERTEX_POINT ( 'NONE', #1841 ) ;
#1240 = DIRECTION ( 'NONE',  ( 0.000000000000000000, 0.000000000000000000, 1.000000000000000000 ) ) ;
#1241 = LINE ( 'NONE', #1555, #2703 ) ;
#1242 = VECTOR ( 'NONE', #1277, 1000.000000000000000 ) ;
#1243 = AXIS2_PLACEMENT_3D ( 'NONE', #1746, #1157, #2821 ) ;
#1244 = EDGE_CURVE ( 'NONE', #2345, #2719, #1519, .T. ) ;
#1245 = FACE_OUTER_BOUND ( 'NONE', #369, .T. ) ;
#1246 = EDGE_CURVE ( 'NONE', #1391, #1740, #1535, .T. ) ;
#1247 = AXIS2_PLACEMENT_3D ( 'NONE', #3248, #736, #1578 ) ;
#1248 = AXIS2_PLACEMENT_3D ( 'NONE', #3033, #1910, #2163 ) ;
#1249 = DIRECTION ( 'NONE',  ( -0.000000000000000000, 1.000000000000000000, -0.000000000000000000 ) ) ;
#1250 = DIRECTION ( 'NONE',  ( 0.000000000000000000, 0.000000000000000000, 1.000000000000000000 ) ) ;
#1251 = CIRCLE ( 'NONE', #3293, 1.100000000000000311 ) ;
#1252 = VECTOR ( 'NONE', #1976, 1000.000000000000000 ) ;
#1253 = PLANE ( 'NONE',  #2128 ) ;
#1254 = VERTEX_POINT ( 'NONE', #2928 ) ;
#1255 = VECTOR ( 'NONE', #3299, 1000.000000000000000 ) ;
#1256 = PLANE ( 'NONE',  #824 ) ;
#1257 = ORIENTED_EDGE ( 'NONE', *, *, #2049, .T. ) ;
#1258 = ORIENTED_EDGE ( 'NONE', *, *, #2622, .F. ) ;
#1259 = ORIENTED_EDGE ( 'NONE', *, *, #2378, .T. ) ;
#1260 = CARTESIAN_POINT ( 'NONE',  ( -5.599999999999998757, 2.000000000000000000, 0.000000000000000000 ) ) ;
#1261 = DIRECTION ( 'NONE',  ( 1.000000000000000000, 0.000000000000000000, 0.000000000000000000 ) ) ;
#1262 = ORIENTED_EDGE ( 'NONE', *, *, #2655, .T. ) ;
#1263 = LINE ( 'NONE', #1223, #1469 ) ;
#1264 = CARTESIAN_POINT ( 'NONE',  ( 14.50000000000000178, -7.500000000000000000, 0.4999999999999998890 ) ) ;
#1265 = DIRECTION ( 'NONE',  ( 1.000000000000000000, 0.000000000000000000, 0.000000000000000000 ) ) ;
#1266 = EDGE_CURVE ( 'NONE', #1239, #630, #415, .T. ) ;
#1267 = DIRECTION ( 'NONE',  ( 0.000000000000000000, -0.000000000000000000, 1.000000000000000000 ) ) ;
#1268 = LINE ( 'NONE', #2408, #890 ) ;
#1269 = CARTESIAN_POINT ( 'NONE',  ( 0.000000000000000000, 0.000000000000000000, -9.500000000000000000 ) ) ;
#1270 = LINE ( 'NONE', #2410, #1896 ) ;
#1271 = EDGE_CURVE ( 'NONE', #2120, #2714, #2953, .T. ) ;
#1272 = EDGE_LOOP ( 'NONE', ( #1186, #1103, #607, #2090 ) ) ;
#1273 = ORIENTED_EDGE ( 'NONE', *, *, #373, .F. ) ;
#1274 = ORIENTED_EDGE ( 'NONE', *, *, #2923, .F. ) ;
#1275 = VERTEX_POINT ( 'NONE', #467 ) ;
#1276 = DIRECTION ( 'NONE',  ( -0.000000000000000000, -0.000000000000000000, 1.000000000000000000 ) ) ;
#1277 = DIRECTION ( 'NONE',  ( -0.000000000000000000, -0.000000000000000000, 1.000000000000000000 ) ) ;
#1278 = ORIENTED_EDGE ( 'NONE', *, *, #1244, .T. ) ;
#1279 = DIRECTION ( 'NONE',  ( -0.000000000000000000, -0.000000000000000000, 1.000000000000000000 ) ) ;
#1280 = CYLINDRICAL_SURFACE ( 'NONE', #2367, 5.500000000000000888 ) ;
#1281 = CARTESIAN_POINT ( 'NONE',  ( -6.099999999999999645, 2.499999999999999556, 0.000000000000000000 ) ) ;
#1282 = PLANE ( 'NONE',  #242 ) ;
#1283 = DIRECTION ( 'NONE',  ( 0.000000000000000000, 1.000000000000000000, 0.000000000000000000 ) ) ;
#1284 = ADVANCED_FACE ( 'NONE', ( #3326 ), #197, .F. ) ;
#1285 = CARTESIAN_POINT ( 'NONE',  ( 4.563391365275700551, 3.070091081275471812, 9.400000000000000355 ) ) ;
#1286 = ORIENTED_EDGE ( 'NONE', *, *, #1289, .T. ) ;
#1287 = DIRECTION ( 'NONE',  ( -1.000000000000000000, 0.000000000000000000, 0.000000000000000000 ) ) ;
#1288 = ADVANCED_FACE ( 'NONE', ( #214 ), #1619, .F. ) ;
#1289 = EDGE_CURVE ( 'NONE', #1211, #1239, #817, .T. ) ;
#1290 = ORIENTED_EDGE ( 'NONE', *, *, #2552, .F. ) ;
#1291 = CARTESIAN_POINT ( 'NONE',  ( -13.50000000000000000, -7.500000000000000000, 3.000000000000000000 ) ) ;
#1292 = VECTOR ( 'NONE', #2578, 1000.000000000000000 ) ;
#1293 = VERTEX_POINT ( 'NONE', #254 ) ;
#1294 = DIRECTION ( 'NONE',  ( 0.5735764363510501562, -0.8191520442889889120, 0.000000000000000000 ) ) ;
#1295 = VECTOR ( 'NONE', #2201, 1000.000000000000000 ) ;
#1296 = LINE ( 'NONE', #3492, #2882 ) ;
#1297 = ORIENTED_EDGE ( 'NONE', *, *, #3255, .F. ) ;
#1298 = DIRECTION ( 'NONE',  ( -0.000000000000000000, -0.000000000000000000, -1.000000000000000000 ) ) ;
#1299 = AXIS2_PLACEMENT_3D ( 'NONE', #1859, #1560, #1576 ) ;
#1300 = DIRECTION ( 'NONE',  ( -0.000000000000000000, -0.000000000000000000, 1.000000000000000000 ) ) ;
#1301 = DIRECTION ( 'NONE',  ( 1.000000000000000000, 0.000000000000000000, 0.000000000000000000 ) ) ;
#1302 = CIRCLE ( 'NONE', #1366, 3.799999999999999822 ) ;
#1303 = LINE ( 'NONE', #751, #3290 ) ;
#1304 = AXIS2_PLACEMENT_3D ( 'NONE', #813, #2422, #1926 ) ;
#1305 = ORIENTED_EDGE ( 'NONE', *, *, #2488, .F. ) ;
#1306 = CARTESIAN_POINT ( 'NONE',  ( 15.00000000000000355, 4.283239619235637896, 1.000000000000001332 ) ) ;
#1307 = CIRCLE ( 'NONE', #1427, 0.4999999999999995559 ) ;
#1308 = AXIS2_PLACEMENT_3D ( 'NONE', #1314, #2202, #722 ) ;
#1309 = AXIS2_PLACEMENT_3D ( 'NONE', #971, #1283, #749 ) ;
#1310 = VERTEX_POINT ( 'NONE', #2153 ) ;
#1311 = EDGE_LOOP ( 'NONE', ( #2203, #1636, #2047, #127 ) ) ;
#1312 = EDGE_CURVE ( 'NONE', #2898, #425, #605, .T. ) ;
#1313 = ORIENTED_EDGE ( 'NONE', *, *, #884, .F. ) ;
#1314 = CARTESIAN_POINT ( 'NONE',  ( 0.000000000000000000, 0.000000000000000000, 1.000000000000000000 ) ) ;
#1315 = EDGE_CURVE ( 'NONE', #3152, #1089, #1367, .T. ) ;
#1316 =( NAMED_UNIT ( * ) SI_UNIT ( $, .STERADIAN. ) SOLID_ANGLE_UNIT ( ) );
#1317 = ORIENTED_EDGE ( 'NONE', *, *, #3094, .T. ) ;
#1318 = EDGE_CURVE ( 'NONE', #2235, #1216, #1396, .T. ) ;
#1319 = DIRECTION ( 'NONE',  ( 0.000000000000000000, 0.000000000000000000, 1.000000000000000000 ) ) ;
#1320 = CARTESIAN_POINT ( 'NONE',  ( -5.600000000000000533, 6.000000000000000000, 0.000000000000000000 ) ) ;
#1321 = ORIENTED_EDGE ( 'NONE', *, *, #3455, .T. ) ;
#1322 = DIRECTION ( 'NONE',  ( -0.000000000000000000, -0.000000000000000000, 1.000000000000000000 ) ) ;
#1323 = DIRECTION ( 'NONE',  ( -1.000000000000000000, -1.214255053933703751E-16, 0.000000000000000000 ) ) ;
#1324 = CARTESIAN_POINT ( 'NONE',  ( -6.099999999999999645, -2.000000000000000000, 0.000000000000000000 ) ) ;
#1325 = CARTESIAN_POINT ( 'NONE',  ( -0.4999999999999996669, 4.623040125285525548, 0.000000000000000000 ) ) ;
#1326 = VERTEX_POINT ( 'NONE', #3590 ) ;
#1327 = CARTESIAN_POINT ( 'NONE',  ( 10.50000000000000000, -1.373707078613686683, 3.637877566981752686 ) ) ;
#1328 = ORIENTED_EDGE ( 'NONE', *, *, #2164, .T. ) ;
#1329 = VERTEX_POINT ( 'NONE', #524 ) ;
#1330 = ORIENTED_EDGE ( 'NONE', *, *, #1971, .F. ) ;
#1331 = LINE ( 'NONE', #2121, #1482 ) ;
#1332 = ADVANCED_FACE ( 'NONE', ( #3274 ), #1081, .F. ) ;
#1333 = VERTEX_POINT ( 'NONE', #509 ) ;
#1334 = ORIENTED_EDGE ( 'NONE', *, *, #1579, .T. ) ;
#1335 = DIRECTION ( 'NONE',  ( -1.000000000000000000, 0.000000000000000000, 0.000000000000000000 ) ) ;
#1336 = EDGE_CURVE ( 'NONE', #1846, #47, #785, .T. ) ;
#1337 = FACE_OUTER_BOUND ( 'NONE', #2607, .T. ) ;
#1338 = ADVANCED_FACE ( 'NONE', ( #546 ), #3037, .F. ) ;
#1339 = VERTEX_POINT ( 'NONE', #2709 ) ;
#1340 = FACE_OUTER_BOUND ( 'NONE', #2916, .T. ) ;
#1341 = FACE_OUTER_BOUND ( 'NONE', #1230, .T. ) ;
#1342 = CARTESIAN_POINT ( 'NONE',  ( 0.000000000000000000, 0.000000000000000000, 1.200000000000000178 ) ) ;
#1343 = DIRECTION ( 'NONE',  ( -0.000000000000000000, -0.000000000000000000, 1.000000000000000000 ) ) ;
#1344 = ORIENTED_EDGE ( 'NONE', *, *, #2118, .F. ) ;
#1345 = DIRECTION ( 'NONE',  ( 0.000000000000000000, 0.000000000000000000, 1.000000000000000000 ) ) ;
#1346 = ORIENTED_EDGE ( 'NONE', *, *, #3241, .F. ) ;
#1347 = CARTESIAN_POINT ( 'NONE',  ( -6.100000000000000533, 4.000000000000000000, 0.000000000000000000 ) ) ;
#1348 = CARTESIAN_POINT ( 'NONE',  ( -13.50000000000000178, -0.5000000000000004441, 0.000000000000000000 ) ) ;
#1349 = ORIENTED_EDGE ( 'NONE', *, *, #1312, .F. ) ;
#1350 = ORIENTED_EDGE ( 'NONE', *, *, #1386, .T. ) ;
#1351 = AXIS2_PLACEMENT_3D ( 'NONE', #3201, #2656, #1267 ) ;
#1352 = DIRECTION ( 'NONE',  ( -0.000000000000000000, -0.000000000000000000, 1.000000000000000000 ) ) ;
#1353 = ADVANCED_FACE ( 'NONE', ( #762, #494, #1341 ), #1650, .F. ) ;
#1354 = CARTESIAN_POINT ( 'NONE',  ( -6.100000000000000533, 6.500000000000000000, 3.000000000000000000 ) ) ;
#1355 = AXIS2_PLACEMENT_3D ( 'NONE', #263, #1684, #2682 ) ;
#1356 = ORIENTED_EDGE ( 'NONE', *, *, #1678, .T. ) ;
#1357 = DIRECTION ( 'NONE',  ( 0.000000000000000000, 0.000000000000000000, 1.000000000000000000 ) ) ;
#1358 = CARTESIAN_POINT ( 'NONE',  ( -13.50000000000000178, -5.500000000000000000, 0.000000000000000000 ) ) ;
#1359 = EDGE_CURVE ( 'NONE', #19, #1549, #2009, .T. ) ;
#1360 = CARTESIAN_POINT ( 'NONE',  ( 10.50000000000000178, -7.500000000000000000, 0.4999999999999998890 ) ) ;
#1361 = ADVANCED_FACE ( 'NONE', ( #269 ), #3313, .F. ) ;
#1362 = LINE ( 'NONE', #1083, #3343 ) ;
#1363 = AXIS2_PLACEMENT_3D ( 'NONE', #1974, #3600, #3083 ) ;
#1364 = ORIENTED_EDGE ( 'NONE', *, *, #748, .F. ) ;
#1365 = CARTESIAN_POINT ( 'NONE',  ( 15.50000000000000355, -7.500000000000000000, 0.4999999999999998890 ) ) ;
#1366 = AXIS2_PLACEMENT_3D ( 'NONE', #3514, #1544, #2689 ) ;
#1367 = CIRCLE ( 'NONE', #2700, 3.309999999999999609 ) ;
#1368 = CIRCLE ( 'NONE', #65, 1.100000000000000311 ) ;
#1369 = ORIENTED_EDGE ( 'NONE', *, *, #24, .T. ) ;
#1370 = VECTOR ( 'NONE', #1853, 1000.000000000000114 ) ;
#1371 = LINE ( 'NONE', #2787, #3453 ) ;
#1372 = CARTESIAN_POINT ( 'NONE',  ( 8.500000000000000000, -7.500000000000000000, 1.499999999999996225 ) ) ;
#1373 = VECTOR ( 'NONE', #23, 1000.000000000000000 ) ;
#1374 = ORIENTED_EDGE ( 'NONE', *, *, #2918, .T. ) ;
#1375 = DIRECTION ( 'NONE',  ( -0.000000000000000000, -0.000000000000000000, 1.000000000000000000 ) ) ;
#1376 = CARTESIAN_POINT ( 'NONE',  ( -13.50000000000000178, -5.500000000000000000, 0.000000000000000000 ) ) ;
#1377 = EDGE_LOOP ( 'NONE', ( #1423, #625, #2595, #3426 ) ) ;
#1378 = CARTESIAN_POINT ( 'NONE',  ( -7.000000000000000888, -6.000000000000000000, 0.000000000000000000 ) ) ;
#1379 = CARTESIAN_POINT ( 'NONE',  ( 9.500000000000005329, 4.727381544774647004, 0.7928932188134536485 ) ) ;
#1380 = PLANE ( 'NONE',  #902 ) ;
#1381 = CARTESIAN_POINT ( 'NONE',  ( 4.650000000000000355, 5.694607616035192869E-16, 1.000000000000000000 ) ) ;
#1382 = EDGE_CURVE ( 'NONE', #740, #2695, #802, .T. ) ;
#1383 = ORIENTED_EDGE ( 'NONE', *, *, #1878, .F. ) ;
#1384 = LINE ( 'NONE', #1623, #2819 ) ;
#1385 = DIRECTION ( 'NONE',  ( 1.000000000000000000, 0.000000000000000000, 0.000000000000000000 ) ) ;
#1386 = EDGE_CURVE ( 'NONE', #2752, #1866, #1930, .T. ) ;
#1387 = EDGE_LOOP ( 'NONE', ( #3053, #1917, #2384, #1881, #3617 ) ) ;
#1388 = ORIENTED_EDGE ( 'NONE', *, *, #2197, .F. ) ;
#1389 = DIRECTION ( 'NONE',  ( -1.000000000000000000, 0.000000000000000000, 0.000000000000000000 ) ) ;
#1390 = ORIENTED_EDGE ( 'NONE', *, *, #2735, .F. ) ;
#1391 = VERTEX_POINT ( 'NONE', #2519 ) ;
#1392 = CARTESIAN_POINT ( 'NONE',  ( 0.4999999999999990563, -7.500000000000000000, 0.000000000000000000 ) ) ;
#1393 = LINE ( 'NONE', #283, #2252 ) ;
#1394 = VERTEX_POINT ( 'NONE', #3396 ) ;
#1395 = LINE ( 'NONE', #2518, #1589 ) ;
#1396 = LINE ( 'NONE', #3007, #2124 ) ;
#1397 = CARTESIAN_POINT ( 'NONE',  ( 0.4999999999999995559, 3.440512783492415405, 1.283365368216503155 ) ) ;
#1398 = PLANE ( 'NONE',  #1837 ) ;
#1399 = EDGE_LOOP ( 'NONE', ( #1273, #2087, #1944, #663 ) ) ;
#1400 = FACE_OUTER_BOUND ( 'NONE', #3035, .T. ) ;
#1401 = EDGE_CURVE ( 'NONE', #251, #1790, #286, .T. ) ;
#1402 = ORIENTED_EDGE ( 'NONE', *, *, #549, .T. ) ;
#1403 = DIRECTION ( 'NONE',  ( 1.000000000000000000, 0.000000000000000000, 0.000000000000000000 ) ) ;
#1404 = EDGE_CURVE ( 'NONE', #2837, #2745, #40, .T. ) ;
#1405 = ADVANCED_FACE ( 'NONE', ( #632 ), #2535, .F. ) ;
#1406 = ORIENTED_EDGE ( 'NONE', *, *, #2915, .T. ) ;
#1407 = LINE ( 'NONE', #3338, #1131 ) ;
#1408 = LINE ( 'NONE', #559, #2485 ) ;
#1409 = ORIENTED_EDGE ( 'NONE', *, *, #3568, .F. ) ;
#1410 = CARTESIAN_POINT ( 'NONE',  ( 1.734723475976807094E-15, 0.000000000000000000, 9.400000000000000355 ) ) ;
#1411 = DIRECTION ( 'NONE',  ( -2.312964634635742957E-16, -1.000000000000000000, 0.000000000000000000 ) ) ;
#1412 = CARTESIAN_POINT ( 'NONE',  ( 0.4999999999999991673, -6.071275269668507664E-17, 1.200000000000000178 ) ) ;
#1413 = DIRECTION ( 'NONE',  ( 1.000000000000000000, -0.000000000000000000, -0.000000000000000000 ) ) ;
#1414 = ORIENTED_EDGE ( 'NONE', *, *, #2527, .F. ) ;
#1415 = AXIS2_PLACEMENT_3D ( 'NONE', #3589, #2152, #1357 ) ;
#1416 = DIRECTION ( 'NONE',  ( -1.156482317317871478E-16, 1.000000000000000000, 0.000000000000000000 ) ) ;
#1417 = AXIS2_PLACEMENT_3D ( 'NONE', #2212, #3626, #273 ) ;
#1418 = ORIENTED_EDGE ( 'NONE', *, *, #159, .T. ) ;
#1419 = DIRECTION ( 'NONE',  ( 1.000000000000000000, 0.000000000000000000, 0.000000000000000000 ) ) ;
#1420 = VECTOR ( 'NONE', #1876, 1000.000000000000000 ) ;
#1421 = VECTOR ( 'NONE', #956, 1000.000000000000000 ) ;
#1422 = ADVANCED_FACE ( 'NONE', ( #2566 ), #2814, .F. ) ;
#1423 = ORIENTED_EDGE ( 'NONE', *, *, #2716, .F. ) ;
#1424 = ORIENTED_EDGE ( 'NONE', *, *, #3280, .F. ) ;
#1425 = ADVANCED_FACE ( 'NONE', ( #2265 ), #2021, .F. ) ;
#1426 = CARTESIAN_POINT ( 'NONE',  ( 8.500000000000000000, 3.499999999999996003, 1.365230632619982121 ) ) ;
#1427 = AXIS2_PLACEMENT_3D ( 'NONE', #3349, #1691, #288 ) ;
#1428 = AXIS2_PLACEMENT_3D ( 'NONE', #1456, #1148, #2276 ) ;
#1429 = DIRECTION ( 'NONE',  ( -0.000000000000000000, -0.000000000000000000, 1.000000000000000000 ) ) ;
#1430 = STYLED_ITEM ( 'NONE', ( #2555 ), #2560 ) ;
#1431 = ORIENTED_EDGE ( 'NONE', *, *, #1761, .F. ) ;
#1432 = DIRECTION ( 'NONE',  ( -0.000000000000000000, -0.000000000000000000, 1.000000000000000000 ) ) ;
#1433 = CARTESIAN_POINT ( 'NONE',  ( -4.650000000000000355, 0.000000000000000000, 1.000000000000000000 ) ) ;
#1434 = CYLINDRICAL_SURFACE ( 'NONE', #2306, 0.5000000000000004441 ) ;
#1435 = ORIENTED_EDGE ( 'NONE', *, *, #1739, .T. ) ;
#1436 = CARTESIAN_POINT ( 'NONE',  ( -4.655689363101332745, -2.928234374893025738, 9.400000000000000355 ) ) ;
#1437 = ORIENTED_EDGE ( 'NONE', *, *, #1463, .F. ) ;
#1438 = CARTESIAN_POINT ( 'NONE',  ( -6.099999999999999645, 2.000000000000000000, 0.000000000000000000 ) ) ;
#1439 = ORIENTED_EDGE ( 'NONE', *, *, #2609, .T. ) ;
#1440 = VERTEX_POINT ( 'NONE', #3364 ) ;
#1441 = CARTESIAN_POINT ( 'NONE',  ( -13.50000000000000178, 3.499999999999999556, 3.000000000000000000 ) ) ;
#1442 = EDGE_CURVE ( 'NONE', #2019, #860, #3450, .T. ) ;
#1443 = CARTESIAN_POINT ( 'NONE',  ( -13.50000000000000178, 7.500000000000000000, 0.000000000000000000 ) ) ;
#1444 = EDGE_LOOP ( 'NONE', ( #1550, #147, #1518, #1165 ) ) ;
#1445 = DIRECTION ( 'NONE',  ( 1.000000000000000000, 0.000000000000000000, 0.000000000000000000 ) ) ;
#1446 = CARTESIAN_POINT ( 'NONE',  ( 15.00000000000000355, 4.283239619235637896, 1.000000000000001332 ) ) ;
#1447 = EDGE_CURVE ( 'NONE', #2933, #426, #1460, .T. ) ;
#1448 = DIRECTION ( 'NONE',  ( 1.156482317317871478E-16, -1.000000000000000000, 0.000000000000000000 ) ) ;
#1449 = DIRECTION ( 'NONE',  ( -0.000000000000000000, -0.000000000000000000, 1.000000000000000000 ) ) ;
#1450 = EDGE_CURVE ( 'NONE', #3370, #277, #618, .T. ) ;
#1451 = ORIENTED_EDGE ( 'NONE', *, *, #1493, .F. ) ;
#1452 = CARTESIAN_POINT ( 'NONE',  ( 11.00000000000000355, -7.500000000000000000, 0.5000000000000000000 ) ) ;
#1453 = VERTEX_POINT ( 'NONE', #3417 ) ;
#1454 = DIRECTION ( 'NONE',  ( -0.000000000000000000, 1.000000000000000000, -0.000000000000000000 ) ) ;
#1455 = ORIENTED_EDGE ( 'NONE', *, *, #1925, .T. ) ;
#1456 = CARTESIAN_POINT ( 'NONE',  ( 0.000000000000000000, 0.000000000000000000, -9.500000000000000000 ) ) ;
#1457 = LINE ( 'NONE', #53, #2198 ) ;
#1458 = VERTEX_POINT ( 'NONE', #305 ) ;
#1459 = CARTESIAN_POINT ( 'NONE',  ( 1.762194958653875365E-15, -5.310000000000000497, 0.000000000000000000 ) ) ;
#1460 = LINE ( 'NONE', #841, #1539 ) ;
#1461 = LINE ( 'NONE', #2038, #2818 ) ;
#1462 = DIRECTION ( 'NONE',  ( 0.000000000000000000, -0.000000000000000000, -1.000000000000000000 ) ) ;
#1463 = EDGE_CURVE ( 'NONE', #1275, #574, #873, .T. ) ;
#1464 = VERTEX_POINT ( 'NONE', #1433 ) ;
#1465 = CARTESIAN_POINT ( 'NONE',  ( 16.49999999999999645, -7.500000000000000000, -9.500000000000000000 ) ) ;
#1466 = AXIS2_PLACEMENT_3D ( 'NONE', #1649, #746, #2984 ) ;
#1467 = ADVANCED_FACE ( 'NONE', ( #562 ), #3378, .F. ) ;
#1468 = PLANE ( 'NONE',  #773 ) ;
#1469 = VECTOR ( 'NONE', #2334, 1000.000000000000000 ) ;
#1470 = ORIENTED_EDGE ( 'NONE', *, *, #252, .F. ) ;
#1471 = CARTESIAN_POINT ( 'NONE',  ( 0.4999999999999995559, 3.766961640367472608, 1.200000000000000178 ) ) ;
#1472 = VECTOR ( 'NONE', #3279, 1000.000000000000000 ) ;
#1473 = AXIS2_PLACEMENT_3D ( 'NONE', #1502, #173, #734 ) ;
#1474 = ORIENTED_EDGE ( 'NONE', *, *, #1925, .F. ) ;
#1475 = ORIENTED_EDGE ( 'NONE', *, *, #3566, .F. ) ;
#1476 = CARTESIAN_POINT ( 'NONE',  ( -6.100000000000000533, 5.500000000000000000, 0.000000000000000000 ) ) ;
#1477 = VECTOR ( 'NONE', #2449, 1000.000000000000000 ) ;
#1478 = VECTOR ( 'NONE', #3, 1000.000000000000000 ) ;
#1479 = ORIENTED_EDGE ( 'NONE', *, *, #3211, .T. ) ;
#1480 = AXIS2_PLACEMENT_3D ( 'NONE', #491, #1888, #1557 ) ;
#1481 = DIRECTION ( 'NONE',  ( -1.000000000000000000, 0.000000000000000000, 0.000000000000000000 ) ) ;
#1482 = VECTOR ( 'NONE', #2730, 1000.000000000000000 ) ;
#1483 = DIRECTION ( 'NONE',  ( -0.000000000000000000, 1.000000000000000000, -0.000000000000000000 ) ) ;
#1484 = CARTESIAN_POINT ( 'NONE',  ( -5.500000000000000888, 0.000000000000000000, 9.400000000000000355 ) ) ;
#1485 = AXIS2_PLACEMENT_3D ( 'NONE', #595, #3447, #2564 ) ;
#1486 = DIRECTION ( 'NONE',  ( -0.000000000000000000, 1.000000000000000000, -0.000000000000000000 ) ) ;
#1487 = CARTESIAN_POINT ( 'NONE',  ( 3.309999999999999609, 4.053580905177738768E-16, 1.450000000000003286 ) ) ;
#1488 = DIRECTION ( 'NONE',  ( 1.000000000000000000, 0.000000000000000000, 0.000000000000000000 ) ) ;
#1489 = EDGE_CURVE ( 'NONE', #3406, #63, #1151, .T. ) ;
#1490 = CARTESIAN_POINT ( 'NONE',  ( 16.50000000000000000, -7.500000000000000000, 3.000000000000000000 ) ) ;
#1491 = ORIENTED_EDGE ( 'NONE', *, *, #3227, .T. ) ;
#1492 = CARTESIAN_POINT ( 'NONE',  ( -13.50000000000000000, -7.500000000000000000, 3.000000000000000000 ) ) ;
#1493 = EDGE_CURVE ( 'NONE', #2027, #3625, #11, .T. ) ;
#1494 = VERTEX_POINT ( 'NONE', #1980 ) ;
#1495 = ORIENTED_EDGE ( 'NONE', *, *, #450, .T. ) ;
#1496 = LINE ( 'NONE', #92, #2650 ) ;
#1497 =( NAMED_UNIT ( * ) SI_UNIT ( $, .STERADIAN. ) SOLID_ANGLE_UNIT ( ) );
#1498 = ORIENTED_EDGE ( 'NONE', *, *, #274, .F. ) ;
#1499 = CARTESIAN_POINT ( 'NONE',  ( -13.50000000000000178, -5.500000000000000000, 0.000000000000000000 ) ) ;
#1500 = DIRECTION ( 'NONE',  ( 0.000000000000000000, 0.000000000000000000, 1.000000000000000000 ) ) ;
#1501 = CARTESIAN_POINT ( 'NONE',  ( 11.00000000000000355, 4.283239619235636120, 1.000000000000001332 ) ) ;
#1502 = CARTESIAN_POINT ( 'NONE',  ( 0.000000000000000000, 0.000000000000000000, 3.000000000000000000 ) ) ;
#1503 = CARTESIAN_POINT ( 'NONE',  ( 11.50000000000000355, 5.355493079490424080, 0.4999999999999998890 ) ) ;
#1504 = ORIENTED_EDGE ( 'NONE', *, *, #926, .T. ) ;
#1505 = DIRECTION ( 'NONE',  ( 1.000000000000000000, 0.000000000000000000, 0.000000000000000000 ) ) ;
#1506 = EDGE_CURVE ( 'NONE', #2074, #480, #2012, .T. ) ;
#1507 = ORIENTED_EDGE ( 'NONE', *, *, #373, .T. ) ;
#1508 = EDGE_LOOP ( 'NONE', ( #2103, #1504, #1084, #2470 ) ) ;
#1509 = PRODUCT_DEFINITION_CONTEXT ( 'detailed design', #2575, 'design' ) ;
#1510 = ADVANCED_FACE ( 'NONE', ( #2579 ), #598, .F. ) ;
#1511 = ORIENTED_EDGE ( 'NONE', *, *, #3446, .F. ) ;
#1512 = LINE ( 'NONE', #2940, #3587 ) ;
#1513 = EDGE_CURVE ( 'NONE', #1984, #2453, #2037, .T. ) ;
#1514 = ORIENTED_EDGE ( 'NONE', *, *, #658, .T. ) ;
#1515 = CARTESIAN_POINT ( 'NONE',  ( 15.50000000000000355, 5.355493079490425856, 0.4999999999999998890 ) ) ;
#1516 = CARTESIAN_POINT ( 'NONE',  ( -13.50000000000000000, -2.500000000000000444, 3.000000000000000000 ) ) ;
#1517 = LINE ( 'NONE', #81, #2131 ) ;
#1518 = ORIENTED_EDGE ( 'NONE', *, *, #180, .T. ) ;
#1519 = LINE ( 'NONE', #2634, #2482 ) ;
#1520 = DIRECTION ( 'NONE',  ( 1.000000000000000000, 0.000000000000000000, -1.734723475976807094E-16 ) ) ;
#1521 = ORIENTED_EDGE ( 'NONE', *, *, #296, .T. ) ;
#1522 = EDGE_LOOP ( 'NONE', ( #791, #2143, #1297, #742 ) ) ;
#1523 = CARTESIAN_POINT ( 'NONE',  ( 1.734723475976807094E-15, 0.000000000000000000, 9.400000000000000355 ) ) ;
#1524 = VECTOR ( 'NONE', #1595, 1000.000000000000000 ) ;
#1525 = ORIENTED_EDGE ( 'NONE', *, *, #3032, .F. ) ;
#1526 = VECTOR ( 'NONE', #816, 1000.000000000000000 ) ;
#1527 = ORIENTED_EDGE ( 'NONE', *, *, #1938, .F. ) ;
#1528 = FACE_OUTER_BOUND ( 'NONE', #514, .T. ) ;
#1529 = EDGE_CURVE ( 'NONE', #2452, #2019, #2892, .T. ) ;
#1530 = CIRCLE ( 'NONE', #3107, 1.100000000000000311 ) ;
#1531 = VERTEX_POINT ( 'NONE', #2603 ) ;
#1532 = DIRECTION ( 'NONE',  ( -0.000000000000000000, -0.000000000000000000, 1.000000000000000000 ) ) ;
#1533 = DIRECTION ( 'NONE',  ( 1.214255053933703751E-16, 1.000000000000000000, -0.000000000000000000 ) ) ;
#1534 = AXIS2_PLACEMENT_3D ( 'NONE', #3440, #936, #2060 ) ;
#1535 = CIRCLE ( 'NONE', #650, 3.799999999999999822 ) ;
#1536 = EDGE_CURVE ( 'NONE', #2690, #2745, #2616, .T. ) ;
#1537 = DIRECTION ( 'NONE',  ( 0.000000000000000000, -1.000000000000000000, 0.000000000000000000 ) ) ;
#1538 = AXIS2_PLACEMENT_3D ( 'NONE', #2352, #1500, #3454 ) ;
#1539 = VECTOR ( 'NONE', #2851, 1000.000000000000114 ) ;
#1540 = CARTESIAN_POINT ( 'NONE',  ( 10.50000000000000000, 4.727381544774648781, 0.7928932188134528714 ) ) ;
#1541 = DIRECTION ( 'NONE',  ( 1.000000000000000000, 0.000000000000000000, 0.000000000000000000 ) ) ;
#1542 = VECTOR ( 'NONE', #1276, 1000.000000000000000 ) ;
#1543 = DIRECTION ( 'NONE',  ( -1.000000000000000000, -0.000000000000000000, -0.000000000000000000 ) ) ;
#1544 = DIRECTION ( 'NONE',  ( 0.000000000000000000, 0.000000000000000000, -1.000000000000000000 ) ) ;
#1545 = CIRCLE ( 'NONE', #1485, 0.5000000000000013323 ) ;
#1546 = ORIENTED_EDGE ( 'NONE', *, *, #1023, .T. ) ;
#1547 = VECTOR ( 'NONE', #579, 1000.000000000000000 ) ;
#1548 = CARTESIAN_POINT ( 'NONE',  ( -13.50000000000000178, 4.500000000000000000, 0.000000000000000000 ) ) ;
#1549 = VERTEX_POINT ( 'NONE', #982 ) ;
#1550 = ORIENTED_EDGE ( 'NONE', *, *, #1017, .F. ) ;
#1551 = DIRECTION ( 'NONE',  ( 0.7071067811865394681, 8.659560562354835483E-17, -0.7071067811865555663 ) ) ;
#1552 = LINE ( 'NONE', #1484, #958 ) ;
#1553 = ORIENTED_EDGE ( 'NONE', *, *, #2692, .F. ) ;
#1554 = DIRECTION ( 'NONE',  ( 1.000000000000000000, 0.000000000000000000, 0.000000000000000000 ) ) ;
#1555 = CARTESIAN_POINT ( 'NONE',  ( -0.4999999999999991673, -6.071275269668507664E-17, 1.200000000000000178 ) ) ;
#1556 = EDGE_CURVE ( 'NONE', #3386, #212, #10, .T. ) ;
#1557 = DIRECTION ( 'NONE',  ( 1.000000000000000000, 0.000000000000000000, 0.000000000000000000 ) ) ;
#1558 = VERTEX_POINT ( 'NONE', #2631 ) ;
#1559 = LINE ( 'NONE', #2671, #3100 ) ;
#1560 = DIRECTION ( 'NONE',  ( 0.000000000000000000, 0.000000000000000000, 1.000000000000000000 ) ) ;
#1561 = EDGE_CURVE ( 'NONE', #918, #2525, #2925, .T. ) ;
#1562 = CARTESIAN_POINT ( 'NONE',  ( 13.00000000000000355, -7.500000000000000000, 1.000000000000001332 ) ) ;
#1563 = EDGE_CURVE ( 'NONE', #2983, #3588, #1718, .T. ) ;
#1564 = LINE ( 'NONE', #3222, #2423 ) ;
#1565 = ORIENTED_EDGE ( 'NONE', *, *, #1761, .T. ) ;
#1566 = CARTESIAN_POINT ( 'NONE',  ( -13.50000000000000178, -4.500000000000000888, 0.000000000000000000 ) ) ;
#1567 = ORIENTED_EDGE ( 'NONE', *, *, #1401, .T. ) ;
#1568 = VERTEX_POINT ( 'NONE', #3158 ) ;
#1569 = DIRECTION ( 'NONE',  ( 1.000000000000000000, 3.787379036400652809E-16, 0.000000000000000000 ) ) ;
#1570 = ORIENTED_EDGE ( 'NONE', *, *, #2488, .T. ) ;
#1571 = CARTESIAN_POINT ( 'NONE',  ( 0.4999999999999991673, 0.6818181818181827669, 9.400000000000000355 ) ) ;
#1572 = FACE_OUTER_BOUND ( 'NONE', #2421, .T. ) ;
#1573 = CARTESIAN_POINT ( 'NONE',  ( 10.50000000000000000, -7.500000000000000000, -9.500000000000000000 ) ) ;
#1574 = ORIENTED_EDGE ( 'NONE', *, *, #772, .T. ) ;
#1575 = DIRECTION ( 'NONE',  ( 0.000000000000000000, -0.000000000000000000, -1.000000000000000000 ) ) ;
#1576 = DIRECTION ( 'NONE',  ( 1.000000000000000000, 0.000000000000000000, 0.000000000000000000 ) ) ;
#1577 = CARTESIAN_POINT ( 'NONE',  ( -13.50000000000000000, -2.500000000000000444, 0.000000000000000000 ) ) ;
#1578 = DIRECTION ( 'NONE',  ( 1.000000000000000000, 0.000000000000000000, 0.000000000000000000 ) ) ;
#1579 = EDGE_CURVE ( 'NONE', #3011, #474, #3509, .T. ) ;
#1580 = ORIENTED_EDGE ( 'NONE', *, *, #2875, .T. ) ;
#1581 = EDGE_CURVE ( 'NONE', #70, #2958, #2078, .T. ) ;
#1582 = DIRECTION ( 'NONE',  ( 0.000000000000000000, -0.000000000000000000, 1.000000000000000000 ) ) ;
#1583 = ADVANCED_FACE ( 'NONE', ( #3183 ), #2388, .F. ) ;
#1584 = EDGE_LOOP ( 'NONE', ( #2304, #3555, #133, #753 ) ) ;
#1585 = ORIENTED_EDGE ( 'NONE', *, *, #3387, .T. ) ;
#1586 = ORIENTED_EDGE ( 'NONE', *, *, #1786, .F. ) ;
#1587 = VECTOR ( 'NONE', #2207, 1000.000000000000000 ) ;
#1588 = DIRECTION ( 'NONE',  ( 0.000000000000000000, 0.000000000000000000, 1.000000000000000000 ) ) ;
#1589 = VECTOR ( 'NONE', #2296, 1000.000000000000000 ) ;
#1590 = ORIENTED_EDGE ( 'NONE', *, *, #592, .T. ) ;
#1591 = DIRECTION ( 'NONE',  ( 0.000000000000000000, 1.000000000000000000, 0.000000000000000000 ) ) ;
#1592 = VECTOR ( 'NONE', #2471, 1000.000000000000000 ) ;
#1593 = DIRECTION ( 'NONE',  ( -0.000000000000000000, -0.000000000000000000, 1.000000000000000000 ) ) ;
#1594 = ORIENTED_EDGE ( 'NONE', *, *, #252, .T. ) ;
#1595 = DIRECTION ( 'NONE',  ( -0.000000000000000000, -0.000000000000000000, 1.000000000000000000 ) ) ;
#1596 = AXIS2_PLACEMENT_3D ( 'NONE', #1946, #2760, #2447 ) ;
#1597 = CARTESIAN_POINT ( 'NONE',  ( 0.000000000000000000, 0.000000000000000000, 3.000000000000000000 ) ) ;
#1598 = DIRECTION ( 'NONE',  ( -0.7071067811865477948, -3.271025955591200133E-16, 0.7071067811865473507 ) ) ;
#1599 = AXIS2_PLACEMENT_3D ( 'NONE', #261, #2770, #1385 ) ;
#1600 = DIRECTION ( 'NONE',  ( 1.000000000000000000, 0.000000000000000000, -0.000000000000000000 ) ) ;
#1601 = AXIS2_PLACEMENT_3D ( 'NONE', #2499, #3582, #1615 ) ;
#1602 = ORIENTED_EDGE ( 'NONE', *, *, #2732, .T. ) ;
#1603 = CARTESIAN_POINT ( 'NONE',  ( 0.000000000000000000, 0.000000000000000000, 9.400000000000000355 ) ) ;
#1604 = CIRCLE ( 'NONE', #1013, 0.5000000000000004441 ) ;
#1605 = VECTOR ( 'NONE', #591, 1000.000000000000114 ) ;
#1606 = EDGE_CURVE ( 'NONE', #462, #892, #1797, .T. ) ;
#1607 = AXIS2_PLACEMENT_3D ( 'NONE', #168, #2439, #1261 ) ;
#1608 = CIRCLE ( 'NONE', #1309, 0.5000000000000013323 ) ;
#1609 = ORIENTED_EDGE ( 'NONE', *, *, #2331, .T. ) ;
#1610 = ORIENTED_EDGE ( 'NONE', *, *, #1038, .T. ) ;
#1611 = EDGE_CURVE ( 'NONE', #3152, #19, #705, .T. ) ;
#1612 = CARTESIAN_POINT ( 'NONE',  ( 10.50000000000000000, -7.500000000000000000, -9.500000000000000000 ) ) ;
#1613 = EDGE_CURVE ( 'NONE', #37, #1792, #3199, .T. ) ;
#1614 = ORIENTED_EDGE ( 'NONE', *, *, #45, .F. ) ;
#1615 = DIRECTION ( 'NONE',  ( 1.000000000000000000, 0.000000000000000000, 0.000000000000000000 ) ) ;
#1616 = DIRECTION ( 'NONE',  ( 0.000000000000000000, -0.000000000000000000, -1.000000000000000000 ) ) ;
#1617 = ORIENTED_EDGE ( 'NONE', *, *, #2849, .T. ) ;
#1618 = CARTESIAN_POINT ( 'NONE',  ( 11.29289321881345565, 4.283239619235635232, 1.000000000000001332 ) ) ;
#1619 = PLANE ( 'NONE',  #534 ) ;
#1620 = LINE ( 'NONE', #3480, #3063 ) ;
#1621 = DIRECTION ( 'NONE',  ( 1.156482317317871478E-16, -1.000000000000000000, 0.000000000000000000 ) ) ;
#1622 = ORIENTED_EDGE ( 'NONE', *, *, #1529, .T. ) ;
#1623 = CARTESIAN_POINT ( 'NONE',  ( -0.4571056322550007267, 3.973795973746104160, -8.313708498984761164 ) ) ;
#1624 = EDGE_CURVE ( 'NONE', #2436, #262, #394, .T. ) ;
#1625 = VERTEX_POINT ( 'NONE', #111 ) ;
#1626 = DIRECTION ( 'NONE',  ( -0.000000000000000000, -0.000000000000000000, -1.000000000000000000 ) ) ;
#1627 = EDGE_CURVE ( 'NONE', #1440, #3135, #1241, .T. ) ;
#1628 = EDGE_CURVE ( 'NONE', #22, #2497, #153, .T. ) ;
#1629 = CARTESIAN_POINT ( 'NONE',  ( -13.50000000000000178, 7.500000000000000000, 3.000000000000000000 ) ) ;
#1630 = DIRECTION ( 'NONE',  ( -0.000000000000000000, -0.000000000000000000, -1.000000000000000000 ) ) ;
#1631 = ORIENTED_EDGE ( 'NONE', *, *, #2, .F. ) ;
#1632 = CARTESIAN_POINT ( 'NONE',  ( -13.50000000000000000, -1.500000000000000444, 0.000000000000000000 ) ) ;
#1633 = DIRECTION ( 'NONE',  ( -0.000000000000000000, -0.000000000000000000, -1.000000000000000000 ) ) ;
#1634 = CARTESIAN_POINT ( 'NONE',  ( -0.5000000000000000000, 7.500000000000000000, 3.000000000000000000 ) ) ;
#1635 = LINE ( 'NONE', #3039, #948 ) ;
#1636 = ORIENTED_EDGE ( 'NONE', *, *, #3616, .F. ) ;
#1637 = LINE ( 'NONE', #1118, #2536 ) ;
#1638 = EDGE_LOOP ( 'NONE', ( #832, #961 ) ) ;
#1639 = CARTESIAN_POINT ( 'NONE',  ( 3.184927093632675010, 3.499999999999993783, 3.000000000000000000 ) ) ;
#1640 = DIRECTION ( 'NONE',  ( -3.787379036400652809E-16, 1.000000000000000000, 0.000000000000000000 ) ) ;
#1641 = CARTESIAN_POINT ( 'NONE',  ( -13.50000000000000178, 2.499999999999999556, 3.000000000000000000 ) ) ;
#1642 = VERTEX_POINT ( 'NONE', #966 ) ;
#1643 = VECTOR ( 'NONE', #82, 1000.000000000000000 ) ;
#1644 = DIRECTION ( 'NONE',  ( 0.000000000000000000, -0.000000000000000000, -1.000000000000000000 ) ) ;
#1645 = EDGE_CURVE ( 'NONE', #1549, #2235, #2190, .T. ) ;
#1646 = DIRECTION ( 'NONE',  ( 1.156482317317871478E-16, 1.000000000000000000, -0.000000000000000000 ) ) ;
#1647 = AXIS2_PLACEMENT_3D ( 'NONE', #1410, #2241, #1150 ) ;
#1648 = VERTEX_POINT ( 'NONE', #729 ) ;
#1649 = CARTESIAN_POINT ( 'NONE',  ( -3.800000000000000266, -5.181818181818181657, 0.000000000000000000 ) ) ;
#1650 = PLANE ( 'NONE',  #3579 ) ;
#1651 = VECTOR ( 'NONE', #1789, 1000.000000000000000 ) ;
#1652 = ADVANCED_FACE ( 'NONE', ( #410 ), #135, .F. ) ;
#1653 = LINE ( 'NONE', #1412, #1255 ) ;
#1654 = CARTESIAN_POINT ( 'NONE',  ( -7.500000000000001776, -3.500000000000000444, 3.000000000000000000 ) ) ;
#1655 = AXIS2_PLACEMENT_3D ( 'NONE', #951, #2429, #1228 ) ;
#1656 = ORIENTED_EDGE ( 'NONE', *, *, #1108, .T. ) ;
#1657 = DIRECTION ( 'NONE',  ( 0.000000000000000000, 0.000000000000000000, 1.000000000000000000 ) ) ;
#1658 = VECTOR ( 'NONE', #3331, 1000.000000000000000 ) ;
#1659 = VECTOR ( 'NONE', #1375, 1000.000000000000000 ) ;
#1660 = CARTESIAN_POINT ( 'NONE',  ( -7.500000000000001776, -6.000000000000000000, 0.000000000000000000 ) ) ;
#1661 = CIRCLE ( 'NONE', #1130, 4.000000000000000000 ) ;
#1662 = EDGE_LOOP ( 'NONE', ( #1857, #1274, #1912, #3423, #1162, #1346, #1783, #2797, #1614, #1711, #1218, #1498, #1349, #3368, #1390, #281, #1317, #2788, #2847, #440, #1222, #3177 ) ) ;
#1663 = AXIS2_PLACEMENT_3D ( 'NONE', #3360, #2550, #558 ) ;
#1664 = FACE_OUTER_BOUND ( 'NONE', #3316, .T. ) ;
#1665 = CARTESIAN_POINT ( 'NONE',  ( 7.500000000000001776, 7.500000000000000000, -9.500000000000000000 ) ) ;
#1666 = CIRCLE ( 'NONE', #1192, 3.799999999999999822 ) ;
#1667 = AXIS2_PLACEMENT_3D ( 'NONE', #2409, #198, #175 ) ;
#1668 = VERTEX_POINT ( 'NONE', #3560 ) ;
#1669 = VERTEX_POINT ( 'NONE', #2475 ) ;
#1670 = DIRECTION ( 'NONE',  ( -1.000000000000000000, -0.000000000000000000, -0.000000000000000000 ) ) ;
#1671 = DIRECTION ( 'NONE',  ( 0.000000000000000000, 0.000000000000000000, 1.000000000000000000 ) ) ;
#1672 = ORIENTED_EDGE ( 'NONE', *, *, #28, .T. ) ;
#1673 = EDGE_CURVE ( 'NONE', #918, #351, #1838, .T. ) ;
#1674 = DIRECTION ( 'NONE',  ( 1.955002186714928898E-16, -0.4226182617406972764, -0.9063077870366510469 ) ) ;
#1675 = DIRECTION ( 'NONE',  ( -0.000000000000000000, -0.000000000000000000, 1.000000000000000000 ) ) ;
#1676 = LINE ( 'NONE', #3592, #2360 ) ;
#1677 = CARTESIAN_POINT ( 'NONE',  ( -7.500000000000001776, -6.000000000000000000, 0.000000000000000000 ) ) ;
#1678 = EDGE_CURVE ( 'NONE', #1254, #922, #2310, .T. ) ;
#1679 = ORIENTED_EDGE ( 'NONE', *, *, #90, .T. ) ;
#1680 = CARTESIAN_POINT ( 'NONE',  ( -7.500000000000001776, -4.000000000000000000, 0.000000000000000000 ) ) ;
#1681 = EDGE_CURVE ( 'NONE', #2944, #3468, #362, .T. ) ;
#1682 = CARTESIAN_POINT ( 'NONE',  ( 12.50000000000000000, 7.499999999999998224, -0.5000000000000004441 ) ) ;
#1683 = ORIENTED_EDGE ( 'NONE', *, *, #2233, .T. ) ;
#1684 = DIRECTION ( 'NONE',  ( -0.000000000000000000, -0.000000000000000000, 1.000000000000000000 ) ) ;
#1685 = ORIENTED_EDGE ( 'NONE', *, *, #1788, .T. ) ;
#1686 = LINE ( 'NONE', #3101, #1605 ) ;
#1687 = DIRECTION ( 'NONE',  ( 0.000000000000000000, 0.000000000000000000, 1.000000000000000000 ) ) ;
#1688 = CARTESIAN_POINT ( 'NONE',  ( -13.50000000000000178, -0.5000000000000004441, 0.000000000000000000 ) ) ;
#1689 = DIRECTION ( 'NONE',  ( -0.000000000000000000, -0.000000000000000000, -1.000000000000000000 ) ) ;
#1690 = LINE ( 'NONE', #3608, #1725 ) ;
#1691 = DIRECTION ( 'NONE',  ( 0.000000000000000000, 0.000000000000000000, 1.000000000000000000 ) ) ;
#1692 = ORIENTED_EDGE ( 'NONE', *, *, #1404, .F. ) ;
#1693 = EDGE_CURVE ( 'NONE', #2436, #74, #2720, .T. ) ;
#1694 = CARTESIAN_POINT ( 'NONE',  ( 13.50000000000000355, 4.727381544774648781, 0.7928932188134536485 ) ) ;
#1695 = EDGE_LOOP ( 'NONE', ( #1760, #2511, #3224, #2395 ) ) ;
#1696 = CARTESIAN_POINT ( 'NONE',  ( 10.50000000000000000, -7.500000000000000000, -9.500000000000000000 ) ) ;
#1697 = FACE_OUTER_BOUND ( 'NONE', #677, .T. ) ;
#1698 = ORIENTED_EDGE ( 'NONE', *, *, #67, .F. ) ;
#1699 = DIRECTION ( 'NONE',  ( -1.000000000000000000, 0.000000000000000000, 0.000000000000000000 ) ) ;
#1700 = FACE_OUTER_BOUND ( 'NONE', #3134, .T. ) ;
#1701 = ORIENTED_EDGE ( 'NONE', *, *, #2191, .F. ) ;
#1702 = CYLINDRICAL_SURFACE ( 'NONE', #2001, 0.4999999999999995559 ) ;
#1703 = CARTESIAN_POINT ( 'NONE',  ( 14.50000000000000178, 4.727381544774650557, 0.7928932188134528714 ) ) ;
#1704 = CARTESIAN_POINT ( 'NONE',  ( -6.100000000000000533, 5.500000000000000000, 3.000000000000000000 ) ) ;
#1705 = LINE ( 'NONE', #3059, #712 ) ;
#1706 =( BOUNDED_CURVE ( )  B_SPLINE_CURVE ( 3, ( #2251, #3355, #1694, #398 ),
 .UNSPECIFIED., .F., .T. ) 
 B_SPLINE_CURVE_WITH_KNOTS ( ( 4, 4 ),
 ( 3.141592653589793116, 4.712388980384689674 ),
 .UNSPECIFIED. ) 
 CURVE ( )  GEOMETRIC_REPRESENTATION_ITEM ( )  RATIONAL_B_SPLINE_CURVE ( ( 1.000000000000000000, 0.8047378541243649375, 0.8047378541243649375, 1.000000000000000000 ) ) 
 REPRESENTATION_ITEM ( '' )  );
#1707 = VERTEX_POINT ( 'NONE', #3018 ) ;
#1708 = VECTOR ( 'NONE', #3055, 1000.000000000000000 ) ;
#1709 = CARTESIAN_POINT ( 'NONE',  ( 15.50000000000000355, 5.355493079490425856, 0.4999999999999998890 ) ) ;
#1710 = VECTOR ( 'NONE', #179, 1000.000000000000000 ) ;
#1711 = ORIENTED_EDGE ( 'NONE', *, *, #995, .F. ) ;
#1712 = DIRECTION ( 'NONE',  ( -1.000000000000000000, -0.000000000000000000, -0.000000000000000000 ) ) ;
#1713 = ADVANCED_FACE ( 'NONE', ( #1572 ), #3323, .F. ) ;
#1714 = CIRCLE ( 'NONE', #1599, 0.5000000000000004441 ) ;
#1715 = VECTOR ( 'NONE', #117, 1000.000000000000000 ) ;
#1716 = DIRECTION ( 'NONE',  ( -0.000000000000000000, -0.000000000000000000, 1.000000000000000000 ) ) ;
#1717 = CIRCLE ( 'NONE', #829, 3.559999999999997389 ) ;
#1718 = CIRCLE ( 'NONE', #247, 1.100000000000000311 ) ;
#1719 = ORIENTED_EDGE ( 'NONE', *, *, #968, .F. ) ;
#1720 = ADVANCED_FACE ( 'NONE', ( #505 ), #758, .T. ) ;
#1721 = DIRECTION ( 'NONE',  ( 0.9998545669587437512, 0.01705417637246715509, 0.000000000000000000 ) ) ;
#1722 = AXIS2_PLACEMENT_3D ( 'NONE', #1907, #1569, #3558 ) ;
#1723 = EDGE_CURVE ( 'NONE', #317, #3406, #535, .T. ) ;
#1724 = DIRECTION ( 'NONE',  ( -1.000000000000000000, -0.000000000000000000, -0.000000000000000000 ) ) ;
#1725 = VECTOR ( 'NONE', #1058, 1000.000000000000000 ) ;
#1726 = VERTEX_POINT ( 'NONE', #1939 ) ;
#1727 = CARTESIAN_POINT ( 'NONE',  ( 3.184927093632675010, 3.499999999999993783, 1.365230632619982121 ) ) ;
#1728 = DIRECTION ( 'NONE',  ( -1.000000000000000000, 0.000000000000000000, 0.000000000000000000 ) ) ;
#1729 = ORIENTED_EDGE ( 'NONE', *, *, #319, .F. ) ;
#1730 = CARTESIAN_POINT ( 'NONE',  ( 0.000000000000000000, 0.000000000000000000, 1.450000000000003286 ) ) ;
#1731 = LINE ( 'NONE', #3384, #361 ) ;
#1732 = EDGE_LOOP ( 'NONE', ( #2125, #1586, #2382, #3069 ) ) ;
#1733 = CARTESIAN_POINT ( 'NONE',  ( 0.000000000000000000, 0.000000000000000000, 0.000000000000000000 ) ) ;
#1734 = PLANE ( 'NONE',  #66 ) ;
#1735 = ORIENTED_EDGE ( 'NONE', *, *, #2547, .F. ) ;
#1736 = CARTESIAN_POINT ( 'NONE',  ( 0.000000000000000000, 0.000000000000000000, -9.500000000000000000 ) ) ;
#1737 = ADVANCED_FACE ( 'NONE', ( #447 ), #2759, .F. ) ;
#1738 = CARTESIAN_POINT ( 'NONE',  ( -13.50000000000000178, 2.499999999999999556, 0.000000000000000000 ) ) ;
#1739 = EDGE_CURVE ( 'NONE', #2497, #3214, #3230, .T. ) ;
#1740 = VERTEX_POINT ( 'NONE', #1024 ) ;
#1741 = DIRECTION ( 'NONE',  ( 0.000000000000000000, -1.000000000000000000, 0.000000000000000000 ) ) ;
#1742 = DIRECTION ( 'NONE',  ( -1.000000000000000000, 0.000000000000000000, 0.000000000000000000 ) ) ;
#1743 =( NAMED_UNIT ( * ) SI_UNIT ( $, .STERADIAN. ) SOLID_ANGLE_UNIT ( ) );
#1744 = CYLINDRICAL_SURFACE ( 'NONE', #3173, 3.309999999999999609 ) ;
#1745 = ORIENTED_EDGE ( 'NONE', *, *, #629, .F. ) ;
#1746 = CARTESIAN_POINT ( 'NONE',  ( 15.00000000000000355, -7.500000000000000000, 0.5000000000000000000 ) ) ;
#1747 = DIRECTION ( 'NONE',  ( 0.000000000000000000, -1.000000000000000000, 0.000000000000000000 ) ) ;
#1748 = ORIENTED_EDGE ( 'NONE', *, *, #3050, .F. ) ;
#1749 = CARTESIAN_POINT ( 'NONE',  ( -13.50000000000000178, 3.499999999999999556, 0.000000000000000000 ) ) ;
#1750 = VERTEX_POINT ( 'NONE', #1037 ) ;
#1751 = VERTEX_POINT ( 'NONE', #2457 ) ;
#1752 = CARTESIAN_POINT ( 'NONE',  ( -5.600000000000000533, 4.000000000000000000, 0.000000000000000000 ) ) ;
#1753 = DIRECTION ( 'NONE',  ( 1.156482317317871478E-16, -1.000000000000000000, 0.000000000000000000 ) ) ;
#1754 = ORIENTED_EDGE ( 'NONE', *, *, #2551, .T. ) ;
#1755 = LINE ( 'NONE', #981, #702 ) ;
#1756 = CARTESIAN_POINT ( 'NONE',  ( 8.500000000000000000, 7.500000000000000000, 1.499999999999996225 ) ) ;
#1757 = EDGE_CURVE ( 'NONE', #727, #2436, #2149, .T. ) ;
#1758 = CARTESIAN_POINT ( 'NONE',  ( 6.999999999999995559, 7.499999999999987566, 3.000000000000000000 ) ) ;
#1759 = DIRECTION ( 'NONE',  ( 1.156482317317871478E-16, -1.000000000000000000, 0.000000000000000000 ) ) ;
#1760 = ORIENTED_EDGE ( 'NONE', *, *, #1805, .T. ) ;
#1761 = EDGE_CURVE ( 'NONE', #1866, #1326, #1093, .T. ) ;
#1762 = VECTOR ( 'NONE', #3312, 1000.000000000000000 ) ;
#1763 = FACE_OUTER_BOUND ( 'NONE', #1444, .T. ) ;
#1764 = VECTOR ( 'NONE', #3548, 1000.000000000000000 ) ;
#1765 = ORIENTED_EDGE ( 'NONE', *, *, #1315, .T. ) ;
#1766 = DIRECTION ( 'NONE',  ( -0.000000000000000000, -0.000000000000000000, 1.000000000000000000 ) ) ;
#1767 = VECTOR ( 'NONE', #3170, 1000.000000000000000 ) ;
#1768 = AXIS2_PLACEMENT_3D ( 'NONE', #2584, #364, #1488 ) ;
#1769 = ORIENTED_EDGE ( 'NONE', *, *, #2081, .F. ) ;
#1770 = ORIENTED_EDGE ( 'NONE', *, *, #386, .T. ) ;
#1771 = LINE ( 'NONE', #1752, #3005 ) ;
#1772 = CIRCLE ( 'NONE', #1534, 4.650000000000000355 ) ;
#1773 = VECTOR ( 'NONE', #297, 1000.000000000000000 ) ;
#1774 = CARTESIAN_POINT ( 'NONE',  ( 0.000000000000000000, 0.000000000000000000, 1.200000000000000178 ) ) ;
#1775 = ORIENTED_EDGE ( 'NONE', *, *, #93, .T. ) ;
#1776 = AXIS2_PLACEMENT_3D ( 'NONE', #3624, #526, #1115 ) ;
#1777 = CARTESIAN_POINT ( 'NONE',  ( -1.734723475976807094E-15, -4.809999999999999609, 3.000000000000000000 ) ) ;
#1778 = AXIS2_PLACEMENT_3D ( 'NONE', #1269, #2673, #2392 ) ;
#1779 = CARTESIAN_POINT ( 'NONE',  ( -3.424894045943700505, -2.066422215826031916, -8.313708498984761164 ) ) ;
#1780 = CARTESIAN_POINT ( 'NONE',  ( -13.50000000000000178, 6.500000000000000000, 0.000000000000000000 ) ) ;
#1781 = AXIS2_PLACEMENT_3D ( 'NONE', #3513, #2954, #1301 ) ;
#1782 = ADVANCED_FACE ( 'NONE', ( #2443 ), #3289, .F. ) ;
#1783 = ORIENTED_EDGE ( 'NONE', *, *, #610, .F. ) ;
#1784 = LINE ( 'NONE', #2135, #2246 ) ;
#1785 = CARTESIAN_POINT ( 'NONE',  ( 0.4999999999999995559, 3.272017726113352953, 3.000000000000000000 ) ) ;
#1786 = EDGE_CURVE ( 'NONE', #2844, #3152, #830, .T. ) ;
#1787 = ORIENTED_EDGE ( 'NONE', *, *, #932, .F. ) ;
#1788 = EDGE_CURVE ( 'NONE', #2944, #2247, #2734, .T. ) ;
#1789 = DIRECTION ( 'NONE',  ( -0.000000000000000000, -0.000000000000000000, 1.000000000000000000 ) ) ;
#1790 = VERTEX_POINT ( 'NONE', #193 ) ;
#1791 = VERTEX_POINT ( 'NONE', #3270 ) ;
#1792 = VERTEX_POINT ( 'NONE', #224 ) ;
#1793 = DIRECTION ( 'NONE',  ( 0.000000000000000000, -0.000000000000000000, -1.000000000000000000 ) ) ;
#1794 = SURFACE_STYLE_USAGE ( .BOTH. , #669 ) ;
#1795 = ORIENTED_EDGE ( 'NONE', *, *, #842, .T. ) ;
#1796 = CYLINDRICAL_SURFACE ( 'NONE', #113, 0.5000000000000004441 ) ;
#1797 = LINE ( 'NONE', #2948, #1068 ) ;
#1798 = LINE ( 'NONE', #326, #2592 ) ;
#1799 = FACE_OUTER_BOUND ( 'NONE', #2270, .T. ) ;
#1800 = CARTESIAN_POINT ( 'NONE',  ( 9.500000000000001776, -7.500000000000000000, -9.500000000000000000 ) ) ;
#1801 = CARTESIAN_POINT ( 'NONE',  ( 3.799999999999999822, 4.653657836759942730E-16, 1.000000000000000000 ) ) ;
#1802 = ORIENTED_EDGE ( 'NONE', *, *, #928, .T. ) ;
#1803 = LINE ( 'NONE', #3264, #54 ) ;
#1804 = ADVANCED_FACE ( 'NONE', ( #2204 ), #3309, .F. ) ;
#1805 = EDGE_CURVE ( 'NONE', #2068, #642, #2577, .T. ) ;
#1806 = EDGE_LOOP ( 'NONE', ( #2976, #2917, #264, #402 ) ) ;
#1807 = ORIENTED_EDGE ( 'NONE', *, *, #3500, .T. ) ;
#1808 = UNCERTAINTY_MEASURE_WITH_UNIT (LENGTH_MEASURE( 1.000000000000000082E-05 ), #2033, 'distance_accuracy_value', 'NONE');
#1809 = VERTEX_POINT ( 'NONE', #1129 ) ;
#1810 = EDGE_CURVE ( 'NONE', #1045, #3448, #282, .T. ) ;
#1811 = CARTESIAN_POINT ( 'NONE',  ( -13.50000000000000178, 3.499999999999999556, 0.000000000000000000 ) ) ;
#1812 = ORIENTED_EDGE ( 'NONE', *, *, #28, .F. ) ;
#1813 = CARTESIAN_POINT ( 'NONE',  ( -6.099999999999999645, -2.000000000000000000, 0.000000000000000000 ) ) ;
#1814 = DIRECTION ( 'NONE',  ( -1.000000000000000000, 0.000000000000000000, 0.000000000000000000 ) ) ;
#1815 = DIRECTION ( 'NONE',  ( -0.000000000000000000, 0.000000000000000000, 1.000000000000000000 ) ) ;
#1816 = CARTESIAN_POINT ( 'NONE',  ( 11.50000000000000355, 7.500000000000000000, -9.500000000000000000 ) ) ;
#1817 = FACE_OUTER_BOUND ( 'NONE', #2259, .T. ) ;
#1818 = FACE_OUTER_BOUND ( 'NONE', #703, .T. ) ;
#1819 = CARTESIAN_POINT ( 'NONE',  ( -13.50000000000000178, 7.500000000000000000, 0.000000000000000000 ) ) ;
#1820 = ORIENTED_EDGE ( 'NONE', *, *, #1579, .F. ) ;
#1821 = CARTESIAN_POINT ( 'NONE',  ( -13.50000000000000178, 1.499999999999999556, 3.000000000000000000 ) ) ;
#1822 = EDGE_CURVE ( 'NONE', #2329, #474, #3391, .T. ) ;
#1823 = ORIENTED_EDGE ( 'NONE', *, *, #2833, .F. ) ;
#1824 = ORIENTED_EDGE ( 'NONE', *, *, #409, .T. ) ;
#1825 = AXIS2_PLACEMENT_3D ( 'NONE', #1523, #2412, #3250 ) ;
#1826 = ORIENTED_EDGE ( 'NONE', *, *, #3305, .F. ) ;
#1827 = DIRECTION ( 'NONE',  ( 0.000000000000000000, -1.000000000000000000, 0.000000000000000000 ) ) ;
#1828 = AXIS2_PLACEMENT_3D ( 'NONE', #1492, #2975, #1582 ) ;
#1829 = ADVANCED_FACE ( 'NONE', ( #333 ), #833, .T. ) ;
#1830 = VERTEX_POINT ( 'NONE', #1392 ) ;
#1831 = CARTESIAN_POINT ( 'NONE',  ( -0.4999999999999982792, -5.310000000000000497, 3.000000000000000000 ) ) ;
#1832 = EDGE_CURVE ( 'NONE', #1568, #2345, #2808, .T. ) ;
#1833 = DIRECTION ( 'NONE',  ( 0.000000000000000000, -0.000000000000000000, -1.000000000000000000 ) ) ;
#1834 = AXIS2_PLACEMENT_3D ( 'NONE', #3077, #564, #580 ) ;
#1835 = VECTOR ( 'NONE', #2041, 999.9999999999998863 ) ;
#1836 = DIRECTION ( 'NONE',  ( -1.000000000000000000, 0.000000000000000000, 0.000000000000000000 ) ) ;
#1837 = AXIS2_PLACEMENT_3D ( 'NONE', #3380, #2521, #3315 ) ;
#1838 = CIRCLE ( 'NONE', #1601, 0.5000000000000004441 ) ;
#1839 = ORIENTED_EDGE ( 'NONE', *, *, #1513, .F. ) ;
#1840 = ORIENTED_EDGE ( 'NONE', *, *, #186, .T. ) ;
#1841 = CARTESIAN_POINT ( 'NONE',  ( 0.4999999999999989453, -3.968626966596886074, 9.400000000000000355 ) ) ;
#1842 = PLANE ( 'NONE',  #2257 ) ;
#1843 = DIRECTION ( 'NONE',  ( -7.331258200180983982E-17, 0.9063077870366510469, -0.4226182617406972764 ) ) ;
#1844 = EDGE_LOOP ( 'NONE', ( #3374, #1030, #1388, #1553 ) ) ;
#1845 = LINE ( 'NONE', #1231, #1120 ) ;
#1846 = VERTEX_POINT ( 'NONE', #538 ) ;
#1847 = ORIENTED_EDGE ( 'NONE', *, *, #750, .F. ) ;
#1848 = ORIENTED_EDGE ( 'NONE', *, *, #3032, .T. ) ;
#1849 = LINE ( 'NONE', #3524, #899 ) ;
#1850 = DIRECTION ( 'NONE',  ( 1.000000000000000000, 4.625929269271486900E-16, -0.000000000000000000 ) ) ;
#1851 = ORIENTED_EDGE ( 'NONE', *, *, #995, .T. ) ;
#1852 = LINE ( 'NONE', #3066, #3630 ) ;
#1853 = DIRECTION ( 'NONE',  ( 0.8092510388073146377, 0.5874629828246898944, -0.000000000000000000 ) ) ;
#1854 = ADVANCED_FACE ( 'NONE', ( #2530 ), #38, .F. ) ;
#1855 = CARTESIAN_POINT ( 'NONE',  ( 0.4999999999999987232, -7.500000000000000000, 3.000000000000000000 ) ) ;
#1856 = EDGE_CURVE ( 'NONE', #3443, #2525, #2015, .T. ) ;
#1857 = ORIENTED_EDGE ( 'NONE', *, *, #2571, .F. ) ;
#1858 = CYLINDRICAL_SURFACE ( 'NONE', #1117, 4.650000000000000355 ) ;
#1859 = CARTESIAN_POINT ( 'NONE',  ( -6.099999999999999645, 0.000000000000000000, 3.000000000000000000 ) ) ;
#1860 = EDGE_CURVE ( 'NONE', #776, #2956, #851, .T. ) ;
#1861 = DIRECTION ( 'NONE',  ( -0.000000000000000000, -0.000000000000000000, -1.000000000000000000 ) ) ;
#1862 = LINE ( 'NONE', #2393, #2249 ) ;
#1863 = ORIENTED_EDGE ( 'NONE', *, *, #142, .F. ) ;
#1864 = FACE_OUTER_BOUND ( 'NONE', #3085, .T. ) ;
#1865 = ORIENTED_EDGE ( 'NONE', *, *, #912, .T. ) ;
#1866 = VERTEX_POINT ( 'NONE', #318 ) ;
#1867 = DIRECTION ( 'NONE',  ( -3.787379036400652809E-16, 1.000000000000000000, -0.000000000000000000 ) ) ;
#1868 = PRODUCT_CONTEXT ( 'NONE', #2065, 'mechanical' ) ;
#1869 = ORIENTED_EDGE ( 'NONE', *, *, #2803, .T. ) ;
#1870 = DIRECTION ( 'NONE',  ( 0.8191520442889889120, 0.5735764363510501562, 0.000000000000000000 ) ) ;
#1871 = LINE ( 'NONE', #1573, #599 ) ;
#1872 = VERTEX_POINT ( 'NONE', #1426 ) ;
#1873 = EDGE_CURVE ( 'NONE', #1791, #3602, #888, .T. ) ;
#1874 = CYLINDRICAL_SURFACE ( 'NONE', #2693, 0.5000000000000013323 ) ;
#1875 = CARTESIAN_POINT ( 'NONE',  ( 9.500000000000003553, 5.355493079490422303, 0.4999999999999998890 ) ) ;
#1876 = DIRECTION ( 'NONE',  ( -1.734723475976807094E-16, -0.000000000000000000, -1.000000000000000000 ) ) ;
#1877 = DIRECTION ( 'NONE',  ( -0.000000000000000000, -0.000000000000000000, 1.000000000000000000 ) ) ;
#1878 = EDGE_CURVE ( 'NONE', #1568, #244, #3618, .T. ) ;
#1879 = ORIENTED_EDGE ( 'NONE', *, *, #2150, .F. ) ;
#1880 = DIRECTION ( 'NONE',  ( -0.000000000000000000, -0.000000000000000000, 1.000000000000000000 ) ) ;
#1881 = ORIENTED_EDGE ( 'NONE', *, *, #1908, .F. ) ;
#1882 = ORIENTED_EDGE ( 'NONE', *, *, #3277, .T. ) ;
#1883 = DIRECTION ( 'NONE',  ( -0.000000000000000000, -0.000000000000000000, 1.000000000000000000 ) ) ;
#1884 = ORIENTED_EDGE ( 'NONE', *, *, #2308, .T. ) ;
#1885 = DIRECTION ( 'NONE',  ( 1.000000000000000000, 0.000000000000000000, 0.000000000000000000 ) ) ;
#1886 = PRODUCT_DEFINITION_SHAPE ( 'NONE', 'NONE',  #991 ) ;
#1887 = VECTOR ( 'NONE', #314, 1000.000000000000000 ) ;
#1888 = DIRECTION ( 'NONE',  ( -0.000000000000000000, -0.000000000000000000, 1.000000000000000000 ) ) ;
#1889 = ORIENTED_EDGE ( 'NONE', *, *, #2479, .F. ) ;
#1890 =( GEOMETRIC_REPRESENTATION_CONTEXT ( 3 ) GLOBAL_UNCERTAINTY_ASSIGNED_CONTEXT ( ( #2746 ) ) GLOBAL_UNIT_ASSIGNED_CONTEXT ( ( #874, #1998, #1743 ) ) REPRESENTATION_CONTEXT ( 'NONE', 'WORKASPACE' ) );
#1891 = DIRECTION ( 'NONE',  ( 1.000000000000000000, 8.881784197001252323E-16, 0.000000000000000000 ) ) ;
#1892 = VECTOR ( 'NONE', #139, 1000.000000000000000 ) ;
#1893 = DIRECTION ( 'NONE',  ( -0.000000000000000000, -0.000000000000000000, 1.000000000000000000 ) ) ;
#1894 = CARTESIAN_POINT ( 'NONE',  ( -5.600000000000000533, 6.000000000000000000, 3.000000000000000000 ) ) ;
#1895 = EDGE_CURVE ( 'NONE', #2006, #642, #3086, .T. ) ;
#1896 = VECTOR ( 'NONE', #2171, 1000.000000000000000 ) ;
#1897 = DIRECTION ( 'NONE',  ( -0.000000000000000000, 1.000000000000000000, -0.000000000000000000 ) ) ;
#1898 = AXIS2_PLACEMENT_3D ( 'NONE', #1629, #3543, #1644 ) ;
#1899 = ORIENTED_EDGE ( 'NONE', *, *, #3612, .F. ) ;
#1900 = DIRECTION ( 'NONE',  ( 0.000000000000000000, 1.000000000000000000, 0.000000000000000000 ) ) ;
#1901 = VECTOR ( 'NONE', #1265, 1000.000000000000000 ) ;
#1902 = VECTOR ( 'NONE', #3489, 1000.000000000000000 ) ;
#1903 = ADVANCED_FACE ( 'NONE', ( #1992 ), #869, .T. ) ;
#1904 = CONICAL_SURFACE ( 'NONE', #1075, 3.559999999999997389, 0.7853981633974369547 ) ;
#1905 = EDGE_CURVE ( 'NONE', #1726, #907, #1686, .T. ) ;
#1906 = ORIENTED_EDGE ( 'NONE', *, *, #2376, .T. ) ;
#1907 = CARTESIAN_POINT ( 'NONE',  ( 0.4999999999999994449, -8.531472846220966133, 0.000000000000000000 ) ) ;
#1908 = EDGE_CURVE ( 'NONE', #63, #720, #1407, .T. ) ;
#1909 = ORIENTED_EDGE ( 'NONE', *, *, #1739, .F. ) ;
#1910 = DIRECTION ( 'NONE',  ( 0.000000000000000000, 0.000000000000000000, -1.000000000000000000 ) ) ;
#1911 = CARTESIAN_POINT ( 'NONE',  ( 11.50000000000000178, -7.500000000000000000, -9.500000000000000000 ) ) ;
#1912 = ORIENTED_EDGE ( 'NONE', *, *, #2761, .F. ) ;
#1913 = DIRECTION ( 'NONE',  ( 0.000000000000000000, 0.000000000000000000, 1.000000000000000000 ) ) ;
#1914 = DIRECTION ( 'NONE',  ( 1.000000000000000000, 0.000000000000000000, 0.000000000000000000 ) ) ;
#1915 = LINE ( 'NONE', #818, #3286 ) ;
#1916 = DIRECTION ( 'NONE',  ( -0.000000000000000000, -0.000000000000000000, -1.000000000000000000 ) ) ;
#1917 = ORIENTED_EDGE ( 'NONE', *, *, #675, .T. ) ;
#1918 = DIRECTION ( 'NONE',  ( -0.000000000000000000, -0.000000000000000000, -1.000000000000000000 ) ) ;
#1919 = VERTEX_POINT ( 'NONE', #910 ) ;
#1920 = FACE_OUTER_BOUND ( 'NONE', #2620, .T. ) ;
#1921 = ADVANCED_FACE ( 'NONE', ( #2293 ), #3070, .T. ) ;
#1922 = CARTESIAN_POINT ( 'NONE',  ( -3.800000000000000266, -5.181818181818181657, 0.000000000000000000 ) ) ;
#1923 = ORIENTED_EDGE ( 'NONE', *, *, #87, .T. ) ;
#1924 = ORIENTED_EDGE ( 'NONE', *, *, #3185, .T. ) ;
#1925 = EDGE_CURVE ( 'NONE', #2514, #907, #3294, .T. ) ;
#1926 = DIRECTION ( 'NONE',  ( 1.000000000000000000, 0.000000000000000000, 0.000000000000000000 ) ) ;
#1927 = DIRECTION ( 'NONE',  ( -0.000000000000000000, -0.000000000000000000, 1.000000000000000000 ) ) ;
#1928 = ORIENTED_EDGE ( 'NONE', *, *, #1382, .T. ) ;
#1929 = DIRECTION ( 'NONE',  ( 0.000000000000000000, 0.000000000000000000, 1.000000000000000000 ) ) ;
#1930 = LINE ( 'NONE', #1756, #2539 ) ;
#1931 = CARTESIAN_POINT ( 'NONE',  ( 0.4999999999999994449, 3.356283515140383589, 1.366701161510161189 ) ) ;
#1932 = FACE_OUTER_BOUND ( 'NONE', #3020, .T. ) ;
#1933 = ORIENTED_EDGE ( 'NONE', *, *, #1154, .F. ) ;
#1934 = CARTESIAN_POINT ( 'NONE',  ( 11.00000000000000355, -7.500000000000000000, 0.5000000000000000000 ) ) ;
#1935 = DIRECTION ( 'NONE',  ( 0.000000000000000000, 0.000000000000000000, -1.000000000000000000 ) ) ;
#1936 = ORIENTED_EDGE ( 'NONE', *, *, #470, .T. ) ;
#1937 = LINE ( 'NONE', #3045, #3457 ) ;
#1938 = EDGE_CURVE ( 'NONE', #2544, #720, #106, .T. ) ;
#1939 = CARTESIAN_POINT ( 'NONE',  ( -0.4827754690797282922, 5.478770651017877746, 3.000000000000000000 ) ) ;
#1940 = EDGE_CURVE ( 'NONE', #1146, #1642, #2196, .T. ) ;
#1941 = DIRECTION ( 'NONE',  ( 1.000000000000000000, 0.000000000000000000, 0.000000000000000000 ) ) ;
#1942 = CIRCLE ( 'NONE', #411, 4.650000000000000355 ) ;
#1943 = ADVANCED_FACE ( 'NONE', ( #1528 ), #76, .F. ) ;
#1944 = ORIENTED_EDGE ( 'NONE', *, *, #2627, .F. ) ;
#1945 = FACE_OUTER_BOUND ( 'NONE', #1171, .T. ) ;
#1946 = CARTESIAN_POINT ( 'NONE',  ( -13.50000000000000178, 2.499999999999999556, 0.000000000000000000 ) ) ;
#1947 = CARTESIAN_POINT ( 'NONE',  ( -7.500000000000001776, -4.500000000000000888, 3.000000000000000000 ) ) ;
#1948 = FACE_OUTER_BOUND ( 'NONE', #2962, .T. ) ;
#1949 = VECTOR ( 'NONE', #1300, 1000.000000000000000 ) ;
#1950 = ORIENTED_EDGE ( 'NONE', *, *, #2011, .T. ) ;
#1951 = CARTESIAN_POINT ( 'NONE',  ( 9.000000000000003553, -7.500000000000000000, 0.5000000000000000000 ) ) ;
#1952 = AXIS2_PLACEMENT_3D ( 'NONE', #2155, #143, #2189 ) ;
#1953 = AXIS2_PLACEMENT_3D ( 'NONE', #1736, #3375, #1699 ) ;
#1954 = DIRECTION ( 'NONE',  ( -3.787379036400652809E-16, -1.000000000000000000, 0.000000000000000000 ) ) ;
#1955 = AXIS2_PLACEMENT_3D ( 'NONE', #2604, #2840, #652 ) ;
#1956 = ORIENTED_EDGE ( 'NONE', *, *, #1125, .F. ) ;
#1957 = AXIS2_PLACEMENT_3D ( 'NONE', #221, #2455, #1070 ) ;
#1958 = DIRECTION ( 'NONE',  ( 1.000000000000000000, 0.000000000000000000, 0.000000000000000000 ) ) ;
#1959 = VECTOR ( 'NONE', #1850, 1000.000000000000000 ) ;
#1960 = ORIENTED_EDGE ( 'NONE', *, *, #1221, .F. ) ;
#1961 = CARTESIAN_POINT ( 'NONE',  ( 12.50000000000000000, -7.500000000000000000, -9.500000000000000000 ) ) ;
#1962 = CARTESIAN_POINT ( 'NONE',  ( -13.50000000000000178, 7.500000000000000000, 3.000000000000000000 ) ) ;
#1963 = ORIENTED_EDGE ( 'NONE', *, *, #1170, .T. ) ;
#1964 = PLANE ( 'NONE',  #2414 ) ;
#1965 = DIRECTION ( 'NONE',  ( -0.000000000000000000, -0.000000000000000000, -1.000000000000000000 ) ) ;
#1966 = EDGE_CURVE ( 'NONE', #1195, #277, #2364, .T. ) ;
#1967 = FACE_OUTER_BOUND ( 'NONE', #988, .T. ) ;
#1968 = EDGE_CURVE ( 'NONE', #1726, #2960, #2888, .T. ) ;
#1969 = CARTESIAN_POINT ( 'NONE',  ( -13.50000000000000178, 7.500000000000000000, 3.000000000000000000 ) ) ;
#1970 = ORIENTED_EDGE ( 'NONE', *, *, #859, .F. ) ;
#1971 = EDGE_CURVE ( 'NONE', #3516, #2453, #3466, .T. ) ;
#1972 = LINE ( 'NONE', #2509, #61 ) ;
#1973 = VERTEX_POINT ( 'NONE', #2315 ) ;
#1974 = CARTESIAN_POINT ( 'NONE',  ( -1.734723475976807094E-15, -5.310000000000000497, 3.000000000000000000 ) ) ;
#1975 = VERTEX_POINT ( 'NONE', #1260 ) ;
#1976 = DIRECTION ( 'NONE',  ( 0.000000000000000000, 0.000000000000000000, 1.000000000000000000 ) ) ;
#1977 = DIRECTION ( 'NONE',  ( 0.000000000000000000, 0.000000000000000000, 1.000000000000000000 ) ) ;
#1978 = ORIENTED_EDGE ( 'NONE', *, *, #2589, .T. ) ;
#1979 = CARTESIAN_POINT ( 'NONE',  ( -13.50000000000000000, -1.500000000000000444, 3.000000000000000000 ) ) ;
#1980 = CARTESIAN_POINT ( 'NONE',  ( -4.650000000000000355, 0.000000000000000000, 0.000000000000000000 ) ) ;
#1981 = DIRECTION ( 'NONE',  ( 1.000000000000000000, 0.000000000000000000, 0.000000000000000000 ) ) ;
#1982 = DIRECTION ( 'NONE',  ( 1.000000000000000000, 0.000000000000000000, 0.000000000000000000 ) ) ;
#1983 = EDGE_CURVE ( 'NONE', #1830, #267, #1496, .T. ) ;
#1984 = VERTEX_POINT ( 'NONE', #377 ) ;
#1985 = DIRECTION ( 'NONE',  ( 1.000000000000000000, 1.156482317317871478E-16, -0.000000000000000000 ) ) ;
#1986 = ADVANCED_FACE ( 'NONE', ( #3413 ), #963, .F. ) ;
#1987 = ORIENTED_EDGE ( 'NONE', *, *, #87, .F. ) ;
#1988 = EDGE_CURVE ( 'NONE', #33, #2006, #911, .T. ) ;
#1989 = DIRECTION ( 'NONE',  ( 1.214255053933703751E-16, 1.000000000000000000, 0.000000000000000000 ) ) ;
#1990 = EDGE_LOOP ( 'NONE', ( #1631, #3628, #1950, #2030 ) ) ;
#1991 = ORIENTED_EDGE ( 'NONE', *, *, #636, .F. ) ;
#1992 = FACE_OUTER_BOUND ( 'NONE', #994, .T. ) ;
#1993 = CARTESIAN_POINT ( 'NONE',  ( -0.4999999999999995559, 3.524712754253881197, 1.200000000000000178 ) ) ;
#1994 = ORIENTED_EDGE ( 'NONE', *, *, #3015, .F. ) ;
#1995 = DIRECTION ( 'NONE',  ( 1.000000000000000000, 0.000000000000000000, 0.000000000000000000 ) ) ;
#1996 = DIRECTION ( 'NONE',  ( 0.000000000000000000, 0.000000000000000000, -1.000000000000000000 ) ) ;
#1997 = AXIS2_PLACEMENT_3D ( 'NONE', #3036, #1913, #451 ) ;
#1998 =( NAMED_UNIT ( * ) PLANE_ANGLE_UNIT ( ) SI_UNIT ( $, .RADIAN. ) );
#1999 = CARTESIAN_POINT ( 'NONE',  ( -13.50000000000000178, -3.499999999999999556, 0.000000000000000000 ) ) ;
#2000 = ORIENTED_EDGE ( 'NONE', *, *, #2034, .F. ) ;
#2001 = AXIS2_PLACEMENT_3D ( 'NONE', #2813, #1432, #1995 ) ;
#2002 = LINE ( 'NONE', #83, #1835 ) ;
#2003 = EDGE_CURVE ( 'NONE', #3190, #403, #1771, .T. ) ;
#2004 = DIRECTION ( 'NONE',  ( -1.000000000000000000, 0.000000000000000000, 0.000000000000000000 ) ) ;
#2005 = CIRCLE ( 'NONE', #2064, 0.5000000000000004441 ) ;
#2006 = VERTEX_POINT ( 'NONE', #2032 ) ;
#2007 = CARTESIAN_POINT ( 'NONE',  ( -13.50000000000000178, 7.500000000000000000, 3.000000000000000000 ) ) ;
#2008 = VECTOR ( 'NONE', #3461, 1000.000000000000000 ) ;
#2009 = CIRCLE ( 'NONE', #2067, 3.309999999999999609 ) ;
#2010 = ADVANCED_FACE ( 'NONE', ( #2920 ), #404, .T. ) ;
#2011 = EDGE_CURVE ( 'NONE', #1233, #2498, #2864, .T. ) ;
#2012 = CIRCLE ( 'NONE', #2424, 3.799999999999999822 ) ;
#2013 = EDGE_LOOP ( 'NONE', ( #1527, #2611, #1257, #2820 ) ) ;
#2014 = EDGE_LOOP ( 'NONE', ( #144, #2325, #1769, #3065 ) ) ;
#2015 = LINE ( 'NONE', #1109, #3174 ) ;
#2016 = PRODUCT_DEFINITION_FORMATION_WITH_SPECIFIED_SOURCE ( 'ANY', '', #472, .NOT_KNOWN. ) ;
#2017 = VECTOR ( 'NONE', #1867, 1000.000000000000000 ) ;
#2018 = AXIS2_PLACEMENT_3D ( 'NONE', #2504, #3567, #255 ) ;
#2019 = VERTEX_POINT ( 'NONE', #2106 ) ;
#2020 = CARTESIAN_POINT ( 'NONE',  ( 15.00000000000000355, -7.500000000000000000, 1.000000000000001332 ) ) ;
#2021 = PLANE ( 'NONE',  #2942 ) ;
#2022 = DIRECTION ( 'NONE',  ( -0.000000000000000000, 1.000000000000000000, -0.000000000000000000 ) ) ;
#2023 = DIRECTION ( 'NONE',  ( -1.000000000000000000, -0.000000000000000000, -0.000000000000000000 ) ) ;
#2024 = ORIENTED_EDGE ( 'NONE', *, *, #2458, .F. ) ;
#2025 = CARTESIAN_POINT ( 'NONE',  ( -13.50000000000000178, 6.500000000000000000, 0.000000000000000000 ) ) ;
#2026 = DIRECTION ( 'NONE',  ( -0.000000000000000000, 1.000000000000000000, -0.000000000000000000 ) ) ;
#2027 = VERTEX_POINT ( 'NONE', #645 ) ;
#2028 = CARTESIAN_POINT ( 'NONE',  ( 0.000000000000000000, 0.000000000000000000, 1.000000000000000000 ) ) ;
#2029 = ADVANCED_FACE ( 'NONE', ( #1219 ), #3212, .F. ) ;
#2030 = ORIENTED_EDGE ( 'NONE', *, *, #3237, .T. ) ;
#2031 = ORIENTED_EDGE ( 'NONE', *, *, #571, .T. ) ;
#2032 = CARTESIAN_POINT ( 'NONE',  ( -6.100000000000000533, 3.499999999999999556, 0.000000000000000000 ) ) ;
#2033 =( LENGTH_UNIT ( ) NAMED_UNIT ( * ) SI_UNIT ( .MILLI., .METRE. ) );
#2034 = EDGE_CURVE ( 'NONE', #3231, #426, #308, .T. ) ;
#2035 = ORIENTED_EDGE ( 'NONE', *, *, #2970, .F. ) ;
#2036 = CARTESIAN_POINT ( 'NONE',  ( -5.600000000000000533, 4.000000000000000000, 3.000000000000000000 ) ) ;
#2037 = LINE ( 'NONE', #1779, #654 ) ;
#2038 = CARTESIAN_POINT ( 'NONE',  ( 16.50000000000000000, 7.500000000000000000, -9.500000000000000000 ) ) ;
#2039 = DIRECTION ( 'NONE',  ( 0.000000000000000000, 0.000000000000000000, 1.000000000000000000 ) ) ;
#2040 = ORIENTED_EDGE ( 'NONE', *, *, #1404, .T. ) ;
#2041 = DIRECTION ( 'NONE',  ( 0.01705417637246715509, -0.9998545669587437512, 0.000000000000000000 ) ) ;
#2042 = CARTESIAN_POINT ( 'NONE',  ( 13.00000000000000355, -7.500000000000000000, 0.5000000000000000000 ) ) ;
#2043 = ORIENTED_EDGE ( 'NONE', *, *, #2168, .F. ) ;
#2044 = CARTESIAN_POINT ( 'NONE',  ( 0.5000000000000000000, 7.500000000000000000, 0.000000000000000000 ) ) ;
#2045 = EDGE_LOOP ( 'NONE', ( #1149, #1848, #460, #2637 ) ) ;
#2046 = ORIENTED_EDGE ( 'NONE', *, *, #3546, .T. ) ;
#2047 = ORIENTED_EDGE ( 'NONE', *, *, #2688, .F. ) ;
#2048 = DIRECTION ( 'NONE',  ( 1.000000000000000000, 0.000000000000000000, 0.000000000000000000 ) ) ;
#2049 = EDGE_CURVE ( 'NONE', #1339, #251, #3179, .T. ) ;
#2050 = CARTESIAN_POINT ( 'NONE',  ( -13.50000000000000178, 7.500000000000000000, 0.000000000000000000 ) ) ;
#2051 = DIRECTION ( 'NONE',  ( 0.000000000000000000, 0.000000000000000000, -1.000000000000000000 ) ) ;
#2052 = DIRECTION ( 'NONE',  ( 0.000000000000000000, 0.000000000000000000, 1.000000000000000000 ) ) ;
#2053 = EDGE_CURVE ( 'NONE', #19, #3238, #1512, .T. ) ;
#2054 = CARTESIAN_POINT ( 'NONE',  ( 0.4999999999999995559, 3.766961640367472608, 1.000000000000000000 ) ) ;
#2055 = DIRECTION ( 'NONE',  ( -1.000000000000000000, 0.000000000000000000, 0.000000000000000000 ) ) ;
#2056 = ADVANCED_FACE ( 'NONE', ( #2665 ), #2626, .F. ) ;
#2057 = LINE ( 'NONE', #2428, #1764 ) ;
#2058 = DIRECTION ( 'NONE',  ( 1.000000000000000000, 0.000000000000000000, 0.000000000000000000 ) ) ;
#2059 = CIRCLE ( 'NONE', #2355, 0.5000000000000013323 ) ;
#2060 = DIRECTION ( 'NONE',  ( -1.000000000000000000, 0.000000000000000000, 0.000000000000000000 ) ) ;
#2061 = VECTOR ( 'NONE', #1069, 1000.000000000000000 ) ;
#2062 = VERTEX_POINT ( 'NONE', #3540 ) ;
#2063 = DIRECTION ( 'NONE',  ( -1.000000000000000000, 0.000000000000000000, 0.000000000000000000 ) ) ;
#2064 = AXIS2_PLACEMENT_3D ( 'NONE', #1438, #2290, #1199 ) ;
#2065 = APPLICATION_CONTEXT ( 'automotive_design' ) ;
#2066 = ORIENTED_EDGE ( 'NONE', *, *, #3476, .F. ) ;
#2067 = AXIS2_PLACEMENT_3D ( 'NONE', #1027, #1633, #2779 ) ;
#2068 = VERTEX_POINT ( 'NONE', #1035 ) ;
#2069 = ORIENTED_EDGE ( 'NONE', *, *, #1628, .F. ) ;
#2070 = DIRECTION ( 'NONE',  ( 0.000000000000000000, 0.000000000000000000, -1.000000000000000000 ) ) ;
#2071 = VECTOR ( 'NONE', #2226, 1000.000000000000000 ) ;
#2072 = AXIS2_PLACEMENT_3D ( 'NONE', #3000, #1319, #1885 ) ;
#2073 = FILL_AREA_STYLE_COLOUR ( '', #3405 ) ;
#2074 = VERTEX_POINT ( 'NONE', #2961 ) ;
#2075 = CIRCLE ( 'NONE', #3403, 3.559999999999997389 ) ;
#2076 = DIRECTION ( 'NONE',  ( -0.8092510388073146377, -0.5874629828246898944, 0.000000000000000000 ) ) ;
#2077 = AXIS2_PLACEMENT_3D ( 'NONE', #2312, #3412, #2790 ) ;
#2078 = LINE ( 'NONE', #1002, #1370 ) ;
#2079 = DIRECTION ( 'NONE',  ( 1.000000000000000000, 4.625929269271486900E-16, -0.000000000000000000 ) ) ;
#2080 = VECTOR ( 'NONE', #510, 1000.000000000000000 ) ;
#2081 = EDGE_CURVE ( 'NONE', #1750, #788, #2177, .T. ) ;
#2082 = CARTESIAN_POINT ( 'NONE',  ( 10.70710678118654968, 4.283239619235635232, 1.000000000000001332 ) ) ;
#2083 = PLANE ( 'NONE',  #1655 ) ;
#2084 = CARTESIAN_POINT ( 'NONE',  ( 15.50000000000000178, -7.500000000000000000, -9.500000000000000000 ) ) ;
#2085 = VERTEX_POINT ( 'NONE', #3016 ) ;
#2086 = PLANE ( 'NONE',  #2639 ) ;
#2087 = ORIENTED_EDGE ( 'NONE', *, *, #3365, .F. ) ;
#2088 = ORIENTED_EDGE ( 'NONE', *, *, #1318, .F. ) ;
#2089 = DIRECTION ( 'NONE',  ( -1.000000000000000000, 0.000000000000000000, 0.000000000000000000 ) ) ;
#2090 = ORIENTED_EDGE ( 'NONE', *, *, #257, .T. ) ;
#2091 = LINE ( 'NONE', #2368, #2929 ) ;
#2092 = CARTESIAN_POINT ( 'NONE',  ( 0.000000000000000000, 0.000000000000000000, 1.450000000000003286 ) ) ;
#2093 = CARTESIAN_POINT ( 'NONE',  ( 1.762194958653875365E-15, -5.310000000000000497, 0.000000000000000000 ) ) ;
#2094 = PLANE ( 'NONE',  #1351 ) ;
#2095 = DIRECTION ( 'NONE',  ( 0.000000000000000000, 0.000000000000000000, 1.000000000000000000 ) ) ;
#2096 = DIRECTION ( 'NONE',  ( -0.000000000000000000, 1.000000000000000000, -0.000000000000000000 ) ) ;
#2097 = EDGE_CURVE ( 'NONE', #262, #2886, #3236, .T. ) ;
#2098 = FACE_OUTER_BOUND ( 'NONE', #881, .T. ) ;
#2099 = ORIENTED_EDGE ( 'NONE', *, *, #2331, .F. ) ;
#2100 = LINE ( 'NONE', #678, #2476 ) ;
#2101 = EDGE_CURVE ( 'NONE', #2570, #1091, #2827, .T. ) ;
#2102 = ADVANCED_FACE ( 'NONE', ( #2438 ), #3285, .F. ) ;
#2103 = ORIENTED_EDGE ( 'NONE', *, *, #1723, .F. ) ;
#2104 = ORIENTED_EDGE ( 'NONE', *, *, #1178, .T. ) ;
#2105 = ORIENTED_EDGE ( 'NONE', *, *, #1506, .F. ) ;
#2106 = CARTESIAN_POINT ( 'NONE',  ( 14.50000000000000178, 5.355493079490425856, 0.4999999999999998890 ) ) ;
#2107 = ORIENTED_EDGE ( 'NONE', *, *, #926, .F. ) ;
#2108 = DIRECTION ( 'NONE',  ( 1.000000000000000000, 0.000000000000000000, 0.000000000000000000 ) ) ;
#2109 = CARTESIAN_POINT ( 'NONE',  ( -13.50000000000000178, 6.500000000000000000, 3.000000000000000000 ) ) ;
#2110 = CARTESIAN_POINT ( 'NONE',  ( 13.00000000000000355, -7.500000000000000000, 0.5000000000000000000 ) ) ;
#2111 = DIRECTION ( 'NONE',  ( 0.000000000000000000, -0.000000000000000000, 1.000000000000000000 ) ) ;
#2112 = CARTESIAN_POINT ( 'NONE',  ( 10.50000000000000000, -7.500000000000000000, -9.500000000000000000 ) ) ;
#2113 = PLANE ( 'NONE',  #1952 ) ;
#2114 = ORIENTED_EDGE ( 'NONE', *, *, #1447, .F. ) ;
#2115 = AXIS2_PLACEMENT_3D ( 'NONE', #617, #2565, #855 ) ;
#2116 = ORIENTED_EDGE ( 'NONE', *, *, #610, .T. ) ;
#2117 = EDGE_LOOP ( 'NONE', ( #3115, #507, #3433, #2576 ) ) ;
#2118 = EDGE_CURVE ( 'NONE', #2701, #3231, #167, .T. ) ;
#2119 = VECTOR ( 'NONE', #3116, 1000.000000000000000 ) ;
#2120 = VERTEX_POINT ( 'NONE', #2749 ) ;
#2121 = CARTESIAN_POINT ( 'NONE',  ( -13.50000000000000178, 0.4999999999999995559, 3.000000000000000000 ) ) ;
#2122 = ADVANCED_FACE ( 'NONE', ( #501 ), #3505, .F. ) ;
#2123 = DIRECTION ( 'NONE',  ( -0.000000000000000000, -0.000000000000000000, 1.000000000000000000 ) ) ;
#2124 = VECTOR ( 'NONE', #3297, 1000.000000000000000 ) ;
#2125 = ORIENTED_EDGE ( 'NONE', *, *, #1611, .F. ) ;
#2126 = LINE ( 'NONE', #1571, #2473 ) ;
#2127 = DIRECTION ( 'NONE',  ( -0.000000000000000000, -0.000000000000000000, -1.000000000000000000 ) ) ;
#2128 = AXIS2_PLACEMENT_3D ( 'NONE', #2084, #1520, #2379 ) ;
#2129 = VECTOR ( 'NONE', #2179, 1000.000000000000000 ) ;
#2130 = DIRECTION ( 'NONE',  ( -0.000000000000000000, -0.000000000000000000, 1.000000000000000000 ) ) ;
#2131 = VECTOR ( 'NONE', #2079, 1000.000000000000000 ) ;
#2132 = AXIS2_PLACEMENT_3D ( 'NONE', #3154, #2070, #979 ) ;
#2133 = ORIENTED_EDGE ( 'NONE', *, *, #2612, .F. ) ;
#2134 = DIRECTION ( 'NONE',  ( 0.000000000000000000, 1.000000000000000000, 0.000000000000000000 ) ) ;
#2135 = CARTESIAN_POINT ( 'NONE',  ( 11.50000000000000178, 7.500000000000000000, -9.500000000000000000 ) ) ;
#2136 = VECTOR ( 'NONE', #1724, 1000.000000000000000 ) ;
#2137 = CONICAL_SURFACE ( 'NONE', #192, 3.559999999999997389, 0.7853981633974369547 ) ;
#2138 = LINE ( 'NONE', #2431, #1134 ) ;
#2139 = CARTESIAN_POINT ( 'NONE',  ( 8.500000000000000000, 7.500000000000000000, -9.500000000000000000 ) ) ;
#2140 = ORIENTED_EDGE ( 'NONE', *, *, #2896, .T. ) ;
#2141 = LINE ( 'NONE', #2621, #354 ) ;
#2142 = ORIENTED_EDGE ( 'NONE', *, *, #1645, .F. ) ;
#2143 = ORIENTED_EDGE ( 'NONE', *, *, #2053, .T. ) ;
#2144 = EDGE_LOOP ( 'NONE', ( #1970, #876, #89, #1956 ) ) ;
#2145 = DIRECTION ( 'NONE',  ( 0.000000000000000000, 0.000000000000000000, 1.000000000000000000 ) ) ;
#2146 = ADVANCED_FACE ( 'NONE', ( #2680 ), #3268, .F. ) ;
#2147 = B_SPLINE_CURVE_WITH_KNOTS ( 'NONE', 3,
 ( #3124, #870, #941, #1993 ),
 .UNSPECIFIED., .F., .F.,
 ( 4, 4 ),
 ( 0.000000000000000000, 0.0003554641715376444916 ),
 .UNSPECIFIED. ) ;
#2148 = ORIENTED_EDGE ( 'NONE', *, *, #569, .F. ) ;
#2149 = LINE ( 'NONE', #1053, #1659 ) ;
#2150 = EDGE_CURVE ( 'NONE', #1079, #2837, #2996, .T. ) ;
#2151 = LINE ( 'NONE', #688, #13 ) ;
#2152 = DIRECTION ( 'NONE',  ( -0.000000000000000000, 1.000000000000000000, -0.000000000000000000 ) ) ;
#2153 = CARTESIAN_POINT ( 'NONE',  ( -6.099999999999999645, 0.4999999999999995559, 0.000000000000000000 ) ) ;
#2154 = DIRECTION ( 'NONE',  ( 0.000000000000000000, -0.000000000000000000, -1.000000000000000000 ) ) ;
#2155 = CARTESIAN_POINT ( 'NONE',  ( 0.000000000000000000, 0.000000000000000000, -9.500000000000000000 ) ) ;
#2156 = ORIENTED_EDGE ( 'NONE', *, *, #859, .T. ) ;
#2157 = CARTESIAN_POINT ( 'NONE',  ( 3.184927093632671458, 7.499999999999993783, -0.5000000000000004441 ) ) ;
#2158 = EDGE_LOOP ( 'NONE', ( #754, #436, #376, #2406 ) ) ;
#2159 = EDGE_LOOP ( 'NONE', ( #2107, #611, #1622, #2415 ) ) ;
#2160 = ORIENTED_EDGE ( 'NONE', *, *, #2118, .T. ) ;
#2161 = DIRECTION ( 'NONE',  ( 0.000000000000000000, -0.000000000000000000, -1.000000000000000000 ) ) ;
#2162 = ORIENTED_EDGE ( 'NONE', *, *, #1971, .T. ) ;
#2163 = DIRECTION ( 'NONE',  ( -1.000000000000000000, 0.000000000000000000, 0.000000000000000000 ) ) ;
#2164 = EDGE_CURVE ( 'NONE', #3429, #1809, #1331, .T. ) ;
#2165 = DIRECTION ( 'NONE',  ( -0.000000000000000000, -0.000000000000000000, 1.000000000000000000 ) ) ;
#2166 = DIRECTION ( 'NONE',  ( 1.000000000000000000, 0.000000000000000000, 0.000000000000000000 ) ) ;
#2167 = CARTESIAN_POINT ( 'NONE',  ( 9.000000000000003553, 4.283239619235632567, 1.000000000000001332 ) ) ;
#2168 = EDGE_CURVE ( 'NONE', #217, #2944, #461, .T. ) ;
#2169 = DIRECTION ( 'NONE',  ( 0.000000000000000000, 0.000000000000000000, 1.000000000000000000 ) ) ;
#2170 = ADVANCED_FACE ( 'NONE', ( #3576 ), #997, .F. ) ;
#2171 = DIRECTION ( 'NONE',  ( -0.000000000000000000, -0.000000000000000000, -1.000000000000000000 ) ) ;
#2172 = ORIENTED_EDGE ( 'NONE', *, *, #790, .T. ) ;
#2173 = DIRECTION ( 'NONE',  ( -0.000000000000000000, -0.000000000000000000, -1.000000000000000000 ) ) ;
#2174 = ORIENTED_EDGE ( 'NONE', *, *, #1940, .T. ) ;
#2175 = ORIENTED_EDGE ( 'NONE', *, *, #854, .F. ) ;
#2176 = VECTOR ( 'NONE', #950, 1000.000000000000000 ) ;
#2177 = LINE ( 'NONE', #3029, #126 ) ;
#2178 = VECTOR ( 'NONE', #3074, 1000.000000000000114 ) ;
#2179 = DIRECTION ( 'NONE',  ( 0.000000000000000000, -1.000000000000000000, 0.000000000000000000 ) ) ;
#2180 = CIRCLE ( 'NONE', #1363, 0.5000000000000000000 ) ;
#2181 = DIRECTION ( 'NONE',  ( 0.000000000000000000, 0.000000000000000000, 1.000000000000000000 ) ) ;
#2182 = ORIENTED_EDGE ( 'NONE', *, *, #3528, .F. ) ;
#2183 = AXIS2_PLACEMENT_3D ( 'NONE', #2585, #1229, #100 ) ;
#2184 = DIRECTION ( 'NONE',  ( -0.000000000000000000, -0.000000000000000000, 1.000000000000000000 ) ) ;
#2185 = AXIS2_PLACEMENT_3D ( 'NONE', #3165, #2618, #1541 ) ;
#2186 = DIRECTION ( 'NONE',  ( 1.000000000000000000, 0.000000000000000000, 0.000000000000000000 ) ) ;
#2187 = DIRECTION ( 'NONE',  ( 0.000000000000000000, -1.000000000000000000, 0.000000000000000000 ) ) ;
#2188 = VECTOR ( 'NONE', #1982, 1000.000000000000000 ) ;
#2189 = DIRECTION ( 'NONE',  ( -1.000000000000000000, 0.000000000000000000, 0.000000000000000000 ) ) ;
#2190 = CIRCLE ( 'NONE', #1127, 3.309999999999999609 ) ;
#2191 = EDGE_CURVE ( 'NONE', #1011, #3613, #3308, .T. ) ;
#2192 = ORIENTED_EDGE ( 'NONE', *, *, #795, .F. ) ;
#2193 = EDGE_CURVE ( 'NONE', #612, #2501, #2400, .T. ) ;
#2194 = DIRECTION ( 'NONE',  ( 0.000000000000000000, 0.000000000000000000, 1.000000000000000000 ) ) ;
#2195 = AXIS2_PLACEMENT_3D ( 'NONE', #395, #1449, #114 ) ;
#2196 = CIRCLE ( 'NONE', #3407, 1.100000000000000311 ) ;
#2197 = EDGE_CURVE ( 'NONE', #2085, #1453, #1849, .T. ) ;
#2198 = VECTOR ( 'NONE', #1205, 1000.000000000000000 ) ;
#2199 = VECTOR ( 'NONE', #2123, 1000.000000000000000 ) ;
#2200 = ORIENTED_EDGE ( 'NONE', *, *, #571, .F. ) ;
#2201 = DIRECTION ( 'NONE',  ( 1.214255053933703751E-16, -1.000000000000000000, 0.000000000000000000 ) ) ;
#2202 = DIRECTION ( 'NONE',  ( -0.000000000000000000, -0.000000000000000000, -1.000000000000000000 ) ) ;
#2203 = ORIENTED_EDGE ( 'NONE', *, *, #1624, .T. ) ;
#2204 = FACE_OUTER_BOUND ( 'NONE', #3079, .T. ) ;
#2205 = CARTESIAN_POINT ( 'NONE',  ( -6.099999999999999645, 2.000000000000000000, 3.000000000000000000 ) ) ;
#2206 = ORIENTED_EDGE ( 'NONE', *, *, #504, .F. ) ;
#2207 = DIRECTION ( 'NONE',  ( -0.000000000000000000, 1.000000000000000000, -0.000000000000000000 ) ) ;
#2208 = CARTESIAN_POINT ( 'NONE',  ( -13.50000000000000178, 7.500000000000000000, 3.000000000000000000 ) ) ;
#2209 = CARTESIAN_POINT ( 'NONE',  ( -0.4999999999999995559, 3.968626966596886074, 3.000000000000000888 ) ) ;
#2210 = DIRECTION ( 'NONE',  ( 1.000000000000000000, 0.000000000000000000, 0.000000000000000000 ) ) ;
#2211 = ORIENTED_EDGE ( 'NONE', *, *, #90, .F. ) ;
#2212 = CARTESIAN_POINT ( 'NONE',  ( 0.000000000000000000, 0.000000000000000000, 1.000000000000000000 ) ) ;
#2213 = EDGE_CURVE ( 'NONE', #1830, #3104, #741, .T. ) ;
#2214 = DIRECTION ( 'NONE',  ( -1.000000000000000000, -0.000000000000000000, -0.000000000000000000 ) ) ;
#2215 = ORIENTED_EDGE ( 'NONE', *, *, #207, .F. ) ;
#2216 = DIRECTION ( 'NONE',  ( 0.000000000000000000, 0.000000000000000000, 1.000000000000000000 ) ) ;
#2217 = EDGE_CURVE ( 'NONE', #2525, #2812, #424, .T. ) ;
#2218 = ADVANCED_FACE ( 'NONE', ( #1697 ), #35, .F. ) ;
#2219 = ORIENTED_EDGE ( 'NONE', *, *, #3081, .T. ) ;
#2220 = CARTESIAN_POINT ( 'NONE',  ( -13.50000000000000178, 7.500000000000000000, 3.000000000000000000 ) ) ;
#2221 = CARTESIAN_POINT ( 'NONE',  ( 3.184927093632675010, 3.499999999999993783, 3.000000000000000000 ) ) ;
#2222 = ORIENTED_EDGE ( 'NONE', *, *, #1873, .F. ) ;
#2223 = FACE_OUTER_BOUND ( 'NONE', #683, .T. ) ;
#2224 = DIRECTION ( 'NONE',  ( 0.000000000000000000, -0.000000000000000000, 1.000000000000000000 ) ) ;
#2225 = DIRECTION ( 'NONE',  ( -1.000000000000000000, 0.000000000000000000, -0.000000000000000000 ) ) ;
#2226 = DIRECTION ( 'NONE',  ( -0.000000000000000000, -0.000000000000000000, -1.000000000000000000 ) ) ;
#2227 = VERTEX_POINT ( 'NONE', #3631 ) ;
#2228 = LINE ( 'NONE', #1365, #2303 ) ;
#2229 = DIRECTION ( 'NONE',  ( -0.000000000000000000, -0.000000000000000000, -1.000000000000000000 ) ) ;
#2230 = ORIENTED_EDGE ( 'NONE', *, *, #3598, .F. ) ;
#2231 = DIRECTION ( 'NONE',  ( 4.625929269271486900E-16, -1.000000000000000000, 0.000000000000000000 ) ) ;
#2232 = DIRECTION ( 'NONE',  ( 1.000000000000000000, -1.156482317317871725E-16, 0.000000000000000000 ) ) ;
#2233 = EDGE_CURVE ( 'NONE', #3468, #1051, #2773, .T. ) ;
#2234 = ORIENTED_EDGE ( 'NONE', *, *, #3632, .F. ) ;
#2235 = VERTEX_POINT ( 'NONE', #609 ) ;
#2236 = EDGE_CURVE ( 'NONE', #3104, #1040, #1194, .T. ) ;
#2237 = DIRECTION ( 'NONE',  ( -0.000000000000000000, -0.000000000000000000, 1.000000000000000000 ) ) ;
#2238 = CARTESIAN_POINT ( 'NONE',  ( 11.50000000000000178, -7.500000000000000000, -9.500000000000000000 ) ) ;
#2239 = VECTOR ( 'NONE', #3198, 1000.000000000000000 ) ;
#2240 = ORIENTED_EDGE ( 'NONE', *, *, #2655, .F. ) ;
#2241 = DIRECTION ( 'NONE',  ( 0.000000000000000000, 0.000000000000000000, 1.000000000000000000 ) ) ;
#2242 = CARTESIAN_POINT ( 'NONE',  ( -6.099999999999999645, 0.000000000000000000, 0.000000000000000000 ) ) ;
#2243 = VECTOR ( 'NONE', #1766, 1000.000000000000000 ) ;
#2244 = DIRECTION ( 'NONE',  ( -0.000000000000000000, -0.000000000000000000, 1.000000000000000000 ) ) ;
#2245 = DIRECTION ( 'NONE',  ( -1.000000000000000000, 0.000000000000000000, 0.000000000000000000 ) ) ;
#2246 = VECTOR ( 'NONE', #382, 1000.000000000000000 ) ;
#2247 = VERTEX_POINT ( 'NONE', #3084 ) ;
#2248 = CARTESIAN_POINT ( 'NONE',  ( -6.099999999999999645, -2.500000000000000444, 0.000000000000000000 ) ) ;
#2249 = VECTOR ( 'NONE', #987, 1000.000000000000000 ) ;
#2250 = VECTOR ( 'NONE', #1208, 1000.000000000000000 ) ;
#2251 = CARTESIAN_POINT ( 'NONE',  ( 13.00000000000000355, 4.283239619235636120, 1.000000000000001332 ) ) ;
#2252 = VECTOR ( 'NONE', #3292, 1000.000000000000000 ) ;
#2253 = ORIENTED_EDGE ( 'NONE', *, *, #405, .T. ) ;
#2254 = CIRCLE ( 'NONE', #1667, 0.5000000000000013323 ) ;
#2255 = CARTESIAN_POINT ( 'NONE',  ( -6.100000000000000533, 6.000000000000000000, 0.000000000000000000 ) ) ;
#2256 = DIRECTION ( 'NONE',  ( -0.000000000000000000, 0.000000000000000000, 1.000000000000000000 ) ) ;
#2257 = AXIS2_PLACEMENT_3D ( 'NONE', #2112, #3221, #2687 ) ;
#2258 = EDGE_LOOP ( 'NONE', ( #1203, #88, #3605, #1491 ) ) ;
#2259 = EDGE_LOOP ( 'NONE', ( #3267, #1052, #3125, #1879 ) ) ;
#2260 = DIRECTION ( 'NONE',  ( -0.000000000000000000, -0.000000000000000000, 1.000000000000000000 ) ) ;
#2261 = ADVANCED_FACE ( 'NONE', ( #2804 ), #1734, .T. ) ;
#2262 = CARTESIAN_POINT ( 'NONE',  ( -13.50000000000000178, -3.499999999999999556, 0.000000000000000000 ) ) ;
#2263 = ORIENTED_EDGE ( 'NONE', *, *, #3094, .F. ) ;
#2264 = CARTESIAN_POINT ( 'NONE',  ( 9.500000000000003553, -1.373707078613686683, 3.637877566981752686 ) ) ;
#2265 = FACE_OUTER_BOUND ( 'NONE', #2974, .T. ) ;
#2266 = ADVANCED_FACE ( 'NONE', ( #141 ), #2710, .T. ) ;
#2267 = FACE_OUTER_BOUND ( 'NONE', #2117, .T. ) ;
#2268 = FACE_BOUND ( 'NONE', #1638, .T. ) ;
#2269 = ADVANCED_FACE ( 'NONE', ( #215 ), #3495, .F. ) ;
#2270 = EDGE_LOOP ( 'NONE', ( #104, #666, #2862, #2292 ) ) ;
#2271 = DIRECTION ( 'NONE',  ( -1.000000000000000000, 3.787379036400652809E-16, 0.000000000000000000 ) ) ;
#2272 = ORIENTED_EDGE ( 'NONE', *, *, #2376, .F. ) ;
#2273 = DIRECTION ( 'NONE',  ( 1.156482317317871478E-16, -1.000000000000000000, 0.000000000000000000 ) ) ;
#2274 = ORIENTED_EDGE ( 'NONE', *, *, #730, .F. ) ;
#2275 = ORIENTED_EDGE ( 'NONE', *, *, #163, .F. ) ;
#2276 = DIRECTION ( 'NONE',  ( -1.000000000000000000, 0.000000000000000000, 0.000000000000000000 ) ) ;
#2277 = ORIENTED_EDGE ( 'NONE', *, *, #207, .T. ) ;
#2278 = EDGE_CURVE ( 'NONE', #3214, #2557, #2254, .T. ) ;
#2279 = CARTESIAN_POINT ( 'NONE',  ( -6.099999999999999645, -2.500000000000000000, 3.000000000000000000 ) ) ;
#2280 = CARTESIAN_POINT ( 'NONE',  ( -13.50000000000000178, 1.499999999999999556, 0.000000000000000000 ) ) ;
#2281 = DIRECTION ( 'NONE',  ( -1.000000000000000000, 0.000000000000000000, 0.000000000000000000 ) ) ;
#2282 = CARTESIAN_POINT ( 'NONE',  ( -13.50000000000000178, 1.499999999999999556, 0.000000000000000000 ) ) ;
#2283 = ADVANCED_FACE ( 'NONE', ( #1818 ), #764, .F. ) ;
#2284 = ORIENTED_EDGE ( 'NONE', *, *, #140, .F. ) ;
#2285 = DIRECTION ( 'NONE',  ( 0.000000000000000000, -0.9063077870366510469, 0.4226182617406972764 ) ) ;
#2286 = ADVANCED_FACE ( 'NONE', ( #157 ), #1842, .F. ) ;
#2287 = CARTESIAN_POINT ( 'NONE',  ( -0.4999999999999982792, -5.310000000000000497, 0.000000000000000000 ) ) ;
#2288 = EDGE_CURVE ( 'NONE', #1233, #3302, #1076, .T. ) ;
#2289 = ORIENTED_EDGE ( 'NONE', *, *, #750, .T. ) ;
#2290 = DIRECTION ( 'NONE',  ( 0.000000000000000000, 0.000000000000000000, 1.000000000000000000 ) ) ;
#2291 = ORIENTED_EDGE ( 'NONE', *, *, #2378, .F. ) ;
#2292 = ORIENTED_EDGE ( 'NONE', *, *, #2491, .T. ) ;
#2293 = FACE_OUTER_BOUND ( 'NONE', #2959, .T. ) ;
#2294 = VECTOR ( 'NONE', #3493, 1000.000000000000000 ) ;
#2295 = ORIENTED_EDGE ( 'NONE', *, *, #2193, .F. ) ;
#2296 = DIRECTION ( 'NONE',  ( -1.000000000000000000, -0.000000000000000000, -0.000000000000000000 ) ) ;
#2297 = CARTESIAN_POINT ( 'NONE',  ( 15.50000000000000178, -7.500000000000000000, -9.500000000000000000 ) ) ;
#2298 = LINE ( 'NONE', #723, #1959 ) ;
#2299 = LINE ( 'NONE', #1780, #365 ) ;
#2300 = ORIENTED_EDGE ( 'NONE', *, *, #3528, .T. ) ;
#2301 = AXIS2_PLACEMENT_3D ( 'NONE', #640, #1454, #3442 ) ;
#2302 = CARTESIAN_POINT ( 'NONE',  ( 10.50000000000000000, 7.500000000000000000, -9.500000000000000000 ) ) ;
#2303 = VECTOR ( 'NONE', #2507, 1000.000000000000000 ) ;
#2304 = ORIENTED_EDGE ( 'NONE', *, *, #655, .T. ) ;
#2305 = CARTESIAN_POINT ( 'NONE',  ( 12.50000000000000000, -1.373707078613686683, 3.637877566981752686 ) ) ;
#2306 = AXIS2_PLACEMENT_3D ( 'NONE', #1677, #1099, #844 ) ;
#2307 = VECTOR ( 'NONE', #2375, 1000.000000000000000 ) ;
#2308 = EDGE_CURVE ( 'NONE', #244, #2343, #1608, .T. ) ;
#2309 = AXIS2_PLACEMENT_3D ( 'NONE', #3545, #3256, #759 ) ;
#2310 = CIRCLE ( 'NONE', #2072, 5.500000000000000888 ) ;
#2311 = ORIENTED_EDGE ( 'NONE', *, *, #1581, .F. ) ;
#2312 = CARTESIAN_POINT ( 'NONE',  ( 1.734723475976807094E-15, 0.000000000000000000, 3.000000000000000888 ) ) ;
#2313 = VECTOR ( 'NONE', #814, 1000.000000000000000 ) ;
#2314 = VECTOR ( 'NONE', #1640, 1000.000000000000000 ) ;
#2315 = CARTESIAN_POINT ( 'NONE',  ( -6.100000000000000533, 4.500000000000000000, 3.000000000000000000 ) ) ;
#2316 = CARTESIAN_POINT ( 'NONE',  ( 0.000000000000000000, 0.000000000000000000, 1.200000000000000178 ) ) ;
#2317 = ORIENTED_EDGE ( 'NONE', *, *, #3241, .T. ) ;
#2318 = DIRECTION ( 'NONE',  ( -7.331258200180983982E-17, 0.9063077870366510469, -0.4226182617406972764 ) ) ;
#2319 = DIRECTION ( 'NONE',  ( 1.000000000000000000, 1.156482317317871478E-16, -0.000000000000000000 ) ) ;
#2320 = DIRECTION ( 'NONE',  ( -0.000000000000000000, -0.000000000000000000, -1.000000000000000000 ) ) ;
#2321 = CARTESIAN_POINT ( 'NONE',  ( 12.50000000000000000, 5.355493079490424080, 0.4999999999999998890 ) ) ;
#2322 = ORIENTED_EDGE ( 'NONE', *, *, #862, .F. ) ;
#2323 = LINE ( 'NONE', #3439, #3226 ) ;
#2324 = DIRECTION ( 'NONE',  ( -1.000000000000000000, 0.000000000000000000, 0.000000000000000000 ) ) ;
#2325 = ORIENTED_EDGE ( 'NONE', *, *, #3300, .F. ) ;
#2326 = EDGE_CURVE ( 'NONE', #2958, #426, #2138, .T. ) ;
#2327 = ORIENTED_EDGE ( 'NONE', *, *, #1154, .T. ) ;
#2328 = EDGE_CURVE ( 'NONE', #3531, #2227, #3470, .T. ) ;
#2329 = VERTEX_POINT ( 'NONE', #2377 ) ;
#2330 = DIRECTION ( 'NONE',  ( 0.000000000000000000, 0.000000000000000000, 1.000000000000000000 ) ) ;
#2331 = EDGE_CURVE ( 'NONE', #1275, #2085, #3534, .T. ) ;
#2332 = LINE ( 'NONE', #3431, #1015 ) ;
#2333 = VERTEX_POINT ( 'NONE', #469 ) ;
#2334 = DIRECTION ( 'NONE',  ( 1.000000000000000000, 0.000000000000000000, 0.000000000000000000 ) ) ;
#2335 = CARTESIAN_POINT ( 'NONE',  ( -7.500000000000001776, -4.500000000000000888, 0.000000000000000000 ) ) ;
#2336 = DIRECTION ( 'NONE',  ( -1.000000000000000000, 8.881784197001252323E-16, 0.000000000000000000 ) ) ;
#2337 = ORIENTED_EDGE ( 'NONE', *, *, #1966, .F. ) ;
#2338 = DIRECTION ( 'NONE',  ( -0.000000000000000000, -0.000000000000000000, 1.000000000000000000 ) ) ;
#2339 = CYLINDRICAL_SURFACE ( 'NONE', #1008, 0.5000000000000013323 ) ;
#2340 = VERTEX_POINT ( 'NONE', #1894 ) ;
#2341 = FACE_OUTER_BOUND ( 'NONE', #1508, .T. ) ;
#2342 =( BOUNDED_CURVE ( )  B_SPLINE_CURVE ( 3, ( #648, #2891, #393, #1515 ),
 .UNSPECIFIED., .F., .T. ) 
 B_SPLINE_CURVE_WITH_KNOTS ( ( 4, 4 ),
 ( 3.141592653589793116, 4.712388980384689674 ),
 .UNSPECIFIED. ) 
 CURVE ( )  GEOMETRIC_REPRESENTATION_ITEM ( )  RATIONAL_B_SPLINE_CURVE ( ( 1.000000000000000000, 0.8047378541243649375, 0.8047378541243649375, 1.000000000000000000 ) ) 
 REPRESENTATION_ITEM ( '' )  );
#2343 = VERTEX_POINT ( 'NONE', #1562 ) ;
#2344 = ORIENTED_EDGE ( 'NONE', *, *, #3013, .F. ) ;
#2345 = VERTEX_POINT ( 'NONE', #3247 ) ;
#2346 = CARTESIAN_POINT ( 'NONE',  ( 0.000000000000000000, 0.000000000000000000, 3.000000000000000000 ) ) ;
#2347 = EDGE_CURVE ( 'NONE', #1973, #2062, #3009, .T. ) ;
#2348 = DIRECTION ( 'NONE',  ( -0.000000000000000000, -0.000000000000000000, 1.000000000000000000 ) ) ;
#2349 = VERTEX_POINT ( 'NONE', #3203 ) ;
#2350 = CARTESIAN_POINT ( 'NONE',  ( 0.4999999999999991673, 0.6818181818181827669, 3.000000000000000000 ) ) ;
#2351 = DIRECTION ( 'NONE',  ( 1.000000000000000000, 0.000000000000000000, 0.000000000000000000 ) ) ;
#2352 = CARTESIAN_POINT ( 'NONE',  ( -6.100000000000000533, 6.000000000000000000, 3.000000000000000000 ) ) ;
#2353 = PLANE ( 'NONE',  #49 ) ;
#2354 = DIRECTION ( 'NONE',  ( 0.000000000000000000, 1.000000000000000000, 0.000000000000000000 ) ) ;
#2355 = AXIS2_PLACEMENT_3D ( 'NONE', #2110, #2134, #2952 ) ;
#2356 = LINE ( 'NONE', #2302, #2008 ) ;
#2357 = CIRCLE ( 'NONE', #1647, 4.000000000000000000 ) ;
#2358 = ORIENTED_EDGE ( 'NONE', *, *, #401, .F. ) ;
#2359 = CIRCLE ( 'NONE', #1238, 3.799999999999999822 ) ;
#2360 = VECTOR ( 'NONE', #1082, 1000.000000000000000 ) ;
#2361 = AXIS2_PLACEMENT_3D ( 'NONE', #1730, #1142, #861 ) ;
#2362 = ORIENTED_EDGE ( 'NONE', *, *, #3615, .F. ) ;
#2363 = ORIENTED_EDGE ( 'NONE', *, *, #1386, .F. ) ;
#2364 = LINE ( 'NONE', #628, #1014 ) ;
#2365 = AXIS2_PLACEMENT_3D ( 'NONE', #245, #1591, #2702 ) ;
#2366 = ORIENTED_EDGE ( 'NONE', *, *, #1513, .T. ) ;
#2367 = AXIS2_PLACEMENT_3D ( 'NONE', #211, #412, #2459 ) ;
#2368 = CARTESIAN_POINT ( 'NONE',  ( -0.5000000000000000000, 7.500000000000000000, 3.000000000000000000 ) ) ;
#2369 = VECTOR ( 'NONE', #2904, 1000.000000000000000 ) ;
#2370 = CARTESIAN_POINT ( 'NONE',  ( 8.500000000000000000, -7.500000000000000000, -9.500000000000000000 ) ) ;
#2371 = EDGE_CURVE ( 'NONE', #101, #420, #489, .T. ) ;
#2372 = PLANE ( 'NONE',  #3234 ) ;
#2373 = AXIS2_PLACEMENT_3D ( 'NONE', #917, #3506, #3144 ) ;
#2374 = CARTESIAN_POINT ( 'NONE',  ( 3.348449755875716694, 2.188123449985367230, 9.400000000000000355 ) ) ;
#2375 = DIRECTION ( 'NONE',  ( -0.000000000000000000, 1.000000000000000000, -0.000000000000000000 ) ) ;
#2376 = EDGE_CURVE ( 'NONE', #1326, #1333, #1620, .T. ) ;
#2377 = CARTESIAN_POINT ( 'NONE',  ( 7.499999999999996447, 7.500000000000000000, 0.000000000000000000 ) ) ;
#2378 = EDGE_CURVE ( 'NONE', #3443, #2884, #711, .T. ) ;
#2379 = DIRECTION ( 'NONE',  ( -1.734723475976807094E-16, 0.000000000000000000, -1.000000000000000000 ) ) ;
#2380 = EDGE_LOOP ( 'NONE', ( #3523, #2105, #2289, #203 ) ) ;
#2381 = LINE ( 'NONE', #441, #1710 ) ;
#2382 = ORIENTED_EDGE ( 'NONE', *, *, #401, .T. ) ;
#2383 = ORIENTED_EDGE ( 'NONE', *, *, #585, .F. ) ;
#2384 = ORIENTED_EDGE ( 'NONE', *, *, #1938, .T. ) ;
#2385 = DIRECTION ( 'NONE',  ( -0.000000000000000000, -0.000000000000000000, -1.000000000000000000 ) ) ;
#2386 = ORIENTED_EDGE ( 'NONE', *, *, #455, .F. ) ;
#2387 = CARTESIAN_POINT ( 'NONE',  ( 8.500000000000000000, 4.727381544774647004, 0.7928932188134528714 ) ) ;
#2388 = PLANE ( 'NONE',  #3172 ) ;
#2389 = DIRECTION ( 'NONE',  ( -0.000000000000000000, -0.000000000000000000, 1.000000000000000000 ) ) ;
#2390 = CARTESIAN_POINT ( 'NONE',  ( -13.50000000000000178, -3.499999999999999556, 3.000000000000000000 ) ) ;
#2391 = CARTESIAN_POINT ( 'NONE',  ( 9.500000000000003553, -7.500000000000000000, 0.4999999999999998890 ) ) ;
#2392 = DIRECTION ( 'NONE',  ( -1.000000000000000000, 0.000000000000000000, 0.000000000000000000 ) ) ;
#2393 = CARTESIAN_POINT ( 'NONE',  ( -13.50000000000000178, 5.500000000000000000, 0.000000000000000000 ) ) ;
#2394 = EDGE_CURVE ( 'NONE', #2557, #1195, #2930, .T. ) ;
#2395 = ORIENTED_EDGE ( 'NONE', *, *, #748, .T. ) ;
#2396 = DIRECTION ( 'NONE',  ( -0.000000000000000000, -0.000000000000000000, 1.000000000000000000 ) ) ;
#2397 = ORIENTED_EDGE ( 'NONE', *, *, #1215, .T. ) ;
#2398 = ORIENTED_EDGE ( 'NONE', *, *, #1822, .T. ) ;
#2399 = EDGE_LOOP ( 'NONE', ( #184, #811, #2366, #2494 ) ) ;
#2400 = LINE ( 'NONE', #1612, #3350 ) ;
#2401 = PLANE ( 'NONE',  #2373 ) ;
#2402 = ORIENTED_EDGE ( 'NONE', *, *, #3598, .T. ) ;
#2403 = LINE ( 'NONE', #2007, #2995 ) ;
#2404 = CARTESIAN_POINT ( 'NONE',  ( -3.800000000000000266, -5.181818181818181657, 0.000000000000000000 ) ) ;
#2405 = FACE_OUTER_BOUND ( 'NONE', #1144, .T. ) ;
#2406 = ORIENTED_EDGE ( 'NONE', *, *, #209, .F. ) ;
#2407 = LINE ( 'NONE', #1281, #2294 ) ;
#2408 = CARTESIAN_POINT ( 'NONE',  ( -13.50000000000000000, -7.500000000000000000, 3.000000000000000000 ) ) ;
#2409 = CARTESIAN_POINT ( 'NONE',  ( 9.000000000000003553, -7.500000000000000000, 0.5000000000000000000 ) ) ;
#2410 = CARTESIAN_POINT ( 'NONE',  ( -4.650000000000000355, 0.000000000000000000, 1.000000000000000000 ) ) ;
#2411 = ORIENTED_EDGE ( 'NONE', *, *, #107, .T. ) ;
#2412 = DIRECTION ( 'NONE',  ( 0.000000000000000000, 0.000000000000000000, 1.000000000000000000 ) ) ;
#2413 = ADVANCED_FACE ( 'NONE', ( #416 ), #453, .F. ) ;
#2414 = AXIS2_PLACEMENT_3D ( 'NONE', #1688, #1741, #3377 ) ;
#2415 = ORIENTED_EDGE ( 'NONE', *, *, #1442, .T. ) ;
#2416 = CIRCLE ( 'NONE', #414, 0.5000000000000004441 ) ;
#2417 = EDGE_LOOP ( 'NONE', ( #942, #2967, #2175, #3538 ) ) ;
#2418 = EDGE_CURVE ( 'NONE', #2544, #1339, #857, .T. ) ;
#2419 = DIRECTION ( 'NONE',  ( -0.000000000000000000, -0.000000000000000000, -1.000000000000000000 ) ) ;
#2420 = VECTOR ( 'NONE', #552, 1000.000000000000000 ) ;
#2421 = EDGE_LOOP ( 'NONE', ( #2663, #3136, #2826, #2771 ) ) ;
#2422 = DIRECTION ( 'NONE',  ( -0.000000000000000000, -0.000000000000000000, 1.000000000000000000 ) ) ;
#2423 = VECTOR ( 'NONE', #1897, 1000.000000000000000 ) ;
#2424 = AXIS2_PLACEMENT_3D ( 'NONE', #57, #1996, #3106 ) ;
#2425 = CARTESIAN_POINT ( 'NONE',  ( -13.50000000000000178, -0.5000000000000004441, 3.000000000000000000 ) ) ;
#2426 = CIRCLE ( 'NONE', #2195, 3.559999999999997389 ) ;
#2427 = AXIS2_PLACEMENT_3D ( 'NONE', #187, #1626, #3233 ) ;
#2428 = CARTESIAN_POINT ( 'NONE',  ( -7.500000000000001776, -3.500000000000000444, 0.000000000000000000 ) ) ;
#2429 = DIRECTION ( 'NONE',  ( 1.000000000000000000, 1.156482317317871478E-16, -0.000000000000000000 ) ) ;
#2430 = AXIS2_PLACEMENT_3D ( 'NONE', #1577, #2187, #1139 ) ;
#2431 = CARTESIAN_POINT ( 'NONE',  ( 4.563391365275700551, 3.070091081275471367, 9.400000000000000355 ) ) ;
#2432 = CYLINDRICAL_SURFACE ( 'NONE', #2936, 1.100000000000000311 ) ;
#2433 = ORIENTED_EDGE ( 'NONE', *, *, #319, .T. ) ;
#2434 = CARTESIAN_POINT ( 'NONE',  ( 0.000000000000000000, 0.000000000000000000, 1.000000000000000000 ) ) ;
#2435 = ADVANCED_FACE ( 'NONE', ( #2267 ), #3023, .F. ) ;
#2436 = VERTEX_POINT ( 'NONE', #2816 ) ;
#2437 = ORIENTED_EDGE ( 'NONE', *, *, #990, .F. ) ;
#2438 = FACE_OUTER_BOUND ( 'NONE', #1695, .T. ) ;
#2439 = DIRECTION ( 'NONE',  ( 0.000000000000000000, 0.000000000000000000, 1.000000000000000000 ) ) ;
#2440 = EDGE_CURVE ( 'NONE', #1846, #1975, #2829, .T. ) ;
#2441 = ORIENTED_EDGE ( 'NONE', *, *, #793, .T. ) ;
#2442 = EDGE_CURVE ( 'NONE', #3197, #267, #3314, .T. ) ;
#2443 = FACE_OUTER_BOUND ( 'NONE', #1844, .T. ) ;
#2444 = LINE ( 'NONE', #3243, #1187 ) ;
#2445 = ORIENTED_EDGE ( 'NONE', *, *, #1061, .T. ) ;
#2446 = CARTESIAN_POINT ( 'NONE',  ( 1.734723475976807094E-15, 0.000000000000000000, -8.313708498984761164 ) ) ;
#2447 = DIRECTION ( 'NONE',  ( 0.000000000000000000, -0.000000000000000000, 1.000000000000000000 ) ) ;
#2448 = CARTESIAN_POINT ( 'NONE',  ( 14.50000000000000000, -7.500000000000000000, -9.500000000000000000 ) ) ;
#2449 = DIRECTION ( 'NONE',  ( 1.156482317317871478E-16, -1.000000000000000000, 0.000000000000000000 ) ) ;
#2450 = EDGE_LOOP ( 'NONE', ( #682, #1067, #2291, #1826 ) ) ;
#2451 = DIRECTION ( 'NONE',  ( -0.000000000000000000, 1.000000000000000000, -0.000000000000000000 ) ) ;
#2452 = VERTEX_POINT ( 'NONE', #12 ) ;
#2453 = VERTEX_POINT ( 'NONE', #803 ) ;
#2454 = ORIENTED_EDGE ( 'NONE', *, *, #2551, .F. ) ;
#2455 = DIRECTION ( 'NONE',  ( 0.000000000000000000, 0.000000000000000000, 1.000000000000000000 ) ) ;
#2456 = ORIENTED_EDGE ( 'NONE', *, *, #812, .T. ) ;
#2457 = CARTESIAN_POINT ( 'NONE',  ( -13.50000000000000178, -6.500000000000000888, 3.000000000000000000 ) ) ;
#2458 = EDGE_CURVE ( 'NONE', #1751, #1625, #1690, .T. ) ;
#2459 = DIRECTION ( 'NONE',  ( -1.000000000000000000, 0.000000000000000000, 0.000000000000000000 ) ) ;
#2460 = EDGE_CURVE ( 'NONE', #2514, #805, #3347, .T. ) ;
#2461 = VERTEX_POINT ( 'NONE', #563 ) ;
#2462 = LINE ( 'NONE', #466, #999 ) ;
#2463 = CARTESIAN_POINT ( 'NONE',  ( 0.000000000000000000, 0.000000000000000000, 0.000000000000000000 ) ) ;
#2464 = ADVANCED_FACE ( 'NONE', ( #232 ), #3327, .F. ) ;
#2465 = DIRECTION ( 'NONE',  ( -1.156482317317871478E-16, 1.000000000000000000, 0.000000000000000000 ) ) ;
#2466 = CARTESIAN_POINT ( 'NONE',  ( 3.800000000000000266, 5.181818181818186098, 0.000000000000000000 ) ) ;
#2467 = ORIENTED_EDGE ( 'NONE', *, *, #1401, .F. ) ;
#2468 = DIRECTION ( 'NONE',  ( 1.000000000000000000, 0.000000000000000000, 0.000000000000000000 ) ) ;
#2469 = AXIS2_PLACEMENT_3D ( 'NONE', #3438, #1005, #934 ) ;
#2470 = ORIENTED_EDGE ( 'NONE', *, *, #975, .F. ) ;
#2471 = DIRECTION ( 'NONE',  ( -0.000000000000000000, -0.000000000000000000, -1.000000000000000000 ) ) ;
#2472 = DIRECTION ( 'NONE',  ( 1.000000000000000000, 0.000000000000000000, 0.000000000000000000 ) ) ;
#2473 = VECTOR ( 'NONE', #2747, 999.9999999999998863 ) ;
#2474 = ORIENTED_EDGE ( 'NONE', *, *, #1125, .T. ) ;
#2475 = CARTESIAN_POINT ( 'NONE',  ( 0.4999999999999995559, 3.272017726113352953, 1.450000000000003286 ) ) ;
#2476 = VECTOR ( 'NONE', #2661, 1000.000000000000000 ) ;
#2477 = LINE ( 'NONE', #2810, #893 ) ;
#2478 = ORIENTED_EDGE ( 'NONE', *, *, #1023, .F. ) ;
#2479 = EDGE_CURVE ( 'NONE', #278, #1669, #828, .T. ) ;
#2480 = VECTOR ( 'NONE', #1843, 1000.000000000000000 ) ;
#2481 = LINE ( 'NONE', #2723, #1762 ) ;
#2482 = VECTOR ( 'NONE', #1250, 1000.000000000000000 ) ;
#2483 = DIRECTION ( 'NONE',  ( -1.000000000000000000, 1.445602896647339163E-16, -0.000000000000000000 ) ) ;
#2484 = DIRECTION ( 'NONE',  ( 1.156482317317871478E-16, -1.000000000000000000, 0.000000000000000000 ) ) ;
#2485 = VECTOR ( 'NONE', #1630, 1000.000000000000000 ) ;
#2486 = FACE_OUTER_BOUND ( 'NONE', #313, .T. ) ;
#2487 = VECTOR ( 'NONE', #1533, 1000.000000000000000 ) ;
#2488 = EDGE_CURVE ( 'NONE', #2074, #278, #1653, .T. ) ;
#2489 = DIRECTION ( 'NONE',  ( 1.000000000000000000, 0.000000000000000000, 0.000000000000000000 ) ) ;
#2490 = VECTOR ( 'NONE', #2472, 1000.000000000000000 ) ;
#2491 = EDGE_CURVE ( 'NONE', #2993, #1329, #3091, .T. ) ;
#2492 = CARTESIAN_POINT ( 'NONE',  ( 16.50000000000000000, 3.499999999999999556, 1.365230632619982121 ) ) ;
#2493 = AXIS2_PLACEMENT_3D ( 'NONE', #287, #2244, #1981 ) ;
#2494 = ORIENTED_EDGE ( 'NONE', *, *, #569, .T. ) ;
#2495 = LINE ( 'NONE', #849, #1592 ) ;
#2496 = DIRECTION ( 'NONE',  ( 0.7071067811865472397, -0.000000000000000000, 0.7071067811865477948 ) ) ;
#2497 = VERTEX_POINT ( 'NONE', #786 ) ;
#2498 = VERTEX_POINT ( 'NONE', #1704 ) ;
#2499 = CARTESIAN_POINT ( 'NONE',  ( -7.500000000000001776, -4.000000000000000000, 0.000000000000000000 ) ) ;
#2500 = DIRECTION ( 'NONE',  ( -1.000000000000000000, 1.445602896647339163E-16, 0.000000000000000000 ) ) ;
#2501 = VERTEX_POINT ( 'NONE', #1360 ) ;
#2502 = CARTESIAN_POINT ( 'NONE',  ( -13.50000000000000178, -0.5000000000000004441, 0.000000000000000000 ) ) ;
#2503 = DIRECTION ( 'NONE',  ( 1.214255053933703751E-16, -1.000000000000000000, 0.000000000000000000 ) ) ;
#2504 = CARTESIAN_POINT ( 'NONE',  ( -6.099999999999999645, 2.000000000000000000, 0.000000000000000000 ) ) ;
#2505 = CARTESIAN_POINT ( 'NONE',  ( 16.50000000000000000, 3.499999999999999556, 1.365230632619982121 ) ) ;
#2506 = ORIENTED_EDGE ( 'NONE', *, *, #517, .F. ) ;
#2507 = DIRECTION ( 'NONE',  ( -0.000000000000000000, 1.000000000000000000, -0.000000000000000000 ) ) ;
#2508 = ADVANCED_FACE ( 'NONE', ( #1967 ), #1380, .T. ) ;
#2509 = CARTESIAN_POINT ( 'NONE',  ( -13.50000000000000178, 7.500000000000000000, 3.000000000000000000 ) ) ;
#2510 = EDGE_CURVE ( 'NONE', #1232, #2837, #1915, .T. ) ;
#2511 = ORIENTED_EDGE ( 'NONE', *, *, #1895, .F. ) ;
#2512 = CYLINDRICAL_SURFACE ( 'NONE', #3336, 0.5000000000000000000 ) ;
#2513 = EDGE_CURVE ( 'NONE', #2844, #820, #1676, .T. ) ;
#2514 = VERTEX_POINT ( 'NONE', #2209 ) ;
#2515 = DIRECTION ( 'NONE',  ( 1.000000000000000000, 0.000000000000000000, 0.000000000000000000 ) ) ;
#2516 = CARTESIAN_POINT ( 'NONE',  ( -6.099999999999999645, 0.4999999999999995559, 3.000000000000000000 ) ) ;
#2517 = EDGE_LOOP ( 'NONE', ( #2133, #920, #1107, #560 ) ) ;
#2518 = CARTESIAN_POINT ( 'NONE',  ( -13.50000000000000178, 0.4999999999999995559, 0.000000000000000000 ) ) ;
#2519 = CARTESIAN_POINT ( 'NONE',  ( -3.799999999999999822, 0.000000000000000000, 1.000000000000000000 ) ) ;
#2520 = FACE_OUTER_BOUND ( 'NONE', #243, .T. ) ;
#2521 = DIRECTION ( 'NONE',  ( -0.000000000000000000, 0.000000000000000000, 1.000000000000000000 ) ) ;
#2522 = ORIENTED_EDGE ( 'NONE', *, *, #906, .T. ) ;
#2523 = PLANE ( 'NONE',  #1417 ) ;
#2524 = FACE_OUTER_BOUND ( 'NONE', #1387, .T. ) ;
#2525 = VERTEX_POINT ( 'NONE', #1947 ) ;
#2526 = CARTESIAN_POINT ( 'NONE',  ( -6.100000000000000533, 6.000000000000000000, 0.000000000000000000 ) ) ;
#2527 = EDGE_CURVE ( 'NONE', #1790, #63, #3058, .T. ) ;
#2528 = VERTEX_POINT ( 'NONE', #270 ) ;
#2529 = ADVANCED_FACE ( 'NONE', ( #2520 ), #2137, .F. ) ;
#2530 = FACE_OUTER_BOUND ( 'NONE', #2517, .T. ) ;
#2531 = CARTESIAN_POINT ( 'NONE',  ( -5.599999999999998757, -2.000000000000000000, 0.000000000000000000 ) ) ;
#2532 = CIRCLE ( 'NONE', #2748, 5.500000000000000888 ) ;
#2533 = ORIENTED_EDGE ( 'NONE', *, *, #2581, .F. ) ;
#2534 = CARTESIAN_POINT ( 'NONE',  ( 13.00000000000000355, 4.283239619235636120, 1.000000000000001332 ) ) ;
#2535 = CYLINDRICAL_SURFACE ( 'NONE', #775, 0.5000000000000004441 ) ;
#2536 = VECTOR ( 'NONE', #2451, 1000.000000000000000 ) ;
#2537 = CARTESIAN_POINT ( 'NONE',  ( 0.4999999999999995559, 3.272017726113352953, 1.450000000000003286 ) ) ;
#2538 = CARTESIAN_POINT ( 'NONE',  ( -0.4999999999999995559, 3.766961640367472608, 1.200000000000000178 ) ) ;
#2539 = VECTOR ( 'NONE', #357, 1000.000000000000000 ) ;
#2540 = EDGE_LOOP ( 'NONE', ( #1136, #1474, #868, #1047 ) ) ;
#2541 = AXIS2_PLACEMENT_3D ( 'NONE', #96, #2052, #2351 ) ;
#2542 = CYLINDRICAL_SURFACE ( 'NONE', #653, 5.500000000000000888 ) ;
#2543 = CIRCLE ( 'NONE', #3526, 0.5000000000000000000 ) ;
#2544 = VERTEX_POINT ( 'NONE', #1153 ) ;
#2545 = AXIS2_PLACEMENT_3D ( 'NONE', #132, #2385, #1204 ) ;
#2546 = CARTESIAN_POINT ( 'NONE',  ( 15.50000000000000355, 7.500000000000000000, -9.500000000000000000 ) ) ;
#2547 = EDGE_CURVE ( 'NONE', #1310, #3429, #1191, .T. ) ;
#2548 = ORIENTED_EDGE ( 'NONE', *, *, #2943, .F. ) ;
#2549 = ORIENTED_EDGE ( 'NONE', *, *, #1983, .T. ) ;
#2550 = DIRECTION ( 'NONE',  ( -0.000000000000000000, -0.000000000000000000, 1.000000000000000000 ) ) ;
#2551 = EDGE_CURVE ( 'NONE', #1333, #2752, #2869, .T. ) ;
#2552 = EDGE_CURVE ( 'NONE', #492, #1254, #1552, .T. ) ;
#2553 = CARTESIAN_POINT ( 'NONE',  ( -13.50000000000000178, -6.500000000000000888, 0.000000000000000000 ) ) ;
#2554 = CARTESIAN_POINT ( 'NONE',  ( 0.000000000000000000, 0.000000000000000000, 3.000000000000000000 ) ) ;
#2555 = PRESENTATION_STYLE_ASSIGNMENT (( #931 ) ) ;
#2556 = CARTESIAN_POINT ( 'NONE',  ( -6.099999999999999645, -2.000000000000000000, 0.000000000000000000 ) ) ;
#2557 = VERTEX_POINT ( 'NONE', #2666 ) ;
#2558 = ORIENTED_EDGE ( 'NONE', *, *, #2675, .T. ) ;
#2559 = DIRECTION ( 'NONE',  ( -0.000000000000000000, -0.000000000000000000, 1.000000000000000000 ) ) ;
#2560 = MANIFOLD_SOLID_BREP ( 'Chamfer2', #2635 ) ;
#2561 = ORIENTED_EDGE ( 'NONE', *, *, #582, .F. ) ;
#2562 = ORIENTED_EDGE ( 'NONE', *, *, #879, .T. ) ;
#2563 = DIRECTION ( 'NONE',  ( 1.000000000000000000, 0.000000000000000000, -1.734723475976807094E-16 ) ) ;
#2564 = DIRECTION ( 'NONE',  ( 0.000000000000000000, 0.000000000000000000, 1.000000000000000000 ) ) ;
#2565 = DIRECTION ( 'NONE',  ( 0.000000000000000000, -1.000000000000000000, 0.000000000000000000 ) ) ;
#2566 = FACE_OUTER_BOUND ( 'NONE', #3251, .T. ) ;
#2567 = EDGE_CURVE ( 'NONE', #3263, #3613, #3436, .T. ) ;
#2568 = CARTESIAN_POINT ( 'NONE',  ( 3.184927093632671458, 7.499999999999993783, -0.5000000000000004441 ) ) ;
#2569 = DIRECTION ( 'NONE',  ( -1.000000000000000000, 1.445602896647339163E-16, 0.000000000000000000 ) ) ;
#2570 = VERTEX_POINT ( 'NONE', #3161 ) ;
#2571 = EDGE_CURVE ( 'NONE', #462, #1453, #3418, .T. ) ;
#2572 = CARTESIAN_POINT ( 'NONE',  ( -13.50000000000000178, 7.500000000000000000, 0.000000000000000000 ) ) ;
#2573 = ORIENTED_EDGE ( 'NONE', *, *, #3097, .T. ) ;
#2574 = CARTESIAN_POINT ( 'NONE',  ( -2.700000000000000178, -5.181818181818181657, 0.000000000000000000 ) ) ;
#2575 = APPLICATION_CONTEXT ( 'automotive_design' ) ;
#2576 = ORIENTED_EDGE ( 'NONE', *, *, #812, .F. ) ;
#2577 = LINE ( 'NONE', #1441, #1478 ) ;
#2578 = DIRECTION ( 'NONE',  ( -1.000000000000000000, -0.000000000000000000, -0.000000000000000000 ) ) ;
#2579 = FACE_OUTER_BOUND ( 'NONE', #978, .T. ) ;
#2580 = CARTESIAN_POINT ( 'NONE',  ( 0.000000000000000000, 0.000000000000000000, 1.200000000000000178 ) ) ;
#2581 = EDGE_CURVE ( 'NONE', #1872, #2714, #2298, .T. ) ;
#2582 = ORIENTED_EDGE ( 'NONE', *, *, #1788, .F. ) ;
#2583 = AXIS2_PLACEMENT_3D ( 'NONE', #3611, #2194, #2489 ) ;
#2584 = CARTESIAN_POINT ( 'NONE',  ( 0.000000000000000000, 0.000000000000000000, 9.400000000000000355 ) ) ;
#2585 = CARTESIAN_POINT ( 'NONE',  ( -6.099999999999999645, -2.000000000000000000, 0.000000000000000000 ) ) ;
#2586 = CIRCLE ( 'NONE', #358, 0.5000000000000004441 ) ;
#2587 = ADVANCED_FACE ( 'NONE', ( #897 ), #2401, .F. ) ;
#2588 = VERTEX_POINT ( 'NONE', #80 ) ;
#2589 = EDGE_CURVE ( 'NONE', #244, #3151, #2853, .T. ) ;
#2590 = DIRECTION ( 'NONE',  ( -0.000000000000000000, -0.000000000000000000, -1.000000000000000000 ) ) ;
#2591 = VECTOR ( 'NONE', #3143, 1000.000000000000000 ) ;
#2592 = VECTOR ( 'NONE', #2893, 1000.000000000000000 ) ;
#2593 = AXIS2_PLACEMENT_3D ( 'NONE', #1182, #1721, #2834 ) ;
#2594 = ORIENTED_EDGE ( 'NONE', *, *, #3300, .T. ) ;
#2595 = ORIENTED_EDGE ( 'NONE', *, *, #3616, .T. ) ;
#2596 = ORIENTED_EDGE ( 'NONE', *, *, #3322, .F. ) ;
#2597 = AXIS2_PLACEMENT_3D ( 'NONE', #2205, #1977, #1941 ) ;
#2598 = CIRCLE ( 'NONE', #372, 0.5000000000000004441 ) ;
#2599 = DIRECTION ( 'NONE',  ( -1.734723475976807094E-16, -0.000000000000000000, -1.000000000000000000 ) ) ;
#2600 = DIRECTION ( 'NONE',  ( 0.000000000000000000, 0.000000000000000000, 1.000000000000000000 ) ) ;
#2601 = VERTEX_POINT ( 'NONE', #2054 ) ;
#2602 = DIRECTION ( 'NONE',  ( -0.000000000000000000, -0.000000000000000000, 1.000000000000000000 ) ) ;
#2603 = CARTESIAN_POINT ( 'NONE',  ( -13.50000000000000178, 5.500000000000000000, 3.000000000000000000 ) ) ;
#2604 = CARTESIAN_POINT ( 'NONE',  ( 1.734723475976807094E-15, 0.000000000000000000, -8.313708498984761164 ) ) ;
#2605 = CARTESIAN_POINT ( 'NONE',  ( 8.500000000000000000, -7.500000000000000000, -9.500000000000000000 ) ) ;
#2606 = DIRECTION ( 'NONE',  ( -0.000000000000000000, 1.000000000000000000, -0.000000000000000000 ) ) ;
#2607 = EDGE_LOOP ( 'NONE', ( #2411, #91, #2148, #1330, #3507 ) ) ;
#2608 = EDGE_CURVE ( 'NONE', #3386, #1625, #3128, .T. ) ;
#2609 = EDGE_CURVE ( 'NONE', #720, #251, #1461, .T. ) ;
#2610 = ORIENTED_EDGE ( 'NONE', *, *, #3030, .F. ) ;
#2611 = ORIENTED_EDGE ( 'NONE', *, *, #2418, .T. ) ;
#2612 = EDGE_CURVE ( 'NONE', #351, #2812, #430, .T. ) ;
#2613 = DIRECTION ( 'NONE',  ( 1.000000000000000000, 0.000000000000000000, 0.000000000000000000 ) ) ;
#2614 = ORIENTED_EDGE ( 'NONE', *, *, #2803, .F. ) ;
#2615 = DIRECTION ( 'NONE',  ( -1.000000000000000000, 1.445602896647339163E-16, -0.000000000000000000 ) ) ;
#2616 = LINE ( 'NONE', #1225, #2250 ) ;
#2617 = FACE_OUTER_BOUND ( 'NONE', #627, .T. ) ;
#2618 = DIRECTION ( 'NONE',  ( 0.000000000000000000, 0.000000000000000000, 1.000000000000000000 ) ) ;
#2619 = CARTESIAN_POINT ( 'NONE',  ( -7.500000000000001776, -4.000000000000000000, 3.000000000000000000 ) ) ;
#2620 = EDGE_LOOP ( 'NONE', ( #848, #129, #2533, #1048, #1906 ) ) ;
#2621 = CARTESIAN_POINT ( 'NONE',  ( 0.4999999999999991673, -6.071275269668507664E-17, 1.000000000000000000 ) ) ;
#2622 = EDGE_CURVE ( 'NONE', #212, #169, #1209, .T. ) ;
#2623 = ORIENTED_EDGE ( 'NONE', *, *, #1108, .F. ) ;
#2624 = ORIENTED_EDGE ( 'NONE', *, *, #3255, .T. ) ;
#2625 = ORIENTED_EDGE ( 'NONE', *, *, #2608, .F. ) ;
#2626 = PLANE ( 'NONE',  #1722 ) ;
#2627 = EDGE_CURVE ( 'NONE', #420, #1040, #3253, .T. ) ;
#2628 = EDGE_LOOP ( 'NONE', ( #3563, #980, #483, #1748 ) ) ;
#2629 = CARTESIAN_POINT ( 'NONE',  ( 3.799999999999999822, 4.653657836759942730E-16, 1.200000000000000178 ) ) ;
#2630 = EDGE_CURVE ( 'NONE', #2856, #2120, #2731, .T. ) ;
#2631 = CARTESIAN_POINT ( 'NONE',  ( -13.50000000000000178, 2.499999999999999556, 0.000000000000000000 ) ) ;
#2632 = CARTESIAN_POINT ( 'NONE',  ( 4.650000000000000355, 5.694607616035192869E-16, 0.000000000000000000 ) ) ;
#2633 = CARTESIAN_POINT ( 'NONE',  ( 15.50000000000000178, -7.500000000000000000, -9.500000000000000000 ) ) ;
#2634 = CARTESIAN_POINT ( 'NONE',  ( 12.50000000000000000, 7.500000000000000000, -9.500000000000000000 ) ) ;
#2635 = CLOSED_SHELL ( 'NONE', ( #1737, #3561, #3191, #2830, #2855, #679, #502, #3121, #2785, #547, #1338, #3339, #1405, #2283, #2146, #1422, #2122, #2170, #6, #3159, #1467, #136, #3335, #1583, #276, #2029, #1782, #2694, #945, #3573, #3381, #3207, #1652, #2965, #2010, #2266, #1903, #2900, #1353, #2587, #2737, #2435, #1158, #30, #1425, #909, #766, #1361, #1986, #1224, #1152, #1943, #3479, #3117, #231, #955, #2508, #973, #3140, #2949, #724, #1284, #2652, #2056, #72, #2464, #298, #1332, #1713, #3057, #1288, #338, #2102, #3257, #1854, #2269, #810, #477, #2413, #3525, #3073, #3385, #1064, #565, #2805, #2218, #1829, #1510, #2763, #202, #2852, #43, #161, #2286, #1804, #2836, #1237, #2809, #1022, #321, #615, #2529, #435, #1921, #1720, #360, #553, #2261 ) ) ;
#2636 = CYLINDRICAL_SURFACE ( 'NONE', #417, 0.5000000000000013323 ) ;
#2637 = ORIENTED_EDGE ( 'NONE', *, *, #1132, .T. ) ;
#2638 = CARTESIAN_POINT ( 'NONE',  ( 13.50000000000000533, 7.500000000000000000, -9.500000000000000000 ) ) ;
#2639 = AXIS2_PLACEMENT_3D ( 'NONE', #3192, #122, #3485 ) ;
#2640 = CIRCLE ( 'NONE', #8, 0.5000000000000004441 ) ;
#2641 = CIRCLE ( 'NONE', #2185, 0.4999999999999995559 ) ;
#2642 = VERTEX_POINT ( 'NONE', #1641 ) ;
#2643 = ORIENTED_EDGE ( 'NONE', *, *, #163, .T. ) ;
#2644 = DIRECTION ( 'NONE',  ( 1.000000000000000000, 0.000000000000000000, 0.000000000000000000 ) ) ;
#2645 = EDGE_CURVE ( 'NONE', #1326, #1872, #32, .T. ) ;
#2646 = VECTOR ( 'NONE', #1646, 1000.000000000000000 ) ;
#2647 = AXIS2_PLACEMENT_3D ( 'NONE', #490, #2981, #210 ) ;
#2648 = VECTOR ( 'NONE', #521, 1000.000000000000000 ) ;
#2649 = CARTESIAN_POINT ( 'NONE',  ( 0.000000000000000000, 0.000000000000000000, 3.000000000000000000 ) ) ;
#2650 = VECTOR ( 'NONE', #2613, 1000.000000000000000 ) ;
#2651 = DIRECTION ( 'NONE',  ( -1.214255053933703751E-16, 1.000000000000000000, 0.000000000000000000 ) ) ;
#2652 = ADVANCED_FACE ( 'NONE', ( #3369 ), #2824, .F. ) ;
#2653 = DIRECTION ( 'NONE',  ( 1.000000000000000000, 0.000000000000000000, -0.000000000000000000 ) ) ;
#2654 = COLOUR_RGB ( '',0.5372549019607842924, 0.3490196078431372362, 0.3372549019607843368 ) ;
#2655 = EDGE_CURVE ( 'NONE', #212, #740, #2598, .T. ) ;
#2656 = DIRECTION ( 'NONE',  ( -0.000000000000000000, 1.000000000000000000, 0.000000000000000000 ) ) ;
#2657 = CARTESIAN_POINT ( 'NONE',  ( 0.4999999999999989453, -3.968626966596886074, -8.313708498984761164 ) ) ;
#2658 = CARTESIAN_POINT ( 'NONE',  ( -13.50000000000000178, -4.500000000000000888, 0.000000000000000000 ) ) ;
#2659 = DIRECTION ( 'NONE',  ( 1.000000000000000000, 0.000000000000000000, 0.000000000000000000 ) ) ;
#2660 = ORIENTED_EDGE ( 'NONE', *, *, #2799, .T. ) ;
#2661 = DIRECTION ( 'NONE',  ( 4.328546897633577931E-17, 1.000000000000000000, 0.000000000000000000 ) ) ;
#2662 = VERTEX_POINT ( 'NONE', #1709 ) ;
#2663 = ORIENTED_EDGE ( 'NONE', *, *, #3452, .F. ) ;
#2664 = EDGE_LOOP ( 'NONE', ( #2363, #2454, #2272, #1431 ) ) ;
#2665 = FACE_OUTER_BOUND ( 'NONE', #3186, .T. ) ;
#2666 = CARTESIAN_POINT ( 'NONE',  ( 9.500000000000003553, -7.500000000000000000, 0.4999999999999998890 ) ) ;
#2667 = ORIENTED_EDGE ( 'NONE', *, *, #795, .T. ) ;
#2668 = CARTESIAN_POINT ( 'NONE',  ( 1.734723475976807094E-15, 0.000000000000000000, -8.313708498984761164 ) ) ;
#2669 = CARTESIAN_POINT ( 'NONE',  ( -6.099999999999999645, 0.000000000000000000, 0.000000000000000000 ) ) ;
#2670 = EDGE_CURVE ( 'NONE', #2528, #349, #1714, .T. ) ;
#2671 = CARTESIAN_POINT ( 'NONE',  ( -0.4999999999999987232, -7.500000000000000000, 3.000000000000000000 ) ) ;
#2672 = CARTESIAN_POINT ( 'NONE',  ( -13.50000000000000178, 0.4999999999999995559, 0.000000000000000000 ) ) ;
#2673 = DIRECTION ( 'NONE',  ( 0.000000000000000000, 0.000000000000000000, -1.000000000000000000 ) ) ;
#2674 = CARTESIAN_POINT ( 'NONE',  ( 3.348449755875716694, 2.188123449985367230, 3.000000000000000888 ) ) ;
#2675 = EDGE_CURVE ( 'NONE', #2752, #820, #1972, .T. ) ;
#2676 = ORIENTED_EDGE ( 'NONE', *, *, #2236, .T. ) ;
#2677 = ORIENTED_EDGE ( 'NONE', *, *, #3013, .T. ) ;
#2678 = ORIENTED_EDGE ( 'NONE', *, *, #1266, .T. ) ;
#2679 = ORIENTED_EDGE ( 'NONE', *, *, #2308, .F. ) ;
#2680 = FACE_OUTER_BOUND ( 'NONE', #327, .T. ) ;
#2681 = ORIENTED_EDGE ( 'NONE', *, *, #1606, .T. ) ;
#2682 = DIRECTION ( 'NONE',  ( 1.000000000000000000, 0.000000000000000000, 0.000000000000000000 ) ) ;
#2683 = DIRECTION ( 'NONE',  ( 1.000000000000000000, 0.000000000000000000, 0.000000000000000000 ) ) ;
#2684 = CARTESIAN_POINT ( 'NONE',  ( 15.50000000000000355, -7.500000000000000000, 0.4999999999999998890 ) ) ;
#2685 = FACE_OUTER_BOUND ( 'NONE', #2159, .T. ) ;
#2686 = PLANE ( 'NONE',  #3110 ) ;
#2687 = DIRECTION ( 'NONE',  ( 0.000000000000000000, 0.000000000000000000, 1.000000000000000000 ) ) ;
#2688 = EDGE_CURVE ( 'NONE', #727, #962, #554, .T. ) ;
#2689 = DIRECTION ( 'NONE',  ( -1.000000000000000000, 0.000000000000000000, 0.000000000000000000 ) ) ;
#2690 = VERTEX_POINT ( 'NONE', #2287 ) ;
#2691 = CARTESIAN_POINT ( 'NONE',  ( 4.900000000000000355, 5.181818181818186098, 0.000000000000000000 ) ) ;
#2692 = EDGE_CURVE ( 'NONE', #892, #2085, #1731, .T. ) ;
#2693 = AXIS2_PLACEMENT_3D ( 'NONE', #3273, #196, #1929 ) ;
#2694 = ADVANCED_FACE ( 'NONE', ( #3318 ), #2542, .T. ) ;
#2695 = VERTEX_POINT ( 'NONE', #823 ) ;
#2696 = ORIENTED_EDGE ( 'NONE', *, *, #520, .T. ) ;
#2697 = CIRCLE ( 'NONE', #3397, 0.4999999999999995559 ) ;
#2698 = DIRECTION ( 'NONE',  ( 1.000000000000000000, 0.000000000000000000, 0.000000000000000000 ) ) ;
#2699 = SHAPE_DEFINITION_REPRESENTATION ( #1886, #112 ) ;
#2700 = AXIS2_PLACEMENT_3D ( 'NONE', #1597, #3607, #1097 ) ;
#2701 = VERTEX_POINT ( 'NONE', #18 ) ;
#2702 = DIRECTION ( 'NONE',  ( 0.000000000000000000, 0.000000000000000000, 1.000000000000000000 ) ) ;
#2703 = VECTOR ( 'NONE', #2651, 1000.000000000000000 ) ;
#2704 = CARTESIAN_POINT ( 'NONE',  ( -7.500000000000001776, -3.500000000000000444, 0.000000000000000000 ) ) ;
#2705 = CIRCLE ( 'NONE', #422, 0.5000000000000004441 ) ;
#2706 = AXIS2_PLACEMENT_3D ( 'NONE', #700, #1827, #1793 ) ;
#2707 = ORIENTED_EDGE ( 'NONE', *, *, #3304, .F. ) ;
#2708 = CARTESIAN_POINT ( 'NONE',  ( -0.4999999999999982792, -5.310000000000000497, 3.000000000000000000 ) ) ;
#2709 = CARTESIAN_POINT ( 'NONE',  ( 16.49999999999999645, 7.500000000000000000, -0.5000000000000004441 ) ) ;
#2710 = PLANE ( 'NONE',  #1778 ) ;
#2711 = LINE ( 'NONE', #216, #3400 ) ;
#2712 = ORIENTED_EDGE ( 'NONE', *, *, #2692, .T. ) ;
#2713 = CARTESIAN_POINT ( 'NONE',  ( -13.50000000000000178, -3.499999999999999556, 3.000000000000000000 ) ) ;
#2714 = VERTEX_POINT ( 'NONE', #2492 ) ;
#2715 = ORIENTED_EDGE ( 'NONE', *, *, #2053, .F. ) ;
#2716 = EDGE_CURVE ( 'NONE', #3531, #2886, #275, .T. ) ;
#2717 = ORIENTED_EDGE ( 'NONE', *, *, #701, .T. ) ;
#2718 = CARTESIAN_POINT ( 'NONE',  ( 0.4999999999999962252, 1.893689518200312107E-16, 0.000000000000000000 ) ) ;
#2719 = VERTEX_POINT ( 'NONE', #1682 ) ;
#2720 = LINE ( 'NONE', #2220, #481 ) ;
#2721 = LINE ( 'NONE', #1855, #2825 ) ;
#2722 = ORIENTED_EDGE ( 'NONE', *, *, #1178, .F. ) ;
#2723 = CARTESIAN_POINT ( 'NONE',  ( -3.799999999999999822, 0.000000000000000000, 1.200000000000000178 ) ) ;
#2724 = CARTESIAN_POINT ( 'NONE',  ( -6.099999999999999645, 1.500000000000000000, 0.000000000000000000 ) ) ;
#2725 = CARTESIAN_POINT ( 'NONE',  ( -6.100000000000000533, 6.000000000000000000, 0.000000000000000000 ) ) ;
#2726 = CARTESIAN_POINT ( 'NONE',  ( 0.000000000000000000, 0.000000000000000000, 1.200000000000000178 ) ) ;
#2727 = EDGE_LOOP ( 'NONE', ( #1987, #375, #1092, #3511 ) ) ;
#2728 = FACE_OUTER_BOUND ( 'NONE', #908, .T. ) ;
#2729 = EDGE_LOOP ( 'NONE', ( #1839, #2643, #1455, #2478, #2162 ) ) ;
#2730 = DIRECTION ( 'NONE',  ( -1.000000000000000000, -0.000000000000000000, -0.000000000000000000 ) ) ;
#2731 = LINE ( 'NONE', #222, #3118 ) ;
#2732 = EDGE_CURVE ( 'NONE', #3625, #1809, #2800, .T. ) ;
#2733 = VERTEX_POINT ( 'NONE', #847 ) ;
#2734 = LINE ( 'NONE', #3254, #1010 ) ;
#2735 = EDGE_CURVE ( 'NONE', #1872, #3193, #1143, .T. ) ;
#2736 = LINE ( 'NONE', #3562, #2648 ) ;
#2737 = ADVANCED_FACE ( 'NONE', ( #3042 ), #3597, .F. ) ;
#2738 = ORIENTED_EDGE ( 'NONE', *, *, #1450, .F. ) ;
#2739 = FACE_OUTER_BOUND ( 'NONE', #656, .T. ) ;
#2740 = DIRECTION ( 'NONE',  ( 0.000000000000000000, -1.000000000000000000, 0.000000000000000000 ) ) ;
#2741 = DIRECTION ( 'NONE',  ( -1.214255053933703751E-16, 1.000000000000000000, 0.000000000000000000 ) ) ;
#2742 = FACE_OUTER_BOUND ( 'NONE', #284, .T. ) ;
#2743 = ORIENTED_EDGE ( 'NONE', *, *, #3632, .T. ) ;
#2744 = CARTESIAN_POINT ( 'NONE',  ( 3.800000000000000266, 5.181818181818186098, 0.000000000000000000 ) ) ;
#2745 = VERTEX_POINT ( 'NONE', #807 ) ;
#2746 = UNCERTAINTY_MEASURE_WITH_UNIT (LENGTH_MEASURE( 1.000000000000000082E-05 ), #874, 'distance_accuracy_value', 'NONE');
#2747 = DIRECTION ( 'NONE',  ( -0.8191520442889889120, -0.5735764363510501562, 0.000000000000000000 ) ) ;
#2748 = AXIS2_PLACEMENT_3D ( 'NONE', #2649, #1207, #432 ) ;
#2749 = CARTESIAN_POINT ( 'NONE',  ( 16.50000000000000000, 3.499999999999999556, 3.000000000000000000 ) ) ;
#2750 = EDGE_LOOP ( 'NONE', ( #536, #2114, #2277, #3119 ) ) ;
#2751 = CIRCLE ( 'NONE', #2583, 0.4999999999999995559 ) ;
#2752 = VERTEX_POINT ( 'NONE', #3064 ) ;
#2753 = DIRECTION ( 'NONE',  ( -0.000000000000000000, -0.000000000000000000, 1.000000000000000000 ) ) ;
#2754 = AXIS2_PLACEMENT_3D ( 'NONE', #1934, #1900, #3553 ) ;
#2755 = CARTESIAN_POINT ( 'NONE',  ( 3.800000000000000266, 5.181818181818186098, 3.000000000000000000 ) ) ;
#2756 = ORIENTED_EDGE ( 'NONE', *, *, #928, .F. ) ;
#2757 = AXIS2_PLACEMENT_3D ( 'NONE', #2619, #3188, #1197 ) ;
#2758 = CYLINDRICAL_SURFACE ( 'NONE', #1173, 4.000000000000000000 ) ;
#2759 = CONICAL_SURFACE ( 'NONE', #3465, 3.559999999999997389, 0.7853981633974369547 ) ;
#2760 = DIRECTION ( 'NONE',  ( -0.000000000000000000, 1.000000000000000000, 0.000000000000000000 ) ) ;
#2761 = EDGE_CURVE ( 'NONE', #15, #1668, #1706, .T. ) ;
#2762 = CARTESIAN_POINT ( 'NONE',  ( -13.50000000000000178, 7.500000000000000000, 3.000000000000000000 ) ) ;
#2763 = ADVANCED_FACE ( 'NONE', ( #2524 ), #1253, .F. ) ;
#2764 = VECTOR ( 'NONE', #2130, 1000.000000000000000 ) ;
#2765 = CYLINDRICAL_SURFACE ( 'NONE', #3348, 1.100000000000000311 ) ;
#2766 = ORIENTED_EDGE ( 'NONE', *, *, #455, .T. ) ;
#2767 = CARTESIAN_POINT ( 'NONE',  ( 0.4999999999999982792, -5.310000000000000497, 0.000000000000000000 ) ) ;
#2768 = VECTOR ( 'NONE', #1671, 1000.000000000000000 ) ;
#2769 = VECTOR ( 'NONE', #1716, 1000.000000000000000 ) ;
#2770 = DIRECTION ( 'NONE',  ( 0.000000000000000000, 0.000000000000000000, 1.000000000000000000 ) ) ;
#2771 = ORIENTED_EDGE ( 'NONE', *, *, #3522, .T. ) ;
#2772 = CARTESIAN_POINT ( 'NONE',  ( 13.50000000000000178, -7.500000000000000000, -9.500000000000000000 ) ) ;
#2773 = LINE ( 'NONE', #3067, #2769 ) ;
#2774 = ORIENTED_EDGE ( 'NONE', *, *, #1447, .T. ) ;
#2775 = CARTESIAN_POINT ( 'NONE',  ( -13.50000000000000178, 7.500000000000000000, 0.000000000000000000 ) ) ;
#2776 = DIRECTION ( 'NONE',  ( 0.000000000000000000, -1.000000000000000000, 0.000000000000000000 ) ) ;
#2777 = VERTEX_POINT ( 'NONE', #1503 ) ;
#2778 = LINE ( 'NONE', #1979, #1292 ) ;
#2779 = DIRECTION ( 'NONE',  ( -1.000000000000000000, 0.000000000000000000, 0.000000000000000000 ) ) ;
#2780 = DIRECTION ( 'NONE',  ( -1.000000000000000000, 0.000000000000000000, 0.000000000000000000 ) ) ;
#2781 = DIRECTION ( 'NONE',  ( -7.860966973165335316E-16, 0.9063077870366510469, -0.4226182617406972208 ) ) ;
#2782 = EDGE_CURVE ( 'NONE', #2812, #3132, #1065, .T. ) ;
#2783 = ORIENTED_EDGE ( 'NONE', *, *, #2168, .T. ) ;
#2784 = FACE_OUTER_BOUND ( 'NONE', #191, .T. ) ;
#2785 = ADVANCED_FACE ( 'NONE', ( #2897 ), #2858, .F. ) ;
#2786 = ORIENTED_EDGE ( 'NONE', *, *, #2670, .F. ) ;
#2787 = CARTESIAN_POINT ( 'NONE',  ( -0.4999999999999994449, -8.531472846220966133, 3.000000000000000000 ) ) ;
#2788 = ORIENTED_EDGE ( 'NONE', *, *, #2418, .F. ) ;
#2789 = ORIENTED_EDGE ( 'NONE', *, *, #1757, .F. ) ;
#2790 = DIRECTION ( 'NONE',  ( 1.000000000000000000, -9.414691248821327463E-14, 0.000000000000000000 ) ) ;
#2791 = DIRECTION ( 'NONE',  ( 1.000000000000000000, 0.000000000000000000, 0.000000000000000000 ) ) ;
#2792 = ORIENTED_EDGE ( 'NONE', *, *, #1563, .F. ) ;
#2793 = LINE ( 'NONE', #336, #1526 ) ;
#2794 = DIRECTION ( 'NONE',  ( -1.000000000000000000, 0.000000000000000000, 0.000000000000000000 ) ) ;
#2795 = DIRECTION ( 'NONE',  ( -0.000000000000000000, -0.000000000000000000, 1.000000000000000000 ) ) ;
#2796 = CYLINDRICAL_SURFACE ( 'NONE', #1776, 0.5000000000000004441 ) ;
#2797 = ORIENTED_EDGE ( 'NONE', *, *, #180, .F. ) ;
#2798 = FACE_OUTER_BOUND ( 'NONE', #1584, .T. ) ;
#2799 = EDGE_CURVE ( 'NONE', #1707, #2333, #2356, .T. ) ;
#2800 = LINE ( 'NONE', #290, #3054 ) ;
#2801 = ORIENTED_EDGE ( 'NONE', *, *, #2371, .T. ) ;
#2802 = CARTESIAN_POINT ( 'NONE',  ( -1.734723475976807094E-15, -5.310000000000000497, 0.000000000000000000 ) ) ;
#2803 = EDGE_CURVE ( 'NONE', #2027, #1020, #3481, .T. ) ;
#2804 = FACE_OUTER_BOUND ( 'NONE', #2664, .T. ) ;
#2805 = ADVANCED_FACE ( 'NONE', ( #903 ), #383, .F. ) ;
#2806 = ORIENTED_EDGE ( 'NONE', *, *, #3123, .F. ) ;
#2807 = VERTEX_POINT ( 'NONE', #1801 ) ;
#2808 = LINE ( 'NONE', #1961, #1773 ) ;
#2809 = ADVANCED_FACE ( 'NONE', ( #2098 ), #1212, .F. ) ;
#2810 = CARTESIAN_POINT ( 'NONE',  ( -13.50000000000000178, 5.500000000000000000, 0.000000000000000000 ) ) ;
#2811 = AXIS2_PLACEMENT_3D ( 'NONE', #631, #3157, #2076 ) ;
#2812 = VERTEX_POINT ( 'NONE', #661 ) ;
#2813 = CARTESIAN_POINT ( 'NONE',  ( -6.100000000000000533, 4.000000000000000000, 0.000000000000000000 ) ) ;
#2814 = CYLINDRICAL_SURFACE ( 'NONE', #3113, 3.799999999999999822 ) ;
#2815 = VECTOR ( 'NONE', #1712, 1000.000000000000000 ) ;
#2816 = CARTESIAN_POINT ( 'NONE',  ( -13.50000000000000000, -2.500000000000000444, 3.000000000000000000 ) ) ;
#2817 = LINE ( 'NONE', #1969, #2071 ) ;
#2818 = VECTOR ( 'NONE', #634, 1000.000000000000000 ) ;
#2819 = VECTOR ( 'NONE', #1101, 1000.000000000000000 ) ;
#2820 = ORIENTED_EDGE ( 'NONE', *, *, #2609, .F. ) ;
#2821 = DIRECTION ( 'NONE',  ( 0.000000000000000000, 0.000000000000000000, 1.000000000000000000 ) ) ;
#2822 = VECTOR ( 'NONE', #1119, 1000.000000000000000 ) ;
#2823 = AXIS2_PLACEMENT_3D ( 'NONE', #2554, #1689, #2794 ) ;
#2824 = PLANE ( 'NONE',  #3459 ) ;
#2825 = VECTOR ( 'NONE', #745, 1000.000000000000000 ) ;
#2826 = ORIENTED_EDGE ( 'NONE', *, *, #1336, .T. ) ;
#2827 = CIRCLE ( 'NONE', #601, 1.100000000000000311 ) ;
#2828 = CARTESIAN_POINT ( 'NONE',  ( -6.100000000000000533, 3.500000000000000000, 3.000000000000000000 ) ) ;
#2829 = CIRCLE ( 'NONE', #2018, 0.5000000000000004441 ) ;
#2830 = ADVANCED_FACE ( 'NONE', ( #1763 ), #2636, .F. ) ;
#2831 = EDGE_LOOP ( 'NONE', ( #1418, #974 ) ) ;
#2832 = ORIENTED_EDGE ( 'NONE', *, *, #655, .F. ) ;
#2833 = EDGE_CURVE ( 'NONE', #867, #2695, #692, .T. ) ;
#2834 = DIRECTION ( 'NONE',  ( -0.01705417637246715509, 0.9998545669587437512, 0.000000000000000000 ) ) ;
#2835 = LINE ( 'NONE', #614, #69 ) ;
#2836 = ADVANCED_FACE ( 'NONE', ( #3131 ), #46, .F. ) ;
#2837 = VERTEX_POINT ( 'NONE', #622 ) ;
#2838 = CARTESIAN_POINT ( 'NONE',  ( 12.50000000000000000, 4.727381544774648781, 0.7928932188134528714 ) ) ;
#2839 = DIRECTION ( 'NONE',  ( 0.000000000000000000, 0.000000000000000000, 1.000000000000000000 ) ) ;
#2840 = DIRECTION ( 'NONE',  ( -0.000000000000000000, -0.000000000000000000, 1.000000000000000000 ) ) ;
#2841 = ORIENTED_EDGE ( 'NONE', *, *, #952, .F. ) ;
#2842 = CARTESIAN_POINT ( 'NONE',  ( 7.500000000000001776, 7.500000000000000000, -9.500000000000000000 ) ) ;
#2843 = CARTESIAN_POINT ( 'NONE',  ( -5.599999999999998757, -2.000000000000000000, 0.000000000000000000 ) ) ;
#2844 = VERTEX_POINT ( 'NONE', #1785 ) ;
#2845 = CARTESIAN_POINT ( 'NONE',  ( 15.50000000000000355, -1.373707078613686017, 3.637877566981754462 ) ) ;
#2846 = ORIENTED_EDGE ( 'NONE', *, *, #3496, .T. ) ;
#2847 = ORIENTED_EDGE ( 'NONE', *, *, #675, .F. ) ;
#2848 = CARTESIAN_POINT ( 'NONE',  ( -6.100000000000000533, 3.500000000000000000, 0.000000000000000000 ) ) ;
#2849 = EDGE_CURVE ( 'NONE', #480, #2807, #919, .T. ) ;
#2850 = ORIENTED_EDGE ( 'NONE', *, *, #3341, .T. ) ;
#2851 = DIRECTION ( 'NONE',  ( 0.8092510388073146377, 0.5874629828246898944, 0.000000000000000000 ) ) ;
#2852 = ADVANCED_FACE ( 'NONE', ( #84 ), #1468, .F. ) ;
#2853 = LINE ( 'NONE', #3398, #131 ) ;
#2854 = FACE_OUTER_BOUND ( 'NONE', #1806, .T. ) ;
#2855 = ADVANCED_FACE ( 'NONE', ( #3422 ), #2339, .F. ) ;
#2856 = VERTEX_POINT ( 'NONE', #1490 ) ;
#2857 = DIRECTION ( 'NONE',  ( 1.156482317317871478E-16, 1.000000000000000000, -0.000000000000000000 ) ) ;
#2858 = CYLINDRICAL_SURFACE ( 'NONE', #2183, 0.5000000000000004441 ) ;
#2859 = ORIENTED_EDGE ( 'NONE', *, *, #2799, .F. ) ;
#2860 = LINE ( 'NONE', #1471, #767 ) ;
#2861 = ORIENTED_EDGE ( 'NONE', *, *, #2990, .T. ) ;
#2862 = ORIENTED_EDGE ( 'NONE', *, *, #636, .T. ) ;
#2863 = ORIENTED_EDGE ( 'NONE', *, *, #2, .T. ) ;
#2864 = LINE ( 'NONE', #1476, #1902 ) ;
#2865 = ORIENTED_EDGE ( 'NONE', *, *, #3496, .F. ) ;
#2866 = PLANE ( 'NONE',  #2811 ) ;
#2867 = CARTESIAN_POINT ( 'NONE',  ( 0.000000000000000000, 0.000000000000000000, 1.200000000000000178 ) ) ;
#2868 = AXIS2_PLACEMENT_3D ( 'NONE', #56, #3126, #1445 ) ;
#2869 = LINE ( 'NONE', #1758, #770 ) ;
#2870 = CARTESIAN_POINT ( 'NONE',  ( 9.000000000000003553, -7.500000000000000000, 0.5000000000000000000 ) ) ;
#2871 = EDGE_CURVE ( 'NONE', #3229, #1494, #1772, .T. ) ;
#2872 = DIRECTION ( 'NONE',  ( -1.000000000000000000, 0.000000000000000000, 0.000000000000000000 ) ) ;
#2873 = VECTOR ( 'NONE', #1505, 1000.000000000000000 ) ;
#2874 = LINE ( 'NONE', #2842, #3168 ) ;
#2875 = EDGE_CURVE ( 'NONE', #2886, #3258, #2640, .T. ) ;
#2876 = DIRECTION ( 'NONE',  ( -1.734723475976807094E-16, 0.000000000000000000, -1.000000000000000000 ) ) ;
#2877 = VECTOR ( 'NONE', #1893, 1000.000000000000000 ) ;
#2878 = ORIENTED_EDGE ( 'NONE', *, *, #1860, .T. ) ;
#2879 = DIRECTION ( 'NONE',  ( 1.000000000000000000, 0.000000000000000000, 0.000000000000000000 ) ) ;
#2880 = AXIS2_PLACEMENT_3D ( 'NONE', #2931, #2912, #2876 ) ;
#2881 = AXIS2_PLACEMENT_3D ( 'NONE', #2668, #2753, #2683 ) ;
#2882 = VECTOR ( 'NONE', #707, 1000.000000000000000 ) ;
#2883 = AXIS2_PLACEMENT_3D ( 'NONE', #1124, #2256, #866 ) ;
#2884 = VERTEX_POINT ( 'NONE', #471 ) ;
#2885 = ORIENTED_EDGE ( 'NONE', *, *, #3446, .T. ) ;
#2886 = VERTEX_POINT ( 'NONE', #765 ) ;
#2887 = VECTOR ( 'NONE', #2741, 1000.000000000000000 ) ;
#2888 = LINE ( 'NONE', #149, #540 ) ;
#2889 = FACE_OUTER_BOUND ( 'NONE', #760, .T. ) ;
#2890 = ORIENTED_EDGE ( 'NONE', *, *, #1506, .T. ) ;
#2891 = CARTESIAN_POINT ( 'NONE',  ( 15.29289321881345742, 4.283239619235637008, 1.000000000000001332 ) ) ;
#2892 = LINE ( 'NONE', #1264, #423 ) ;
#2893 = DIRECTION ( 'NONE',  ( -0.000000000000000000, -0.000000000000000000, 1.000000000000000000 ) ) ;
#2894 = DIRECTION ( 'NONE',  ( -1.734723475976807094E-16, 0.000000000000000000, -1.000000000000000000 ) ) ;
#2895 = CARTESIAN_POINT ( 'NONE',  ( -13.50000000000000178, 7.500000000000000000, 3.000000000000000000 ) ) ;
#2896 = EDGE_CURVE ( 'NONE', #727, #3542, #3497, .T. ) ;
#2897 = FACE_OUTER_BOUND ( 'NONE', #739, .T. ) ;
#2898 = VERTEX_POINT ( 'NONE', #2987 ) ;
#2899 = CYLINDRICAL_SURFACE ( 'NONE', #2301, 0.5000000000000013323 ) ;
#2900 = ADVANCED_FACE ( 'NONE', ( #3535 ), #2113, .T. ) ;
#2901 = EDGE_CURVE ( 'NONE', #1464, #1494, #1270, .T. ) ;
#2902 = ORIENTED_EDGE ( 'NONE', *, *, #790, .F. ) ;
#2903 = ORIENTED_EDGE ( 'NONE', *, *, #296, .F. ) ;
#2904 = DIRECTION ( 'NONE',  ( -0.000000000000000000, -0.000000000000000000, -1.000000000000000000 ) ) ;
#2905 = PRESENTATION_STYLE_ASSIGNMENT (( #1794 ) ) ;
#2906 = ORIENTED_EDGE ( 'NONE', *, *, #2458, .T. ) ;
#2907 = LINE ( 'NONE', #1831, #2239 ) ;
#2908 = CARTESIAN_POINT ( 'NONE',  ( 3.309999999999999609, 4.053580905177738768E-16, 3.000000000000000000 ) ) ;
#2909 = CARTESIAN_POINT ( 'NONE',  ( 7.500000000000000000, -7.500000000000000000, -9.500000000000000000 ) ) ;
#2910 = CYLINDRICAL_SURFACE ( 'NONE', #996, 4.650000000000000355 ) ;
#2911 = CARTESIAN_POINT ( 'NONE',  ( 0.4999999999999989453, -5.477225575051662076, 9.400000000000000355 ) ) ;
#2912 = DIRECTION ( 'NONE',  ( 1.000000000000000000, 0.000000000000000000, -1.734723475976807094E-16 ) ) ;
#2913 = ORIENTED_EDGE ( 'NONE', *, *, #2988, .T. ) ;
#2914 = DIRECTION ( 'NONE',  ( 0.000000000000000000, 0.000000000000000000, -1.000000000000000000 ) ) ;
#2915 = EDGE_CURVE ( 'NONE', #2461, #788, #3569, .T. ) ;
#2916 = EDGE_LOOP ( 'NONE', ( #3072, #31, #204, #2215 ) ) ;
#2917 = ORIENTED_EDGE ( 'NONE', *, *, #1611, .T. ) ;
#2918 = EDGE_CURVE ( 'NONE', #2461, #1233, #1862, .T. ) ;
#2919 = ORIENTED_EDGE ( 'NONE', *, *, #2547, .T. ) ;
#2920 = FACE_OUTER_BOUND ( 'NONE', #3195, .T. ) ;
#2921 = EDGE_CURVE ( 'NONE', #3527, #1458, #1564, .T. ) ;
#2922 = ORIENTED_EDGE ( 'NONE', *, *, #1201, .F. ) ;
#2923 = EDGE_CURVE ( 'NONE', #1668, #462, #3010, .T. ) ;
#2924 = LINE ( 'NONE', #2350, #2992 ) ;
#2925 = LINE ( 'NONE', #2335, #183 ) ;
#2926 = PLANE ( 'NONE',  #125 ) ;
#2927 = LINE ( 'NONE', #3218, #1643 ) ;
#2928 = CARTESIAN_POINT ( 'NONE',  ( -5.500000000000000888, 0.000000000000000000, 3.000000000000000000 ) ) ;
#2929 = VECTOR ( 'NONE', #3434, 1000.000000000000000 ) ;
#2930 = LINE ( 'NONE', #2971, #1420 ) ;
#2931 = CARTESIAN_POINT ( 'NONE',  ( 9.500000000000001776, -7.500000000000000000, -9.500000000000000000 ) ) ;
#2932 = CIRCLE ( 'NONE', #1180, 0.4999999999999995559 ) ;
#2933 = VERTEX_POINT ( 'NONE', #2674 ) ;
#2934 = CARTESIAN_POINT ( 'NONE',  ( -13.50000000000000178, -4.500000000000000888, 0.000000000000000000 ) ) ;
#2935 = AXIS2_PLACEMENT_3D ( 'NONE', #2028, #665, #3096 ) ;
#2936 = AXIS2_PLACEMENT_3D ( 'NONE', #2466, #3262, #1059 ) ;
#2937 = VECTOR ( 'NONE', #674, 1000.000000000000000 ) ;
#2938 = ORIENTED_EDGE ( 'NONE', *, *, #1271, .F. ) ;
#2939 = ORIENTED_EDGE ( 'NONE', *, *, #2150, .T. ) ;
#2940 = CARTESIAN_POINT ( 'NONE',  ( 3.559999999999997389, 4.359742604964574173E-16, 1.200000000000000178 ) ) ;
#2941 = CIRCLE ( 'NONE', #3583, 5.500000000000000888 ) ;
#2942 = AXIS2_PLACEMENT_3D ( 'NONE', #3346, #2319, #3127 ) ;
#2943 = EDGE_CURVE ( 'NONE', #208, #3011, #439, .T. ) ;
#2944 = VERTEX_POINT ( 'NONE', #418 ) ;
#2945 = VECTOR ( 'NONE', #1753, 1000.000000000000000 ) ;
#2946 = FACE_OUTER_BOUND ( 'NONE', #2750, .T. ) ;
#2947 = AXIS2_PLACEMENT_3D ( 'NONE', #1665, #2232, #3372 ) ;
#2948 = CARTESIAN_POINT ( 'NONE',  ( 13.50000000000000178, 7.500000000000000000, -9.500000000000000000 ) ) ;
#2949 = ADVANCED_FACE ( 'NONE', ( #454 ), #2432, .F. ) ;
#2950 = FACE_OUTER_BOUND ( 'NONE', #301, .T. ) ;
#2951 = VECTOR ( 'NONE', #3235, 1000.000000000000000 ) ;
#2952 = DIRECTION ( 'NONE',  ( 0.000000000000000000, 0.000000000000000000, 1.000000000000000000 ) ) ;
#2953 = LINE ( 'NONE', #437, #181 ) ;
#2954 = DIRECTION ( 'NONE',  ( -0.000000000000000000, -0.000000000000000000, 1.000000000000000000 ) ) ;
#2955 = DIRECTION ( 'NONE',  ( 0.000000000000000000, 0.000000000000000000, 1.000000000000000000 ) ) ;
#2956 = VERTEX_POINT ( 'NONE', #2139 ) ;
#2957 = DIRECTION ( 'NONE',  ( 1.000000000000000000, -3.552713678800500929E-15, 0.000000000000000000 ) ) ;
#2958 = VERTEX_POINT ( 'NONE', #1285 ) ;
#2959 = EDGE_LOOP ( 'NONE', ( #3376, #3599, #1546, #427 ) ) ;
#2960 = VERTEX_POINT ( 'NONE', #713 ) ;
#2961 = CARTESIAN_POINT ( 'NONE',  ( 0.4999999999999995559, 3.766961640367472608, 1.200000000000000178 ) ) ;
#2962 = EDGE_LOOP ( 'NONE', ( #3006, #138, #2610, #3047 ) ) ;
#2963 = DIRECTION ( 'NONE',  ( 0.000000000000000000, 0.000000000000000000, -1.000000000000000000 ) ) ;
#2964 = CARTESIAN_POINT ( 'NONE',  ( -13.50000000000000178, 7.500000000000000000, 3.000000000000000000 ) ) ;
#2965 = ADVANCED_FACE ( 'NONE', ( #176 ), #496, .F. ) ;
#2966 = FACE_OUTER_BOUND ( 'NONE', #3595, .T. ) ;
#2967 = ORIENTED_EDGE ( 'NONE', *, *, #1561, .F. ) ;
#2968 = CARTESIAN_POINT ( 'NONE',  ( 0.000000000000000000, 0.000000000000000000, 1.000000000000000000 ) ) ;
#2969 = CARTESIAN_POINT ( 'NONE',  ( 4.900000000000000355, 5.181818181818186098, 0.000000000000000000 ) ) ;
#2970 = EDGE_CURVE ( 'NONE', #3302, #1045, #1183, .T. ) ;
#2971 = CARTESIAN_POINT ( 'NONE',  ( 9.500000000000001776, -7.500000000000000000, -9.500000000000000000 ) ) ;
#2972 = EDGE_CURVE ( 'NONE', #2601, #2807, #1302, .T. ) ;
#2973 = CARTESIAN_POINT ( 'NONE',  ( -6.099999999999999645, -2.000000000000000000, 3.000000000000000000 ) ) ;
#2974 = EDGE_LOOP ( 'NONE', ( #3149, #1364, #3342, #1882 ) ) ;
#2975 = DIRECTION ( 'NONE',  ( 0.000000000000000000, 1.000000000000000000, 0.000000000000000000 ) ) ;
#2976 = ORIENTED_EDGE ( 'NONE', *, *, #1315, .F. ) ;
#2977 = ORIENTED_EDGE ( 'NONE', *, *, #1200, .T. ) ;
#2978 = ORIENTED_EDGE ( 'NONE', *, *, #2479, .T. ) ;
#2979 = CARTESIAN_POINT ( 'NONE',  ( -7.500000000000001776, -4.000000000000000000, 3.000000000000000000 ) ) ;
#2980 = ORIENTED_EDGE ( 'NONE', *, *, #2627, .T. ) ;
#2981 = DIRECTION ( 'NONE',  ( 0.000000000000000000, 1.000000000000000000, 0.000000000000000000 ) ) ;
#2982 = LINE ( 'NONE', #464, #188 ) ;
#2983 = VERTEX_POINT ( 'NONE', #1029 ) ;
#2984 = DIRECTION ( 'NONE',  ( 1.000000000000000000, 0.000000000000000000, 0.000000000000000000 ) ) ;
#2985 = DIRECTION ( 'NONE',  ( 0.000000000000000000, 0.000000000000000000, -1.000000000000000000 ) ) ;
#2986 = DIRECTION ( 'NONE',  ( 1.000000000000000000, 0.000000000000000000, 0.000000000000000000 ) ) ;
#2987 = CARTESIAN_POINT ( 'NONE',  ( 9.000000000000003553, 4.283239619235632567, 1.000000000000001332 ) ) ;
#2988 = EDGE_CURVE ( 'NONE', #1642, #228, #1303, .T. ) ;
#2989 = EDGE_LOOP ( 'NONE', ( #1032, #442, #544, #621 ) ) ;
#2990 = EDGE_CURVE ( 'NONE', #2068, #2642, #2711, .T. ) ;
#2991 = LINE ( 'NONE', #2713, #3048 ) ;
#2992 = VECTOR ( 'NONE', #79, 999.9999999999998863 ) ;
#2993 = VERTEX_POINT ( 'NONE', #1325 ) ;
#2994 = ORIENTED_EDGE ( 'NONE', *, *, #1105, .F. ) ;
#2995 = VECTOR ( 'NONE', #2273, 1000.000000000000000 ) ;
#2996 = LINE ( 'NONE', #1291, #835 ) ;
#2997 = DIRECTION ( 'NONE',  ( -0.000000000000000000, 0.000000000000000000, -1.000000000000000000 ) ) ;
#2998 = VECTOR ( 'NONE', #1138, 1000.000000000000000 ) ;
#2999 = ORIENTED_EDGE ( 'NONE', *, *, #701, .F. ) ;
#3000 = CARTESIAN_POINT ( 'NONE',  ( 0.000000000000000000, 0.000000000000000000, 3.000000000000000000 ) ) ;
#3001 = VECTOR ( 'NONE', #2781, 1000.000000000000000 ) ;
#3002 = VECTOR ( 'NONE', #433, 1000.000000000000000 ) ;
#3003 = CARTESIAN_POINT ( 'NONE',  ( -13.50000000000000178, -6.500000000000000888, 0.000000000000000000 ) ) ;
#3004 = VECTOR ( 'NONE', #3340, 1000.000000000000000 ) ;
#3005 = VECTOR ( 'NONE', #390, 1000.000000000000000 ) ;
#3006 = ORIENTED_EDGE ( 'NONE', *, *, #836, .T. ) ;
#3007 = CARTESIAN_POINT ( 'NONE',  ( -0.4999999999999995559, 3.272017726113352953, 3.000000000000000000 ) ) ;
#3008 = VECTOR ( 'NONE', #2795, 1000.000000000000000 ) ;
#3009 = LINE ( 'NONE', #1028, #3178 ) ;
#3010 = LINE ( 'NONE', #3301, #2480 ) ;
#3011 = VERTEX_POINT ( 'NONE', #3551 ) ;
#3012 = DIRECTION ( 'NONE',  ( -0.000000000000000000, 1.000000000000000000, -0.000000000000000000 ) ) ;
#3013 = EDGE_CURVE ( 'NONE', #3238, #278, #1717, .T. ) ;
#3014 = ORIENTED_EDGE ( 'NONE', *, *, #1613, .T. ) ;
#3015 = EDGE_CURVE ( 'NONE', #3025, #3229, #3367, .T. ) ;
#3016 = CARTESIAN_POINT ( 'NONE',  ( 14.50000000000000000, 7.500000000000000000, -9.500000000000000000 ) ) ;
#3017 = EDGE_CURVE ( 'NONE', #1751, #1079, #1362, .T. ) ;
#3018 = CARTESIAN_POINT ( 'NONE',  ( 10.50000000000000000, 7.500000000000000000, -9.500000000000000000 ) ) ;
#3019 = DIRECTION ( 'NONE',  ( -1.734723475976807094E-16, -0.000000000000000000, -1.000000000000000000 ) ) ;
#3020 = EDGE_LOOP ( 'NONE', ( #2240, #3266, #1590, #272 ) ) ;
#3021 = CARTESIAN_POINT ( 'NONE',  ( -0.4999999999999991673, -6.071275269668507664E-17, 1.000000000000000000 ) ) ;
#3022 = CARTESIAN_POINT ( 'NONE',  ( 0.4999999999999988343, -6.832496885981400148, 9.400000000000000355 ) ) ;
#3023 = PLANE ( 'NONE',  #118 ) ;
#3024 = DIRECTION ( 'NONE',  ( 0.000000000000000000, 0.000000000000000000, 1.000000000000000000 ) ) ;
#3025 = VERTEX_POINT ( 'NONE', #1381 ) ;
#3026 = LINE ( 'NONE', #1085, #2420 ) ;
#3027 = ORIENTED_EDGE ( 'NONE', *, *, #1988, .T. ) ;
#3028 = CYLINDRICAL_SURFACE ( 'NONE', #1355, 0.5000000000000004441 ) ;
#3029 = CARTESIAN_POINT ( 'NONE',  ( -13.50000000000000178, 4.500000000000000000, 0.000000000000000000 ) ) ;
#3030 = EDGE_CURVE ( 'NONE', #2027, #1846, #819, .T. ) ;
#3031 = EDGE_LOOP ( 'NONE', ( #1278, #3389, #1217, #1383, #3141 ) ) ;
#3032 = EDGE_CURVE ( 'NONE', #277, #1707, #1635, .T. ) ;
#3033 = CARTESIAN_POINT ( 'NONE',  ( 0.000000000000000000, 0.000000000000000000, 3.000000000000000000 ) ) ;
#3034 = DIRECTION ( 'NONE',  ( 0.000000000000000000, -0.000000000000000000, -1.000000000000000000 ) ) ;
#3035 = EDGE_LOOP ( 'NONE', ( #1000, #3232, #2999, #178, #335, #3295, #2562, #1936 ) ) ;
#3036 = CARTESIAN_POINT ( 'NONE',  ( 0.000000000000000000, 0.000000000000000000, 9.400000000000000355 ) ) ;
#3037 = CYLINDRICAL_SURFACE ( 'NONE', #476, 0.4999999999999995559 ) ;
#3038 = CARTESIAN_POINT ( 'NONE',  ( 7.500000000000000000, -7.500000000000000000, -9.500000000000000000 ) ) ;
#3039 = CARTESIAN_POINT ( 'NONE',  ( 16.50000000000000000, 7.500000000000000000, -9.500000000000000000 ) ) ;
#3040 = ORIENTED_EDGE ( 'NONE', *, *, #522, .T. ) ;
#3041 = LINE ( 'NONE', #529, #1472 ) ;
#3042 = FACE_OUTER_BOUND ( 'NONE', #2450, .T. ) ;
#3043 = VECTOR ( 'NONE', #1249, 1000.000000000000000 ) ;
#3044 = EDGE_LOOP ( 'NONE', ( #626, #2789, #2140, #1775 ) ) ;
#3045 = CARTESIAN_POINT ( 'NONE',  ( 11.50000000000000355, -1.373707078613686683, 3.637877566981752686 ) ) ;
#3046 = CIRCLE ( 'NONE', #3160, 4.000000000000000000 ) ;
#3047 = ORIENTED_EDGE ( 'NONE', *, *, #1493, .T. ) ;
#3048 = VECTOR ( 'NONE', #789, 1000.000000000000000 ) ;
#3049 = CARTESIAN_POINT ( 'NONE',  ( -13.50000000000000178, 7.500000000000000000, 0.000000000000000000 ) ) ;
#3050 = EDGE_CURVE ( 'NONE', #1792, #3602, #2817, .T. ) ;
#3051 = CIRCLE ( 'NONE', #2754, 0.5000000000000013323 ) ;
#3052 = LINE ( 'NONE', #541, #2768 ) ;
#3053 = ORIENTED_EDGE ( 'NONE', *, *, #975, .T. ) ;
#3054 = VECTOR ( 'NONE', #3114, 1000.000000000000000 ) ;
#3055 = DIRECTION ( 'NONE',  ( 1.000000000000000000, 0.000000000000000000, 0.000000000000000000 ) ) ;
#3056 = DIRECTION ( 'NONE',  ( -0.000000000000000000, 1.000000000000000000, 0.000000000000000000 ) ) ;
#3057 = ADVANCED_FACE ( 'NONE', ( #1948 ), #550, .F. ) ;
#3058 = LINE ( 'NONE', #548, #1016 ) ;
#3059 = CARTESIAN_POINT ( 'NONE',  ( 13.50000000000000355, -7.500000000000000000, 0.4999999999999998890 ) ) ;
#3060 = ORIENTED_EDGE ( 'NONE', *, *, #2097, .F. ) ;
#3061 = CARTESIAN_POINT ( 'NONE',  ( 11.50000000000000178, -7.500000000000000000, -9.500000000000000000 ) ) ;
#3062 = MECHANICAL_DESIGN_GEOMETRIC_PRESENTATION_REPRESENTATION (  '', ( #3353 ), #370 ) ;
#3063 = VECTOR ( 'NONE', #1598, 1000.000000000000000 ) ;
#3064 = CARTESIAN_POINT ( 'NONE',  ( 6.999999999999988454, 7.500000000000000000, 3.000000000000000000 ) ) ;
#3065 = ORIENTED_EDGE ( 'NONE', *, *, #662, .T. ) ;
#3066 = CARTESIAN_POINT ( 'NONE',  ( -13.50000000000000178, -5.500000000000000000, 3.000000000000000000 ) ) ;
#3067 = CARTESIAN_POINT ( 'NONE',  ( -5.599999999999998757, 0.000000000000000000, 0.000000000000000000 ) ) ;
#3068 = ORIENTED_EDGE ( 'NONE', *, *, #1536, .T. ) ;
#3069 = ORIENTED_EDGE ( 'NONE', *, *, #1105, .T. ) ;
#3070 = PLANE ( 'NONE',  #2593 ) ;
#3071 = PLANE ( 'NONE',  #1071 ) ;
#3072 = ORIENTED_EDGE ( 'NONE', *, *, #862, .T. ) ;
#3073 = ADVANCED_FACE ( 'NONE', ( #2486 ), #1434, .F. ) ;
#3074 = DIRECTION ( 'NONE',  ( -0.7071067811865394681, 0.000000000000000000, -0.7071067811865555663 ) ) ;
#3075 = CARTESIAN_POINT ( 'NONE',  ( 9.500000000000001776, 7.500000000000000000, -9.500000000000000000 ) ) ;
#3076 = DIRECTION ( 'NONE',  ( 0.000000000000000000, 0.000000000000000000, -1.000000000000000000 ) ) ;
#3077 = CARTESIAN_POINT ( 'NONE',  ( -13.50000000000000178, 1.499999999999999556, 0.000000000000000000 ) ) ;
#3078 = EDGE_CURVE ( 'NONE', #103, #1668, #1705, .T. ) ;
#3079 = EDGE_LOOP ( 'NONE', ( #3082, #2116, #2104, #3146, #2182 ) ) ;
#3080 = CARTESIAN_POINT ( 'NONE',  ( 4.900000000000000355, 5.181818181818186098, 3.000000000000000000 ) ) ;
#3081 = EDGE_CURVE ( 'NONE', #962, #3531, #1126, .T. ) ;
#3082 = ORIENTED_EDGE ( 'NONE', *, *, #1135, .T. ) ;
#3083 = DIRECTION ( 'NONE',  ( 1.000000000000000000, 0.000000000000000000, 0.000000000000000000 ) ) ;
#3084 = CARTESIAN_POINT ( 'NONE',  ( -6.099999999999999645, -0.5000000000000000000, 3.000000000000000000 ) ) ;
#3085 = EDGE_LOOP ( 'NONE', ( #346, #1451, #1869, #3181 ) ) ;
#3086 = LINE ( 'NONE', #2848, #779 ) ;
#3087 = CARTESIAN_POINT ( 'NONE',  ( -5.599999999999998757, 0.000000000000000000, 0.000000000000000000 ) ) ;
#3088 = EDGE_LOOP ( 'NONE', ( #1514, #2582, #2043, #2456 ) ) ;
#3089 = DIRECTION ( 'NONE',  ( 1.214255053933703751E-16, -1.000000000000000000, 0.000000000000000000 ) ) ;
#3090 = CARTESIAN_POINT ( 'NONE',  ( 14.50000000000000178, 5.355493079490425856, 0.4999999999999998890 ) ) ;
#3091 = LINE ( 'NONE', #525, #1547 ) ;
#3092 = ORIENTED_EDGE ( 'NONE', *, *, #2608, .T. ) ;
#3093 = LINE ( 'NONE', #1196, #2307 ) ;
#3094 = EDGE_CURVE ( 'NONE', #2714, #1339, #875, .T. ) ;
#3095 = ORIENTED_EDGE ( 'NONE', *, *, #1463, .T. ) ;
#3096 = DIRECTION ( 'NONE',  ( -1.000000000000000000, 0.000000000000000000, 0.000000000000000000 ) ) ;
#3097 = EDGE_CURVE ( 'NONE', #22, #2956, #3328, .T. ) ;
#3098 = ORIENTED_EDGE ( 'NONE', *, *, #2011, .F. ) ;
#3099 = ORIENTED_EDGE ( 'NONE', *, *, #1244, .F. ) ;
#3100 = VECTOR ( 'NONE', #155, 1000.000000000000000 ) ;
#3101 = CARTESIAN_POINT ( 'NONE',  ( -0.4999999999999998890, 6.488612787525830150, 3.000000000000000000 ) ) ;
#3102 = CARTESIAN_POINT ( 'NONE',  ( -13.50000000000000000, -1.500000000000000444, 3.000000000000000000 ) ) ;
#3103 = AXIS2_PLACEMENT_3D ( 'NONE', #1459, #578, #872 ) ;
#3104 = VERTEX_POINT ( 'NONE', #3593 ) ;
#3105 = FACE_OUTER_BOUND ( 'NONE', #1662, .T. ) ;
#3106 = DIRECTION ( 'NONE',  ( -1.000000000000000000, 0.000000000000000000, 0.000000000000000000 ) ) ;
#3107 = AXIS2_PLACEMENT_3D ( 'NONE', #2744, #1657, #822 ) ;
#3108 = DIRECTION ( 'NONE',  ( 1.445602896647339163E-16, 1.000000000000000000, 0.000000000000000000 ) ) ;
#3109 = AXIS2_PLACEMENT_3D ( 'NONE', #676, #1747, #972 ) ;
#3110 = AXIS2_PLACEMENT_3D ( 'NONE', #2895, #3512, #1007 ) ;
#3111 = ORIENTED_EDGE ( 'NONE', *, *, #2081, .T. ) ;
#3112 = CIRCLE ( 'NONE', #2309, 5.500000000000000888 ) ;
#3113 = AXIS2_PLACEMENT_3D ( 'NONE', #2867, #1965, #1113 ) ;
#3114 = DIRECTION ( 'NONE',  ( 1.156482317317871478E-16, -1.000000000000000000, 0.000000000000000000 ) ) ;
#3115 = ORIENTED_EDGE ( 'NONE', *, *, #3566, .T. ) ;
#3116 = DIRECTION ( 'NONE',  ( 0.000000000000000000, -0.9063077870366510469, 0.4226182617406972764 ) ) ;
#3117 = ADVANCED_FACE ( 'NONE', ( #2742, #2268, #29 ), #1398, .T. ) ;
#3118 = VECTOR ( 'NONE', #3577, 1000.000000000000000 ) ;
#3119 = ORIENTED_EDGE ( 'NONE', *, *, #1581, .T. ) ;
#3120 = VERTEX_POINT ( 'NONE', #804 ) ;
#3121 = ADVANCED_FACE ( 'NONE', ( #1932 ), #2796, .F. ) ;
#3122 = CARTESIAN_POINT ( 'NONE',  ( -6.100000000000000533, 6.500000000000000000, 0.000000000000000000 ) ) ;
#3123 = EDGE_CURVE ( 'NONE', #403, #1973, #1307, .T. ) ;
#3124 = CARTESIAN_POINT ( 'NONE',  ( -0.4999999999999995559, 3.272017726113352953, 1.450000000000003286 ) ) ;
#3125 = ORIENTED_EDGE ( 'NONE', *, *, #2510, .T. ) ;
#3126 = DIRECTION ( 'NONE',  ( 0.000000000000000000, 0.000000000000000000, 1.000000000000000000 ) ) ;
#3127 = DIRECTION ( 'NONE',  ( -1.156482317317871478E-16, 1.000000000000000000, 0.000000000000000000 ) ) ;
#3128 = LINE ( 'NONE', #59, #3298 ) ;
#3129 = CARTESIAN_POINT ( 'NONE',  ( -13.50000000000000178, 7.500000000000000000, 0.000000000000000000 ) ) ;
#3130 = ORIENTED_EDGE ( 'NONE', *, *, #582, .T. ) ;
#3131 = FACE_OUTER_BOUND ( 'NONE', #864, .T. ) ;
#3132 = VERTEX_POINT ( 'NONE', #1654 ) ;
#3133 = CARTESIAN_POINT ( 'NONE',  ( -6.100000000000000533, 4.000000000000000000, 0.000000000000000000 ) ) ;
#3134 = EDGE_LOOP ( 'NONE', ( #2142, #85, #602, #3580 ) ) ;
#3135 = VERTEX_POINT ( 'NONE', #2538 ) ;
#3136 = ORIENTED_EDGE ( 'NONE', *, *, #2440, .F. ) ;
#3137 = CARTESIAN_POINT ( 'NONE',  ( 15.50000000000000178, 7.500000000000000000, -9.500000000000000000 ) ) ;
#3138 = EDGE_CURVE ( 'NONE', #1091, #2570, #1368, .T. ) ;
#3139 = PLANE ( 'NONE',  #310 ) ;
#3140 = ADVANCED_FACE ( 'NONE', ( #233 ), #2765, .F. ) ;
#3141 = ORIENTED_EDGE ( 'NONE', *, *, #1832, .T. ) ;
#3142 = CARTESIAN_POINT ( 'NONE',  ( -3.799999999999999822, 0.000000000000000000, 1.200000000000000178 ) ) ;
#3143 = DIRECTION ( 'NONE',  ( -1.734723475976807094E-16, -0.000000000000000000, -1.000000000000000000 ) ) ;
#3144 = DIRECTION ( 'NONE',  ( -1.156482317317871478E-16, 1.000000000000000000, 0.000000000000000000 ) ) ;
#3145 = CARTESIAN_POINT ( 'NONE',  ( -7.500000000000001776, -6.000000000000000000, 3.000000000000000000 ) ) ;
#3146 = ORIENTED_EDGE ( 'NONE', *, *, #3546, .F. ) ;
#3147 = CARTESIAN_POINT ( 'NONE',  ( -13.50000000000000178, -6.500000000000000888, 0.000000000000000000 ) ) ;
#3148 = DIRECTION ( 'NONE',  ( 0.000000000000000000, 0.000000000000000000, 1.000000000000000000 ) ) ;
#3149 = ORIENTED_EDGE ( 'NONE', *, *, #2990, .F. ) ;
#3150 = LINE ( 'NONE', #1749, #1651 ) ;
#3151 = VERTEX_POINT ( 'NONE', #2321 ) ;
#3152 = VERTEX_POINT ( 'NONE', #3184 ) ;
#3153 = ORIENTED_EDGE ( 'NONE', *, *, #2101, .T. ) ;
#3154 = CARTESIAN_POINT ( 'NONE',  ( 0.000000000000000000, 0.000000000000000000, -9.500000000000000000 ) ) ;
#3155 = CARTESIAN_POINT ( 'NONE',  ( -13.50000000000000178, 1.499999999999999556, 3.000000000000000000 ) ) ;
#3156 = EDGE_LOOP ( 'NONE', ( #2035, #2863, #1865, #831 ) ) ;
#3157 = DIRECTION ( 'NONE',  ( -0.5874629828246900054, 0.8092510388073147487, 0.000000000000000000 ) ) ;
#3158 = CARTESIAN_POINT ( 'NONE',  ( 12.50000000000000000, -7.500000000000000000, -9.500000000000000000 ) ) ;
#3159 = ADVANCED_FACE ( 'NONE', ( #2854 ), #1744, .F. ) ;
#3160 = AXIS2_PLACEMENT_3D ( 'NONE', #761, #1575, #1891 ) ;
#3161 = CARTESIAN_POINT ( 'NONE',  ( -4.900000000000000355, -5.181818181818181657, 3.000000000000000000 ) ) ;
#3162 = FACE_OUTER_BOUND ( 'NONE', #1036, .T. ) ;
#3163 = CARTESIAN_POINT ( 'NONE',  ( 0.000000000000000000, 0.000000000000000000, 1.000000000000000000 ) ) ;
#3164 = AXIS2_PLACEMENT_3D ( 'NONE', #716, #976, #2957 ) ;
#3165 = CARTESIAN_POINT ( 'NONE',  ( -6.100000000000000533, 4.000000000000000000, 3.000000000000000000 ) ) ;
#3166 = EDGE_CURVE ( 'NONE', #1440, #3120, #2075, .T. ) ;
#3167 = DIRECTION ( 'NONE',  ( -0.000000000000000000, -0.000000000000000000, -1.000000000000000000 ) ) ;
#3168 = VECTOR ( 'NONE', #2857, 1000.000000000000000 ) ;
#3169 = ORIENTED_EDGE ( 'NONE', *, *, #280, .T. ) ;
#3170 = DIRECTION ( 'NONE',  ( -0.000000000000000000, -0.000000000000000000, 1.000000000000000000 ) ) ;
#3171 = VECTOR ( 'NONE', #1155, 1000.000000000000000 ) ;
#3172 = AXIS2_PLACEMENT_3D ( 'NONE', #671, #3216, #1833 ) ;
#3173 = AXIS2_PLACEMENT_3D ( 'NONE', #1193, #97, #2055 ) ;
#3174 = VECTOR ( 'NONE', #2515, 1000.000000000000000 ) ;
#3175 = ORIENTED_EDGE ( 'NONE', *, *, #1968, .F. ) ;
#3176 = ORIENTED_EDGE ( 'NONE', *, *, #3522, .F. ) ;
#3177 = ORIENTED_EDGE ( 'NONE', *, *, #1061, .F. ) ;
#3178 = VECTOR ( 'NONE', #1543, 1000.000000000000000 ) ;
#3179 = LINE ( 'NONE', #668, #2369 ) ;
#3180 = SURFACE_STYLE_FILL_AREA ( #334 ) ;
#3181 = ORIENTED_EDGE ( 'NONE', *, *, #1221, .T. ) ;
#3182 = CARTESIAN_POINT ( 'NONE',  ( 0.000000000000000000, 0.000000000000000000, 1.000000000000000000 ) ) ;
#3183 = FACE_OUTER_BOUND ( 'NONE', #3394, .T. ) ;
#3184 = CARTESIAN_POINT ( 'NONE',  ( 3.309999999999999609, 4.053580905177738768E-16, 3.000000000000000000 ) ) ;
#3185 = EDGE_CURVE ( 'NONE', #1625, #169, #2705, .T. ) ;
#3186 = EDGE_LOOP ( 'NONE', ( #2160, #2156, #1286, #2678, #445, #1802, #1111, #685 ) ) ;
#3187 = PLANE ( 'NONE',  #3518 ) ;
#3188 = DIRECTION ( 'NONE',  ( 0.000000000000000000, 0.000000000000000000, 1.000000000000000000 ) ) ;
#3189 = EDGE_CURVE ( 'NONE', #33, #1558, #635, .T. ) ;
#3190 = VERTEX_POINT ( 'NONE', #947 ) ;
#3191 = ADVANCED_FACE ( 'NONE', ( #3162 ), #60, .F. ) ;
#3192 = CARTESIAN_POINT ( 'NONE',  ( -13.50000000000000178, 7.500000000000000000, 3.000000000000000000 ) ) ;
#3193 = VERTEX_POINT ( 'NONE', #898 ) ;
#3194 = EDGE_LOOP ( 'NONE', ( #3427, #3486, #1116, #3321 ) ) ;
#3195 = EDGE_LOOP ( 'NONE', ( #449, #590, #1656, #2878 ) ) ;
#3196 = DIRECTION ( 'NONE',  ( 0.000000000000000000, 0.000000000000000000, 1.000000000000000000 ) ) ;
#3197 = VERTEX_POINT ( 'NONE', #2909 ) ;
#3198 = DIRECTION ( 'NONE',  ( 0.000000000000000000, -0.000000000000000000, 1.000000000000000000 ) ) ;
#3199 = LINE ( 'NONE', #2964, #895 ) ;
#3200 = DIRECTION ( 'NONE',  ( 0.000000000000000000, 0.000000000000000000, 1.000000000000000000 ) ) ;
#3201 = CARTESIAN_POINT ( 'NONE',  ( -13.50000000000000178, 0.4999999999999995559, 0.000000000000000000 ) ) ;
#3202 = DIRECTION ( 'NONE',  ( 0.000000000000000000, 0.000000000000000000, -1.000000000000000000 ) ) ;
#3203 = CARTESIAN_POINT ( 'NONE',  ( -13.50000000000000178, 6.500000000000000000, 0.000000000000000000 ) ) ;
#3204 = DIRECTION ( 'NONE',  ( 0.000000000000000000, 0.000000000000000000, 1.000000000000000000 ) ) ;
#3205 = ORIENTED_EDGE ( 'NONE', *, *, #1681, .T. ) ;
#3206 = FACE_OUTER_BOUND ( 'NONE', #573, .T. ) ;
#3207 = ADVANCED_FACE ( 'NONE', ( #933 ), #600, .F. ) ;
#3208 = ORIENTED_EDGE ( 'NONE', *, *, #2328, .T. ) ;
#3209 = ORIENTED_EDGE ( 'NONE', *, *, #2675, .F. ) ;
#3210 = ORIENTED_EDGE ( 'NONE', *, *, #3455, .F. ) ;
#3211 = EDGE_CURVE ( 'NONE', #1045, #2349, #2299, .T. ) ;
#3212 = PLANE ( 'NONE',  #2706 ) ;
#3213 = APPLICATION_PROTOCOL_DEFINITION ( 'draft international standard', 'automotive_design', 1998, #2575 ) ;
#3214 = VERTEX_POINT ( 'NONE', #672 ) ;
#3215 = CARTESIAN_POINT ( 'NONE',  ( 9.000000000000003553, 4.283239619235632567, 1.000000000000001332 ) ) ;
#3216 = DIRECTION ( 'NONE',  ( 0.000000000000000000, -1.000000000000000000, 0.000000000000000000 ) ) ;
#3217 = CARTESIAN_POINT ( 'NONE',  ( -13.50000000000000178, -4.500000000000000888, 0.000000000000000000 ) ) ;
#3218 = CARTESIAN_POINT ( 'NONE',  ( 0.5000000000000000000, 7.500000000000000000, 0.000000000000000000 ) ) ;
#3219 = CARTESIAN_POINT ( 'NONE',  ( -0.4999999999999994449, 3.272017726113352065, 3.000000000000000000 ) ) ;
#3220 = AXIS2_PLACEMENT_3D ( 'NONE', #2255, #3508, #1403 ) ;
#3221 = DIRECTION ( 'NONE',  ( -1.000000000000000000, 0.000000000000000000, 0.000000000000000000 ) ) ;
#3222 = CARTESIAN_POINT ( 'NONE',  ( 11.00000000000000355, -7.500000000000000000, 1.000000000000001332 ) ) ;
#3223 = VECTOR ( 'NONE', #738, 1000.000000000000000 ) ;
#3224 = ORIENTED_EDGE ( 'NONE', *, *, #1988, .F. ) ;
#3225 = DIRECTION ( 'NONE',  ( -1.214255053933703751E-16, -1.000000000000000000, 0.000000000000000000 ) ) ;
#3226 = VECTOR ( 'NONE', #2285, 1000.000000000000000 ) ;
#3227 = EDGE_CURVE ( 'NONE', #740, #2588, #1798, .T. ) ;
#3228 = AXIS2_PLACEMENT_3D ( 'NONE', #1087, #1985, #1416 ) ;
#3229 = VERTEX_POINT ( 'NONE', #2632 ) ;
#3230 = CIRCLE ( 'NONE', #2365, 0.5000000000000013323 ) ;
#3231 = VERTEX_POINT ( 'NONE', #380 ) ;
#3232 = ORIENTED_EDGE ( 'NONE', *, *, #1246, .F. ) ;
#3233 = DIRECTION ( 'NONE',  ( -1.000000000000000000, 0.000000000000000000, 0.000000000000000000 ) ) ;
#3234 = AXIS2_PLACEMENT_3D ( 'NONE', #1999, #3108, #2569 ) ;
#3235 = DIRECTION ( 'NONE',  ( -0.000000000000000000, -0.000000000000000000, 1.000000000000000000 ) ) ;
#3236 = CIRCLE ( 'NONE', #1957, 0.5000000000000004441 ) ;
#3237 = EDGE_CURVE ( 'NONE', #2498, #2340, #539, .T. ) ;
#3238 = VERTEX_POINT ( 'NONE', #620 ) ;
#3239 = FACE_OUTER_BOUND ( 'NONE', #2158, .T. ) ;
#3240 = AXIS2_PLACEMENT_3D ( 'NONE', #2346, #429, #3445 ) ;
#3241 = EDGE_CURVE ( 'NONE', #1648, #2719, #1517, .T. ) ;
#3242 = DIRECTION ( 'NONE',  ( -1.000000000000000000, -0.000000000000000000, -0.000000000000000000 ) ) ;
#3243 = CARTESIAN_POINT ( 'NONE',  ( 16.49999999999999645, -7.500000000000000000, -9.500000000000000000 ) ) ;
#3244 = ORIENTED_EDGE ( 'NONE', *, *, #2347, .F. ) ;
#3245 = LINE ( 'NONE', #3296, #1524 ) ;
#3246 = FACE_OUTER_BOUND ( 'NONE', #993, .T. ) ;
#3247 = CARTESIAN_POINT ( 'NONE',  ( 12.50000000000000000, 7.500000000000000000, -9.500000000000000000 ) ) ;
#3248 = CARTESIAN_POINT ( 'NONE',  ( -6.100000000000000533, 6.000000000000000000, 0.000000000000000000 ) ) ;
#3249 = VERTEX_POINT ( 'NONE', #1210 ) ;
#3250 = DIRECTION ( 'NONE',  ( 1.000000000000000000, 0.000000000000000000, 0.000000000000000000 ) ) ;
#3251 = EDGE_LOOP ( 'NONE', ( #1899, #1617, #2717, #1863 ) ) ;
#3252 = DIRECTION ( 'NONE',  ( 0.000000000000000000, 0.000000000000000000, 1.000000000000000000 ) ) ;
#3253 = LINE ( 'NONE', #189, #604 ) ;
#3254 = CARTESIAN_POINT ( 'NONE',  ( -6.099999999999999645, -0.5000000000000000000, 0.000000000000000000 ) ) ;
#3255 = EDGE_CURVE ( 'NONE', #3120, #3238, #2426, .T. ) ;
#3256 = DIRECTION ( 'NONE',  ( 0.000000000000000000, 0.000000000000000000, 1.000000000000000000 ) ) ;
#3257 = ADVANCED_FACE ( 'NONE', ( #1245 ), #2372, .F. ) ;
#3258 = VERTEX_POINT ( 'NONE', #42 ) ;
#3259 = LINE ( 'NONE', #3021, #406 ) ;
#3260 = EDGE_CURVE ( 'NONE', #1293, #630, #1661, .T. ) ;
#3261 = DIRECTION ( 'NONE',  ( 0.000000000000000000, 0.000000000000000000, 1.000000000000000000 ) ) ;
#3262 = DIRECTION ( 'NONE',  ( -0.000000000000000000, -0.000000000000000000, 1.000000000000000000 ) ) ;
#3263 = VERTEX_POINT ( 'NONE', #2425 ) ;
#3264 = CARTESIAN_POINT ( 'NONE',  ( 7.500000000000001776, 7.500000000000000000, -9.500000000000000000 ) ) ;
#3265 = ORIENTED_EDGE ( 'NONE', *, *, #2278, .T. ) ;
#3266 = ORIENTED_EDGE ( 'NONE', *, *, #2622, .T. ) ;
#3267 = ORIENTED_EDGE ( 'NONE', *, *, #3017, .F. ) ;
#3268 = CYLINDRICAL_SURFACE ( 'NONE', #366, 1.100000000000000311 ) ;
#3269 = EDGE_LOOP ( 'NONE', ( #332, #1439, #1567, #399 ) ) ;
#3270 = CARTESIAN_POINT ( 'NONE',  ( -0.5000000000000000000, 7.500000000000000000, 0.000000000000000000 ) ) ;
#3271 = CARTESIAN_POINT ( 'NONE',  ( 0.000000000000000000, 0.000000000000000000, 9.400000000000000355 ) ) ;
#3272 = EDGE_CURVE ( 'NONE', #3468, #1310, #1604, .T. ) ;
#3273 = CARTESIAN_POINT ( 'NONE',  ( 13.00000000000000355, -7.500000000000000000, 0.5000000000000000000 ) ) ;
#3274 = FACE_OUTER_BOUND ( 'NONE', #850, .T. ) ;
#3275 = DIRECTION ( 'NONE',  ( 1.000000000000000000, 0.000000000000000000, 0.000000000000000000 ) ) ;
#3276 = CARTESIAN_POINT ( 'NONE',  ( 0.000000000000000000, 0.000000000000000000, 3.000000000000000000 ) ) ;
#3277 = EDGE_CURVE ( 'NONE', #1558, #2642, #2151, .T. ) ;
#3278 = ORIENTED_EDGE ( 'NONE', *, *, #3541, .F. ) ;
#3279 = DIRECTION ( 'NONE',  ( -0.000000000000000000, 1.000000000000000000, -0.000000000000000000 ) ) ;
#3280 = EDGE_CURVE ( 'NONE', #492, #1049, #3112, .T. ) ;
#3281 = AXIS2_PLACEMENT_3D ( 'NONE', #1639, #2231, #279 ) ;
#3282 = ORIENTED_EDGE ( 'NONE', *, *, #2288, .T. ) ;
#3283 = ORIENTED_EDGE ( 'NONE', *, *, #1312, .T. ) ;
#3284 = VECTOR ( 'NONE', #421, 1000.000000000000000 ) ;
#3285 = PLANE ( 'NONE',  #250 ) ;
#3286 = VECTOR ( 'NONE', #2484, 1000.000000000000000 ) ;
#3287 = VECTOR ( 'NONE', #2338, 1000.000000000000000 ) ;
#3288 = ORIENTED_EDGE ( 'NONE', *, *, #629, .T. ) ;
#3289 = PLANE ( 'NONE',  #1898 ) ;
#3290 = VECTOR ( 'NONE', #1877, 1000.000000000000000 ) ;
#3291 = AXIS2_PLACEMENT_3D ( 'NONE', #519, #2563, #575 ) ;
#3292 = DIRECTION ( 'NONE',  ( -0.000000000000000000, -0.000000000000000000, -1.000000000000000000 ) ) ;
#3293 = AXIS2_PLACEMENT_3D ( 'NONE', #2755, #1687, #3619 ) ;
#3294 = CIRCLE ( 'NONE', #2077, 4.000000000000000000 ) ;
#3295 = ORIENTED_EDGE ( 'NONE', *, *, #730, .T. ) ;
#3296 = CARTESIAN_POINT ( 'NONE',  ( -13.50000000000000178, -3.499999999999999556, 0.000000000000000000 ) ) ;
#3297 = DIRECTION ( 'NONE',  ( 0.000000000000000000, 0.000000000000000000, 1.000000000000000000 ) ) ;
#3298 = VECTOR ( 'NONE', #339, 1000.000000000000000 ) ;
#3299 = DIRECTION ( 'NONE',  ( -1.214255053933703751E-16, -1.000000000000000000, 0.000000000000000000 ) ) ;
#3300 = EDGE_CURVE ( 'NONE', #788, #2062, #3530, .T. ) ;
#3301 = CARTESIAN_POINT ( 'NONE',  ( 13.50000000000000355, -1.373707078613686683, 3.637877566981752686 ) ) ;
#3302 = VERTEX_POINT ( 'NONE', #1320 ) ;
#3303 = FACE_OUTER_BOUND ( 'NONE', #2380, .T. ) ;
#3304 = EDGE_CURVE ( 'NONE', #1531, #2498, #967, .T. ) ;
#3305 = EDGE_CURVE ( 'NONE', #867, #3443, #1039, .T. ) ;
#3306 = ORIENTED_EDGE ( 'NONE', *, *, #517, .T. ) ;
#3307 = LINE ( 'NONE', #572, #468 ) ;
#3308 = LINE ( 'NONE', #516, #1542 ) ;
#3309 = PLANE ( 'NONE',  #3291 ) ;
#3310 = LINE ( 'NONE', #799, #659 ) ;
#3311 = ORIENTED_EDGE ( 'NONE', *, *, #912, .F. ) ;
#3312 = DIRECTION ( 'NONE',  ( -0.000000000000000000, -0.000000000000000000, -1.000000000000000000 ) ) ;
#3313 = PLANE ( 'NONE',  #594 ) ;
#3314 = LINE ( 'NONE', #3038, #3008 ) ;
#3315 = DIRECTION ( 'NONE',  ( 1.000000000000000000, 0.000000000000000000, 0.000000000000000000 ) ) ;
#3316 = EDGE_LOOP ( 'NONE', ( #639, #2756, #1206, #2980 ) ) ;
#3317 = DIRECTION ( 'NONE',  ( 0.000000000000000000, -0.9063077870366510469, 0.4226182617406972764 ) ) ;
#3318 = FACE_OUTER_BOUND ( 'NONE', #2144, .T. ) ;
#3319 = ORIENTED_EDGE ( 'NONE', *, *, #1175, .F. ) ;
#3320 = DIRECTION ( 'NONE',  ( 1.000000000000000000, 0.000000000000000000, 0.000000000000000000 ) ) ;
#3321 = ORIENTED_EDGE ( 'NONE', *, *, #662, .F. ) ;
#3322 = EDGE_CURVE ( 'NONE', #22, #3197, #2444, .T. ) ;
#3323 = CYLINDRICAL_SURFACE ( 'NONE', #1304, 0.5000000000000004441 ) ;
#3324 = CARTESIAN_POINT ( 'NONE',  ( 0.000000000000000000, 0.000000000000000000, 3.000000000000000000 ) ) ;
#3325 = CARTESIAN_POINT ( 'NONE',  ( 11.50000000000000178, 4.727381544774648781, 0.7928932188134536485 ) ) ;
#3326 = FACE_OUTER_BOUND ( 'NONE', #699, .T. ) ;
#3327 = CYLINDRICAL_SURFACE ( 'NONE', #2493, 0.5000000000000004441 ) ;
#3328 = LINE ( 'NONE', #307, #3464 ) ;
#3329 = ORIENTED_EDGE ( 'NONE', *, *, #1246, .T. ) ;
#3330 = CYLINDRICAL_SURFACE ( 'NONE', #1060, 5.500000000000000888 ) ;
#3331 = DIRECTION ( 'NONE',  ( 0.000000000000000000, 0.9063077870366510469, -0.4226182617406972764 ) ) ;
#3332 = ORIENTED_EDGE ( 'NONE', *, *, #293, .T. ) ;
#3333 = PLANE ( 'NONE',  #3281 ) ;
#3334 = CIRCLE ( 'NONE', #643, 0.5000000000000004441 ) ;
#3335 = ADVANCED_FACE ( 'NONE', ( #2950 ), #1280, .T. ) ;
#3336 = AXIS2_PLACEMENT_3D ( 'NONE', #2802, #292, #1389 ) ;
#3337 = EDGE_LOOP ( 'NONE', ( #2722, #2317, #3099, #2506 ) ) ;
#3338 = CARTESIAN_POINT ( 'NONE',  ( 15.50000000000000178, -7.500000000000000000, -9.500000000000000000 ) ) ;
#3339 = ADVANCED_FACE ( 'NONE', ( #2405 ), #171, .F. ) ;
#3340 = DIRECTION ( 'NONE',  ( -0.000000000000000000, -0.000000000000000000, 1.000000000000000000 ) ) ;
#3341 = EDGE_CURVE ( 'NONE', #2701, #1830, #2721, .T. ) ;
#3342 = ORIENTED_EDGE ( 'NONE', *, *, #3189, .T. ) ;
#3343 = VECTOR ( 'NONE', #3609, 1000.000000000000000 ) ;
#3344 = CARTESIAN_POINT ( 'NONE',  ( 7.500000000000000000, -7.500000000000000000, 0.000000000000000000 ) ) ;
#3345 = VECTOR ( 'NONE', #2260, 1000.000000000000000 ) ;
#3346 = CARTESIAN_POINT ( 'NONE',  ( -13.50000000000000178, 7.500000000000000000, 3.000000000000000000 ) ) ;
#3347 = LINE ( 'NONE', #1634, #2887 ) ;
#3348 = AXIS2_PLACEMENT_3D ( 'NONE', #3475, #1226, #3419 ) ;
#3349 = CARTESIAN_POINT ( 'NONE',  ( -6.100000000000000533, 4.000000000000000000, 3.000000000000000000 ) ) ;
#3350 = VECTOR ( 'NONE', #2145, 1000.000000000000000 ) ;
#3351 = EDGE_LOOP ( 'NONE', ( #2174, #697 ) ) ;
#3352 = DIRECTION ( 'NONE',  ( -1.000000000000000000, 0.000000000000000000, 0.000000000000000000 ) ) ;
#3353 = STYLED_ITEM ( 'NONE', ( #2905 ), #112 ) ;
#3354 = VECTOR ( 'NONE', #1448, 1000.000000000000000 ) ;
#3355 = CARTESIAN_POINT ( 'NONE',  ( 13.29289321881345742, 4.283239619235635232, 1.000000000000001332 ) ) ;
#3356 = ORIENTED_EDGE ( 'NONE', *, *, #67, .T. ) ;
#3357 = DIRECTION ( 'NONE',  ( -0.000000000000000000, -0.000000000000000000, 1.000000000000000000 ) ) ;
#3358 = ORIENTED_EDGE ( 'NONE', *, *, #1536, .F. ) ;
#3359 = ORIENTED_EDGE ( 'NONE', *, *, #633, .F. ) ;
#3360 = CARTESIAN_POINT ( 'NONE',  ( -7.500000000000001776, -4.000000000000000000, 0.000000000000000000 ) ) ;
#3361 = CARTESIAN_POINT ( 'NONE',  ( -13.50000000000000178, 7.500000000000000000, 3.000000000000000000 ) ) ;
#3362 = VERTEX_POINT ( 'NONE', #2109 ) ;
#3363 = LINE ( 'NONE', #1137, #528 ) ;
#3364 = CARTESIAN_POINT ( 'NONE',  ( -0.4999999999999995559, 3.524712754253881197, 1.200000000000000178 ) ) ;
#3365 = EDGE_CURVE ( 'NONE', #1040, #2690, #2543, .T. ) ;
#3366 = DIRECTION ( 'NONE',  ( 1.000000000000000000, 1.156482317317871478E-16, -0.000000000000000000 ) ) ;
#3367 = LINE ( 'NONE', #858, #3171 ) ;
#3368 = ORIENTED_EDGE ( 'NONE', *, *, #368, .F. ) ;
#3369 = FACE_OUTER_BOUND ( 'NONE', #499, .T. ) ;
#3370 = VERTEX_POINT ( 'NONE', #434 ) ;
#3371 = LINE ( 'NONE', #2574, #1767 ) ;
#3372 = DIRECTION ( 'NONE',  ( 1.156482317317871725E-16, 1.000000000000000000, 0.000000000000000000 ) ) ;
#3373 = ORIENTED_EDGE ( 'NONE', *, *, #2442, .T. ) ;
#3374 = ORIENTED_EDGE ( 'NONE', *, *, #1606, .F. ) ;
#3375 = DIRECTION ( 'NONE',  ( 0.000000000000000000, 0.000000000000000000, -1.000000000000000000 ) ) ;
#3376 = ORIENTED_EDGE ( 'NONE', *, *, #1968, .T. ) ;
#3377 = DIRECTION ( 'NONE',  ( 0.000000000000000000, -0.000000000000000000, -1.000000000000000000 ) ) ;
#3378 = CYLINDRICAL_SURFACE ( 'NONE', #2823, 3.309999999999999609 ) ;
#3379 = SURFACE_SIDE_STYLE ('',( #306 ) ) ;
#3380 = CARTESIAN_POINT ( 'NONE',  ( 0.000000000000000000, 0.000000000000000000, 3.000000000000000000 ) ) ;
#3381 = ADVANCED_FACE ( 'NONE', ( #1337 ), #983, .T. ) ;
#3382 = ORIENTED_EDGE ( 'NONE', *, *, #633, .T. ) ;
#3383 = DIRECTION ( 'NONE',  ( 0.000000000000000000, -0.000000000000000000, 1.000000000000000000 ) ) ;
#3384 = CARTESIAN_POINT ( 'NONE',  ( 16.50000000000000000, 7.500000000000000000, -9.500000000000000000 ) ) ;
#3385 = ADVANCED_FACE ( 'NONE', ( #2966 ), #2926, .F. ) ;
#3386 = VERTEX_POINT ( 'NONE', #137 ) ;
#3387 = EDGE_CURVE ( 'NONE', #612, #1707, #1871, .T. ) ;
#3388 = CARTESIAN_POINT ( 'NONE',  ( 0.000000000000000000, 0.000000000000000000, 1.000000000000000000 ) ) ;
#3389 = ORIENTED_EDGE ( 'NONE', *, *, #695, .T. ) ;
#3390 = ORIENTED_EDGE ( 'NONE', *, *, #45, .T. ) ;
#3391 = LINE ( 'NONE', #3049, #3520 ) ;
#3392 = LINE ( 'NONE', #1738, #2136 ) ;
#3393 = CIRCLE ( 'NONE', #1825, 4.000000000000000000 ) ;
#3394 = EDGE_LOOP ( 'NONE', ( #3209, #1350, #2066, #234, #2441, #2398, #1369 ) ) ;
#3395 = LINE ( 'NONE', #2553, #1708 ) ;
#3396 = CARTESIAN_POINT ( 'NONE',  ( -0.4999999999999990563, -7.500000000000000000, 3.000000000000000000 ) ) ;
#3397 = AXIS2_PLACEMENT_3D ( 'NONE', #3133, #624, #2879 ) ;
#3398 = CARTESIAN_POINT ( 'NONE',  ( 12.50000000000000000, -7.500000000000000000, 0.4999999999999998890 ) ) ;
#3399 = DIRECTION ( 'NONE',  ( -0.000000000000000000, -0.000000000000000000, 1.000000000000000000 ) ) ;
#3400 = VECTOR ( 'NONE', #199, 1000.000000000000000 ) ;
#3401 = VECTOR ( 'NONE', #3317, 1000.000000000000000 ) ;
#3402 = ORIENTED_EDGE ( 'NONE', *, *, #1805, .F. ) ;
#3403 = AXIS2_PLACEMENT_3D ( 'NONE', #2580, #3399, #2336 ) ;
#3404 = DIRECTION ( 'NONE',  ( 0.000000000000000000, 0.000000000000000000, 1.000000000000000000 ) ) ;
#3405 = COLOUR_RGB ( '',0.5372549019607842924, 0.3490196078431372362, 0.3372549019607843368 ) ;
#3406 = VERTEX_POINT ( 'NONE', #2684 ) ;
#3407 = AXIS2_PLACEMENT_3D ( 'NONE', #1236, #3196, #940 ) ;
#3408 = FACE_OUTER_BOUND ( 'NONE', #964, .T. ) ;
#3409 = EDGE_CURVE ( 'NONE', #2501, #443, #1296, .T. ) ;
#3410 = EDGE_CURVE ( 'NONE', #1293, #1095, #2982, .T. ) ;
#3411 = EDGE_LOOP ( 'NONE', ( #2192, #845, #3329, #1177 ) ) ;
#3412 = DIRECTION ( 'NONE',  ( 0.000000000000000000, -0.000000000000000000, -1.000000000000000000 ) ) ;
#3413 = FACE_OUTER_BOUND ( 'NONE', #1732, .T. ) ;
#3414 = DIRECTION ( 'NONE',  ( -1.000000000000000000, 0.000000000000000000, 0.000000000000000000 ) ) ;
#3415 = VERTEX_POINT ( 'NONE', #2704 ) ;
#3416 = DIRECTION ( 'NONE',  ( 0.000000000000000000, 0.9063077870366510469, -0.4226182617406972764 ) ) ;
#3417 = CARTESIAN_POINT ( 'NONE',  ( 14.50000000000000000, 7.499999999999999112, -0.5000000000000004441 ) ) ;
#3418 = LINE ( 'NONE', #2568, #311 ) ;
#3419 = DIRECTION ( 'NONE',  ( 1.000000000000000000, 0.000000000000000000, 0.000000000000000000 ) ) ;
#3420 = ORIENTED_EDGE ( 'NONE', *, *, #1529, .F. ) ;
#3421 = LINE ( 'NONE', #3147, #3287 ) ;
#3422 = FACE_OUTER_BOUND ( 'NONE', #2727, .T. ) ;
#3423 = ORIENTED_EDGE ( 'NONE', *, *, #280, .F. ) ;
#3424 = CARTESIAN_POINT ( 'NONE',  ( -13.50000000000000178, 6.500000000000000000, 3.000000000000000000 ) ) ;
#3425 = EDGE_CURVE ( 'NONE', #1089, #1549, #1393, .T. ) ;
#3426 = ORIENTED_EDGE ( 'NONE', *, *, #2097, .T. ) ;
#3427 = ORIENTED_EDGE ( 'NONE', *, *, #744, .F. ) ;
#3428 = PRODUCT_RELATED_PRODUCT_CATEGORY ( 'part', '', ( #472 ) ) ;
#3429 = VERTEX_POINT ( 'NONE', #2516 ) ;
#3430 = CARTESIAN_POINT ( 'NONE',  ( 16.50000000000000000, 7.500000000000000000, 3.000000000000000000 ) ) ;
#3431 = CARTESIAN_POINT ( 'NONE',  ( 16.49999999999999645, -7.500000000000000000, -9.500000000000000000 ) ) ;
#3432 = EDGE_CURVE ( 'NONE', #1792, #3362, #1133, .T. ) ;
#3433 = ORIENTED_EDGE ( 'NONE', *, *, #2567, .F. ) ;
#3434 = DIRECTION ( 'NONE',  ( -1.214255053933703751E-16, 1.000000000000000000, 0.000000000000000000 ) ) ;
#3435 = CARTESIAN_POINT ( 'NONE',  ( 0.5000000000000000000, 7.500000000000000000, 0.000000000000000000 ) ) ;
#3436 = LINE ( 'NONE', #325, #3354 ) ;
#3437 = DIRECTION ( 'NONE',  ( 0.000000000000000000, 0.000000000000000000, 1.000000000000000000 ) ) ;
#3438 = CARTESIAN_POINT ( 'NONE',  ( -13.50000000000000178, 7.500000000000000000, 3.000000000000000000 ) ) ;
#3439 = CARTESIAN_POINT ( 'NONE',  ( 14.50000000000000000, -1.373707078613686017, 3.637877566981754462 ) ) ;
#3440 = CARTESIAN_POINT ( 'NONE',  ( 0.000000000000000000, 0.000000000000000000, 0.000000000000000000 ) ) ;
#3441 = ORIENTED_EDGE ( 'NONE', *, *, #2875, .F. ) ;
#3442 = DIRECTION ( 'NONE',  ( 0.000000000000000000, 0.000000000000000000, 1.000000000000000000 ) ) ;
#3443 = VERTEX_POINT ( 'NONE', #506 ) ;
#3444 = ORIENTED_EDGE ( 'NONE', *, *, #1895, .T. ) ;
#3445 = DIRECTION ( 'NONE',  ( 1.000000000000000000, 0.000000000000000000, 0.000000000000000000 ) ) ;
#3446 = EDGE_CURVE ( 'NONE', #2227, #3258, #3310, .T. ) ;
#3447 = DIRECTION ( 'NONE',  ( 0.000000000000000000, 1.000000000000000000, 0.000000000000000000 ) ) ;
#3448 = VERTEX_POINT ( 'NONE', #1354 ) ;
#3449 = LINE ( 'NONE', #95, #51 ) ;
#3450 =( BOUNDED_CURVE ( )  B_SPLINE_CURVE ( 3, ( #3090, #1703, #27, #1446 ),
 .UNSPECIFIED., .F., .T. ) 
 B_SPLINE_CURVE_WITH_KNOTS ( ( 4, 4 ),
 ( 1.570796326794896558, 3.141592653589793116 ),
 .UNSPECIFIED. ) 
 CURVE ( )  GEOMETRIC_REPRESENTATION_ITEM ( )  RATIONAL_B_SPLINE_CURVE ( ( 1.000000000000000000, 0.8047378541243649375, 0.8047378541243649375, 1.000000000000000000 ) ) 
 REPRESENTATION_ITEM ( '' )  );
#3451 = DIRECTION ( 'NONE',  ( -0.000000000000000000, -0.000000000000000000, 1.000000000000000000 ) ) ;
#3452 = EDGE_CURVE ( 'NONE', #1975, #2528, #837, .T. ) ;
#3453 = VECTOR ( 'NONE', #728, 1000.000000000000000 ) ;
#3454 = DIRECTION ( 'NONE',  ( 1.000000000000000000, 0.000000000000000000, 0.000000000000000000 ) ) ;
#3455 = EDGE_CURVE ( 'NONE', #2461, #1531, #2477, .T. ) ;
#3456 = DIRECTION ( 'NONE',  ( 1.000000000000000000, 0.000000000000000000, -1.734723475976807094E-16 ) ) ;
#3457 = VECTOR ( 'NONE', #533, 1000.000000000000000 ) ;
#3458 = CARTESIAN_POINT ( 'NONE',  ( -6.100000000000000533, 5.500000000000000000, 0.000000000000000000 ) ) ;
#3459 = AXIS2_PLACEMENT_3D ( 'NONE', #606, #2271, #1954 ) ;
#3460 =( BOUNDED_CURVE ( )  B_SPLINE_CURVE ( 3, ( #915, #2387, #965, #3215 ),
 .UNSPECIFIED., .F., .T. ) 
 B_SPLINE_CURVE_WITH_KNOTS ( ( 4, 4 ),
 ( 1.570796326794896558, 3.141592653589793116 ),
 .UNSPECIFIED. ) 
 CURVE ( )  GEOMETRIC_REPRESENTATION_ITEM ( )  RATIONAL_B_SPLINE_CURVE ( ( 1.000000000000000000, 0.8047378541243649375, 0.8047378541243649375, 1.000000000000000000 ) ) 
 REPRESENTATION_ITEM ( '' )  );
#3461 = DIRECTION ( 'NONE',  ( 0.000000000000000000, 0.000000000000000000, 1.000000000000000000 ) ) ;
#3462 = ORIENTED_EDGE ( 'NONE', *, *, #3166, .T. ) ;
#3463 = CARTESIAN_POINT ( 'NONE',  ( 7.500000000000001776, 7.500000000000000000, -9.500000000000000000 ) ) ;
#3464 = VECTOR ( 'NONE', #14, 1000.000000000000000 ) ;
#3465 = AXIS2_PLACEMENT_3D ( 'NONE', #3603, #1077, #1335 ) ;
#3466 = CIRCLE ( 'NONE', #487, 4.000000000000000000 ) ;
#3467 = ORIENTED_EDGE ( 'NONE', *, *, #3612, .T. ) ;
#3468 = VERTEX_POINT ( 'NONE', #3087 ) ;
#3469 = CIRCLE ( 'NONE', #2597, 0.5000000000000004441 ) ;
#3470 = CIRCLE ( 'NONE', #428, 0.5000000000000004441 ) ;
#3471 = DIRECTION ( 'NONE',  ( 0.000000000000000000, 0.000000000000000000, 1.000000000000000000 ) ) ;
#3472 = ORIENTED_EDGE ( 'NONE', *, *, #2688, .T. ) ;
#3473 = CARTESIAN_POINT ( 'NONE',  ( 9.500000000000003553, 5.355493079490422303, 0.4999999999999998890 ) ) ;
#3474 = DIRECTION ( 'NONE',  ( 0.000000000000000000, 0.000000000000000000, 1.000000000000000000 ) ) ;
#3475 = CARTESIAN_POINT ( 'NONE',  ( -3.800000000000000266, -5.181818181818181657, 0.000000000000000000 ) ) ;
#3476 = EDGE_CURVE ( 'NONE', #2956, #1866, #2736, .T. ) ;
#3477 = FACE_OUTER_BOUND ( 'NONE', #939, .T. ) ;
#3478 = CARTESIAN_POINT ( 'NONE',  ( 0.000000000000000000, 0.000000000000000000, 1.000000000000000000 ) ) ;
#3479 = ADVANCED_FACE ( 'NONE', ( #300 ), #3071, .F. ) ;
#3480 = CARTESIAN_POINT ( 'NONE',  ( 5.092463546816333952, 3.499999999999994227, 4.907536453183660718 ) ) ;
#3481 = LINE ( 'NONE', #2572, #1421 ) ;
#3482 = ORIENTED_EDGE ( 'NONE', *, *, #1681, .F. ) ;
#3483 = EDGE_CURVE ( 'NONE', #1049, #922, #1408, .T. ) ;
#3484 = ORIENTED_EDGE ( 'NONE', *, *, #3272, .F. ) ;
#3485 = DIRECTION ( 'NONE',  ( -1.156482317317871478E-16, 1.000000000000000000, 0.000000000000000000 ) ) ;
#3486 = ORIENTED_EDGE ( 'NONE', *, *, #2003, .T. ) ;
#3487 = ORIENTED_EDGE ( 'NONE', *, *, #186, .F. ) ;
#3488 = ORIENTED_EDGE ( 'NONE', *, *, #1017, .T. ) ;
#3489 = DIRECTION ( 'NONE',  ( -0.000000000000000000, -0.000000000000000000, 1.000000000000000000 ) ) ;
#3490 = ORIENTED_EDGE ( 'NONE', *, *, #107, .F. ) ;
#3491 = DIRECTION ( 'NONE',  ( 0.000000000000000000, 0.000000000000000000, 1.000000000000000000 ) ) ;
#3492 = CARTESIAN_POINT ( 'NONE',  ( 10.50000000000000178, -7.500000000000000000, 0.4999999999999998890 ) ) ;
#3493 = DIRECTION ( 'NONE',  ( -0.000000000000000000, -0.000000000000000000, 1.000000000000000000 ) ) ;
#3494 = CARTESIAN_POINT ( 'NONE',  ( -13.50000000000000178, 2.499999999999999556, 3.000000000000000000 ) ) ;
#3495 = PLANE ( 'NONE',  #190 ) ;
#3496 = EDGE_CURVE ( 'NONE', #1062, #228, #1251, .T. ) ;
#3497 = LINE ( 'NONE', #1044, #241 ) ;
#3498 = ORIENTED_EDGE ( 'NONE', *, *, #225, .T. ) ;
#3499 = CARTESIAN_POINT ( 'NONE',  ( -0.4999999999999997780, 5.477225575051662076, 3.000000000000000000 ) ) ;
#3500 = EDGE_CURVE ( 'NONE', #267, #2329, #3585, .T. ) ;
#3501 = EDGE_CURVE ( 'NONE', #1726, #805, #2941, .T. ) ;
#3502 = ORIENTED_EDGE ( 'NONE', *, *, #3452, .T. ) ;
#3503 = ORIENTED_EDGE ( 'NONE', *, *, #93, .F. ) ;
#3504 = ORIENTED_EDGE ( 'NONE', *, *, #1627, .F. ) ;
#3505 = CYLINDRICAL_SURFACE ( 'NONE', #2427, 3.799999999999999822 ) ;
#3506 = DIRECTION ( 'NONE',  ( 1.000000000000000000, 1.156482317317871478E-16, -0.000000000000000000 ) ) ;
#3507 = ORIENTED_EDGE ( 'NONE', *, *, #1086, .F. ) ;
#3508 = DIRECTION ( 'NONE',  ( -0.000000000000000000, -0.000000000000000000, 1.000000000000000000 ) ) ;
#3509 = LINE ( 'NONE', #3435, #2487 ) ;
#3510 = DIRECTION ( 'NONE',  ( 1.000000000000000000, 0.000000000000000000, 0.000000000000000000 ) ) ;
#3511 = ORIENTED_EDGE ( 'NONE', *, *, #3078, .F. ) ;
#3512 = DIRECTION ( 'NONE',  ( 1.000000000000000000, 1.156482317317871478E-16, -0.000000000000000000 ) ) ;
#3513 = CARTESIAN_POINT ( 'NONE',  ( 3.800000000000000266, 5.181818181818186098, 0.000000000000000000 ) ) ;
#3514 = CARTESIAN_POINT ( 'NONE',  ( 0.000000000000000000, 0.000000000000000000, 1.000000000000000000 ) ) ;
#3515 = CIRCLE ( 'NONE', #3633, 4.650000000000000355 ) ;
#3516 = VERTEX_POINT ( 'NONE', #1078 ) ;
#3517 = CARTESIAN_POINT ( 'NONE',  ( -0.4571056322550007267, 3.973795973746105048, 3.000000000000000888 ) ) ;
#3518 = AXIS2_PLACEMENT_3D ( 'NONE', #397, #710, #2095 ) ;
#3519 = VECTOR ( 'NONE', #3167, 1000.000000000000000 ) ;
#3520 = VECTOR ( 'NONE', #1670, 1000.000000000000000 ) ;
#3521 = ORIENTED_EDGE ( 'NONE', *, *, #1832, .F. ) ;
#3522 = EDGE_CURVE ( 'NONE', #47, #2528, #3469, .T. ) ;
#3523 = ORIENTED_EDGE ( 'NONE', *, *, #2849, .F. ) ;
#3524 = CARTESIAN_POINT ( 'NONE',  ( 14.50000000000000000, 7.500000000000000000, -9.500000000000000000 ) ) ;
#3525 = ADVANCED_FACE ( 'NONE', ( #248 ), #783, .F. ) ;
#3526 = AXIS2_PLACEMENT_3D ( 'NONE', #2093, #1815, #154 ) ;
#3527 = VERTEX_POINT ( 'NONE', #576 ) ;
#3528 = EDGE_CURVE ( 'NONE', #2733, #960, #1110, .T. ) ;
#3529 = DIRECTION ( 'NONE',  ( 1.156482317317871478E-16, -1.000000000000000000, 0.000000000000000000 ) ) ;
#3530 = LINE ( 'NONE', #448, #2764 ) ;
#3531 = VERTEX_POINT ( 'NONE', #2531 ) ;
#3532 = DIRECTION ( 'NONE',  ( -1.000000000000000000, 0.000000000000000000, 0.000000000000000000 ) ) ;
#3533 = CARTESIAN_POINT ( 'NONE',  ( -13.50000000000000178, 4.500000000000000000, 0.000000000000000000 ) ) ;
#3534 = LINE ( 'NONE', #2448, #838 ) ;
#3535 = FACE_OUTER_BOUND ( 'NONE', #195, .T. ) ;
#3536 = EDGE_LOOP ( 'NONE', ( #815, #1034, #2681, #1698, #223 ) ) ;
#3537 = DIRECTION ( 'NONE',  ( 0.000000000000000000, 0.000000000000000000, -1.000000000000000000 ) ) ;
#3538 = ORIENTED_EDGE ( 'NONE', *, *, #3305, .T. ) ;
#3539 = ORIENTED_EDGE ( 'NONE', *, *, #587, .T. ) ;
#3540 = CARTESIAN_POINT ( 'NONE',  ( -13.50000000000000178, 4.500000000000000000, 3.000000000000000000 ) ) ;
#3541 = EDGE_CURVE ( 'NONE', #1333, #2120, #5, .T. ) ;
#3542 = VERTEX_POINT ( 'NONE', #2262 ) ;
#3543 = DIRECTION ( 'NONE',  ( 0.000000000000000000, -1.000000000000000000, 0.000000000000000000 ) ) ;
#3544 = EDGE_CURVE ( 'NONE', #1275, #2452, #3052, .T. ) ;
#3545 = CARTESIAN_POINT ( 'NONE',  ( 0.000000000000000000, 0.000000000000000000, 9.400000000000000355 ) ) ;
#3546 = EDGE_CURVE ( 'NONE', #960, #21, #266, .T. ) ;
#3547 = ORIENTED_EDGE ( 'NONE', *, *, #3409, .F. ) ;
#3548 = DIRECTION ( 'NONE',  ( -0.000000000000000000, -0.000000000000000000, 1.000000000000000000 ) ) ;
#3549 = CARTESIAN_POINT ( 'NONE',  ( 9.292893218813457423, 4.283239619235633455, 1.000000000000001332 ) ) ;
#3550 = DIRECTION ( 'NONE',  ( 0.000000000000000000, 1.000000000000000000, 0.000000000000000000 ) ) ;
#3551 = CARTESIAN_POINT ( 'NONE',  ( 0.4999999999999996669, 4.623040125285525548, 0.000000000000000000 ) ) ;
#3552 = ORIENTED_EDGE ( 'NONE', *, *, #140, .T. ) ;
#3553 = DIRECTION ( 'NONE',  ( 0.000000000000000000, 0.000000000000000000, 1.000000000000000000 ) ) ;
#3554 = ORIENTED_EDGE ( 'NONE', *, *, #585, .T. ) ;
#3555 = ORIENTED_EDGE ( 'NONE', *, *, #225, .F. ) ;
#3556 = UNCERTAINTY_MEASURE_WITH_UNIT (LENGTH_MEASURE( 1.000000000000000082E-05 ), #891, 'distance_accuracy_value', 'NONE');
#3557 = EDGE_LOOP ( 'NONE', ( #2738, #2522, #2859, #1525 ) ) ;
#3558 = DIRECTION ( 'NONE',  ( -3.787379036400652809E-16, 1.000000000000000000, 0.000000000000000000 ) ) ;
#3559 = ORIENTED_EDGE ( 'NONE', *, *, #1627, .T. ) ;
#3560 = CARTESIAN_POINT ( 'NONE',  ( 13.50000000000000355, 5.355493079490424080, 0.4999999999999998890 ) ) ;
#3561 = ADVANCED_FACE ( 'NONE', ( #1700 ), #1904, .F. ) ;
#3562 = CARTESIAN_POINT ( 'NONE',  ( 8.500000000000000000, 7.500000000000000000, -9.500000000000000000 ) ) ;
#3563 = ORIENTED_EDGE ( 'NONE', *, *, #1613, .F. ) ;
#3564 = CARTESIAN_POINT ( 'NONE',  ( 13.50000000000000355, -7.500000000000000000, 0.4999999999999998890 ) ) ;
#3565 = DIRECTION ( 'NONE',  ( -0.000000000000000000, 0.000000000000000000, 1.000000000000000000 ) ) ;
#3566 = EDGE_CURVE ( 'NONE', #217, #1011, #1457, .T. ) ;
#3567 = DIRECTION ( 'NONE',  ( 0.000000000000000000, 0.000000000000000000, 1.000000000000000000 ) ) ;
#3568 = EDGE_CURVE ( 'NONE', #1568, #960, #2332, .T. ) ;
#3569 = LINE ( 'NONE', #1009, #1477 ) ;
#3570 = ORIENTED_EDGE ( 'NONE', *, *, #2918, .F. ) ;
#3571 = CIRCLE ( 'NONE', #1997, 5.500000000000000888 ) ;
#3572 = CARTESIAN_POINT ( 'NONE',  ( -1.734723475976807094E-15, -4.809999999999999609, 0.000000000000000000 ) ) ;
#3573 = ADVANCED_FACE ( 'NONE', ( #2889 ), #3139, .T. ) ;
#3574 = ORIENTED_EDGE ( 'NONE', *, *, #952, .T. ) ;
#3575 = LINE ( 'NONE', #556, #1295 ) ;
#3576 = FACE_OUTER_BOUND ( 'NONE', #165, .T. ) ;
#3577 = DIRECTION ( 'NONE',  ( -0.000000000000000000, 1.000000000000000000, -0.000000000000000000 ) ) ;
#3578 = VECTOR ( 'NONE', #119, 1000.000000000000000 ) ;
#3579 = AXIS2_PLACEMENT_3D ( 'NONE', #2463, #3565, #2186 ) ;
#3580 = ORIENTED_EDGE ( 'NONE', *, *, #3594, .F. ) ;
#3581 = ORIENTED_EDGE ( 'NONE', *, *, #2491, .F. ) ;
#3582 = DIRECTION ( 'NONE',  ( 0.000000000000000000, 0.000000000000000000, 1.000000000000000000 ) ) ;
#3583 = AXIS2_PLACEMENT_3D ( 'NONE', #3324, #2181, #2791 ) ;
#3584 = VECTOR ( 'NONE', #1742, 1000.000000000000000 ) ;
#3585 = LINE ( 'NONE', #1054, #2646 ) ;
#3586 = AXIS2_PLACEMENT_3D ( 'NONE', #1376, #1094, #2500 ) ;
#3587 = VECTOR ( 'NONE', #1551, 1000.000000000000114 ) ;
#3588 = VERTEX_POINT ( 'NONE', #646 ) ;
#3589 = CARTESIAN_POINT ( 'NONE',  ( 15.00000000000000355, -7.500000000000000000, 0.5000000000000000000 ) ) ;
#3590 = CARTESIAN_POINT ( 'NONE',  ( 8.500000000000000000, 3.499999999999996003, 1.499999999999996225 ) ) ;
#3591 = VECTOR ( 'NONE', #1935, 1000.000000000000000 ) ;
#3592 = CARTESIAN_POINT ( 'NONE',  ( 0.5000000000000000000, 7.500000000000000000, 3.000000000000000000 ) ) ;
#3593 = CARTESIAN_POINT ( 'NONE',  ( 0.4999999999999982792, -5.310000000000000497, 0.000000000000000000 ) ) ;
#3594 = EDGE_CURVE ( 'NONE', #2235, #1440, #2147, .T. ) ;
#3595 = EDGE_LOOP ( 'NONE', ( #2906, #2625, #44, #503 ) ) ;
#3596 = DIRECTION ( 'NONE',  ( -1.000000000000000000, 0.000000000000000000, 0.000000000000000000 ) ) ;
#3597 = PLANE ( 'NONE',  #3228 ) ;
#3598 = EDGE_CURVE ( 'NONE', #3602, #2349, #913, .T. ) ;
#3599 = ORIENTED_EDGE ( 'NONE', *, *, #1086, .T. ) ;
#3600 = DIRECTION ( 'NONE',  ( 0.000000000000000000, -0.000000000000000000, -1.000000000000000000 ) ) ;
#3601 = ORIENTED_EDGE ( 'NONE', *, *, #3030, .T. ) ;
#3602 = VERTEX_POINT ( 'NONE', #2050 ) ;
#3603 = CARTESIAN_POINT ( 'NONE',  ( 0.000000000000000000, 0.000000000000000000, 1.200000000000000178 ) ) ;
#3604 = CARTESIAN_POINT ( 'NONE',  ( -5.599999999999998757, 2.000000000000000000, 0.000000000000000000 ) ) ;
#3605 = ORIENTED_EDGE ( 'NONE', *, *, #1382, .F. ) ;
#3606 = LINE ( 'NONE', #801, #1587 ) ;
#3607 = DIRECTION ( 'NONE',  ( 0.000000000000000000, 0.000000000000000000, -1.000000000000000000 ) ) ;
#3608 = CARTESIAN_POINT ( 'NONE',  ( -13.50000000000000178, -6.500000000000000888, 3.000000000000000000 ) ) ;
#3609 = DIRECTION ( 'NONE',  ( 1.156482317317871478E-16, -1.000000000000000000, 0.000000000000000000 ) ) ;
#3610 = ORIENTED_EDGE ( 'NONE', *, *, #3432, .F. ) ;
#3611 = CARTESIAN_POINT ( 'NONE',  ( -6.100000000000000533, 6.000000000000000000, 3.000000000000000000 ) ) ;
#3612 = EDGE_CURVE ( 'NONE', #480, #407, #1666, .T. ) ;
#3613 = VERTEX_POINT ( 'NONE', #3102 ) ;
#3614 = LINE ( 'NONE', #1104, #2061 ) ;
#3615 = EDGE_CURVE ( 'NONE', #2501, #3527, #1545, .T. ) ;
#3616 = EDGE_CURVE ( 'NONE', #962, #262, #2835, .T. ) ;
#3617 = ORIENTED_EDGE ( 'NONE', *, *, #1489, .F. ) ;
#3618 = LINE ( 'NONE', #1163, #1252 ) ;
#3619 = DIRECTION ( 'NONE',  ( 1.000000000000000000, 0.000000000000000000, 0.000000000000000000 ) ) ;
#3620 = ORIENTED_EDGE ( 'NONE', *, *, #1983, .F. ) ;
#3621 = FACE_OUTER_BOUND ( 'NONE', #3088, .T. ) ;
#3622 = DIRECTION ( 'NONE',  ( 1.000000000000000000, 0.000000000000000000, 0.000000000000000000 ) ) ;
#3623 = CARTESIAN_POINT ( 'NONE',  ( 3.184927093632671458, 7.499999999999993783, -0.5000000000000004441 ) ) ;
#3624 = CARTESIAN_POINT ( 'NONE',  ( -7.500000000000001776, -6.000000000000000000, 0.000000000000000000 ) ) ;
#3625 = VERTEX_POINT ( 'NONE', #3155 ) ;
#3626 = DIRECTION ( 'NONE',  ( 0.000000000000000000, 0.000000000000000000, -1.000000000000000000 ) ) ;
#3627 = DIRECTION ( 'NONE',  ( 1.000000000000000000, 0.000000000000000000, 0.000000000000000000 ) ) ;
#3628 = ORIENTED_EDGE ( 'NONE', *, *, #2288, .F. ) ;
#3629 = DIRECTION ( 'NONE',  ( -1.000000000000000000, 1.445602896647339163E-16, -0.000000000000000000 ) ) ;
#3630 = VECTOR ( 'NONE', #3629, 1000.000000000000000 ) ;
#3631 = CARTESIAN_POINT ( 'NONE',  ( -6.099999999999999645, -1.500000000000000444, 0.000000000000000000 ) ) ;
#3632 = EDGE_CURVE ( 'NONE', #1919, #1558, #3392, .T. ) ;
#3633 = AXIS2_PLACEMENT_3D ( 'NONE', #1733, #20, #331 ) ;
ENDSEC;
END-ISO-10303-21;
