ISO-10303-21;
HEADER;
FILE_DESCRIPTION (( 'STEP AP214' ),
    '1' );
FILE_NAME ('piezo-top-plate-square.STEP',
    '2024-12-24T17:11:23',
    ( '' ),
    ( '' ),
    'SwSTEP 2.0',
    'SolidWorks 2022',
    '' );
FILE_SCHEMA (( 'AUTOMOTIVE_DESIGN' ));
ENDSEC;

DATA;
#1 = ORIENTED_EDGE ( 'NONE', *, *, #991, .F. ) ;
#2 = LINE ( 'NONE', #1317, #903 ) ;
#3 = AXIS2_PLACEMENT_3D ( 'NONE', #2270, #626, #1365 ) ;
#4 = EDGE_CURVE ( 'NONE', #2227, #2184, #1854, .T. ) ;
#5 = CARTESIAN_POINT ( 'NONE',  ( 2.500000000000000444, 3.100000000000000533, 1.749999999999999334 ) ) ;
#6 = CARTESIAN_POINT ( 'NONE',  ( -10.00000000000000355, 3.400000000000000355, -9.250000000000003553 ) ) ;
#7 = ORIENTED_EDGE ( 'NONE', *, *, #1430, .T. ) ;
#8 = EDGE_CURVE ( 'NONE', #1696, #2361, #1700, .T. ) ;
#9 = PRODUCT ( 'piezo-top-plate-square', 'piezo-top-plate-square', '', ( #439 ) ) ;
#10 = FACE_OUTER_BOUND ( 'NONE', #703, .T. ) ;
#11 = LINE ( 'NONE', #1671, #1178 ) ;
#12 = AXIS2_PLACEMENT_3D ( 'NONE', #606, #1321, #17 ) ;
#13 = ORIENTED_EDGE ( 'NONE', *, *, #1859, .F. ) ;
#14 = CARTESIAN_POINT ( 'NONE',  ( -15.00000000000000178, 3.700000000000000178, -14.99999999999999467 ) ) ;
#15 = ORIENTED_EDGE ( 'NONE', *, *, #2104, .T. ) ;
#16 = DIRECTION ( 'NONE',  ( 0.000000000000000000, 0.000000000000000000, 1.000000000000000000 ) ) ;
#17 = DIRECTION ( 'NONE',  ( -1.000000000000000000, 0.000000000000000000, 2.312964634635742957E-16 ) ) ;
#18 = CARTESIAN_POINT ( 'NONE',  ( -2.500000000000000888, 2.800000000000000266, -2.500000000000000888 ) ) ;
#19 = ORIENTED_EDGE ( 'NONE', *, *, #1923, .F. ) ;
#20 = VECTOR ( 'NONE', #1792, 1000.000000000000114 ) ;
#21 = LINE ( 'NONE', #1325, #1120 ) ;
#22 = FACE_OUTER_BOUND ( 'NONE', #277, .T. ) ;
#23 = EDGE_CURVE ( 'NONE', #243, #751, #410, .T. ) ;
#24 = ORIENTED_EDGE ( 'NONE', *, *, #1511, .F. ) ;
#25 = AXIS2_PLACEMENT_3D ( 'NONE', #2156, #1799, #2077 ) ;
#26 = CARTESIAN_POINT ( 'NONE',  ( 28.44181727618811806, 2.164530233272289106, 17.20800846881783386 ) ) ;
#27 = ORIENTED_EDGE ( 'NONE', *, *, #1767, .T. ) ;
#28 = EDGE_CURVE ( 'NONE', #688, #2172, #2045, .T. ) ;
#29 = STYLED_ITEM ( 'NONE', ( #1921 ), #1207 ) ;
#30 = DIRECTION ( 'NONE',  ( 0.000000000000000000, 1.000000000000000000, 0.000000000000000000 ) ) ;
#31 = DIRECTION ( 'NONE',  ( 0.000000000000000000, 0.000000000000000000, 1.000000000000000000 ) ) ;
#32 = CYLINDRICAL_SURFACE ( 'NONE', #2173, 0.7500000000000002220 ) ;
#33 = EDGE_LOOP ( 'NONE', ( #1534, #901, #1593, #334 ) ) ;
#34 = DIRECTION ( 'NONE',  ( 0.000000000000000000, 0.000000000000000000, -1.000000000000000000 ) ) ;
#35 = CARTESIAN_POINT ( 'NONE',  ( -2.500000000000000888, 2.800000000000000266, -2.500000000000000888 ) ) ;
#36 = ORIENTED_EDGE ( 'NONE', *, *, #1198, .F. ) ;
#37 = ADVANCED_FACE ( 'NONE', ( #2058 ), #1169, .F. ) ;
#38 = CARTESIAN_POINT ( 'NONE',  ( 28.43279650222414645, 2.082462349429009318, 17.29756415219891963 ) ) ;
#39 = ORIENTED_EDGE ( 'NONE', *, *, #682, .F. ) ;
#40 = ADVANCED_FACE ( 'NONE', ( #809, #1316 ), #796, .T. ) ;
#41 = CARTESIAN_POINT ( 'NONE',  ( -16.00000000000000000, 0.000000000000000000, 16.00000000000000000 ) ) ;
#42 = CARTESIAN_POINT ( 'NONE',  ( 2.500000000000000444, 2.800000000000000266, 1.749999999999999334 ) ) ;
#43 = CARTESIAN_POINT ( 'NONE',  ( -15.00000000000000178, 4.000000000000000000, 14.25000000000000000 ) ) ;
#44 = AXIS2_PLACEMENT_3D ( 'NONE', #190, #923, #899 ) ;
#45 = ORIENTED_EDGE ( 'NONE', *, *, #213, .T. ) ;
#46 = AXIS2_PLACEMENT_3D ( 'NONE', #548, #912, #2017 ) ;
#47 = DIRECTION ( 'NONE',  ( 0.000000000000000000, -1.000000000000000000, 0.000000000000000000 ) ) ;
#48 = CARTESIAN_POINT ( 'NONE',  ( -0.2999999999999808376, 2.246194077712548864, 0.5196152422706733498 ) ) ;
#49 = AXIS2_PLACEMENT_3D ( 'NONE', #1021, #2099, #1573 ) ;
#50 = ORIENTED_EDGE ( 'NONE', *, *, #1405, .F. ) ;
#51 = VECTOR ( 'NONE', #234, 1000.000000000000000 ) ;
#52 = PLANE ( 'NONE',  #731 ) ;
#53 = ORIENTED_EDGE ( 'NONE', *, *, #1430, .F. ) ;
#54 = DIRECTION ( 'NONE',  ( -3.469446951953613696E-16, -0.000000000000000000, -1.000000000000000000 ) ) ;
#55 = EDGE_CURVE ( 'NONE', #1373, #820, #1304, .T. ) ;
#56 = DIRECTION ( 'NONE',  ( 0.000000000000000000, 1.000000000000000000, 0.000000000000000000 ) ) ;
#57 = DIRECTION ( 'NONE',  ( -0.8660254037844363761, 0.000000000000000000, 0.5000000000000039968 ) ) ;
#58 = VERTEX_POINT ( 'NONE', #2046 ) ;
#59 = CARTESIAN_POINT ( 'NONE',  ( -2.499999999999999112, 3.100000000000000533, 2.499999999999999556 ) ) ;
#60 = CARTESIAN_POINT ( 'NONE',  ( -16.00000000000000000, 1.999999999999994893, -15.99999999999999289 ) ) ;
#61 = ORIENTED_EDGE ( 'NONE', *, *, #455, .T. ) ;
#62 = VECTOR ( 'NONE', #1943, 1000.000000000000000 ) ;
#63 = PLANE ( 'NONE',  #1234 ) ;
#64 = ORIENTED_EDGE ( 'NONE', *, *, #693, .F. ) ;
#65 = CARTESIAN_POINT ( 'NONE',  ( -15.00000000000000178, 4.000000000000000000, -14.99999999999999467 ) ) ;
#66 = EDGE_CURVE ( 'NONE', #2032, #392, #1121, .T. ) ;
#67 = DIRECTION ( 'NONE',  ( 0.000000000000000000, -1.000000000000000000, 0.000000000000000000 ) ) ;
#68 = DIRECTION ( 'NONE',  ( -0.000000000000000000, 1.000000000000000000, -0.000000000000000000 ) ) ;
#69 = EDGE_LOOP ( 'NONE', ( #514, #1264, #1824, #143, #2309, #2315, #1096, #879, #1756, #518 ) ) ;
#70 = EDGE_CURVE ( 'NONE', #600, #1487, #940, .T. ) ;
#71 = CARTESIAN_POINT ( 'NONE',  ( -16.00000000000000000, 4.000000000000000000, 16.00000000000000000 ) ) ;
#72 = CYLINDRICAL_SURFACE ( 'NONE', #794, 0.7500000000000002220 ) ;
#73 = EDGE_LOOP ( 'NONE', ( #1948, #1918, #2275, #79 ) ) ;
#74 = CARTESIAN_POINT ( 'NONE',  ( -5.000000000000000000, 3.400000000000000355, -5.000000000000000000 ) ) ;
#75 = CARTESIAN_POINT ( 'NONE',  ( 15.99999999999999289, 1.999999999999994893, -15.99999999999999289 ) ) ;
#76 = CARTESIAN_POINT ( 'NONE',  ( 0.000000000000000000, 3.400000000000000355, 0.000000000000000000 ) ) ;
#77 = AXIS2_PLACEMENT_3D ( 'NONE', #1789, #999, #2322 ) ;
#78 = CARTESIAN_POINT ( 'NONE',  ( 26.21667700601149775, 0.000000000000000000, 18.42270736054435432 ) ) ;
#79 = ORIENTED_EDGE ( 'NONE', *, *, #2009, .F. ) ;
#80 = ADVANCED_FACE ( 'NONE', ( #398 ), #591, .F. ) ;
#81 = VECTOR ( 'NONE', #1987, 1000.000000000000000 ) ;
#82 =( NAMED_UNIT ( * ) PLANE_ANGLE_UNIT ( ) SI_UNIT ( $, .RADIAN. ) );
#83 = CARTESIAN_POINT ( 'NONE',  ( 28.49999999999999645, 4.000000000000000000, -15.99999999999999289 ) ) ;
#84 = VERTEX_POINT ( 'NONE', #2199 ) ;
#85 = ADVANCED_FACE ( 'NONE', ( #2210 ), #154, .F. ) ;
#86 = AXIS2_PLACEMENT_3D ( 'NONE', #71, #2076, #983 ) ;
#87 = CARTESIAN_POINT ( 'NONE',  ( -5.000000000000000000, 3.400000000000000355, -4.250000000000000000 ) ) ;
#88 = DIRECTION ( 'NONE',  ( 0.000000000000000000, 1.000000000000000000, 0.000000000000000000 ) ) ;
#89 = ORIENTED_EDGE ( 'NONE', *, *, #905, .T. ) ;
#90 = DIRECTION ( 'NONE',  ( -1.000000000000000000, -0.000000000000000000, -0.000000000000000000 ) ) ;
#91 = ORIENTED_EDGE ( 'NONE', *, *, #2081, .T. ) ;
#92 = CARTESIAN_POINT ( 'NONE',  ( -10.00000000000000355, 3.400000000000000355, -10.00000000000000355 ) ) ;
#93 = CARTESIAN_POINT ( 'NONE',  ( 9.250000000000003553, 3.700000000000000178, 10.00000000000000355 ) ) ;
#94 = ORIENTED_EDGE ( 'NONE', *, *, #198, .T. ) ;
#95 = DIRECTION ( 'NONE',  ( 0.000000000000000000, 0.000000000000000000, -1.000000000000000000 ) ) ;
#96 = ADVANCED_FACE ( 'NONE', ( #552 ), #1479, .F. ) ;
#97 = EDGE_LOOP ( 'NONE', ( #1438, #229, #1037, #1358 ) ) ;
#98 = VECTOR ( 'NONE', #616, 1000.000000000000000 ) ;
#99 = ORIENTED_EDGE ( 'NONE', *, *, #1863, .T. ) ;
#100 = AXIS2_PLACEMENT_3D ( 'NONE', #318, #267, #874 ) ;
#101 = DIRECTION ( 'NONE',  ( 0.000000000000000000, 0.000000000000000000, 1.000000000000000000 ) ) ;
#102 = APPLICATION_PROTOCOL_DEFINITION ( 'draft international standard', 'automotive_design', 1998, #1360 ) ;
#103 = ORIENTED_EDGE ( 'NONE', *, *, #1006, .F. ) ;
#104 = VECTOR ( 'NONE', #1937, 1000.000000000000000 ) ;
#105 = CARTESIAN_POINT ( 'NONE',  ( -9.250000000000003553, 3.700000000000000178, -10.00000000000000355 ) ) ;
#106 = LINE ( 'NONE', #315, #447 ) ;
#107 = VERTEX_POINT ( 'NONE', #744 ) ;
#108 = DIRECTION ( 'NONE',  ( 0.000000000000000000, 0.000000000000000000, -1.000000000000000000 ) ) ;
#109 = EDGE_LOOP ( 'NONE', ( #1158, #1619, #189, #2016 ) ) ;
#110 = VERTEX_POINT ( 'NONE', #915 ) ;
#111 = ADVANCED_FACE ( 'NONE', ( #1661 ), #1094, .F. ) ;
#112 = CARTESIAN_POINT ( 'NONE',  ( -15.00000000000000178, 4.000000000000000000, -14.24999999999999289 ) ) ;
#113 = ORIENTED_EDGE ( 'NONE', *, *, #1656, .T. ) ;
#114 = PLANE ( 'NONE',  #889 ) ;
#115 = CARTESIAN_POINT ( 'NONE',  ( 0.000000000000000000, 2.800000000000000266, 0.000000000000000000 ) ) ;
#116 = EDGE_LOOP ( 'NONE', ( #1086, #1023, #1218, #491, #1027, #1555, #1538, #2373 ) ) ;
#117 = VECTOR ( 'NONE', #1540, 1000.000000000000000 ) ;
#118 = CIRCLE ( 'NONE', #1968, 0.7500000000000002220 ) ;
#119 = ORIENTED_EDGE ( 'NONE', *, *, #855, .F. ) ;
#120 = CARTESIAN_POINT ( 'NONE',  ( -28.43279650222410027, 2.082462349429009763, 17.29756415219943833 ) ) ;
#121 = EDGE_CURVE ( 'NONE', #642, #916, #694, .T. ) ;
#122 = ORIENTED_EDGE ( 'NONE', *, *, #258, .T. ) ;
#123 = CARTESIAN_POINT ( 'NONE',  ( 0.000000000000000000, 2.800000000000001599, 0.4999999999999900080 ) ) ;
#124 = EDGE_CURVE ( 'NONE', #547, #651, #939, .T. ) ;
#125 = CARTESIAN_POINT ( 'NONE',  ( 15.99999999999999289, 4.000000000000000000, -28.49999999999999645 ) ) ;
#126 = ORIENTED_EDGE ( 'NONE', *, *, #568, .T. ) ;
#127 = PLANE ( 'NONE',  #1542 ) ;
#128 = CARTESIAN_POINT ( 'NONE',  ( -4.249999999999996447, 3.400000000000000355, 5.000000000000000000 ) ) ;
#129 = ORIENTED_EDGE ( 'NONE', *, *, #1063, .F. ) ;
#130 = AXIS2_PLACEMENT_3D ( 'NONE', #1532, #617, #2105 ) ;
#131 = CARTESIAN_POINT ( 'NONE',  ( -2.499999999999999112, 2.800000000000000266, 2.499999999999999556 ) ) ;
#132 = ORIENTED_EDGE ( 'NONE', *, *, #994, .T. ) ;
#133 = EDGE_CURVE ( 'NONE', #1622, #688, #730, .T. ) ;
#134 = CONICAL_SURFACE ( 'NONE', #1296, 12.50000000000000355, 0.7853981633974513876 ) ;
#135 = LINE ( 'NONE', #1271, #1506 ) ;
#136 = CARTESIAN_POINT ( 'NONE',  ( 1.749999999999998890, 3.100000000000000533, -2.500000000000000888 ) ) ;
#137 = AXIS2_PLACEMENT_3D ( 'NONE', #2005, #337, #1785 ) ;
#138 = VERTEX_POINT ( 'NONE', #2348 ) ;
#139 = EDGE_CURVE ( 'NONE', #589, #2370, #181, .T. ) ;
#140 = CYLINDRICAL_SURFACE ( 'NONE', #1770, 0.7499999999999997780 ) ;
#141 = CARTESIAN_POINT ( 'NONE',  ( 15.99999999999999289, 1.999999999999991340, 16.00000000000000000 ) ) ;
#142 = VERTEX_POINT ( 'NONE', #720 ) ;
#143 = ORIENTED_EDGE ( 'NONE', *, *, #920, .F. ) ;
#144 = LINE ( 'NONE', #856, #556 ) ;
#145 = ORIENTED_EDGE ( 'NONE', *, *, #649, .T. ) ;
#146 = LINE ( 'NONE', #314, #893 ) ;
#147 = CARTESIAN_POINT ( 'NONE',  ( -16.00000000000000000, 0.000000000000000000, -26.49999999999998934 ) ) ;
#148 = EDGE_CURVE ( 'NONE', #683, #1299, #539, .T. ) ;
#149 = ORIENTED_EDGE ( 'NONE', *, *, #754, .F. ) ;
#150 = CARTESIAN_POINT ( 'NONE',  ( 6.123233995736676056E-17, 2.800000000000001599, -0.4999999999999900080 ) ) ;
#151 = CARTESIAN_POINT ( 'NONE',  ( -28.44987026500580996, 2.246194077712548864, 17.11836057893876273 ) ) ;
#152 = EDGE_CURVE ( 'NONE', #252, #1596, #528, .T. ) ;
#153 = ORIENTED_EDGE ( 'NONE', *, *, #1172, .F. ) ;
#154 = CYLINDRICAL_SURFACE ( 'NONE', #1889, 0.7499999999999988898 ) ;
#155 = ORIENTED_EDGE ( 'NONE', *, *, #1255, .F. ) ;
#156 = CARTESIAN_POINT ( 'NONE',  ( 15.99999999999999289, 4.000000000000000000, 16.00000000000000000 ) ) ;
#157 = VECTOR ( 'NONE', #1773, 1000.000000000000000 ) ;
#158 = ORIENTED_EDGE ( 'NONE', *, *, #2144, .F. ) ;
#159 = DIRECTION ( 'NONE',  ( 0.000000000000000000, 0.000000000000000000, 1.000000000000000000 ) ) ;
#160 = DIRECTION ( 'NONE',  ( 0.000000000000000000, 1.000000000000000000, 0.000000000000000000 ) ) ;
#161 = CIRCLE ( 'NONE', #1519, 0.7499999999999988898 ) ;
#162 = ORIENTED_EDGE ( 'NONE', *, *, #1718, .T. ) ;
#163 = CARTESIAN_POINT ( 'NONE',  ( 5.000000000000000000, 3.400000000000000355, -4.999999999999999112 ) ) ;
#164 = CARTESIAN_POINT ( 'NONE',  ( -28.50000000000000355, 4.000000000000000000, -15.99999999999999289 ) ) ;
#165 = ORIENTED_EDGE ( 'NONE', *, *, #678, .F. ) ;
#166 = EDGE_CURVE ( 'NONE', #1005, #1900, #540, .T. ) ;
#167 = DIRECTION ( 'NONE',  ( 0.000000000000000000, -1.000000000000000000, 0.000000000000000000 ) ) ;
#168 = ORIENTED_EDGE ( 'NONE', *, *, #885, .F. ) ;
#169 = PRODUCT_DEFINITION_CONTEXT ( 'detailed design', #1265, 'design' ) ;
#170 = ADVANCED_FACE ( 'NONE', ( #2185, #1648 ), #1855, .F. ) ;
#171 = DIRECTION ( 'NONE',  ( 0.5773502691896200689, -0.5773502691896266192, 0.5773502691896306160 ) ) ;
#172 = VECTOR ( 'NONE', #1677, 1000.000000000000000 ) ;
#173 = CARTESIAN_POINT ( 'NONE',  ( -28.50000000000000355, 4.000000000000000000, 16.00000000000000000 ) ) ;
#174 = CARTESIAN_POINT ( 'NONE',  ( 4.250000000000001776, 3.400000000000000355, 5.000000000000000000 ) ) ;
#175 = EDGE_LOOP ( 'NONE', ( #2253, #1048, #925, #336 ) ) ;
#176 = PLANE ( 'NONE',  #46 ) ;
#177 = VECTOR ( 'NONE', #765, 1000.000000000000000 ) ;
#178 = PLANE ( 'NONE',  #2170 ) ;
#179 = ORIENTED_EDGE ( 'NONE', *, *, #261, .T. ) ;
#180 = AXIS2_PLACEMENT_3D ( 'NONE', #1260, #377, #2203 ) ;
#181 = LINE ( 'NONE', #358, #1041 ) ;
#182 = ORIENTED_EDGE ( 'NONE', *, *, #855, .T. ) ;
#183 =( GEOMETRIC_REPRESENTATION_CONTEXT ( 3 ) GLOBAL_UNCERTAINTY_ASSIGNED_CONTEXT ( ( #1282 ) ) GLOBAL_UNIT_ASSIGNED_CONTEXT ( ( #1381, #1003, #1571 ) ) REPRESENTATION_CONTEXT ( 'NONE', 'WORKASPACE' ) );
#184 = EDGE_CURVE ( 'NONE', #688, #1197, #371, .T. ) ;
#185 = LINE ( 'NONE', #928, #1439 ) ;
#186 = EDGE_CURVE ( 'NONE', #1191, #1396, #1735, .T. ) ;
#187 = LINE ( 'NONE', #908, #1810 ) ;
#188 = CARTESIAN_POINT ( 'NONE',  ( -1.423097038856222074, 0.000000000000000000, 2.464876375399886133 ) ) ;
#189 = ORIENTED_EDGE ( 'NONE', *, *, #2118, .T. ) ;
#190 = CARTESIAN_POINT ( 'NONE',  ( 5.992727953603741220, 0.000000000000000000, -6.746404931059841736 ) ) ;
#191 = FACE_OUTER_BOUND ( 'NONE', #1387, .T. ) ;
#192 = ORIENTED_EDGE ( 'NONE', *, *, #1594, .F. ) ;
#193 = CARTESIAN_POINT ( 'NONE',  ( 5.000000000000000000, 3.100000000000000533, -4.999999999999999112 ) ) ;
#194 = VERTEX_POINT ( 'NONE', #1842 ) ;
#195 = AXIS2_PLACEMENT_3D ( 'NONE', #1801, #2158, #344 ) ;
#196 = CARTESIAN_POINT ( 'NONE',  ( 5.000000000000000000, 3.400000000000000355, -4.250000000000000000 ) ) ;
#197 = VECTOR ( 'NONE', #1576, 999.9999999999998863 ) ;
#198 = EDGE_CURVE ( 'NONE', #1816, #1435, #689, .T. ) ;
#199 = DIRECTION ( 'NONE',  ( 0.000000000000000000, 1.000000000000000000, 0.000000000000000000 ) ) ;
#200 = FACE_OUTER_BOUND ( 'NONE', #33, .T. ) ;
#201 = ORIENTED_EDGE ( 'NONE', *, *, #355, .T. ) ;
#202 = LINE ( 'NONE', #2217, #1196 ) ;
#203 = CARTESIAN_POINT ( 'NONE',  ( -15.00000000000000178, 3.700000000000000178, 15.00000000000000178 ) ) ;
#204 = VECTOR ( 'NONE', #2189, 1000.000000000000000 ) ;
#205 = VERTEX_POINT ( 'NONE', #512 ) ;
#206 = CARTESIAN_POINT ( 'NONE',  ( 0.5999999999999957589, 2.246194077712548864, -1.387778780781445676E-14 ) ) ;
#207 = CARTESIAN_POINT ( 'NONE',  ( -10.00000000000000000, 3.700000000000000178, 9.250000000000003553 ) ) ;
#208 = CARTESIAN_POINT ( 'NONE',  ( 28.44987026500583838, 2.246194077712548864, 17.11836057893824403 ) ) ;
#209 = LINE ( 'NONE', #1150, #2233 ) ;
#210 = CARTESIAN_POINT ( 'NONE',  ( -2.846194077712560944, 0.000000000000000000, -26.49999999999998224 ) ) ;
#211 = AXIS2_PLACEMENT_3D ( 'NONE', #1039, #542, #2148 ) ;
#212 = ORIENTED_EDGE ( 'NONE', *, *, #1393, .F. ) ;
#213 = EDGE_CURVE ( 'NONE', #479, #820, #1252, .T. ) ;
#214 = AXIS2_PLACEMENT_3D ( 'NONE', #1243, #1976, #322 ) ;
#215 = DIRECTION ( 'NONE',  ( 0.000000000000000000, -1.000000000000000000, 0.000000000000000000 ) ) ;
#216 = CARTESIAN_POINT ( 'NONE',  ( 15.99999999999999289, 1.999999999999991340, 16.00000000000000000 ) ) ;
#217 = ORIENTED_EDGE ( 'NONE', *, *, #166, .F. ) ;
#218 = EDGE_CURVE ( 'NONE', #1396, #1012, #333, .T. ) ;
#219 = CONICAL_SURFACE ( 'NONE', #601, 12.50000000000000355, 0.7853981633974518317 ) ;
#220 = CARTESIAN_POINT ( 'NONE',  ( 15.00000000000000533, 4.000000000000000000, 14.24999999999999289 ) ) ;
#221 = ORIENTED_EDGE ( 'NONE', *, *, #1963, .T. ) ;
#222 = VECTOR ( 'NONE', #1461, 1000.000000000000000 ) ;
#223 = LINE ( 'NONE', #1690, #1211 ) ;
#224 = CARTESIAN_POINT ( 'NONE',  ( -5.000000000000000000, 3.400000000000000355, -4.250000000000000000 ) ) ;
#225 = DIRECTION ( 'NONE',  ( 0.000000000000000000, 0.000000000000000000, 1.000000000000000000 ) ) ;
#226 = ORIENTED_EDGE ( 'NONE', *, *, #2106, .T. ) ;
#227 = DIRECTION ( 'NONE',  ( 1.000000000000000000, 0.000000000000000000, 0.000000000000000000 ) ) ;
#228 = CARTESIAN_POINT ( 'NONE',  ( 15.99999999999999289, 4.000000000000000000, -28.49999999999999645 ) ) ;
#229 = ORIENTED_EDGE ( 'NONE', *, *, #1111, .F. ) ;
#230 = CARTESIAN_POINT ( 'NONE',  ( -28.50000000000000355, 1.999999999999994893, 16.00000000000000000 ) ) ;
#231 = EDGE_CURVE ( 'NONE', #805, #2123, #307, .T. ) ;
#232 = ORIENTED_EDGE ( 'NONE', *, *, #661, .T. ) ;
#233 = CARTESIAN_POINT ( 'NONE',  ( 9.999999999999996447, 3.400000000000000355, -10.75000000000000355 ) ) ;
#234 = DIRECTION ( 'NONE',  ( -0.000000000000000000, 1.000000000000000000, -0.000000000000000000 ) ) ;
#235 = FACE_OUTER_BOUND ( 'NONE', #1077, .T. ) ;
#236 = VECTOR ( 'NONE', #1516, 1000.000000000000000 ) ;
#237 = ORIENTED_EDGE ( 'NONE', *, *, #2303, .F. ) ;
#238 = LINE ( 'NONE', #59, #1544 ) ;
#239 = LINE ( 'NONE', #973, #1219 ) ;
#240 = VECTOR ( 'NONE', #1586, 1000.000000000000000 ) ;
#241 = ORIENTED_EDGE ( 'NONE', *, *, #1128, .T. ) ;
#242 = LINE ( 'NONE', #1156, #1768 ) ;
#243 = VERTEX_POINT ( 'NONE', #602 ) ;
#244 = EDGE_CURVE ( 'NONE', #1900, #1524, #847, .T. ) ;
#245 = FACE_OUTER_BOUND ( 'NONE', #1564, .T. ) ;
#246 = EDGE_CURVE ( 'NONE', #2032, #1779, #2188, .T. ) ;
#247 = CARTESIAN_POINT ( 'NONE',  ( 0.000000000000000000, 2.246194077712548864, 0.000000000000000000 ) ) ;
#248 = CARTESIAN_POINT ( 'NONE',  ( 26.21667700601149775, 0.000000000000000000, 18.42270736054435432 ) ) ;
#249 = ORIENTED_EDGE ( 'NONE', *, *, #2162, .F. ) ;
#250 = CARTESIAN_POINT ( 'NONE',  ( -16.00000000000000000, 2.246194077712548864, -28.49999999999999645 ) ) ;
#251 = DIRECTION ( 'NONE',  ( 0.000000000000000000, -1.000000000000000000, 0.000000000000000000 ) ) ;
#252 = VERTEX_POINT ( 'NONE', #220 ) ;
#253 = VECTOR ( 'NONE', #2176, 1000.000000000000000 ) ;
#254 = DIRECTION ( 'NONE',  ( 0.000000000000000000, 0.000000000000000000, -1.000000000000000000 ) ) ;
#255 = DIRECTION ( 'NONE',  ( 0.000000000000000000, 1.000000000000000000, 0.000000000000000000 ) ) ;
#256 = VECTOR ( 'NONE', #1407, 1000.000000000000000 ) ;
#257 = DIRECTION ( 'NONE',  ( 0.000000000000000000, 0.000000000000000000, 1.000000000000000000 ) ) ;
#258 = EDGE_CURVE ( 'NONE', #631, #1622, #576, .T. ) ;
#259 = VECTOR ( 'NONE', #1653, 1000.000000000000000 ) ;
#260 = DIRECTION ( 'NONE',  ( 0.000000000000000000, 1.000000000000000000, 0.000000000000000000 ) ) ;
#261 = EDGE_CURVE ( 'NONE', #107, #1517, #444, .T. ) ;
#262 = ORIENTED_EDGE ( 'NONE', *, *, #2009, .T. ) ;
#263 = CARTESIAN_POINT ( 'NONE',  ( -9.250000000000000000, 3.700000000000000178, 10.00000000000000355 ) ) ;
#264 = DIRECTION ( 'NONE',  ( 0.000000000000000000, 0.000000000000000000, 1.000000000000000000 ) ) ;
#265 = EDGE_LOOP ( 'NONE', ( #763, #2181, #360, #2103 ) ) ;
#266 = DIRECTION ( 'NONE',  ( 0.000000000000000000, 0.000000000000000000, 1.000000000000000000 ) ) ;
#267 = DIRECTION ( 'NONE',  ( -0.000000000000000000, 0.000000000000000000, 1.000000000000000000 ) ) ;
#268 = ORIENTED_EDGE ( 'NONE', *, *, #2258, .F. ) ;
#269 = DIRECTION ( 'NONE',  ( 0.000000000000000000, 0.000000000000000000, -1.000000000000000000 ) ) ;
#270 = VERTEX_POINT ( 'NONE', #409 ) ;
#271 = EDGE_CURVE ( 'NONE', #1145, #589, #579, .T. ) ;
#272 = CIRCLE ( 'NONE', #1353, 0.7500000000000006661 ) ;
#273 = CARTESIAN_POINT ( 'NONE',  ( -28.50000000000000355, 3.115771736150528604, 16.76576413923785935 ) ) ;
#274 = CARTESIAN_POINT ( 'NONE',  ( 15.99999999999999289, 0.000000000000000000, -26.49999999999998934 ) ) ;
#275 = ORIENTED_EDGE ( 'NONE', *, *, #198, .F. ) ;
#276 = DIRECTION ( 'NONE',  ( 1.000000000000000000, 0.000000000000000000, -2.312964634635743450E-16 ) ) ;
#277 = EDGE_LOOP ( 'NONE', ( #1106, #268, #91, #313 ) ) ;
#278 = DIRECTION ( 'NONE',  ( -1.000000000000000000, -0.000000000000000000, -0.000000000000000000 ) ) ;
#279 = EDGE_LOOP ( 'NONE', ( #1345, #2347, #1926, #129 ) ) ;
#280 = DIRECTION ( 'NONE',  ( 0.7071067811865515695, 0.7071067811865435759, 0.000000000000000000 ) ) ;
#281 = CARTESIAN_POINT ( 'NONE',  ( 2.499999999999999112, 3.100000000000000533, -2.500000000000000888 ) ) ;
#282 = ADVANCED_FACE ( 'NONE', ( #1132 ), #2092, .F. ) ;
#283 = VERTEX_POINT ( 'NONE', #952 ) ;
#284 = CYLINDRICAL_SURFACE ( 'NONE', #1804, 0.4999999999999948930 ) ;
#285 = ADVANCED_FACE ( 'NONE', ( #975 ), #1328, .F. ) ;
#286 = AXIS2_PLACEMENT_3D ( 'NONE', #1136, #30, #760 ) ;
#287 = ORIENTED_EDGE ( 'NONE', *, *, #1553, .F. ) ;
#288 = EDGE_LOOP ( 'NONE', ( #1742, #89, #1349, #13, #827 ) ) ;
#289 = VECTOR ( 'NONE', #1984, 1000.000000000000000 ) ;
#290 = PLANE ( 'NONE',  #2245 ) ;
#291 = SHAPE_DEFINITION_REPRESENTATION ( #971, #1207 ) ;
#292 = ORIENTED_EDGE ( 'NONE', *, *, #2178, .T. ) ;
#293 = VECTOR ( 'NONE', #451, 1000.000000000000000 ) ;
#294 = CARTESIAN_POINT ( 'NONE',  ( -28.50000000000000355, 4.000000000000000000, 16.00000000000000355 ) ) ;
#295 = LINE ( 'NONE', #1762, #1254 ) ;
#296 = ORIENTED_EDGE ( 'NONE', *, *, #517, .T. ) ;
#297 = CARTESIAN_POINT ( 'NONE',  ( 9.999999999999996447, 3.700000000000000178, -10.00000000000000355 ) ) ;
#298 = EDGE_CURVE ( 'NONE', #775, #1547, #567, .T. ) ;
#299 = ORIENTED_EDGE ( 'NONE', *, *, #822, .F. ) ;
#300 = FACE_OUTER_BOUND ( 'NONE', #2091, .T. ) ;
#301 = ORIENTED_EDGE ( 'NONE', *, *, #609, .F. ) ;
#302 = CARTESIAN_POINT ( 'NONE',  ( -2.500000000000000888, 3.100000000000000533, -2.500000000000000888 ) ) ;
#303 = CYLINDRICAL_SURFACE ( 'NONE', #715, 0.4999999999999948930 ) ;
#304 = ORIENTED_EDGE ( 'NONE', *, *, #2198, .T. ) ;
#305 = DIRECTION ( 'NONE',  ( -0.000000000000000000, -1.000000000000000000, -0.000000000000000000 ) ) ;
#306 = CARTESIAN_POINT ( 'NONE',  ( -16.00000000000000000, 1.999999999999991340, 16.00000000000000000 ) ) ;
#307 = CIRCLE ( 'NONE', #2079, 0.7500000000000002220 ) ;
#308 = ORIENTED_EDGE ( 'NONE', *, *, #1242, .T. ) ;
#309 = EDGE_CURVE ( 'NONE', #566, #1588, #242, .T. ) ;
#310 = VECTOR ( 'NONE', #1883, 1000.000000000000000 ) ;
#311 = CARTESIAN_POINT ( 'NONE',  ( -16.00000000000000000, 4.000000000000000000, 16.00000000000000000 ) ) ;
#312 = EDGE_CURVE ( 'NONE', #993, #316, #1880, .T. ) ;
#313 = ORIENTED_EDGE ( 'NONE', *, *, #390, .T. ) ;
#314 = CARTESIAN_POINT ( 'NONE',  ( -10.00000000000000355, 3.700000000000000178, -10.00000000000000355 ) ) ;
#315 = CARTESIAN_POINT ( 'NONE',  ( -4.163336342344337027E-14, 4.450715504129640010, -1.852741754924844830 ) ) ;
#316 = VERTEX_POINT ( 'NONE', #2220 ) ;
#317 = FACE_OUTER_BOUND ( 'NONE', #1746, .T. ) ;
#318 = CARTESIAN_POINT ( 'NONE',  ( -10.00000000000000000, 3.400000000000000355, 10.00000000000000355 ) ) ;
#319 = EDGE_LOOP ( 'NONE', ( #1329, #1251, #443, #1802, #1253 ) ) ;
#320 = CIRCLE ( 'NONE', #634, 0.7500000000000002220 ) ;
#321 = ADVANCED_FACE ( 'NONE', ( #1315 ), #52, .F. ) ;
#322 = DIRECTION ( 'NONE',  ( 0.000000000000000000, 0.000000000000000000, -1.000000000000000000 ) ) ;
#323 = ORIENTED_EDGE ( 'NONE', *, *, #2093, .T. ) ;
#324 = AXIS2_PLACEMENT_3D ( 'NONE', #1466, #2346, #510 ) ;
#325 = ADVANCED_FACE ( 'NONE', ( #1891 ), #63, .F. ) ;
#326 = CARTESIAN_POINT ( 'NONE',  ( -16.00000000000000000, 0.000000000000000000, -26.49999999999998934 ) ) ;
#327 = LINE ( 'NONE', #2190, #222 ) ;
#328 = VECTOR ( 'NONE', #714, 1000.000000000000114 ) ;
#329 = ORIENTED_EDGE ( 'NONE', *, *, #918, .F. ) ;
#330 = DIRECTION ( 'NONE',  ( 0.000000000000000000, 0.000000000000000000, 1.000000000000000000 ) ) ;
#331 = LINE ( 'NONE', #537, #946 ) ;
#332 = ORIENTED_EDGE ( 'NONE', *, *, #1477, .T. ) ;
#333 = LINE ( 'NONE', #590, #236 ) ;
#334 = ORIENTED_EDGE ( 'NONE', *, *, #1217, .T. ) ;
#335 = LINE ( 'NONE', #2161, #20 ) ;
#336 = ORIENTED_EDGE ( 'NONE', *, *, #133, .F. ) ;
#337 = DIRECTION ( 'NONE',  ( -0.000000000000000000, -1.000000000000000000, -0.000000000000000000 ) ) ;
#338 = ORIENTED_EDGE ( 'NONE', *, *, #499, .F. ) ;
#339 = ADVANCED_FACE ( 'NONE', ( #614 ), #1168, .F. ) ;
#340 = CARTESIAN_POINT ( 'NONE',  ( 2.500000000000000444, 3.100000000000000533, 1.749999999999999334 ) ) ;
#341 = PLANE ( 'NONE',  #1871 ) ;
#342 = ORIENTED_EDGE ( 'NONE', *, *, #499, .T. ) ;
#343 = EDGE_CURVE ( 'NONE', #600, #695, #272, .T. ) ;
#344 = DIRECTION ( 'NONE',  ( 0.000000000000000000, 0.000000000000000000, 1.000000000000000000 ) ) ;
#345 = VECTOR ( 'NONE', #1350, 1000.000000000000000 ) ;
#346 = ORIENTED_EDGE ( 'NONE', *, *, #1081, .F. ) ;
#347 = CIRCLE ( 'NONE', #86, 12.50000000000000355 ) ;
#348 = DIRECTION ( 'NONE',  ( 0.000000000000000000, 0.000000000000000000, 1.000000000000000000 ) ) ;
#349 = AXIS2_PLACEMENT_3D ( 'NONE', #1436, #698, #2355 ) ;
#350 = EDGE_LOOP ( 'NONE', ( #888, #145, #1278, #1853 ) ) ;
#351 = CARTESIAN_POINT ( 'NONE',  ( -10.00000000000000000, 3.700000000000000178, 10.00000000000000355 ) ) ;
#352 = CARTESIAN_POINT ( 'NONE',  ( -4.249999999999996447, 3.400000000000000355, 5.000000000000000000 ) ) ;
#353 = ORIENTED_EDGE ( 'NONE', *, *, #1745, .F. ) ;
#354 = CARTESIAN_POINT ( 'NONE',  ( -10.00000000000000355, 3.400000000000000355, -10.00000000000000355 ) ) ;
#355 = EDGE_CURVE ( 'NONE', #1299, #1267, #1024, .T. ) ;
#356 = DIRECTION ( 'NONE',  ( -0.000000000000000000, 1.000000000000000000, -0.000000000000000000 ) ) ;
#357 = EDGE_LOOP ( 'NONE', ( #1281, #1392, #1164, #541, #1869 ) ) ;
#358 = CARTESIAN_POINT ( 'NONE',  ( -10.00000000000000355, 3.700000000000000178, -10.75000000000000355 ) ) ;
#359 = ADVANCED_FACE ( 'NONE', ( #840 ), #1940, .F. ) ;
#360 = ORIENTED_EDGE ( 'NONE', *, *, #1366, .F. ) ;
#361 = CARTESIAN_POINT ( 'NONE',  ( -15.00000000000000178, 3.700000000000000178, -14.24999999999999289 ) ) ;
#362 = CIRCLE ( 'NONE', #211, 12.50000000000000355 ) ;
#363 = DIRECTION ( 'NONE',  ( 0.000000000000000000, 1.000000000000000000, 0.000000000000000000 ) ) ;
#364 = DIRECTION ( 'NONE',  ( 0.000000000000000000, 1.000000000000000000, 0.000000000000000000 ) ) ;
#365 = ORIENTED_EDGE ( 'NONE', *, *, #1567, .F. ) ;
#366 = CARTESIAN_POINT ( 'NONE',  ( -0.6000000000000080824, 2.246194077712545756, -0.3464101615137907264 ) ) ;
#367 = AXIS2_PLACEMENT_3D ( 'NONE', #203, #2018, #937 ) ;
#368 = CARTESIAN_POINT ( 'NONE',  ( 10.00000000000000355, 3.700000000000000178, 9.250000000000003553 ) ) ;
#369 = ORIENTED_EDGE ( 'NONE', *, *, #1771, .F. ) ;
#370 = VECTOR ( 'NONE', #1151, 1000.000000000000000 ) ;
#371 = LINE ( 'NONE', #1431, #1849 ) ;
#372 = VERTEX_POINT ( 'NONE', #998 ) ;
#373 = EDGE_CURVE ( 'NONE', #1054, #2295, #666, .T. ) ;
#374 = CARTESIAN_POINT ( 'NONE',  ( 5.000000000000000000, 3.400000000000000355, -5.749999999999999112 ) ) ;
#375 = ADVANCED_FACE ( 'NONE', ( #2299 ), #127, .F. ) ;
#376 = CARTESIAN_POINT ( 'NONE',  ( 14.99999999999999822, 3.700000000000000178, -15.00000000000000178 ) ) ;
#377 = DIRECTION ( 'NONE',  ( 0.000000000000000000, 1.000000000000000000, 0.000000000000000000 ) ) ;
#378 = ORIENTED_EDGE ( 'NONE', *, *, #1217, .F. ) ;
#379 = DIRECTION ( 'NONE',  ( 0.000000000000000000, 0.000000000000000000, 1.000000000000000000 ) ) ;
#380 = DIRECTION ( 'NONE',  ( 0.000000000000000000, 1.000000000000000000, 0.000000000000000000 ) ) ;
#381 = ORIENTED_EDGE ( 'NONE', *, *, #1379, .T. ) ;
#382 =( BOUNDED_CURVE ( )  B_SPLINE_CURVE ( 3, ( #1073, #2324, #120, #2314 ),
 .UNSPECIFIED., .F., .F. ) 
 B_SPLINE_CURVE_WITH_KNOTS ( ( 4, 4 ),
 ( 4.278378844611965270, 4.299980550878193419 ),
 .UNSPECIFIED. ) 
 CURVE ( )  GEOMETRIC_REPRESENTATION_ITEM ( )  RATIONAL_B_SPLINE_CURVE ( ( 1.000000000000000000, 0.9999611142352304860, 0.9999611142352304860, 1.000000000000000000 ) ) 
 REPRESENTATION_ITEM ( '' )  );
#383 = DIRECTION ( 'NONE',  ( 0.000000000000000000, 1.000000000000000000, 0.000000000000000000 ) ) ;
#384 = DIRECTION ( 'NONE',  ( -1.000000000000000000, 0.000000000000000000, 0.000000000000000000 ) ) ;
#385 = AXIS2_PLACEMENT_3D ( 'NONE', #453, #305, #1950 ) ;
#386 = DIRECTION ( 'NONE',  ( 0.8660254037844432595, 0.000000000000000000, 0.4999999999999919509 ) ) ;
#387 = EDGE_CURVE ( 'NONE', #2113, #2200, #1206, .T. ) ;
#388 = AXIS2_PLACEMENT_3D ( 'NONE', #690, #1055, #1104 ) ;
#389 = CARTESIAN_POINT ( 'NONE',  ( 9.999999999999996447, 3.400000000000000355, -10.00000000000000355 ) ) ;
#390 = EDGE_CURVE ( 'NONE', #2200, #194, #1697, .T. ) ;
#391 = CARTESIAN_POINT ( 'NONE',  ( -26.49999999999999645, 0.000000000000000000, 12.01328029965875466 ) ) ;
#392 = VERTEX_POINT ( 'NONE', #1973 ) ;
#393 = CARTESIAN_POINT ( 'NONE',  ( 9.999999999999996447, 3.700000000000000178, -10.75000000000000355 ) ) ;
#394 = DIRECTION ( 'NONE',  ( 0.000000000000000000, 0.000000000000000000, 1.000000000000000000 ) ) ;
#395 = CIRCLE ( 'NONE', #933, 0.4999999999999948930 ) ;
#396 = ORIENTED_EDGE ( 'NONE', *, *, #231, .T. ) ;
#397 = CARTESIAN_POINT ( 'NONE',  ( 28.49999999999999289, 3.115771736150785287, 16.76576413923763198 ) ) ;
#398 = FACE_OUTER_BOUND ( 'NONE', #1498, .T. ) ;
#399 = DIRECTION ( 'NONE',  ( -0.000000000000000000, 1.000000000000000000, -0.000000000000000000 ) ) ;
#400 = DIRECTION ( 'NONE',  ( 0.000000000000000000, 0.000000000000000000, 1.000000000000000000 ) ) ;
#401 = FACE_OUTER_BOUND ( 'NONE', #1708, .T. ) ;
#402 = AXIS2_PLACEMENT_3D ( 'NONE', #2293, #2125, #1741 ) ;
#403 = ORIENTED_EDGE ( 'NONE', *, *, #1745, .T. ) ;
#404 = EDGE_CURVE ( 'NONE', #1766, #205, #2145, .T. ) ;
#405 = DIRECTION ( 'NONE',  ( 0.000000000000000000, 0.000000000000000000, 1.000000000000000000 ) ) ;
#406 = DIRECTION ( 'NONE',  ( -1.000000000000000000, -0.000000000000000000, 2.312964634635742957E-16 ) ) ;
#407 = ORIENTED_EDGE ( 'NONE', *, *, #1963, .F. ) ;
#408 = AXIS2_PLACEMENT_3D ( 'NONE', #2090, #984, #599 ) ;
#409 = CARTESIAN_POINT ( 'NONE',  ( -16.00000000000000000, 1.999999999999991340, 28.50000000000000355 ) ) ;
#410 = LINE ( 'NONE', #577, #1740 ) ;
#411 = AXIS2_PLACEMENT_3D ( 'NONE', #584, #1874, #595 ) ;
#412 = DIRECTION ( 'NONE',  ( -0.3535533905932701226, 0.7071067811865433539, 0.6123724356958014647 ) ) ;
#413 = CARTESIAN_POINT ( 'NONE',  ( -14.25000000000000000, 4.000000000000000000, -14.99999999999999467 ) ) ;
#414 = DIRECTION ( 'NONE',  ( 3.469446951953613203E-16, 0.000000000000000000, 1.000000000000000000 ) ) ;
#415 = EDGE_LOOP ( 'NONE', ( #1932, #1409, #1660, #249 ) ) ;
#416 = CYLINDRICAL_SURFACE ( 'NONE', #1355, 0.7500000000000006661 ) ;
#417 = DIRECTION ( 'NONE',  ( 0.8660254037844432595, 0.000000000000000000, 0.4999999999999919509 ) ) ;
#418 = ADVANCED_FACE ( 'NONE', ( #1927 ), #1734, .F. ) ;
#419 = VERTEX_POINT ( 'NONE', #485 ) ;
#420 = CARTESIAN_POINT ( 'NONE',  ( 28.42280899545302475, 1.999999999999992228, 17.38701718175778055 ) ) ;
#421 = ORIENTED_EDGE ( 'NONE', *, *, #184, .T. ) ;
#422 = EDGE_CURVE ( 'NONE', #1420, #895, #1422, .T. ) ;
#423 = DIRECTION ( 'NONE',  ( 0.000000000000000000, 0.000000000000000000, -1.000000000000000000 ) ) ;
#424 = CARTESIAN_POINT ( 'NONE',  ( -26.21667700601138762, 0.000000000000000000, 18.42270736054485170 ) ) ;
#425 = DIRECTION ( 'NONE',  ( 1.000000000000000000, 0.000000000000000000, -1.734723475976807341E-16 ) ) ;
#426 = AXIS2_PLACEMENT_3D ( 'NONE', #193, #1817, #926 ) ;
#427 = EDGE_LOOP ( 'NONE', ( #452, #2168, #287, #1750, #2325, #24, #756, #1341, #1627, #1452 ) ) ;
#428 = AXIS2_PLACEMENT_3D ( 'NONE', #884, #1620, #2329 ) ;
#429 = CARTESIAN_POINT ( 'NONE',  ( 9.249999999999996447, 3.700000000000000178, -10.00000000000000355 ) ) ;
#430 = CARTESIAN_POINT ( 'NONE',  ( -2.499999999999999112, 3.100000000000000533, 2.499999999999999556 ) ) ;
#431 = ORIENTED_EDGE ( 'NONE', *, *, #1895, .F. ) ;
#432 = EDGE_CURVE ( 'NONE', #138, #372, #2122, .T. ) ;
#433 = AXIS2_PLACEMENT_3D ( 'NONE', #2367, #363, #2014 ) ;
#434 = DIRECTION ( 'NONE',  ( 0.000000000000000000, 1.000000000000000000, 0.000000000000000000 ) ) ;
#435 = ORIENTED_EDGE ( 'NONE', *, *, #817, .F. ) ;
#436 = ADVANCED_FACE ( 'NONE', ( #2142 ), #496, .F. ) ;
#437 = CARTESIAN_POINT ( 'NONE',  ( 10.00000000000000355, 3.400000000000000355, 9.250000000000003553 ) ) ;
#438 = FACE_OUTER_BOUND ( 'NONE', #1429, .T. ) ;
#439 = PRODUCT_CONTEXT ( 'NONE', #1360, 'mechanical' ) ;
#440 = EDGE_LOOP ( 'NONE', ( #861, #126, #378, #431 ) ) ;
#441 = CARTESIAN_POINT ( 'NONE',  ( 2.846194077712518311, 0.000000000000000000, -1.387778780781445676E-14 ) ) ;
#442 = CARTESIAN_POINT ( 'NONE',  ( 26.49999999999997868, 0.000000000000000000, 12.01328029965823418 ) ) ;
#443 = ORIENTED_EDGE ( 'NONE', *, *, #858, .F. ) ;
#444 = LINE ( 'NONE', #1867, #117 ) ;
#445 = AXIS2_PLACEMENT_3D ( 'NONE', #1514, #1338, #644 ) ;
#446 = DIRECTION ( 'NONE',  ( -0.000000000000000000, 1.000000000000000000, -0.000000000000000000 ) ) ;
#447 = VECTOR ( 'NONE', #2276, 1000.000000000000227 ) ;
#448 = DIRECTION ( 'NONE',  ( 0.000000000000000000, 0.000000000000000000, -1.000000000000000000 ) ) ;
#449 = ORIENTED_EDGE ( 'NONE', *, *, #1995, .F. ) ;
#450 = CARTESIAN_POINT ( 'NONE',  ( -16.00000000000000000, 1.999999999999994893, -28.49999999999999645 ) ) ;
#451 = DIRECTION ( 'NONE',  ( -0.000000000000000000, 1.000000000000000000, -0.000000000000000000 ) ) ;
#452 = ORIENTED_EDGE ( 'NONE', *, *, #387, .F. ) ;
#453 = CARTESIAN_POINT ( 'NONE',  ( -16.00000000000000000, 0.000000000000000000, -15.99999999999999289 ) ) ;
#454 = ORIENTED_EDGE ( 'NONE', *, *, #1494, .T. ) ;
#455 = EDGE_CURVE ( 'NONE', #1019, #1903, #1216, .T. ) ;
#456 = CARTESIAN_POINT ( 'NONE',  ( 15.99999999999999289, 0.000000000000000000, 16.00000000000000000 ) ) ;
#457 = ORIENTED_EDGE ( 'NONE', *, *, #806, .T. ) ;
#458 = ADVANCED_FACE ( 'NONE', ( #2279 ), #635, .T. ) ;
#459 = AXIS2_PLACEMENT_3D ( 'NONE', #2102, #1015, #646 ) ;
#460 = CARTESIAN_POINT ( 'NONE',  ( 2.499999999999999112, 3.100000000000000533, -3.250000000000001332 ) ) ;
#461 = CARTESIAN_POINT ( 'NONE',  ( -9.250000000000003553, 3.400000000000000355, -10.00000000000000355 ) ) ;
#462 = EDGE_LOOP ( 'NONE', ( #2312, #2282, #365, #1805 ) ) ;
#463 = VECTOR ( 'NONE', #2194, 1000.000000000000000 ) ;
#464 = DIRECTION ( 'NONE',  ( 0.000000000000000000, 1.000000000000000000, 0.000000000000000000 ) ) ;
#465 = VECTOR ( 'NONE', #1075, 1000.000000000000000 ) ;
#466 = VECTOR ( 'NONE', #384, 1000.000000000000000 ) ;
#467 = AXIS2_PLACEMENT_3D ( 'NONE', #956, #56, #1666 ) ;
#468 = ORIENTED_EDGE ( 'NONE', *, *, #1812, .T. ) ;
#469 = DIRECTION ( 'NONE',  ( -0.000000000000000000, 1.000000000000000000, -0.000000000000000000 ) ) ;
#470 = EDGE_LOOP ( 'NONE', ( #2285, #505 ) ) ;
#471 = LINE ( 'NONE', #302, #1240 ) ;
#472 = CYLINDRICAL_SURFACE ( 'NONE', #865, 0.7500000000000006661 ) ;
#473 = ORIENTED_EDGE ( 'NONE', *, *, #1352, .F. ) ;
#474 = ADVANCED_FACE ( 'NONE', ( #2290 ), #1747, .F. ) ;
#475 = VECTOR ( 'NONE', #1507, 1000.000000000000227 ) ;
#476 = ADVANCED_FACE ( 'NONE', ( #2112 ), #284, .F. ) ;
#477 = EDGE_LOOP ( 'NONE', ( #2098, #338, #192, #892 ) ) ;
#478 = CARTESIAN_POINT ( 'NONE',  ( 2.499999999999999556, 3.100000000000000533, -1.750000000000000666 ) ) ;
#479 = VERTEX_POINT ( 'NONE', #1632 ) ;
#480 = VECTOR ( 'NONE', #507, 1000.000000000000000 ) ;
#481 = DIRECTION ( 'NONE',  ( 0.000000000000000000, 0.000000000000000000, 1.000000000000000000 ) ) ;
#482 = MECHANICAL_DESIGN_GEOMETRIC_PRESENTATION_REPRESENTATION (  '', ( #29 ), #183 ) ;
#483 = FACE_OUTER_BOUND ( 'NONE', #2264, .T. ) ;
#484 = ORIENTED_EDGE ( 'NONE', *, *, #754, .T. ) ;
#485 = CARTESIAN_POINT ( 'NONE',  ( -16.00000000000000000, 0.000000000000000000, 26.50000000000000000 ) ) ;
#486 = EDGE_CURVE ( 'NONE', #2006, #1290, #1609, .T. ) ;
#487 = LINE ( 'NONE', #128, #1134 ) ;
#488 = ADVANCED_FACE ( 'NONE', ( #525 ), #1079, .F. ) ;
#489 = VERTEX_POINT ( 'NONE', #2358 ) ;
#490 = CARTESIAN_POINT ( 'NONE',  ( -28.68104021530537295, 2.181040215305360075, 15.79095276591859687 ) ) ;
#491 = ORIENTED_EDGE ( 'NONE', *, *, #1198, .T. ) ;
#492 = CARTESIAN_POINT ( 'NONE',  ( -28.42280899545297501, 1.999999999999992673, 17.38701718175829924 ) ) ;
#493 = LINE ( 'NONE', #653, #1912 ) ;
#494 = ORIENTED_EDGE ( 'NONE', *, *, #2207, .T. ) ;
#495 = AXIS2_PLACEMENT_3D ( 'NONE', #1552, #2133, #1192 ) ;
#496 = PLANE ( 'NONE',  #883 ) ;
#497 = FACE_OUTER_BOUND ( 'NONE', #1223, .T. ) ;
#498 = VECTOR ( 'NONE', #873, 1000.000000000000000 ) ;
#499 = EDGE_CURVE ( 'NONE', #2231, #2032, #2169, .T. ) ;
#500 = CIRCLE ( 'NONE', #1161, 0.7500000000000006661 ) ;
#501 = EDGE_LOOP ( 'NONE', ( #1862, #2289, #2364, #64 ) ) ;
#502 = MECHANICAL_DESIGN_GEOMETRIC_PRESENTATION_REPRESENTATION (  '', ( #1894 ), #1739 ) ;
#503 = EDGE_CURVE ( 'NONE', #1588, #1373, #509, .T. ) ;
#504 = FACE_OUTER_BOUND ( 'NONE', #2175, .T. ) ;
#505 = ORIENTED_EDGE ( 'NONE', *, *, #554, .F. ) ;
#506 = CARTESIAN_POINT ( 'NONE',  ( -26.96971337438282035, 0.6577806767895308937, 18.09793340890933422 ) ) ;
#507 = DIRECTION ( 'NONE',  ( -1.000000000000000000, 0.000000000000000000, 0.000000000000000000 ) ) ;
#508 = ORIENTED_EDGE ( 'NONE', *, *, #613, .T. ) ;
#509 = LINE ( 'NONE', #2155, #582 ) ;
#510 = DIRECTION ( 'NONE',  ( 0.000000000000000000, 0.000000000000000000, 1.000000000000000000 ) ) ;
#511 = VERTEX_POINT ( 'NONE', #1982 ) ;
#512 = CARTESIAN_POINT ( 'NONE',  ( 0.000000000000000000, 2.246194077712548864, 0.4999999999999948930 ) ) ;
#513 = VECTOR ( 'NONE', #747, 1000.000000000000000 ) ;
#514 = ORIENTED_EDGE ( 'NONE', *, *, #649, .F. ) ;
#515 = AXIS2_PLACEMENT_3D ( 'NONE', #41, #605, #16 ) ;
#516 = DIRECTION ( 'NONE',  ( -0.000000000000000000, -1.000000000000000000, -0.000000000000000000 ) ) ;
#517 = EDGE_CURVE ( 'NONE', #759, #283, #2371, .T. ) ;
#518 = ORIENTED_EDGE ( 'NONE', *, *, #743, .F. ) ;
#519 = AXIS2_PLACEMENT_3D ( 'NONE', #306, #446, #2143 ) ;
#520 = DIRECTION ( 'NONE',  ( -3.469446951953613696E-16, -0.000000000000000000, -1.000000000000000000 ) ) ;
#521 = EDGE_CURVE ( 'NONE', #1233, #1261, #1068, .T. ) ;
#522 = CARTESIAN_POINT ( 'NONE',  ( -2.500000000000000888, 2.800000000000000266, -2.500000000000000888 ) ) ;
#523 = AXIS2_PLACEMENT_3D ( 'NONE', #870, #725, #546 ) ;
#524 = ORIENTED_EDGE ( 'NONE', *, *, #1965, .F. ) ;
#525 = FACE_OUTER_BOUND ( 'NONE', #1074, .T. ) ;
#526 = LINE ( 'NONE', #2208, #289 ) ;
#527 = ORIENTED_EDGE ( 'NONE', *, *, #710, .T. ) ;
#528 = LINE ( 'NONE', #1456, #1194 ) ;
#529 = ORIENTED_EDGE ( 'NONE', *, *, #994, .F. ) ;
#530 = CARTESIAN_POINT ( 'NONE',  ( 15.99999999999999289, 0.000000000000000000, 26.50000000000000000 ) ) ;
#531 = VERTEX_POINT ( 'NONE', #150 ) ;
#532 = DIRECTION ( 'NONE',  ( 0.000000000000000000, 1.000000000000000000, 0.000000000000000000 ) ) ;
#533 = CARTESIAN_POINT ( 'NONE',  ( -1.749999999999998890, 3.100000000000000533, 2.499999999999999556 ) ) ;
#534 = VERTEX_POINT ( 'NONE', #1645 ) ;
#535 = ADVANCED_FACE ( 'NONE', ( #1262 ), #1453, .F. ) ;
#536 = LINE ( 'NONE', #1657, #463 ) ;
#537 = CARTESIAN_POINT ( 'NONE',  ( -14.25000000000000000, 4.000000000000000000, -14.99999999999999467 ) ) ;
#538 = ORIENTED_EDGE ( 'NONE', *, *, #166, .T. ) ;
#539 = LINE ( 'NONE', #1443, #1388 ) ;
#540 = CIRCLE ( 'NONE', #2334, 0.7500000000000006661 ) ;
#541 = ORIENTED_EDGE ( 'NONE', *, *, #2069, .F. ) ;
#542 = DIRECTION ( 'NONE',  ( 0.000000000000000000, 1.000000000000000000, -0.000000000000000000 ) ) ;
#543 = AXIS2_PLACEMENT_3D ( 'NONE', #2127, #1936, #2307 ) ;
#544 = AXIS2_PLACEMENT_3D ( 'NONE', #1450, #1807, #159 ) ;
#545 = DIRECTION ( 'NONE',  ( -1.000000000000000000, 0.000000000000000000, 1.734723475976806848E-16 ) ) ;
#546 = DIRECTION ( 'NONE',  ( 0.000000000000000000, 0.000000000000000000, -1.000000000000000000 ) ) ;
#547 = VERTEX_POINT ( 'NONE', #1465 ) ;
#548 = CARTESIAN_POINT ( 'NONE',  ( 0.000000000000000000, 3.700000000000000178, 0.000000000000000000 ) ) ;
#549 = FACE_BOUND ( 'NONE', #470, .T. ) ;
#550 = ADVANCED_FACE ( 'NONE', ( #317 ), #727, .F. ) ;
#551 = VERTEX_POINT ( 'NONE', #340 ) ;
#552 = FACE_OUTER_BOUND ( 'NONE', #1155, .T. ) ;
#553 = ORIENTED_EDGE ( 'NONE', *, *, #1214, .T. ) ;
#554 = EDGE_CURVE ( 'NONE', #531, #839, #1583, .T. ) ;
#555 = LINE ( 'NONE', #1110, #1556 ) ;
#556 = VECTOR ( 'NONE', #171, 1000.000000000000000 ) ;
#557 = CARTESIAN_POINT ( 'NONE',  ( 2.499999999999999112, 2.800000000000000266, -3.250000000000001332 ) ) ;
#558 = DIRECTION ( 'NONE',  ( 0.000000000000000000, 0.000000000000000000, 1.000000000000000000 ) ) ;
#559 = ORIENTED_EDGE ( 'NONE', *, *, #1109, .T. ) ;
#560 = DIRECTION ( 'NONE',  ( 0.000000000000000000, 0.6546536707079777528, 0.7559289460184539511 ) ) ;
#561 = AXIS2_PLACEMENT_3D ( 'NONE', #897, #2356, #2342 ) ;
#562 = FACE_OUTER_BOUND ( 'NONE', #875, .T. ) ;
#563 = ORIENTED_EDGE ( 'NONE', *, *, #1581, .F. ) ;
#564 = EDGE_CURVE ( 'NONE', #1423, #138, #2082, .T. ) ;
#565 = DIRECTION ( 'NONE',  ( 0.000000000000000000, 0.000000000000000000, 1.000000000000000000 ) ) ;
#566 = VERTEX_POINT ( 'NONE', #366 ) ;
#567 =( BOUNDED_CURVE ( )  B_SPLINE_CURVE ( 3, ( #420, #38, #26, #2057 ),
 .UNSPECIFIED., .F., .F. ) 
 B_SPLINE_CURVE_WITH_KNOTS ( ( 4, 4 ),
 ( 1.983204756301421012, 2.004806462567648939 ),
 .UNSPECIFIED. ) 
 CURVE ( )  GEOMETRIC_REPRESENTATION_ITEM ( )  RATIONAL_B_SPLINE_CURVE ( ( 1.000000000000000000, 0.9999611142352304860, 0.9999611142352304860, 1.000000000000000000 ) ) 
 REPRESENTATION_ITEM ( '' )  );
#568 = EDGE_CURVE ( 'NONE', #2123, #1442, #536, .T. ) ;
#569 = LINE ( 'NONE', #1098, #1559 ) ;
#570 = LINE ( 'NONE', #1873, #310 ) ;
#571 = DIRECTION ( 'NONE',  ( 0.000000000000000000, -1.000000000000000000, 0.000000000000000000 ) ) ;
#572 = ORIENTED_EDGE ( 'NONE', *, *, #1093, .F. ) ;
#573 = CARTESIAN_POINT ( 'NONE',  ( -26.49999999999999645, 0.000000000000000000, -15.99999999999999289 ) ) ;
#574 = DIRECTION ( 'NONE',  ( -0.000000000000000000, -1.000000000000000000, -0.000000000000000000 ) ) ;
#575 = ORIENTED_EDGE ( 'NONE', *, *, #1797, .T. ) ;
#576 = LINE ( 'NONE', #397, #2300 ) ;
#577 = CARTESIAN_POINT ( 'NONE',  ( 9.999999999999996447, 3.700000000000000178, -9.250000000000003553 ) ) ;
#578 = ADVANCED_FACE ( 'NONE', ( #1826, #1090 ), #176, .T. ) ;
#579 = CIRCLE ( 'NONE', #1314, 0.7500000000000006661 ) ;
#580 = DIRECTION ( 'NONE',  ( 3.469446951953614189E-16, 0.000000000000000000, 1.000000000000000000 ) ) ;
#581 = ADVANCED_FACE ( 'NONE', ( #10 ), #740, .F. ) ;
#582 = VECTOR ( 'NONE', #1811, 999.9999999999998863 ) ;
#583 = CARTESIAN_POINT ( 'NONE',  ( -14.25000000000000000, 3.700000000000000178, -14.99999999999999467 ) ) ;
#584 = CARTESIAN_POINT ( 'NONE',  ( 5.000000000000001776, 3.100000000000000533, 5.000000000000000000 ) ) ;
#585 = ORIENTED_EDGE ( 'NONE', *, *, #1669, .T. ) ;
#586 = VECTOR ( 'NONE', #2234, 1000.000000000000000 ) ;
#587 = DIRECTION ( 'NONE',  ( 0.000000000000000000, 0.000000000000000000, 1.000000000000000000 ) ) ;
#588 = CARTESIAN_POINT ( 'NONE',  ( 8.838922031316302608, 0.000000000000000000, -1.816652180260093452 ) ) ;
#589 = VERTEX_POINT ( 'NONE', #1300 ) ;
#590 = CARTESIAN_POINT ( 'NONE',  ( -15.00000000000000178, 4.000000000000000000, -14.99999999999999467 ) ) ;
#591 = PLANE ( 'NONE',  #1202 ) ;
#592 = CARTESIAN_POINT ( 'NONE',  ( -28.50000000000000355, 1.999999999999994893, 16.00000000000000000 ) ) ;
#593 = ADVANCED_FACE ( 'NONE', ( #1787 ), #140, .F. ) ;
#594 = DIRECTION ( 'NONE',  ( 0.8660254037844432595, 0.000000000000000000, 0.4999999999999919509 ) ) ;
#595 = DIRECTION ( 'NONE',  ( 0.000000000000000000, 0.000000000000000000, 1.000000000000000000 ) ) ;
#596 = VECTOR ( 'NONE', #386, 1000.000000000000114 ) ;
#597 = ORIENTED_EDGE ( 'NONE', *, *, #1322, .T. ) ;
#598 = CARTESIAN_POINT ( 'NONE',  ( 9.999999999999996447, 3.700000000000000178, -10.00000000000000355 ) ) ;
#599 = DIRECTION ( 'NONE',  ( 0.000000000000000000, 0.000000000000000000, -1.000000000000000000 ) ) ;
#600 = VERTEX_POINT ( 'NONE', #393 ) ;
#601 = AXIS2_PLACEMENT_3D ( 'NONE', #60, #2043, #394 ) ;
#602 = CARTESIAN_POINT ( 'NONE',  ( 9.999999999999996447, 3.400000000000000355, -9.250000000000003553 ) ) ;
#603 = DIRECTION ( 'NONE',  ( -0.000000000000000000, 1.000000000000000000, -0.000000000000000000 ) ) ;
#604 = VECTOR ( 'NONE', #687, 1000.000000000000114 ) ;
#605 = DIRECTION ( 'NONE',  ( -0.000000000000000000, -1.000000000000000000, -0.000000000000000000 ) ) ;
#606 = CARTESIAN_POINT ( 'NONE',  ( -15.00000000000000178, 3.700000000000000178, -14.99999999999999467 ) ) ;
#607 = FACE_OUTER_BOUND ( 'NONE', #2241, .T. ) ;
#608 = ORIENTED_EDGE ( 'NONE', *, *, #271, .F. ) ;
#609 = EDGE_CURVE ( 'NONE', #1994, #2370, #813, .T. ) ;
#610 = CARTESIAN_POINT ( 'NONE',  ( 0.000000000000000000, 2.800000000000001599, 0.000000000000000000 ) ) ;
#611 = CARTESIAN_POINT ( 'NONE',  ( -10.00000000000000000, 3.700000000000000178, 10.00000000000000355 ) ) ;
#612 = EDGE_LOOP ( 'NONE', ( #2197, #2083, #275, #970 ) ) ;
#613 = EDGE_CURVE ( 'NONE', #1647, #651, #202, .T. ) ;
#614 = FACE_OUTER_BOUND ( 'NONE', #501, .T. ) ;
#615 = ORIENTED_EDGE ( 'NONE', *, *, #802, .F. ) ;
#616 = DIRECTION ( 'NONE',  ( 0.000000000000000000, -1.000000000000000000, 0.000000000000000000 ) ) ;
#617 = DIRECTION ( 'NONE',  ( -1.000000000000000000, 0.000000000000000000, 0.000000000000000000 ) ) ;
#618 = CARTESIAN_POINT ( 'NONE',  ( 15.99999999999999289, 0.000000000000000000, -26.49999999999998934 ) ) ;
#619 = AXIS2_PLACEMENT_3D ( 'NONE', #1687, #1916, #1674 ) ;
#620 = EDGE_LOOP ( 'NONE', ( #45, #2157, #369, #524 ) ) ;
#621 = CIRCLE ( 'NONE', #967, 0.7499999999999988898 ) ;
#622 = DIRECTION ( 'NONE',  ( 0.000000000000000000, 1.000000000000000000, 0.000000000000000000 ) ) ;
#623 = LINE ( 'NONE', #1362, #1563 ) ;
#624 = COLOUR_RGB ( '',0.8980392156862745390, 0.9176470588235293713, 0.9294117647058823817 ) ;
#625 = EDGE_LOOP ( 'NONE', ( #538, #1226, #1985, #2052, #179, #2209, #1478, #221, #1385, #468 ) ) ;
#626 = DIRECTION ( 'NONE',  ( 0.000000000000000000, -1.000000000000000000, 0.000000000000000000 ) ) ;
#627 = ADVANCED_FACE ( 'NONE', ( #1129 ), #416, .F. ) ;
#628 = FACE_OUTER_BOUND ( 'NONE', #319, .T. ) ;
#629 = FACE_OUTER_BOUND ( 'NONE', #1560, .T. ) ;
#630 = CARTESIAN_POINT ( 'NONE',  ( -10.00000000000000355, 3.400000000000000355, -10.75000000000000355 ) ) ;
#631 = VERTEX_POINT ( 'NONE', #1513 ) ;
#632 = LINE ( 'NONE', #2100, #293 ) ;
#633 = ORIENTED_EDGE ( 'NONE', *, *, #1494, .F. ) ;
#634 = AXIS2_PLACEMENT_3D ( 'NONE', #878, #1592, #1421 ) ;
#635 = CYLINDRICAL_SURFACE ( 'NONE', #459, 12.50000000000000355 ) ;
#636 = EDGE_CURVE ( 'NONE', #1696, #1019, #851, .T. ) ;
#637 = VECTOR ( 'NONE', #1395, 1000.000000000000000 ) ;
#638 = ORIENTED_EDGE ( 'NONE', *, *, #1255, .T. ) ;
#639 = AXIS2_PLACEMENT_3D ( 'NONE', #1285, #364, #2153 ) ;
#640 = EDGE_CURVE ( 'NONE', #846, #2335, #2255, .T. ) ;
#641 = DIRECTION ( 'NONE',  ( 0.000000000000000000, 1.000000000000000000, 0.000000000000000000 ) ) ;
#642 = VERTEX_POINT ( 'NONE', #2066 ) ;
#643 = CARTESIAN_POINT ( 'NONE',  ( 28.42280899545302475, 1.999999999999992228, 17.38701718175778055 ) ) ;
#644 = DIRECTION ( 'NONE',  ( -3.469446951953613696E-16, 0.000000000000000000, -1.000000000000000000 ) ) ;
#645 = ORIENTED_EDGE ( 'NONE', *, *, #1607, .T. ) ;
#646 = DIRECTION ( 'NONE',  ( 0.000000000000000000, 0.000000000000000000, -1.000000000000000000 ) ) ;
#647 = EDGE_LOOP ( 'NONE', ( #1662, #697, #1108, #1888 ) ) ;
#648 = CARTESIAN_POINT ( 'NONE',  ( -10.00000000000000355, 3.400000000000000355, -10.00000000000000355 ) ) ;
#649 = EDGE_CURVE ( 'NONE', #2184, #857, #238, .T. ) ;
#650 = DIRECTION ( 'NONE',  ( 1.000000000000000000, 0.000000000000000000, 0.000000000000000000 ) ) ;
#651 = VERTEX_POINT ( 'NONE', #791 ) ;
#652 = LINE ( 'NONE', #1946, #2230 ) ;
#653 = CARTESIAN_POINT ( 'NONE',  ( 2.439594923753567013, 0.4065991539589561832, -1.408500785942820466 ) ) ;
#654 = ORIENTED_EDGE ( 'NONE', *, *, #246, .T. ) ;
#655 = VECTOR ( 'NONE', #803, 1000.000000000000000 ) ;
#656 = DIRECTION ( 'NONE',  ( 1.000000000000000000, 0.000000000000000000, 0.000000000000000000 ) ) ;
#657 = ORIENTED_EDGE ( 'NONE', *, *, #1797, .F. ) ;
#658 = ORIENTED_EDGE ( 'NONE', *, *, #404, .T. ) ;
#659 = CARTESIAN_POINT ( 'NONE',  ( 14.25000000000000355, 4.000000000000000000, 14.99999999999999467 ) ) ;
#660 = ORIENTED_EDGE ( 'NONE', *, *, #124, .F. ) ;
#661 = EDGE_CURVE ( 'NONE', #1547, #867, #770, .T. ) ;
#662 =( LENGTH_UNIT ( ) NAMED_UNIT ( * ) SI_UNIT ( .MILLI., .METRE. ) );
#663 = FACE_OUTER_BOUND ( 'NONE', #945, .T. ) ;
#664 = VERTEX_POINT ( 'NONE', #1886 ) ;
#665 = EDGE_CURVE ( 'NONE', #839, #531, #733, .T. ) ;
#666 = LINE ( 'NONE', #1406, #197 ) ;
#667 = FACE_OUTER_BOUND ( 'NONE', #1474, .T. ) ;
#668 = AXIS2_PLACEMENT_3D ( 'NONE', #799, #260, #1380 ) ;
#669 = ORIENTED_EDGE ( 'NONE', *, *, #298, .T. ) ;
#670 = VECTOR ( 'NONE', #417, 1000.000000000000114 ) ;
#671 = AXIS2_PLACEMENT_3D ( 'NONE', #430, #1326, #1685 ) ;
#672 = DIRECTION ( 'NONE',  ( 0.000000000000000000, 1.000000000000000000, 0.000000000000000000 ) ) ;
#673 = DIRECTION ( 'NONE',  ( 0.000000000000000000, 0.000000000000000000, 1.000000000000000000 ) ) ;
#674 = EDGE_LOOP ( 'NONE', ( #1782, #2012, #645, #168 ) ) ;
#675 =( GEOMETRIC_REPRESENTATION_CONTEXT ( 3 ) GLOBAL_UNCERTAINTY_ASSIGNED_CONTEXT ( ( #2351 ) ) GLOBAL_UNIT_ASSIGNED_CONTEXT ( ( #844, #1582, #1187 ) ) REPRESENTATION_CONTEXT ( 'NONE', 'WORKASPACE' ) );
#676 = LINE ( 'NONE', #1413, #735 ) ;
#677 = DIRECTION ( 'NONE',  ( -0.000000000000000000, 1.000000000000000000, -0.000000000000000000 ) ) ;
#678 = EDGE_CURVE ( 'NONE', #805, #1114, #21, .T. ) ;
#679 = EDGE_LOOP ( 'NONE', ( #332, #585, #1972, #1960, #27, #877, #2313, #94, #527, #262 ) ) ;
#680 = CARTESIAN_POINT ( 'NONE',  ( -4.999999999999996447, 3.400000000000000355, 5.000000000000000000 ) ) ;
#681 = PLANE ( 'NONE',  #77 ) ;
#682 = EDGE_CURVE ( 'NONE', #1786, #2268, #347, .T. ) ;
#683 = VERTEX_POINT ( 'NONE', #972 ) ;
#684 = CARTESIAN_POINT ( 'NONE',  ( 6.407634839389331205E-14, 0.000000000000000000, 3.286501833866504185 ) ) ;
#685 = ORIENTED_EDGE ( 'NONE', *, *, #1923, .T. ) ;
#686 = CARTESIAN_POINT ( 'NONE',  ( 0.5999999999999955369, 2.246194077712548864, -0.3464101615137830104 ) ) ;
#687 = DIRECTION ( 'NONE',  ( 0.8660254037844432595, 0.000000000000000000, 0.4999999999999919509 ) ) ;
#688 = VERTEX_POINT ( 'NONE', #2242 ) ;
#689 = CIRCLE ( 'NONE', #426, 0.7499999999999988898 ) ;
#690 = CARTESIAN_POINT ( 'NONE',  ( -16.00000000000000000, 1.999999999999994893, -28.49999999999999645 ) ) ;
#691 = CARTESIAN_POINT ( 'NONE',  ( 2.500000000000000888, 3.100000000000000533, 2.499999999999999556 ) ) ;
#692 = ORIENTED_EDGE ( 'NONE', *, *, #891, .F. ) ;
#693 = EDGE_CURVE ( 'NONE', #2370, #2231, #500, .T. ) ;
#694 = LINE ( 'NONE', #1624, #1159 ) ;
#695 = VERTEX_POINT ( 'NONE', #429 ) ;
#696 = VECTOR ( 'NONE', #2214, 1000.000000000000000 ) ;
#697 = ORIENTED_EDGE ( 'NONE', *, *, #8, .T. ) ;
#698 = DIRECTION ( 'NONE',  ( 0.000000000000000000, 1.000000000000000000, 0.000000000000000000 ) ) ;
#699 = CARTESIAN_POINT ( 'NONE',  ( 14.99999999999999822, 4.000000000000000000, -15.00000000000000178 ) ) ;
#700 = VERTEX_POINT ( 'NONE', #1142 ) ;
#701 = CARTESIAN_POINT ( 'NONE',  ( 0.000000000000000000, 2.800000000000001599, 0.000000000000000000 ) ) ;
#702 = CARTESIAN_POINT ( 'NONE',  ( 28.49999999999999289, 4.000000000000000000, 16.00000000000000000 ) ) ;
#703 = EDGE_LOOP ( 'NONE', ( #454, #1490, #1140, #1230, #1879 ) ) ;
#704 = CARTESIAN_POINT ( 'NONE',  ( 15.99999999999999289, 0.000000000000000000, 26.50000000000000000 ) ) ;
#705 = CIRCLE ( 'NONE', #668, 0.7500000000000002220 ) ;
#706 = ORIENTED_EDGE ( 'NONE', *, *, #2368, .T. ) ;
#707 = EDGE_CURVE ( 'NONE', #1420, #511, #1670, .T. ) ;
#708 = CIRCLE ( 'NONE', #515, 10.49999999999999822 ) ;
#709 = DIRECTION ( 'NONE',  ( 0.000000000000000000, -1.000000000000000000, 0.000000000000000000 ) ) ;
#710 = EDGE_CURVE ( 'NONE', #1435, #372, #1736, .T. ) ;
#711 = ORIENTED_EDGE ( 'NONE', *, *, #23, .F. ) ;
#712 = AXIS2_PLACEMENT_3D ( 'NONE', #691, #2072, #423 ) ;
#713 = CARTESIAN_POINT ( 'NONE',  ( 1.750000000000000666, 3.100000000000000533, 2.499999999999999556 ) ) ;
#714 = DIRECTION ( 'NONE',  ( 0.000000000000000000, 0.7071067811865451302, -0.7071067811865500152 ) ) ;
#715 = AXIS2_PLACEMENT_3D ( 'NONE', #115, #849, #1009 ) ;
#716 = ORIENTED_EDGE ( 'NONE', *, *, #1305, .T. ) ;
#717 = DIRECTION ( 'NONE',  ( 0.000000000000000000, 1.000000000000000000, 0.000000000000000000 ) ) ;
#718 = PLANE ( 'NONE',  #367 ) ;
#719 = ORIENTED_EDGE ( 'NONE', *, *, #312, .T. ) ;
#720 = CARTESIAN_POINT ( 'NONE',  ( -28.49999999999999645, 2.246194077712546644, 15.76166234887695694 ) ) ;
#721 = EDGE_LOOP ( 'NONE', ( #103, #1591, #1644, #2349 ) ) ;
#722 = DIRECTION ( 'NONE',  ( -0.000000000000000000, -1.000000000000000000, -0.000000000000000000 ) ) ;
#723 = EDGE_CURVE ( 'NONE', #2335, #1588, #1901, .T. ) ;
#724 = CARTESIAN_POINT ( 'NONE',  ( 28.49999999999999289, 2.246194077712548864, 16.00000000000000000 ) ) ;
#725 = DIRECTION ( 'NONE',  ( 0.000000000000000000, -1.000000000000000000, 0.000000000000000000 ) ) ;
#726 = ORIENTED_EDGE ( 'NONE', *, *, #1521, .F. ) ;
#727 = PLANE ( 'NONE',  #388 ) ;
#728 = CARTESIAN_POINT ( 'NONE',  ( -9.250000000000000000, 3.700000000000000178, 10.00000000000000355 ) ) ;
#729 = ORIENTED_EDGE ( 'NONE', *, *, #1859, .T. ) ;
#730 = LINE ( 'NONE', #2033, #1966 ) ;
#731 = AXIS2_PLACEMENT_3D ( 'NONE', #230, #2070, #1181 ) ;
#732 = EDGE_LOOP ( 'NONE', ( #1310, #766, #660, #1072 ) ) ;
#733 = CIRCLE ( 'NONE', #1892, 0.4999999999999900080 ) ;
#734 = CARTESIAN_POINT ( 'NONE',  ( -1.750000000000000666, 3.100000000000000533, -2.500000000000000888 ) ) ;
#735 = VECTOR ( 'NONE', #520, 1000.000000000000000 ) ;
#736 = DIRECTION ( 'NONE',  ( 0.000000000000000000, -1.000000000000000000, 0.000000000000000000 ) ) ;
#737 = CARTESIAN_POINT ( 'NONE',  ( -14.24999999999999822, 4.000000000000000000, 15.00000000000000178 ) ) ;
#738 = ORIENTED_EDGE ( 'NONE', *, *, #373, .F. ) ;
#739 = EDGE_CURVE ( 'NONE', #489, #252, #621, .T. ) ;
#740 = PLANE ( 'NONE',  #887 ) ;
#741 = DIRECTION ( 'NONE',  ( -1.000000000000000000, -0.000000000000000000, 2.312964634635742957E-16 ) ) ;
#742 = ORIENTED_EDGE ( 'NONE', *, *, #930, .T. ) ;
#743 = EDGE_CURVE ( 'NONE', #857, #551, #118, .T. ) ;
#744 = CARTESIAN_POINT ( 'NONE',  ( -14.24999999999999822, 3.700000000000000178, 15.00000000000000178 ) ) ;
#745 = ORIENTED_EDGE ( 'NONE', *, *, #758, .F. ) ;
#746 = UNCERTAINTY_MEASURE_WITH_UNIT (LENGTH_MEASURE( 1.000000000000000082E-05 ), #662, 'distance_accuracy_value', 'NONE');
#747 = DIRECTION ( 'NONE',  ( -2.312964634635743450E-16, -0.000000000000000000, -1.000000000000000000 ) ) ;
#748 = CIRCLE ( 'NONE', #2163, 0.7499999999999988898 ) ;
#749 = DIRECTION ( 'NONE',  ( -3.469446951953613203E-16, 0.000000000000000000, -1.000000000000000000 ) ) ;
#750 = DIRECTION ( 'NONE',  ( 0.000000000000000000, -1.000000000000000000, 0.000000000000000000 ) ) ;
#751 = VERTEX_POINT ( 'NONE', #1311 ) ;
#752 = VECTOR ( 'NONE', #356, 1000.000000000000000 ) ;
#753 = CARTESIAN_POINT ( 'NONE',  ( -5.000000000000000000, 3.400000000000000355, -5.000000000000000000 ) ) ;
#754 = EDGE_CURVE ( 'NONE', #1994, #1145, #2042, .T. ) ;
#755 = CARTESIAN_POINT ( 'NONE',  ( 2.499999999999999112, 3.100000000000000533, -2.500000000000000888 ) ) ;
#756 = ORIENTED_EDGE ( 'NONE', *, *, #564, .F. ) ;
#757 = DIRECTION ( 'NONE',  ( 0.000000000000000000, 1.000000000000000000, 0.000000000000000000 ) ) ;
#758 = EDGE_CURVE ( 'NONE', #243, #1487, #1933, .T. ) ;
#759 = VERTEX_POINT ( 'NONE', #1361 ) ;
#760 = DIRECTION ( 'NONE',  ( 0.000000000000000000, 0.000000000000000000, 1.000000000000000000 ) ) ;
#761 = PLANE ( 'NONE',  #12 ) ;
#762 = CARTESIAN_POINT ( 'NONE',  ( 7.115824992460010101, 2.246194077712548864, -4.801143797930645718 ) ) ;
#763 = ORIENTED_EDGE ( 'NONE', *, *, #1184, .T. ) ;
#764 = CARTESIAN_POINT ( 'NONE',  ( 5.000000000000000000, 3.100000000000000533, -4.999999999999999112 ) ) ;
#765 = DIRECTION ( 'NONE',  ( -1.000000000000000000, -0.000000000000000000, -0.000000000000000000 ) ) ;
#766 = ORIENTED_EDGE ( 'NONE', *, *, #1611, .F. ) ;
#767 = CARTESIAN_POINT ( 'NONE',  ( 0.000000000000000000, 3.100000000000000533, 0.000000000000000000 ) ) ;
#768 = EDGE_CURVE ( 'NONE', #814, #2113, #1545, .T. ) ;
#769 = CARTESIAN_POINT ( 'NONE',  ( 5.000000000000000000, 3.100000000000000533, -5.749999999999999112 ) ) ;
#770 = CIRCLE ( 'NONE', #1391, 12.50000000000000355 ) ;
#771 = ADVANCED_FACE ( 'NONE', ( #2119 ), #114, .F. ) ;
#772 = VECTOR ( 'NONE', #1176, 1000.000000000000000 ) ;
#773 = FACE_OUTER_BOUND ( 'NONE', #1066, .T. ) ;
#774 = CARTESIAN_POINT ( 'NONE',  ( -16.00000000000000000, 4.000000000000000000, 28.50000000000000355 ) ) ;
#775 = VERTEX_POINT ( 'NONE', #643 ) ;
#776 = VECTOR ( 'NONE', #736, 1000.000000000000000 ) ;
#777 = DIRECTION ( 'NONE',  ( 0.000000000000000000, 1.000000000000000000, 0.000000000000000000 ) ) ;
#778 = PLANE ( 'NONE',  #445 ) ;
#779 = ORIENTED_EDGE ( 'NONE', *, *, #1050, .F. ) ;
#780 = CARTESIAN_POINT ( 'NONE',  ( -10.00000000000000355, 3.700000000000000178, -10.00000000000000355 ) ) ;
#781 = MANIFOLD_SOLID_BREP ( 'Ø1.0mm Dowel Hole1', #1813 ) ;
#782 = CARTESIAN_POINT ( 'NONE',  ( -5.000000000000000000, 3.400000000000000355, -5.750000000000000000 ) ) ;
#783 = B_SPLINE_CURVE_WITH_KNOTS ( 'NONE', 3,
 ( #1992, #506, #2004, #492 ),
 .UNSPECIFIED., .F., .F.,
 ( 4, 4 ),
 ( 0.000000000000000000, 0.003152724615514710359 ),
 .UNSPECIFIED. ) ;
#784 = FACE_OUTER_BOUND ( 'NONE', #357, .T. ) ;
#785 = EDGE_CURVE ( 'NONE', #683, #2227, #471, .T. ) ;
#786 = LINE ( 'NONE', #5, #2196 ) ;
#787 = EDGE_CURVE ( 'NONE', #194, #2291, #1370, .T. ) ;
#788 = DIRECTION ( 'NONE',  ( 0.000000000000000000, -1.000000000000000000, 0.000000000000000000 ) ) ;
#789 = AXIS2_PLACEMENT_3D ( 'NONE', #2026, #1834, #1844 ) ;
#790 = ORIENTED_EDGE ( 'NONE', *, *, #1567, .T. ) ;
#791 = CARTESIAN_POINT ( 'NONE',  ( 15.99999999999999289, 1.999999999999991340, 28.50000000000000355 ) ) ;
#792 = FACE_OUTER_BOUND ( 'NONE', #2131, .T. ) ;
#793 = ORIENTED_EDGE ( 'NONE', *, *, #609, .T. ) ;
#794 = AXIS2_PLACEMENT_3D ( 'NONE', #755, #1537, #1887 ) ;
#795 = DIRECTION ( 'NONE',  ( 0.000000000000000000, 0.000000000000000000, -1.000000000000000000 ) ) ;
#796 = PLANE ( 'NONE',  #2339 ) ;
#797 = VECTOR ( 'NONE', #2062, 1000.000000000000000 ) ;
#798 = DIRECTION ( 'NONE',  ( 0.000000000000000000, -1.000000000000000000, 0.000000000000000000 ) ) ;
#799 = CARTESIAN_POINT ( 'NONE',  ( 2.499999999999999112, 3.100000000000000533, -2.500000000000000888 ) ) ;
#800 = CARTESIAN_POINT ( 'NONE',  ( -4.999999999999996447, 3.100000000000000533, 5.000000000000000000 ) ) ;
#801 = ORIENTED_EDGE ( 'NONE', *, *, #1715, .F. ) ;
#802 = EDGE_CURVE ( 'NONE', #700, #142, #1913, .T. ) ;
#803 = DIRECTION ( 'NONE',  ( -1.000000000000000000, 0.000000000000000000, 0.000000000000000000 ) ) ;
#804 = DIRECTION ( 'NONE',  ( -0.8660254037844363761, 0.000000000000000000, 0.5000000000000039968 ) ) ;
#805 = VERTEX_POINT ( 'NONE', #460 ) ;
#806 = EDGE_CURVE ( 'NONE', #1017, #1191, #815, .T. ) ;
#807 = AXIS2_PLACEMENT_3D ( 'NONE', #141, #1962, #1171 ) ;
#808 = DIRECTION ( 'NONE',  ( 0.000000000000000000, 0.000000000000000000, 1.000000000000000000 ) ) ;
#809 = FACE_OUTER_BOUND ( 'NONE', #679, .T. ) ;
#810 = DIRECTION ( 'NONE',  ( 0.000000000000000000, 0.000000000000000000, -1.000000000000000000 ) ) ;
#811 = VECTOR ( 'NONE', #656, 1000.000000000000000 ) ;
#812 = CARTESIAN_POINT ( 'NONE',  ( 28.49999999999999289, 1.999999999999994893, 16.00000000000000000 ) ) ;
#813 = CIRCLE ( 'NONE', #2147, 0.7500000000000006661 ) ;
#814 = VERTEX_POINT ( 'NONE', #2296 ) ;
#815 = CIRCLE ( 'NONE', #49, 0.7500000000000006661 ) ;
#816 = DIRECTION ( 'NONE',  ( 0.000000000000000000, 1.000000000000000000, 0.000000000000000000 ) ) ;
#817 = EDGE_CURVE ( 'NONE', #270, #651, #652, .T. ) ;
#818 = AXIS2_PLACEMENT_3D ( 'NONE', #976, #255, #1893 ) ;
#819 = VECTOR ( 'NONE', #1200, 1000.000000000000114 ) ;
#820 = VERTEX_POINT ( 'NONE', #450 ) ;
#821 = DIRECTION ( 'NONE',  ( 0.000000000000000000, -1.000000000000000000, 0.000000000000000000 ) ) ;
#822 = EDGE_CURVE ( 'NONE', #1786, #1977, #1394, .T. ) ;
#823 = LINE ( 'NONE', #1543, #98 ) ;
#824 = EDGE_LOOP ( 'NONE', ( #182, #1730, #742, #1432 ) ) ;
#825 = DIRECTION ( 'NONE',  ( 0.000000000000000000, 1.000000000000000000, 0.000000000000000000 ) ) ;
#826 = CARTESIAN_POINT ( 'NONE',  ( 0.000000000000000000, 0.000000000000000000, 0.000000000000000000 ) ) ;
#827 = ORIENTED_EDGE ( 'NONE', *, *, #2069, .T. ) ;
#828 = DIRECTION ( 'NONE',  ( -3.469446951953613696E-16, -0.000000000000000000, -1.000000000000000000 ) ) ;
#829 = ORIENTED_EDGE ( 'NONE', *, *, #817, .T. ) ;
#830 = VECTOR ( 'NONE', #1650, 1000.000000000000000 ) ;
#831 = CARTESIAN_POINT ( 'NONE',  ( 15.99999999999999289, 0.000000000000000000, 16.00000000000000000 ) ) ;
#832 = CIRCLE ( 'NONE', #2359, 0.7499999999999997780 ) ;
#833 = EDGE_CURVE ( 'NONE', #1765, #1779, #1402, .T. ) ;
#834 = ORIENTED_EDGE ( 'NONE', *, *, #28, .T. ) ;
#835 = VECTOR ( 'NONE', #2327, 1000.000000000000000 ) ;
#836 = DIRECTION ( 'NONE',  ( 0.000000000000000000, 0.000000000000000000, 1.000000000000000000 ) ) ;
#837 = EDGE_LOOP ( 'NONE', ( #1286, #829, #1602, #2305 ) ) ;
#838 = DIRECTION ( 'NONE',  ( -0.6546536707079699813, 0.6546536707079775308, 0.3779644730092386884 ) ) ;
#839 = VERTEX_POINT ( 'NONE', #123 ) ;
#840 = FACE_OUTER_BOUND ( 'NONE', #927, .T. ) ;
#841 = ORIENTED_EDGE ( 'NONE', *, *, #2178, .F. ) ;
#842 = EDGE_CURVE ( 'NONE', #820, #511, #1199, .T. ) ;
#843 = CARTESIAN_POINT ( 'NONE',  ( 27.70334144994264136, 1.325327564400493818, 17.75067702530053637 ) ) ;
#844 =( LENGTH_UNIT ( ) NAMED_UNIT ( * ) SI_UNIT ( .MILLI., .METRE. ) );
#845 = ADVANCED_FACE ( 'NONE', ( #1008 ), #1743, .F. ) ;
#846 = VERTEX_POINT ( 'NONE', #686 ) ;
#847 = CIRCLE ( 'NONE', #2040, 0.7500000000000006661 ) ;
#848 = SURFACE_STYLE_USAGE ( .BOTH. , #2109 ) ;
#849 = DIRECTION ( 'NONE',  ( -0.000000000000000000, 1.000000000000000000, -0.000000000000000000 ) ) ;
#850 = ORIENTED_EDGE ( 'NONE', *, *, #743, .T. ) ;
#851 = CIRCLE ( 'NONE', #1504, 0.7499999999999997780 ) ;
#852 = DIRECTION ( 'NONE',  ( 3.469446951953613696E-16, 0.000000000000000000, 1.000000000000000000 ) ) ;
#853 = AXIS2_PLACEMENT_3D ( 'NONE', #1064, #1970, #1794 ) ;
#854 = ORIENTED_EDGE ( 'NONE', *, *, #1366, .T. ) ;
#855 = EDGE_CURVE ( 'NONE', #1267, #2227, #2152, .T. ) ;
#856 = CARTESIAN_POINT ( 'NONE',  ( -4.769203948191523601, 7.615398025904130286, -34.11539802590417025 ) ) ;
#857 = VERTEX_POINT ( 'NONE', #713 ) ;
#858 = EDGE_CURVE ( 'NONE', #1054, #2260, #135, .T. ) ;
#859 = CARTESIAN_POINT ( 'NONE',  ( -16.00000000000000000, 1.999999999999994893, -15.99999999999999289 ) ) ;
#860 = DIRECTION ( 'NONE',  ( 0.000000000000000000, 1.000000000000000000, -0.000000000000000000 ) ) ;
#861 = ORIENTED_EDGE ( 'NONE', *, *, #1141, .F. ) ;
#862 = DIRECTION ( 'NONE',  ( 0.000000000000000000, -1.000000000000000000, 0.000000000000000000 ) ) ;
#863 = DIRECTION ( 'NONE',  ( 0.000000000000000000, -1.000000000000000000, 0.000000000000000000 ) ) ;
#864 = EDGE_LOOP ( 'NONE', ( #381, #834, #1455, #1616 ) ) ;
#865 = AXIS2_PLACEMENT_3D ( 'NONE', #1403, #1043, #2140 ) ;
#866 = LINE ( 'NONE', #2001, #253 ) ;
#867 = VERTEX_POINT ( 'NONE', #724 ) ;
#868 = PRODUCT_DEFINITION ( 'UNKNOWN', '', #1377, #169 ) ;
#869 = DIRECTION ( 'NONE',  ( 0.000000000000000000, 0.000000000000000000, 1.000000000000000000 ) ) ;
#870 = CARTESIAN_POINT ( 'NONE',  ( -2.500000000000000888, 3.100000000000000533, -2.500000000000000888 ) ) ;
#871 = ORIENTED_EDGE ( 'NONE', *, *, #432, .T. ) ;
#872 = EDGE_CURVE ( 'NONE', #1765, #2078, #1052, .T. ) ;
#873 = DIRECTION ( 'NONE',  ( -0.000000000000000000, 1.000000000000000000, -0.000000000000000000 ) ) ;
#874 = DIRECTION ( 'NONE',  ( 1.000000000000000000, 0.000000000000000000, 0.000000000000000000 ) ) ;
#875 = EDGE_LOOP ( 'NONE', ( #1749, #692, #7, #1793 ) ) ;
#876 = EDGE_CURVE ( 'NONE', #316, #857, #187, .T. ) ;
#877 = ORIENTED_EDGE ( 'NONE', *, *, #2258, .T. ) ;
#878 = CARTESIAN_POINT ( 'NONE',  ( 2.499999999999999112, 2.800000000000000266, -2.500000000000000888 ) ) ;
#879 = ORIENTED_EDGE ( 'NONE', *, *, #1184, .F. ) ;
#880 = DIRECTION ( 'NONE',  ( -1.000000000000000000, -0.000000000000000000, -0.000000000000000000 ) ) ;
#881 = CARTESIAN_POINT ( 'NONE',  ( -2.500000000000000888, 2.800000000000000266, -2.500000000000000888 ) ) ;
#882 = ORIENTED_EDGE ( 'NONE', *, *, #1124, .F. ) ;
#883 = AXIS2_PLACEMENT_3D ( 'NONE', #1238, #276, #1376 ) ;
#884 = CARTESIAN_POINT ( 'NONE',  ( -15.00000000000000178, 3.700000000000000178, -14.99999999999999467 ) ) ;
#885 = EDGE_CURVE ( 'NONE', #1776, #534, #2114, .T. ) ;
#886 = DIRECTION ( 'NONE',  ( 0.000000000000000000, 0.000000000000000000, -1.000000000000000000 ) ) ;
#887 = AXIS2_PLACEMENT_3D ( 'NONE', #1475, #2206, #560 ) ;
#888 = ORIENTED_EDGE ( 'NONE', *, *, #930, .F. ) ;
#889 = AXIS2_PLACEMENT_3D ( 'NONE', #441, #280, #1561 ) ;
#890 = DIRECTION ( 'NONE',  ( -1.000000000000000000, 0.000000000000000000, 3.469446951953614189E-16 ) ) ;
#891 = EDGE_CURVE ( 'NONE', #1998, #1649, #1702, .T. ) ;
#892 = ORIENTED_EDGE ( 'NONE', *, *, #2239, .T. ) ;
#893 = VECTOR ( 'NONE', #880, 1000.000000000000000 ) ;
#894 = DIRECTION ( 'NONE',  ( -0.000000000000000000, -1.000000000000000000, -0.000000000000000000 ) ) ;
#895 = VERTEX_POINT ( 'NONE', #326 ) ;
#896 = CARTESIAN_POINT ( 'NONE',  ( 14.99999999999999822, 4.000000000000000000, -15.00000000000000178 ) ) ;
#897 = CARTESIAN_POINT ( 'NONE',  ( 2.500000000000000888, 2.800000000000000266, 2.499999999999999556 ) ) ;
#898 = ORIENTED_EDGE ( 'NONE', *, *, #2106, .F. ) ;
#899 = DIRECTION ( 'NONE',  ( 0.000000000000000000, 0.6546536707079804174, 0.7559289460184516196 ) ) ;
#900 = DIRECTION ( 'NONE',  ( -0.000000000000000000, -1.000000000000000000, -0.000000000000000000 ) ) ;
#901 = ORIENTED_EDGE ( 'NONE', *, *, #121, .T. ) ;
#902 = CARTESIAN_POINT ( 'NONE',  ( -5.000000000000000000, 3.100000000000000533, -5.000000000000000000 ) ) ;
#903 = VECTOR ( 'NONE', #1520, 1000.000000000000000 ) ;
#904 = ORIENTED_EDGE ( 'NONE', *, *, #2333, .T. ) ;
#905 = EDGE_CURVE ( 'NONE', #1033, #1208, #783, .T. ) ;
#906 = CARTESIAN_POINT ( 'NONE',  ( -0.8461940777125583901, 1.999999999999994005, -28.49999999999999645 ) ) ;
#907 = AXIS2_PLACEMENT_3D ( 'NONE', #611, #251, #2067 ) ;
#908 = CARTESIAN_POINT ( 'NONE',  ( 1.750000000000000666, 3.100000000000000533, 2.499999999999999556 ) ) ;
#909 = CARTESIAN_POINT ( 'NONE',  ( -16.00000000000000000, 1.999999999999994893, -28.49999999999999645 ) ) ;
#910 = CIRCLE ( 'NONE', #986, 0.7500000000000002220 ) ;
#911 = ORIENTED_EDGE ( 'NONE', *, *, #1607, .F. ) ;
#912 = DIRECTION ( 'NONE',  ( -0.000000000000000000, 1.000000000000000000, 0.000000000000000000 ) ) ;
#913 = DIRECTION ( 'NONE',  ( 0.000000000000000000, 0.000000000000000000, -1.000000000000000000 ) ) ;
#914 = ORIENTED_EDGE ( 'NONE', *, *, #355, .F. ) ;
#915 = CARTESIAN_POINT ( 'NONE',  ( 0.8461940777125497304, 1.999999999999994893, -28.49999999999999645 ) ) ;
#916 = VERTEX_POINT ( 'NONE', #1235 ) ;
#917 = CARTESIAN_POINT ( 'NONE',  ( 14.99999999999999822, 4.000000000000000000, -14.25000000000000000 ) ) ;
#918 = EDGE_CURVE ( 'NONE', #1942, #759, #1011, .T. ) ;
#919 = CARTESIAN_POINT ( 'NONE',  ( 28.49999999999999289, 2.246194077712548864, 16.00000000000000000 ) ) ;
#920 = EDGE_CURVE ( 'NONE', #642, #683, #1470, .T. ) ;
#921 = LINE ( 'NONE', #1425, #259 ) ;
#922 = ORIENTED_EDGE ( 'NONE', *, *, #148, .F. ) ;
#923 = DIRECTION ( 'NONE',  ( -0.3535533905932786158, 0.7071067811865435759, -0.6123724356957964687 ) ) ;
#924 = CARTESIAN_POINT ( 'NONE',  ( -2.499999999999999112, 2.800000000000000266, 2.499999999999999556 ) ) ;
#925 = ORIENTED_EDGE ( 'NONE', *, *, #184, .F. ) ;
#926 = DIRECTION ( 'NONE',  ( 0.000000000000000000, 0.000000000000000000, 1.000000000000000000 ) ) ;
#927 = EDGE_LOOP ( 'NONE', ( #2354, #435, #2186, #2075 ) ) ;
#928 = CARTESIAN_POINT ( 'NONE',  ( 28.68104021530554704, 2.181040215305545704, 15.79095276591838193 ) ) ;
#929 = VECTOR ( 'NONE', #2287, 1000.000000000000000 ) ;
#930 = EDGE_CURVE ( 'NONE', #2184, #993, #1246, .T. ) ;
#931 = LINE ( 'NONE', #1485, #696 ) ;
#932 = DIRECTION ( 'NONE',  ( 0.000000000000000000, 0.000000000000000000, 1.000000000000000000 ) ) ;
#933 = AXIS2_PLACEMENT_3D ( 'NONE', #247, #1138, #2202 ) ;
#934 = ORIENTED_EDGE ( 'NONE', *, *, #707, .F. ) ;
#935 = ADVANCED_FACE ( 'NONE', ( #1822 ), #2326, .F. ) ;
#936 = DIRECTION ( 'NONE',  ( 0.000000000000000000, 0.000000000000000000, -1.000000000000000000 ) ) ;
#937 = DIRECTION ( 'NONE',  ( 1.000000000000000000, 0.000000000000000000, -2.312964634635742464E-16 ) ) ;
#938 = ORIENTED_EDGE ( 'NONE', *, *, #723, .F. ) ;
#939 = LINE ( 'NONE', #704, #1464 ) ;
#940 = LINE ( 'NONE', #1689, #2232 ) ;
#941 = CARTESIAN_POINT ( 'NONE',  ( -10.00000000000000355, 3.700000000000000178, -10.00000000000000355 ) ) ;
#942 = CIRCLE ( 'NONE', #402, 0.7499999999999997780 ) ;
#943 = CARTESIAN_POINT ( 'NONE',  ( 2.846194077712518311, 0.000000000000000000, -26.49999999999998224 ) ) ;
#944 = LINE ( 'NONE', #618, #370 ) ;
#945 = EDGE_LOOP ( 'NONE', ( #2301, #1612, #301, #484 ) ) ;
#946 = VECTOR ( 'NONE', #1277, 1000.000000000000000 ) ;
#947 = DIRECTION ( 'NONE',  ( 0.000000000000000000, 0.000000000000000000, 1.000000000000000000 ) ) ;
#948 = VECTOR ( 'NONE', #68, 1000.000000000000000 ) ;
#949 = FACE_OUTER_BOUND ( 'NONE', #824, .T. ) ;
#950 = EDGE_CURVE ( 'NONE', #1248, #107, #1775, .T. ) ;
#951 = ORIENTED_EDGE ( 'NONE', *, *, #2237, .F. ) ;
#952 = CARTESIAN_POINT ( 'NONE',  ( 14.99999999999999822, 3.700000000000000178, -15.75000000000000000 ) ) ;
#953 = DIRECTION ( 'NONE',  ( 0.000000000000000000, 0.000000000000000000, 1.000000000000000000 ) ) ;
#954 = EDGE_CURVE ( 'NONE', #867, #631, #1836, .T. ) ;
#955 = CARTESIAN_POINT ( 'NONE',  ( 9.999999999999996447, 3.400000000000000355, -10.00000000000000355 ) ) ;
#956 = CARTESIAN_POINT ( 'NONE',  ( 15.00000000000000533, 3.700000000000000178, 14.99999999999999467 ) ) ;
#957 = CARTESIAN_POINT ( 'NONE',  ( -2.500000000000000888, 3.100000000000000533, -2.500000000000000888 ) ) ;
#958 = ORIENTED_EDGE ( 'NONE', *, *, #739, .F. ) ;
#959 = DIRECTION ( 'NONE',  ( -0.000000000000000000, 1.000000000000000000, -0.000000000000000000 ) ) ;
#960 = CARTESIAN_POINT ( 'NONE',  ( 14.99999999999999822, 4.000000000000000000, -14.25000000000000000 ) ) ;
#961 = ORIENTED_EDGE ( 'NONE', *, *, #2162, .T. ) ;
#962 = DIRECTION ( 'NONE',  ( 0.000000000000000000, 1.000000000000000000, 0.000000000000000000 ) ) ;
#963 = DIRECTION ( 'NONE',  ( -0.000000000000000000, 1.000000000000000000, -0.000000000000000000 ) ) ;
#964 = EDGE_CURVE ( 'NONE', #1062, #1233, #676, .T. ) ;
#965 = AXIS2_PLACEMENT_3D ( 'NONE', #74, #1340, #254 ) ;
#966 = LINE ( 'NONE', #2059, #596 ) ;
#967 = AXIS2_PLACEMENT_3D ( 'NONE', #1876, #2265, #1115 ) ;
#968 = DIRECTION ( 'NONE',  ( 0.000000000000000000, -1.000000000000000000, 0.000000000000000000 ) ) ;
#969 = PLANE ( 'NONE',  #2286 ) ;
#970 = ORIENTED_EDGE ( 'NONE', *, *, #1521, .T. ) ;
#971 = PRODUCT_DEFINITION_SHAPE ( 'NONE', 'NONE',  #868 ) ;
#972 = CARTESIAN_POINT ( 'NONE',  ( -2.500000000000000444, 3.100000000000000533, -1.750000000000000666 ) ) ;
#973 = CARTESIAN_POINT ( 'NONE',  ( 7.715824992460013299, 2.246194077712548864, -3.761913313389320113 ) ) ;
#974 = ORIENTED_EDGE ( 'NONE', *, *, #1767, .F. ) ;
#975 = FACE_OUTER_BOUND ( 'NONE', #837, .T. ) ;
#976 = CARTESIAN_POINT ( 'NONE',  ( -2.499999999999999112, 3.100000000000000533, 2.499999999999999556 ) ) ;
#977 = CARTESIAN_POINT ( 'NONE',  ( -10.00000000000000000, 3.400000000000000355, 10.00000000000000355 ) ) ;
#978 = ADVANCED_FACE ( 'NONE', ( #1259 ), #2139, .T. ) ;
#979 = DIRECTION ( 'NONE',  ( 0.000000000000000000, 0.000000000000000000, -1.000000000000000000 ) ) ;
#980 = LINE ( 'NONE', #762, #1221 ) ;
#981 = VECTOR ( 'NONE', #278, 1000.000000000000000 ) ;
#982 = ORIENTED_EDGE ( 'NONE', *, *, #1109, .F. ) ;
#983 = DIRECTION ( 'NONE',  ( 0.000000000000000000, 0.000000000000000000, -1.000000000000000000 ) ) ;
#984 = DIRECTION ( 'NONE',  ( 0.000000000000000000, -1.000000000000000000, 0.000000000000000000 ) ) ;
#985 = ORIENTED_EDGE ( 'NONE', *, *, #954, .T. ) ;
#986 = AXIS2_PLACEMENT_3D ( 'NONE', #522, #1437, #2369 ) ;
#987 = CARTESIAN_POINT ( 'NONE',  ( -10.00000000000000000, 3.400000000000000355, 10.00000000000000355 ) ) ;
#988 = DIRECTION ( 'NONE',  ( 0.000000000000000000, -1.000000000000000000, 0.000000000000000000 ) ) ;
#989 = CIRCLE ( 'NONE', #561, 0.7500000000000002220 ) ;
#990 = DIRECTION ( 'NONE',  ( 0.000000000000000000, -1.000000000000000000, 0.000000000000000000 ) ) ;
#991 = EDGE_CURVE ( 'NONE', #695, #1145, #146, .T. ) ;
#992 = CARTESIAN_POINT ( 'NONE',  ( -16.00000000000000000, 4.000000000000000000, -28.49999999999999645 ) ) ;
#993 = VERTEX_POINT ( 'NONE', #1784 ) ;
#994 = EDGE_CURVE ( 'NONE', #2204, #1040, #1617, .T. ) ;
#995 = SURFACE_STYLE_FILL_AREA ( #2317 ) ;
#996 = CARTESIAN_POINT ( 'NONE',  ( 1.749999999999998890, 2.800000000000000266, -2.500000000000000888 ) ) ;
#997 = ORIENTED_EDGE ( 'NONE', *, *, #213, .F. ) ;
#998 = CARTESIAN_POINT ( 'NONE',  ( 4.250000000000000000, 3.100000000000000533, -4.999999999999999112 ) ) ;
#999 = DIRECTION ( 'NONE',  ( 0.000000000000000000, 1.000000000000000000, 0.000000000000000000 ) ) ;
#1000 = VERTEX_POINT ( 'NONE', #2061 ) ;
#1001 = AXIS2_PLACEMENT_3D ( 'NONE', #1119, #1829, #1303 ) ;
#1002 = CARTESIAN_POINT ( 'NONE',  ( 28.42280899545302475, 1.999999999999992228, 17.38701718175778055 ) ) ;
#1003 =( NAMED_UNIT ( * ) PLANE_ANGLE_UNIT ( ) SI_UNIT ( $, .RADIAN. ) );
#1004 = AXIS2_PLACEMENT_3D ( 'NONE', #701, #1440, #1996 ) ;
#1005 = VERTEX_POINT ( 'NONE', #583 ) ;
#1006 = EDGE_CURVE ( 'NONE', #551, #1062, #786, .T. ) ;
#1007 = AXIS2_PLACEMENT_3D ( 'NONE', #92, #545, #1605 ) ;
#1008 = FACE_OUTER_BOUND ( 'NONE', #477, .T. ) ;
#1009 = DIRECTION ( 'NONE',  ( 0.000000000000000000, 0.000000000000000000, 1.000000000000000000 ) ) ;
#1010 = AXIS2_PLACEMENT_3D ( 'NONE', #75, #963, #953 ) ;
#1011 = CIRCLE ( 'NONE', #2340, 0.7500000000000006661 ) ;
#1012 = VERTEX_POINT ( 'NONE', #1691 ) ;
#1013 = EDGE_CURVE ( 'NONE', #846, #631, #1125, .T. ) ;
#1014 = AXIS2_PLACEMENT_3D ( 'NONE', #389, #1860, #31 ) ;
#1015 = DIRECTION ( 'NONE',  ( -0.000000000000000000, -1.000000000000000000, -0.000000000000000000 ) ) ;
#1016 = EDGE_LOOP ( 'NONE', ( #508, #2023, #669, #232, #212, #473 ) ) ;
#1017 = VERTEX_POINT ( 'NONE', #413 ) ;
#1018 = LINE ( 'NONE', #112, #62 ) ;
#1019 = VERTEX_POINT ( 'NONE', #224 ) ;
#1020 = VECTOR ( 'NONE', #54, 1000.000000000000000 ) ;
#1021 = CARTESIAN_POINT ( 'NONE',  ( -15.00000000000000178, 4.000000000000000000, -14.99999999999999467 ) ) ;
#1022 = DIRECTION ( 'NONE',  ( 0.000000000000000000, 1.000000000000000000, 0.000000000000000000 ) ) ;
#1023 = ORIENTED_EDGE ( 'NONE', *, *, #2192, .T. ) ;
#1024 = LINE ( 'NONE', #1034, #1615 ) ;
#1025 = EDGE_CURVE ( 'NONE', #1903, #1776, #209, .T. ) ;
#1026 = CIRCLE ( 'NONE', #324, 10.49999999999999467 ) ;
#1027 = ORIENTED_EDGE ( 'NONE', *, *, #1965, .T. ) ;
#1028 = CIRCLE ( 'NONE', #411, 0.7499999999999997780 ) ;
#1029 = LINE ( 'NONE', #1751, #1480 ) ;
#1030 = ORIENTED_EDGE ( 'NONE', *, *, #905, .F. ) ;
#1031 = CARTESIAN_POINT ( 'NONE',  ( 9.999999999999996447, 3.400000000000000355, -10.00000000000000355 ) ) ;
#1032 = CARTESIAN_POINT ( 'NONE',  ( 9.999999999999996447, 3.700000000000000178, -10.00000000000000355 ) ) ;
#1033 = VERTEX_POINT ( 'NONE', #424 ) ;
#1034 = CARTESIAN_POINT ( 'NONE',  ( -2.500000000000000888, 2.800000000000000266, -2.500000000000000888 ) ) ;
#1035 = ORIENTED_EDGE ( 'NONE', *, *, #2254, .T. ) ;
#1036 = ADVANCED_FACE ( 'NONE', ( #773 ), #761, .F. ) ;
#1037 = ORIENTED_EDGE ( 'NONE', *, *, #1081, .T. ) ;
#1038 = EDGE_CURVE ( 'NONE', #2244, #489, #570, .T. ) ;
#1039 = CARTESIAN_POINT ( 'NONE',  ( 15.99999999999999289, 4.000000000000000000, -15.99999999999999289 ) ) ;
#1040 = VERTEX_POINT ( 'NONE', #943 ) ;
#1041 = VECTOR ( 'NONE', #2363, 1000.000000000000000 ) ;
#1042 = DIRECTION ( 'NONE',  ( 1.000000000000000000, 0.000000000000000000, 0.000000000000000000 ) ) ;
#1043 = DIRECTION ( 'NONE',  ( 0.000000000000000000, -1.000000000000000000, 0.000000000000000000 ) ) ;
#1044 = EDGE_LOOP ( 'NONE', ( #1791, #1257, #155, #1922 ) ) ;
#1045 = CARTESIAN_POINT ( 'NONE',  ( 4.250000000000000000, 3.400000000000000355, -4.999999999999999112 ) ) ;
#1046 = CYLINDRICAL_SURFACE ( 'NONE', #1374, 12.50000000000000178 ) ;
#1047 = VECTOR ( 'NONE', #594, 1000.000000000000114 ) ;
#1048 = ORIENTED_EDGE ( 'NONE', *, *, #1258, .F. ) ;
#1049 = DIRECTION ( 'NONE',  ( 0.000000000000000000, 1.000000000000000000, 0.000000000000000000 ) ) ;
#1050 = EDGE_CURVE ( 'NONE', #1517, #1596, #1203, .T. ) ;
#1051 = ORIENTED_EDGE ( 'NONE', *, *, #422, .F. ) ;
#1052 = LINE ( 'NONE', #351, #465 ) ;
#1053 = FACE_OUTER_BOUND ( 'NONE', #1654, .T. ) ;
#1054 = VERTEX_POINT ( 'NONE', #1522 ) ;
#1055 = DIRECTION ( 'NONE',  ( 0.000000000000000000, 0.7071067811865500152, 0.7071067811865451302 ) ) ;
#1056 = PLANE ( 'NONE',  #1755 ) ;
#1057 = AXIS2_PLACEMENT_3D ( 'NONE', #131, #1989, #1085 ) ;
#1058 = ORIENTED_EDGE ( 'NONE', *, *, #2104, .F. ) ;
#1059 = AXIS2_PLACEMENT_3D ( 'NONE', #1384, #816, #1371 ) ;
#1060 = VECTOR ( 'NONE', #1837, 1000.000000000000000 ) ;
#1061 = PLANE ( 'NONE',  #1057 ) ;
#1062 = VERTEX_POINT ( 'NONE', #42 ) ;
#1063 = EDGE_CURVE ( 'NONE', #283, #1821, #1663, .T. ) ;
#1064 = CARTESIAN_POINT ( 'NONE',  ( -16.00000000000000000, 4.000000000000000000, -15.99999999999999289 ) ) ;
#1065 = CARTESIAN_POINT ( 'NONE',  ( 9.249999999999996447, 3.700000000000000178, -10.00000000000000355 ) ) ;
#1066 = EDGE_LOOP ( 'NONE', ( #1819, #99, #657, #1103 ) ) ;
#1067 = ADVANCED_FACE ( 'NONE', ( #1680 ), #1509, .F. ) ;
#1068 = LINE ( 'NONE', #1798, #498 ) ;
#1069 = DIRECTION ( 'NONE',  ( 0.000000000000000000, 0.000000000000000000, -1.000000000000000000 ) ) ;
#1070 = ORIENTED_EDGE ( 'NONE', *, *, #133, .T. ) ;
#1071 = DIRECTION ( 'NONE',  ( 0.000000000000000000, -1.000000000000000000, 0.000000000000000000 ) ) ;
#1072 = ORIENTED_EDGE ( 'NONE', *, *, #2207, .F. ) ;
#1073 = CARTESIAN_POINT ( 'NONE',  ( -28.44987026500580996, 2.246194077712548864, 17.11836057893876273 ) ) ;
#1074 = EDGE_LOOP ( 'NONE', ( #615, #1084, #738, #1175, #904 ) ) ;
#1075 = DIRECTION ( 'NONE',  ( 1.000000000000000000, 0.000000000000000000, 0.000000000000000000 ) ) ;
#1076 = CYLINDRICAL_SURFACE ( 'NONE', #523, 0.7500000000000002220 ) ;
#1077 = EDGE_LOOP ( 'NONE', ( #2068, #597, #726, #1210 ) ) ;
#1078 = VECTOR ( 'NONE', #2007, 1000.000000000000000 ) ;
#1079 = PLANE ( 'NONE',  #44 ) ;
#1080 = CARTESIAN_POINT ( 'NONE',  ( -4.999999999999996447, 3.100000000000000533, 5.000000000000000000 ) ) ;
#1081 = EDGE_CURVE ( 'NONE', #205, #839, #1112, .T. ) ;
#1082 = EDGE_LOOP ( 'NONE', ( #1449, #658 ) ) ;
#1083 = CARTESIAN_POINT ( 'NONE',  ( -16.00000000000000000, 4.000000000000000000, -28.49999999999999645 ) ) ;
#1084 = ORIENTED_EDGE ( 'NONE', *, *, #1405, .T. ) ;
#1085 = DIRECTION ( 'NONE',  ( 1.000000000000000000, 0.000000000000000000, 0.000000000000000000 ) ) ;
#1086 = ORIENTED_EDGE ( 'NONE', *, *, #1352, .T. ) ;
#1087 = DIRECTION ( 'NONE',  ( 0.000000000000000000, 1.000000000000000000, 0.000000000000000000 ) ) ;
#1088 = FACE_OUTER_BOUND ( 'NONE', #116, .T. ) ;
#1089 = EDGE_LOOP ( 'NONE', ( #1625, #2191, #1630, #403, #299, #882 ) ) ;
#1090 = FACE_BOUND ( 'NONE', #2121, .T. ) ;
#1091 = CARTESIAN_POINT ( 'NONE',  ( 10.00000000000000355, 3.700000000000000178, 10.00000000000000355 ) ) ;
#1092 = ORIENTED_EDGE ( 'NONE', *, *, #387, .T. ) ;
#1093 = EDGE_CURVE ( 'NONE', #1191, #1900, #2027, .T. ) ;
#1094 = PLANE ( 'NONE',  #1001 ) ;
#1095 = CIRCLE ( 'NONE', #1906, 12.50000000000000355 ) ;
#1096 = ORIENTED_EDGE ( 'NONE', *, *, #231, .F. ) ;
#1097 = ADVANCED_FACE ( 'NONE', ( #1343 ), #2238, .F. ) ;
#1098 = CARTESIAN_POINT ( 'NONE',  ( -16.00000000000000000, 4.000000000000000000, 28.50000000000000355 ) ) ;
#1099 = CIRCLE ( 'NONE', #2316, 0.7500000000000002220 ) ;
#1100 = CARTESIAN_POINT ( 'NONE',  ( -1.749999999999998890, 3.100000000000000533, 2.499999999999999556 ) ) ;
#1101 = CARTESIAN_POINT ( 'NONE',  ( -10.00000000000000355, 3.700000000000000178, -10.00000000000000355 ) ) ;
#1102 = AXIS2_PLACEMENT_3D ( 'NONE', #1719, #1323, #225 ) ;
#1103 = ORIENTED_EDGE ( 'NONE', *, *, #1812, .F. ) ;
#1104 = DIRECTION ( 'NONE',  ( -1.000000000000000000, 0.000000000000000000, 0.000000000000000000 ) ) ;
#1105 = CARTESIAN_POINT ( 'NONE',  ( 0.000000000000000000, 2.800000000000000266, 0.000000000000000000 ) ) ;
#1106 = ORIENTED_EDGE ( 'NONE', *, *, #787, .T. ) ;
#1107 = DIRECTION ( 'NONE',  ( -0.7071067811865500152, -0.7071067811865451302, 0.000000000000000000 ) ) ;
#1108 = ORIENTED_EDGE ( 'NONE', *, *, #1477, .F. ) ;
#1109 = EDGE_CURVE ( 'NONE', #1114, #1929, #1664, .T. ) ;
#1110 = CARTESIAN_POINT ( 'NONE',  ( 9.250000000000003553, 3.700000000000000178, 10.00000000000000355 ) ) ;
#1111 = EDGE_CURVE ( 'NONE', #205, #1766, #395, .T. ) ;
#1112 = LINE ( 'NONE', #2251, #51 ) ;
#1113 = DIRECTION ( 'NONE',  ( 0.000000000000000000, 0.000000000000000000, -1.000000000000000000 ) ) ;
#1114 = VERTEX_POINT ( 'NONE', #557 ) ;
#1115 = DIRECTION ( 'NONE',  ( 0.000000000000000000, 0.000000000000000000, 1.000000000000000000 ) ) ;
#1116 = LINE ( 'NONE', #1441, #752 ) ;
#1117 = ORIENTED_EDGE ( 'NONE', *, *, #2144, .T. ) ;
#1118 = AXIS2_PLACEMENT_3D ( 'NONE', #1416, #1764, #95 ) ;
#1119 = CARTESIAN_POINT ( 'NONE',  ( 7.715824992460013299, 2.246194077712548864, -3.761913313389320113 ) ) ;
#1120 = VECTOR ( 'NONE', #47, 1000.000000000000000 ) ;
#1121 = LINE ( 'NONE', #207, #586 ) ;
#1122 = VECTOR ( 'NONE', #1424, 1000.000000000000000 ) ;
#1123 = DIRECTION ( 'NONE',  ( -1.000000000000000000, -0.000000000000000000, -8.673617379884035472E-17 ) ) ;
#1124 = EDGE_CURVE ( 'NONE', #2247, #1786, #931, .T. ) ;
#1125 = LINE ( 'NONE', #1297, #1047 ) ;
#1126 = CARTESIAN_POINT ( 'NONE',  ( -16.00000000000000000, 2.246194077712548864, 16.00000000000000000 ) ) ;
#1127 = ORIENTED_EDGE ( 'NONE', *, *, #833, .F. ) ;
#1128 = EDGE_CURVE ( 'NONE', #1487, #2257, #1705, .T. ) ;
#1129 = FACE_OUTER_BOUND ( 'NONE', #1302, .T. ) ;
#1130 = CARTESIAN_POINT ( 'NONE',  ( 14.24999999999999645, 3.700000000000000178, -15.00000000000000178 ) ) ;
#1131 = ORIENTED_EDGE ( 'NONE', *, *, #1715, .T. ) ;
#1132 = FACE_OUTER_BOUND ( 'NONE', #647, .T. ) ;
#1133 = CARTESIAN_POINT ( 'NONE',  ( -16.00000000000000000, 4.000000000000000000, -28.49999999999999645 ) ) ;
#1134 = VECTOR ( 'NONE', #863, 1000.000000000000000 ) ;
#1135 = CIRCLE ( 'NONE', #1825, 0.7500000000000006661 ) ;
#1136 = CARTESIAN_POINT ( 'NONE',  ( -5.000000000000000000, 3.100000000000000533, -5.000000000000000000 ) ) ;
#1137 = VECTOR ( 'NONE', #1228, 1000.000000000000000 ) ;
#1138 = DIRECTION ( 'NONE',  ( 0.000000000000000000, 1.000000000000000000, 0.000000000000000000 ) ) ;
#1139 = DIRECTION ( 'NONE',  ( 0.000000000000000000, 1.000000000000000000, 0.000000000000000000 ) ) ;
#1140 = ORIENTED_EDGE ( 'NONE', *, *, #258, .F. ) ;
#1141 = EDGE_CURVE ( 'NONE', #2123, #1929, #1496, .T. ) ;
#1142 = CARTESIAN_POINT ( 'NONE',  ( -28.50000000000000355, 1.999999999999994449, 15.47738191479649750 ) ) ;
#1143 = CIRCLE ( 'NONE', #2250, 12.50000000000000355 ) ;
#1144 = DIRECTION ( 'NONE',  ( -0.8660254037844363761, 0.000000000000000000, 0.5000000000000039968 ) ) ;
#1145 = VERTEX_POINT ( 'NONE', #2304 ) ;
#1146 = EDGE_CURVE ( 'NONE', #110, #2335, #1173, .T. ) ;
#1147 = DIRECTION ( 'NONE',  ( 0.000000000000000000, 1.000000000000000000, 0.000000000000000000 ) ) ;
#1148 = ORIENTED_EDGE ( 'NONE', *, *, #1569, .F. ) ;
#1149 = CARTESIAN_POINT ( 'NONE',  ( -5.000000000000000000, 3.400000000000000355, -5.000000000000000000 ) ) ;
#1150 = CARTESIAN_POINT ( 'NONE',  ( -5.000000000000000000, 3.100000000000000533, -5.000000000000000000 ) ) ;
#1151 = DIRECTION ( 'NONE',  ( 1.000000000000000000, 0.000000000000000000, 0.000000000000000000 ) ) ;
#1152 = ORIENTED_EDGE ( 'NONE', *, *, #23, .T. ) ;
#1153 = DIRECTION ( 'NONE',  ( 0.000000000000000000, 1.000000000000000000, -0.000000000000000000 ) ) ;
#1154 = CARTESIAN_POINT ( 'NONE',  ( -15.00000000000000178, 4.000000000000000000, -14.99999999999999467 ) ) ;
#1155 = EDGE_LOOP ( 'NONE', ( #2159, #1398, #2298, #1339 ) ) ;
#1156 = CARTESIAN_POINT ( 'NONE',  ( -0.6000000000000041966, 2.246194077712548864, -1.387778780781445676E-14 ) ) ;
#1157 = EDGE_CURVE ( 'NONE', #775, #2328, #1931, .T. ) ;
#1158 = ORIENTED_EDGE ( 'NONE', *, *, #70, .F. ) ;
#1159 = VECTOR ( 'NONE', #1071, 1000.000000000000000 ) ;
#1160 = CARTESIAN_POINT ( 'NONE',  ( -5.000000000000000000, 3.400000000000000355, -5.750000000000000000 ) ) ;
#1161 = AXIS2_PLACEMENT_3D ( 'NONE', #1526, #1722, #1709 ) ;
#1162 = CARTESIAN_POINT ( 'NONE',  ( 2.499999999999999112, 2.800000000000000266, -2.500000000000000888 ) ) ;
#1163 = FACE_OUTER_BOUND ( 'NONE', #1245, .T. ) ;
#1164 = ORIENTED_EDGE ( 'NONE', *, *, #2160, .F. ) ;
#1165 = DIRECTION ( 'NONE',  ( 0.000000000000000000, 0.000000000000000000, 1.000000000000000000 ) ) ;
#1166 = CARTESIAN_POINT ( 'NONE',  ( -15.00000000000000178, 3.700000000000000178, -15.74999999999999289 ) ) ;
#1167 = ORIENTED_EDGE ( 'NONE', *, *, #554, .T. ) ;
#1168 = CYLINDRICAL_SURFACE ( 'NONE', #3, 0.7500000000000006661 ) ;
#1169 = CYLINDRICAL_SURFACE ( 'NONE', #1319, 0.7499999999999988898 ) ;
#1170 = ADVANCED_FACE ( 'NONE', ( #438 ), #2116, .F. ) ;
#1171 = DIRECTION ( 'NONE',  ( 0.000000000000000000, 0.000000000000000000, 1.000000000000000000 ) ) ;
#1172 = EDGE_CURVE ( 'NONE', #1012, #2244, #161, .T. ) ;
#1173 = LINE ( 'NONE', #1909, #2343 ) ;
#1174 = VECTOR ( 'NONE', #1209, 1000.000000000000000 ) ;
#1175 = ORIENTED_EDGE ( 'NONE', *, *, #1348, .F. ) ;
#1176 = DIRECTION ( 'NONE',  ( -0.000000000000000000, -1.000000000000000000, -0.000000000000000000 ) ) ;
#1177 = LINE ( 'NONE', #35, #177 ) ;
#1178 = VECTOR ( 'NONE', #741, 1000.000000000000000 ) ;
#1179 = ORIENTED_EDGE ( 'NONE', *, *, #1141, .T. ) ;
#1180 = VECTOR ( 'NONE', #1980, 1000.000000000000114 ) ;
#1181 = DIRECTION ( 'NONE',  ( -0.000000000000000000, 0.000000000000000000, 1.000000000000000000 ) ) ;
#1182 = FACE_BOUND ( 'NONE', #427, .T. ) ;
#1183 = ORIENTED_EDGE ( 'NONE', *, *, #739, .T. ) ;
#1184 = EDGE_CURVE ( 'NONE', #1261, #805, #705, .T. ) ;
#1185 = CARTESIAN_POINT ( 'NONE',  ( -15.00000000000000000, 4.000000000000000000, 15.00000000000000178 ) ) ;
#1186 = ADVANCED_FACE ( 'NONE', ( #629 ), #2273, .F. ) ;
#1187 =( NAMED_UNIT ( * ) SI_UNIT ( $, .STERADIAN. ) SOLID_ANGLE_UNIT ( ) );
#1188 = ORIENTED_EDGE ( 'NONE', *, *, #2118, .F. ) ;
#1189 = DIRECTION ( 'NONE',  ( -0.000000000000000000, 1.000000000000000000, -0.000000000000000000 ) ) ;
#1190 = LINE ( 'NONE', #1925, #1410 ) ;
#1191 = VERTEX_POINT ( 'NONE', #1368 ) ;
#1192 = DIRECTION ( 'NONE',  ( 0.000000000000000000, 0.000000000000000000, 1.000000000000000000 ) ) ;
#1193 = ORIENTED_EDGE ( 'NONE', *, *, #1919, .F. ) ;
#1194 = VECTOR ( 'NONE', #1999, 1000.000000000000000 ) ;
#1195 = LINE ( 'NONE', #648, #1675 ) ;
#1196 = VECTOR ( 'NONE', #1337, 1000.000000000000000 ) ;
#1197 = VERTEX_POINT ( 'NONE', #1934 ) ;
#1198 = EDGE_CURVE ( 'NONE', #1954, #479, #1557, .T. ) ;
#1199 = CIRCLE ( 'NONE', #2149, 12.50000000000000355 ) ;
#1200 = DIRECTION ( 'NONE',  ( 0.000000000000000000, 0.6546536707079804174, 0.7559289460184516196 ) ) ;
#1201 = DIRECTION ( 'NONE',  ( -1.000000000000000000, 0.000000000000000000, 0.000000000000000000 ) ) ;
#1202 = AXIS2_PLACEMENT_3D ( 'NONE', #1133, #565, #1468 ) ;
#1203 = CIRCLE ( 'NONE', #467, 0.7499999999999988898 ) ;
#1204 = ORIENTED_EDGE ( 'NONE', *, *, #309, .T. ) ;
#1205 = AXIS2_PLACEMENT_3D ( 'NONE', #456, #641, #2284 ) ;
#1206 = LINE ( 'NONE', #680, #811 ) ;
#1207 = ADVANCED_BREP_SHAPE_REPRESENTATION ( 'piezo-top-plate-square', ( #781, #2063 ), #675 ) ;
#1208 = VERTEX_POINT ( 'NONE', #1570 ) ;
#1209 = DIRECTION ( 'NONE',  ( -0.000000000000000000, 1.000000000000000000, -0.000000000000000000 ) ) ;
#1210 = ORIENTED_EDGE ( 'NONE', *, *, #1953, .F. ) ;
#1211 = VECTOR ( 'NONE', #1123, 1000.000000000000000 ) ;
#1212 = CARTESIAN_POINT ( 'NONE',  ( 5.000000000000001776, 3.400000000000000355, 4.250000000000000000 ) ) ;
#1213 = CARTESIAN_POINT ( 'NONE',  ( 9.250000000000003553, 3.400000000000000355, 10.00000000000000355 ) ) ;
#1214 = EDGE_CURVE ( 'NONE', #1517, #489, #1920, .T. ) ;
#1215 = ORIENTED_EDGE ( 'NONE', *, *, #503, .T. ) ;
#1216 = LINE ( 'NONE', #87, #2226 ) ;
#1217 = EDGE_CURVE ( 'NONE', #1512, #1442, #2262, .T. ) ;
#1218 = ORIENTED_EDGE ( 'NONE', *, *, #1417, .T. ) ;
#1219 = VECTOR ( 'NONE', #804, 999.9999999999998863 ) ;
#1220 = ORIENTED_EDGE ( 'NONE', *, *, #1939, .T. ) ;
#1221 = VECTOR ( 'NONE', #57, 999.9999999999998863 ) ;
#1222 = CARTESIAN_POINT ( 'NONE',  ( -2.499999999999999556, 2.800000000000000266, 1.749999999999999334 ) ) ;
#1223 = EDGE_LOOP ( 'NONE', ( #793, #1462, #342, #654, #113, #1412, #1881, #1636, #241, #308 ) ) ;
#1224 = FILL_AREA_STYLE_COLOUR ( '', #624 ) ;
#1225 = LINE ( 'NONE', #1595, #1788 ) ;
#1226 = ORIENTED_EDGE ( 'NONE', *, *, #244, .T. ) ;
#1227 = DIRECTION ( 'NONE',  ( 0.000000000000000000, 1.000000000000000000, 0.000000000000000000 ) ) ;
#1228 = DIRECTION ( 'NONE',  ( 0.000000000000000000, 0.000000000000000000, 1.000000000000000000 ) ) ;
#1229 = EDGE_CURVE ( 'NONE', #1290, #1696, #942, .T. ) ;
#1230 = ORIENTED_EDGE ( 'NONE', *, *, #1013, .F. ) ;
#1231 = ADVANCED_FACE ( 'NONE', ( #1729 ), #290, .F. ) ;
#1232 = CARTESIAN_POINT ( 'NONE',  ( 5.000000000000000000, 3.400000000000000355, -4.999999999999999112 ) ) ;
#1233 = VERTEX_POINT ( 'NONE', #1546 ) ;
#1234 = AXIS2_PLACEMENT_3D ( 'NONE', #1726, #1529, #2259 ) ;
#1235 = CARTESIAN_POINT ( 'NONE',  ( -2.500000000000000888, 2.800000000000000266, -3.250000000000001332 ) ) ;
#1236 = PLANE ( 'NONE',  #1986 ) ;
#1237 = ORIENTED_EDGE ( 'NONE', *, *, #2303, .T. ) ;
#1238 = CARTESIAN_POINT ( 'NONE',  ( 14.99999999999999822, 3.700000000000000178, -15.00000000000000178 ) ) ;
#1239 = FACE_OUTER_BOUND ( 'NONE', #1241, .T. ) ;
#1240 = VECTOR ( 'NONE', #1548, 1000.000000000000000 ) ;
#1241 = EDGE_LOOP ( 'NONE', ( #1127, #2010, #53, #1938 ) ) ;
#1242 = EDGE_CURVE ( 'NONE', #2257, #1994, #1195, .T. ) ;
#1243 = CARTESIAN_POINT ( 'NONE',  ( 14.99999999999999822, 4.000000000000000000, -15.00000000000000178 ) ) ;
#1244 = EDGE_CURVE ( 'NONE', #2295, #1420, #2097, .T. ) ;
#1245 = EDGE_LOOP ( 'NONE', ( #421, #801, #841, #1668 ) ) ;
#1246 = LINE ( 'NONE', #1100, #204 ) ;
#1247 = LINE ( 'NONE', #188, #604 ) ;
#1248 = VERTEX_POINT ( 'NONE', #1356 ) ;
#1249 = CARTESIAN_POINT ( 'NONE',  ( 0.000000000000000000, 2.800000000000000266, 0.000000000000000000 ) ) ;
#1250 = DIRECTION ( 'NONE',  ( 0.000000000000000000, 0.000000000000000000, 1.000000000000000000 ) ) ;
#1251 = ORIENTED_EDGE ( 'NONE', *, *, #1995, .T. ) ;
#1252 = LINE ( 'NONE', #1083, #81 ) ;
#1253 = ORIENTED_EDGE ( 'NONE', *, *, #1244, .T. ) ;
#1254 = VECTOR ( 'NONE', #677, 1000.000000000000000 ) ;
#1255 = EDGE_CURVE ( 'NONE', #1396, #1524, #1018, .T. ) ;
#1256 = DIRECTION ( 'NONE',  ( 0.000000000000000000, 0.000000000000000000, -1.000000000000000000 ) ) ;
#1257 = ORIENTED_EDGE ( 'NONE', *, *, #1623, .F. ) ;
#1258 = EDGE_CURVE ( 'NONE', #1197, #1885, #1029, .T. ) ;
#1259 = FACE_OUTER_BOUND ( 'NONE', #620, .T. ) ;
#1260 = CARTESIAN_POINT ( 'NONE',  ( 15.99999999999999289, 4.000000000000000000, 16.00000000000000000 ) ) ;
#1261 = VERTEX_POINT ( 'NONE', #478 ) ;
#1262 = FACE_OUTER_BOUND ( 'NONE', #1044, .T. ) ;
#1263 = DIRECTION ( 'NONE',  ( -0.7071067811865489050, -0.7071067811865462405, 0.000000000000000000 ) ) ;
#1264 = ORIENTED_EDGE ( 'NONE', *, *, #4, .F. ) ;
#1265 = APPLICATION_CONTEXT ( 'automotive_design' ) ;
#1266 = DIRECTION ( 'NONE',  ( 3.469446951953614189E-16, 0.000000000000000000, 1.000000000000000000 ) ) ;
#1267 = VERTEX_POINT ( 'NONE', #1222 ) ;
#1268 = VECTOR ( 'NONE', #1418, 1000.000000000000000 ) ;
#1269 = FACE_OUTER_BOUND ( 'NONE', #109, .T. ) ;
#1270 = VERTEX_POINT ( 'NONE', #1955 ) ;
#1271 = CARTESIAN_POINT ( 'NONE',  ( -2.846194077712560944, 0.000000000000000000, -1.387778780781445676E-14 ) ) ;
#1272 = CARTESIAN_POINT ( 'NONE',  ( 14.99999999999999822, 3.700000000000000178, -14.25000000000000000 ) ) ;
#1273 = ORIENTED_EDGE ( 'NONE', *, *, #1006, .T. ) ;
#1274 = ADVANCED_FACE ( 'NONE', ( #300 ), #2086, .T. ) ;
#1275 = AXIS2_PLACEMENT_3D ( 'NONE', #2321, #1227, #1397 ) ;
#1276 = DIRECTION ( 'NONE',  ( 0.000000000000000000, 0.000000000000000000, 1.000000000000000000 ) ) ;
#1277 = DIRECTION ( 'NONE',  ( -0.000000000000000000, 1.000000000000000000, -0.000000000000000000 ) ) ;
#1278 = ORIENTED_EDGE ( 'NONE', *, *, #876, .F. ) ;
#1279 = EDGE_CURVE ( 'NONE', #664, #1423, #748, .T. ) ;
#1280 = DIRECTION ( 'NONE',  ( 0.000000000000000000, 0.7071067811865450192, 0.7071067811865500152 ) ) ;
#1281 = ORIENTED_EDGE ( 'NONE', *, *, #298, .F. ) ;
#1282 = UNCERTAINTY_MEASURE_WITH_UNIT (LENGTH_MEASURE( 1.000000000000000082E-05 ), #1381, 'distance_accuracy_value', 'NONE');
#1283 = CYLINDRICAL_SURFACE ( 'NONE', #214, 0.7499999999999988898 ) ;
#1284 = CARTESIAN_POINT ( 'NONE',  ( -2.499999999999999556, 3.100000000000000533, 1.749999999999999334 ) ) ;
#1285 = CARTESIAN_POINT ( 'NONE',  ( -10.00000000000000000, 3.700000000000000178, 10.00000000000000355 ) ) ;
#1286 = ORIENTED_EDGE ( 'NONE', *, *, #1539, .T. ) ;
#1287 = DIRECTION ( 'NONE',  ( -0.000000000000000000, 1.000000000000000000, -0.000000000000000000 ) ) ;
#1288 = ADVANCED_FACE ( 'NONE', ( #1269 ), #1603, .F. ) ;
#1289 = LINE ( 'NONE', #164, #1638 ) ;
#1290 = VERTEX_POINT ( 'NONE', #1447 ) ;
#1291 = CARTESIAN_POINT ( 'NONE',  ( 5.000000000000000000, 3.400000000000000355, -4.999999999999999112 ) ) ;
#1292 = ADVANCED_FACE ( 'NONE', ( #2013 ), #1061, .F. ) ;
#1293 = AXIS2_PLACEMENT_3D ( 'NONE', #1781, #709, #1769 ) ;
#1294 = ORIENTED_EDGE ( 'NONE', *, *, #1038, .F. ) ;
#1295 = LINE ( 'NONE', #2036, #513 ) ;
#1296 = AXIS2_PLACEMENT_3D ( 'NONE', #216, #1710, #264 ) ;
#1297 = CARTESIAN_POINT ( 'NONE',  ( 0.3000000000000085931, 2.246194077712548864, -0.5196152422706594720 ) ) ;
#1298 = CARTESIAN_POINT ( 'NONE',  ( -28.50000000000000355, 4.000000000000000000, -15.99999999999999289 ) ) ;
#1299 = VERTEX_POINT ( 'NONE', #2337 ) ;
#1300 = CARTESIAN_POINT ( 'NONE',  ( -10.00000000000000355, 3.700000000000000178, -10.75000000000000355 ) ) ;
#1301 = CARTESIAN_POINT ( 'NONE',  ( -4.999999999999996447, 3.100000000000000533, 4.250000000000000000 ) ) ;
#1302 = EDGE_LOOP ( 'NONE', ( #2111, #1843, #745, #1152 ) ) ;
#1303 = DIRECTION ( 'NONE',  ( 0.000000000000000000, -0.6546536707079746442, 0.7559289460184566156 ) ) ;
#1304 = LINE ( 'NONE', #1505, #466 ) ;
#1305 = EDGE_CURVE ( 'NONE', #1711, #1208, #382, .T. ) ;
#1306 = CARTESIAN_POINT ( 'NONE',  ( -26.49999999999999645, 0.000000000000000000, -15.99999999999999289 ) ) ;
#1307 = CIRCLE ( 'NONE', #807, 12.50000000000000355 ) ;
#1308 = DIRECTION ( 'NONE',  ( 0.000000000000000000, -1.000000000000000000, 0.000000000000000000 ) ) ;
#1309 = CYLINDRICAL_SURFACE ( 'NONE', #1639, 0.7500000000000002220 ) ;
#1310 = ORIENTED_EDGE ( 'NONE', *, *, #1157, .F. ) ;
#1311 = CARTESIAN_POINT ( 'NONE',  ( 9.999999999999996447, 3.700000000000000178, -9.250000000000003553 ) ) ;
#1312 = CYLINDRICAL_SURFACE ( 'NONE', #907, 0.7500000000000006661 ) ;
#1313 = ORIENTED_EDGE ( 'NONE', *, *, #640, .T. ) ;
#1314 = AXIS2_PLACEMENT_3D ( 'NONE', #780, #434, #1904 ) ;
#1315 = FACE_OUTER_BOUND ( 'NONE', #1753, .T. ) ;
#1316 = FACE_BOUND ( 'NONE', #69, .T. ) ;
#1317 = CARTESIAN_POINT ( 'NONE',  ( -16.00000000000000000, 4.000000000000000000, 28.50000000000000355 ) ) ;
#1318 = EDGE_CURVE ( 'NONE', #759, #84, #1135, .T. ) ;
#1319 = AXIS2_PLACEMENT_3D ( 'NONE', #2071, #988, #1712 ) ;
#1320 = AXIS2_PLACEMENT_3D ( 'NONE', #1979, #1087, #869 ) ;
#1321 = DIRECTION ( 'NONE',  ( -2.312964634635742957E-16, 0.000000000000000000, -1.000000000000000000 ) ) ;
#1322 = EDGE_CURVE ( 'NONE', #194, #664, #866, .T. ) ;
#1323 = DIRECTION ( 'NONE',  ( 0.000000000000000000, 1.000000000000000000, 0.000000000000000000 ) ) ;
#1324 = ORIENTED_EDGE ( 'NONE', *, *, #1348, .T. ) ;
#1325 = CARTESIAN_POINT ( 'NONE',  ( 2.499999999999999112, 3.100000000000000533, -3.250000000000001332 ) ) ;
#1326 = DIRECTION ( 'NONE',  ( 0.000000000000000000, -1.000000000000000000, 0.000000000000000000 ) ) ;
#1327 = ORIENTED_EDGE ( 'NONE', *, *, #186, .T. ) ;
#1328 = PLANE ( 'NONE',  #619 ) ;
#1329 = ORIENTED_EDGE ( 'NONE', *, *, #422, .T. ) ;
#1330 = CIRCLE ( 'NONE', #286, 0.7499999999999997780 ) ;
#1331 = CARTESIAN_POINT ( 'NONE',  ( -16.00000000000000000, 0.000000000000000000, 26.50000000000000000 ) ) ;
#1332 = CARTESIAN_POINT ( 'NONE',  ( 15.00000000000000533, 4.000000000000000000, 14.99999999999999467 ) ) ;
#1333 = CYLINDRICAL_SURFACE ( 'NONE', #2025, 0.7499999999999988898 ) ;
#1334 = VERTEX_POINT ( 'NONE', #684 ) ;
#1335 = AXIS2_PLACEMENT_3D ( 'NONE', #1814, #913, #1646 ) ;
#1336 = EDGE_CURVE ( 'NONE', #547, #419, #1411, .T. ) ;
#1337 = DIRECTION ( 'NONE',  ( -0.000000000000000000, -1.000000000000000000, -0.000000000000000000 ) ) ;
#1338 = DIRECTION ( 'NONE',  ( 1.000000000000000000, 0.000000000000000000, -3.469446951953613696E-16 ) ) ;
#1339 = ORIENTED_EDGE ( 'NONE', *, *, #1553, .T. ) ;
#1340 = DIRECTION ( 'NONE',  ( 0.000000000000000000, -1.000000000000000000, 0.000000000000000000 ) ) ;
#1341 = ORIENTED_EDGE ( 'NONE', *, *, #1279, .F. ) ;
#1342 = CARTESIAN_POINT ( 'NONE',  ( -1.750000000000000666, 2.800000000000000266, -2.500000000000000888 ) ) ;
#1343 = FACE_OUTER_BOUND ( 'NONE', #721, .T. ) ;
#1344 = DIRECTION ( 'NONE',  ( 1.000000000000000000, 0.000000000000000000, 0.000000000000000000 ) ) ;
#1345 = ORIENTED_EDGE ( 'NONE', *, *, #517, .F. ) ;
#1346 = DIRECTION ( 'NONE',  ( -0.7071067811865500152, 0.7071067811865451302, 0.000000000000000000 ) ) ;
#1347 = CYLINDRICAL_SURFACE ( 'NONE', #408, 0.7499999999999997780 ) ;
#1348 = EDGE_CURVE ( 'NONE', #566, #1054, #335, .T. ) ;
#1349 = ORIENTED_EDGE ( 'NONE', *, *, #1305, .F. ) ;
#1350 = DIRECTION ( 'NONE',  ( 1.000000000000000000, 0.000000000000000000, 0.000000000000000000 ) ) ;
#1351 = DIRECTION ( 'NONE',  ( 0.000000000000000000, -1.000000000000000000, 0.000000000000000000 ) ) ;
#1352 = EDGE_CURVE ( 'NONE', #1647, #1727, #1095, .T. ) ;
#1353 = AXIS2_PLACEMENT_3D ( 'NONE', #297, #464, #1757 ) ;
#1354 = FACE_OUTER_BOUND ( 'NONE', #279, .T. ) ;
#1355 = AXIS2_PLACEMENT_3D ( 'NONE', #598, #1694, #2030 ) ;
#1356 = CARTESIAN_POINT ( 'NONE',  ( -15.00000000000000178, 3.700000000000000178, 14.25000000000000000 ) ) ;
#1357 = CARTESIAN_POINT ( 'NONE',  ( 5.000000000000000000, 3.400000000000000355, -5.749999999999998224 ) ) ;
#1358 = ORIENTED_EDGE ( 'NONE', *, *, #665, .T. ) ;
#1359 = VECTOR ( 'NONE', #1652, 1000.000000000000000 ) ;
#1360 = APPLICATION_CONTEXT ( 'automotive_design' ) ;
#1361 = CARTESIAN_POINT ( 'NONE',  ( 14.99999999999999822, 4.000000000000000000, -15.75000000000000000 ) ) ;
#1362 = CARTESIAN_POINT ( 'NONE',  ( 10.00000000000000355, 3.700000000000000178, 9.250000000000003553 ) ) ;
#1363 = EDGE_LOOP ( 'NONE', ( #2029, #1575, #529, #1572, #1313 ) ) ;
#1364 = EDGE_CURVE ( 'NONE', #110, #1040, #144, .T. ) ;
#1365 = DIRECTION ( 'NONE',  ( 0.000000000000000000, 0.000000000000000000, -1.000000000000000000 ) ) ;
#1366 = EDGE_CURVE ( 'NONE', #1233, #1114, #320, .T. ) ;
#1367 = DIRECTION ( 'NONE',  ( 0.000000000000000000, 1.000000000000000000, 0.000000000000000000 ) ) ;
#1368 = CARTESIAN_POINT ( 'NONE',  ( -15.00000000000000178, 4.000000000000000000, -15.74999999999999289 ) ) ;
#1369 = ORIENTED_EDGE ( 'NONE', *, *, #1013, .T. ) ;
#1370 = LINE ( 'NONE', #1212, #929 ) ;
#1371 = DIRECTION ( 'NONE',  ( 0.000000000000000000, 0.000000000000000000, 1.000000000000000000 ) ) ;
#1372 = CIRCLE ( 'NONE', #1408, 12.50000000000000355 ) ;
#1373 = VERTEX_POINT ( 'NONE', #906 ) ;
#1374 = AXIS2_PLACEMENT_3D ( 'NONE', #1896, #1600, #810 ) ;
#1375 = PRESENTATION_LAYER_ASSIGNMENT (  '', '', ( #29 ) ) ;
#1376 = DIRECTION ( 'NONE',  ( -2.312964634635743450E-16, 0.000000000000000000, -1.000000000000000000 ) ) ;
#1377 = PRODUCT_DEFINITION_FORMATION_WITH_SPECIFIED_SOURCE ( 'ANY', '', #9, .NOT_KNOWN. ) ;
#1378 = ORIENTED_EDGE ( 'NONE', *, *, #503, .F. ) ;
#1379 = EDGE_CURVE ( 'NONE', #1952, #688, #1640, .T. ) ;
#1380 = DIRECTION ( 'NONE',  ( 0.000000000000000000, 0.000000000000000000, 1.000000000000000000 ) ) ;
#1381 =( LENGTH_UNIT ( ) NAMED_UNIT ( * ) SI_UNIT ( .MILLI., .METRE. ) );
#1382 = EDGE_LOOP ( 'NONE', ( #1738, #1866, #1058, #1051 ) ) ;
#1383 = PRESENTATION_STYLE_ASSIGNMENT (( #848 ) ) ;
#1384 = CARTESIAN_POINT ( 'NONE',  ( 14.99999999999999822, 3.700000000000000178, -15.00000000000000178 ) ) ;
#1385 = ORIENTED_EDGE ( 'NONE', *, *, #1063, .T. ) ;
#1386 = DIRECTION ( 'NONE',  ( 0.000000000000000000, -0.000000000000000000, 1.000000000000000000 ) ) ;
#1387 = EDGE_LOOP ( 'NONE', ( #1415, #226, #1378, #1990, #1324 ) ) ;
#1388 = VECTOR ( 'NONE', #2022, 1000.000000000000000 ) ;
#1389 = DIRECTION ( 'NONE',  ( -0.7071067811865435759, 0.7071067811865515695, 0.000000000000000000 ) ) ;
#1390 = APPLICATION_PROTOCOL_DEFINITION ( 'draft international standard', 'automotive_design', 1998, #1265 ) ;
#1391 = AXIS2_PLACEMENT_3D ( 'NONE', #2228, #1153, #947 ) ;
#1392 = ORIENTED_EDGE ( 'NONE', *, *, #1157, .T. ) ;
#1393 = EDGE_CURVE ( 'NONE', #1727, #867, #1626, .T. ) ;
#1394 = LINE ( 'NONE', #294, #772 ) ;
#1395 = DIRECTION ( 'NONE',  ( 1.000000000000000000, 0.000000000000000000, 0.000000000000000000 ) ) ;
#1396 = VERTEX_POINT ( 'NONE', #2365 ) ;
#1397 = DIRECTION ( 'NONE',  ( 0.000000000000000000, 0.000000000000000000, 1.000000000000000000 ) ) ;
#1398 = ORIENTED_EDGE ( 'NONE', *, *, #1025, .F. ) ;
#1399 = CARTESIAN_POINT ( 'NONE',  ( -1.750000000000000666, 3.100000000000000533, -2.500000000000000888 ) ) ;
#1400 = ORIENTED_EDGE ( 'NONE', *, *, #1669, .F. ) ;
#1401 = VECTOR ( 'NONE', #722, 1000.000000000000000 ) ;
#1402 = LINE ( 'NONE', #263, #157 ) ;
#1403 = CARTESIAN_POINT ( 'NONE',  ( -10.00000000000000355, 3.700000000000000178, -10.00000000000000355 ) ) ;
#1404 = ORIENTED_EDGE ( 'NONE', *, *, #833, .T. ) ;
#1405 = EDGE_CURVE ( 'NONE', #700, #2295, #1458, .T. ) ;
#1406 = CARTESIAN_POINT ( 'NONE',  ( 5.992727953603741220, 0.000000000000000000, -6.746404931059841736 ) ) ;
#1407 = DIRECTION ( 'NONE',  ( 1.000000000000000000, 0.000000000000000000, 0.000000000000000000 ) ) ;
#1408 = AXIS2_PLACEMENT_3D ( 'NONE', #1587, #860, #2318 ) ;
#1409 = ORIENTED_EDGE ( 'NONE', *, *, #920, .T. ) ;
#1410 = VECTOR ( 'NONE', #828, 1000.000000000000000 ) ;
#1411 = LINE ( 'NONE', #530, #1713 ) ;
#1412 = ORIENTED_EDGE ( 'NONE', *, *, #891, .T. ) ;
#1413 = CARTESIAN_POINT ( 'NONE',  ( 2.499999999999999112, 2.800000000000000266, -2.500000000000000888 ) ) ;
#1414 = CARTESIAN_POINT ( 'NONE',  ( -10.00000000000000000, 3.400000000000000355, 9.250000000000003553 ) ) ;
#1415 = ORIENTED_EDGE ( 'NONE', *, *, #858, .T. ) ;
#1416 = CARTESIAN_POINT ( 'NONE',  ( -15.00000000000000000, 4.000000000000000000, 15.00000000000000178 ) ) ;
#1417 = EDGE_CURVE ( 'NONE', #1952, #1954, #362, .T. ) ;
#1418 = DIRECTION ( 'NONE',  ( 0.000000000000000000, 0.000000000000000000, 1.000000000000000000 ) ) ;
#1419 = ADVANCED_FACE ( 'NONE', ( #504 ), #1283, .F. ) ;
#1420 = VERTEX_POINT ( 'NONE', #1306 ) ;
#1421 = DIRECTION ( 'NONE',  ( 0.000000000000000000, 0.000000000000000000, 1.000000000000000000 ) ) ;
#1422 = CIRCLE ( 'NONE', #385, 10.49999999999999467 ) ;
#1423 = VERTEX_POINT ( 'NONE', #374 ) ;
#1424 = DIRECTION ( 'NONE',  ( -0.000000000000000000, 1.000000000000000000, -0.000000000000000000 ) ) ;
#1425 = CARTESIAN_POINT ( 'NONE',  ( 28.49999999999999289, 4.000000000000000000, 16.00000000000000000 ) ) ;
#1426 = ORIENTED_EDGE ( 'NONE', *, *, #244, .F. ) ;
#1427 = CARTESIAN_POINT ( 'NONE',  ( 14.99999999999999822, 4.000000000000000000, -15.75000000000000000 ) ) ;
#1428 = CYLINDRICAL_SURFACE ( 'NONE', #25, 0.7499999999999997780 ) ;
#1429 = EDGE_LOOP ( 'NONE', ( #132, #1237, #1131, #1693, #633 ) ) ;
#1430 = EDGE_CURVE ( 'NONE', #1998, #2078, #555, .T. ) ;
#1431 = CARTESIAN_POINT ( 'NONE',  ( 28.49999999999999289, 1.999999999999994893, -15.99999999999999289 ) ) ;
#1432 = ORIENTED_EDGE ( 'NONE', *, *, #1783, .F. ) ;
#1433 = EDGE_CURVE ( 'NONE', #1596, #2164, #1295, .T. ) ;
#1434 = DIRECTION ( 'NONE',  ( -1.000000000000000000, 0.000000000000000000, 0.000000000000000000 ) ) ;
#1435 = VERTEX_POINT ( 'NONE', #769 ) ;
#1436 = CARTESIAN_POINT ( 'NONE',  ( -4.999999999999996447, 3.100000000000000533, 5.000000000000000000 ) ) ;
#1437 = DIRECTION ( 'NONE',  ( 0.000000000000000000, 1.000000000000000000, 0.000000000000000000 ) ) ;
#1438 = ORIENTED_EDGE ( 'NONE', *, *, #1718, .F. ) ;
#1439 = VECTOR ( 'NONE', #1482, 1000.000000000000227 ) ;
#1440 = DIRECTION ( 'NONE',  ( -0.000000000000000000, 1.000000000000000000, -0.000000000000000000 ) ) ;
#1441 = CARTESIAN_POINT ( 'NONE',  ( 6.123233995736704406E-17, 2.800000000000000266, -0.4999999999999948930 ) ) ;
#1442 = VERTEX_POINT ( 'NONE', #734 ) ;
#1443 = CARTESIAN_POINT ( 'NONE',  ( -2.500000000000000444, 3.100000000000000533, -1.750000000000000666 ) ) ;
#1444 = ORIENTED_EDGE ( 'NONE', *, *, #1242, .F. ) ;
#1445 = VECTOR ( 'NONE', #2195, 1000.000000000000000 ) ;
#1446 = CIRCLE ( 'NONE', #639, 0.7500000000000006661 ) ;
#1447 = CARTESIAN_POINT ( 'NONE',  ( -4.250000000000000000, 3.400000000000000355, -5.000000000000000000 ) ) ;
#1448 = EDGE_CURVE ( 'NONE', #1885, #1622, #185, .T. ) ;
#1449 = ORIENTED_EDGE ( 'NONE', *, *, #1111, .T. ) ;
#1450 = CARTESIAN_POINT ( 'NONE',  ( 10.00000000000000355, 3.400000000000000355, 10.00000000000000355 ) ) ;
#1451 = LINE ( 'NONE', #909, #480 ) ;
#1452 = ORIENTED_EDGE ( 'NONE', *, *, #390, .F. ) ;
#1453 = PLANE ( 'NONE',  #428 ) ;
#1454 = DIRECTION ( 'NONE',  ( 0.000000000000000000, 1.000000000000000000, 0.000000000000000000 ) ) ;
#1455 = ORIENTED_EDGE ( 'NONE', *, *, #1939, .F. ) ;
#1456 = CARTESIAN_POINT ( 'NONE',  ( 15.00000000000000533, 4.000000000000000000, 14.24999999999999289 ) ) ;
#1457 = ORIENTED_EDGE ( 'NONE', *, *, #1895, .T. ) ;
#1458 = LINE ( 'NONE', #490, #2281 ) ;
#1459 = EDGE_CURVE ( 'NONE', #1649, #243, #1703, .T. ) ;
#1460 = DIRECTION ( 'NONE',  ( -0.000000000000000000, 1.000000000000000000, -0.000000000000000000 ) ) ;
#1461 = DIRECTION ( 'NONE',  ( 0.5773502691896258421, 0.5773502691896237327, -0.5773502691896277295 ) ) ;
#1462 = ORIENTED_EDGE ( 'NONE', *, *, #693, .T. ) ;
#1463 = EDGE_CURVE ( 'NONE', #2078, #1759, #2353, .T. ) ;
#1464 = VECTOR ( 'NONE', #1280, 1000.000000000000227 ) ;
#1465 = CARTESIAN_POINT ( 'NONE',  ( 15.99999999999999289, 0.000000000000000000, 26.50000000000000000 ) ) ;
#1466 = CARTESIAN_POINT ( 'NONE',  ( 15.99999999999999289, 0.000000000000000000, -15.99999999999999289 ) ) ;
#1467 = ORIENTED_EDGE ( 'NONE', *, *, #66, .T. ) ;
#1468 = DIRECTION ( 'NONE',  ( 1.000000000000000000, 0.000000000000000000, -0.000000000000000000 ) ) ;
#1469 = ORIENTED_EDGE ( 'NONE', *, *, #261, .F. ) ;
#1470 = CIRCLE ( 'NONE', #1320, 0.7500000000000002220 ) ;
#1471 = DIRECTION ( 'NONE',  ( 0.000000000000000000, 1.000000000000000000, 0.000000000000000000 ) ) ;
#1472 = DIRECTION ( 'NONE',  ( 0.000000000000000000, 1.000000000000000000, 0.000000000000000000 ) ) ;
#1473 = LINE ( 'NONE', #1101, #1060 ) ;
#1474 = EDGE_LOOP ( 'NONE', ( #1030, #1981, #1515, #19 ) ) ;
#1475 = CARTESIAN_POINT ( 'NONE',  ( 0.3000000000000085931, 2.246194077712548864, -0.5196152422706594720 ) ) ;
#1476 = CARTESIAN_POINT ( 'NONE',  ( 5.000000000000000000, 3.100000000000000533, -4.250000000000000000 ) ) ;
#1477 = EDGE_CURVE ( 'NONE', #2006, #2361, #1330, .T. ) ;
#1478 = ORIENTED_EDGE ( 'NONE', *, *, #1433, .T. ) ;
#1479 = PLANE ( 'NONE',  #1541 ) ;
#1480 = VECTOR ( 'NONE', #101, 1000.000000000000000 ) ;
#1481 = EDGE_LOOP ( 'NONE', ( #1725, #2357, #871, #2108 ) ) ;
#1482 = DIRECTION ( 'NONE',  ( 0.4472135954999619800, 0.4472135954999588714, 0.7745966692414805177 ) ) ;
#1483 = AXIS2_PLACEMENT_3D ( 'NONE', #1877, #1914, #1489 ) ;
#1484 = VECTOR ( 'NONE', #2167, 1000.000000000000000 ) ;
#1485 = CARTESIAN_POINT ( 'NONE',  ( -28.50000000000000355, 4.000000000000000000, 16.00000000000000000 ) ) ;
#1486 = DIRECTION ( 'NONE',  ( 0.000000000000000000, 0.000000000000000000, -1.000000000000000000 ) ) ;
#1487 = VERTEX_POINT ( 'NONE', #233 ) ;
#1488 = CARTESIAN_POINT ( 'NONE',  ( 0.5999999999999957589, 2.246194077712548864, -1.387778780781445676E-14 ) ) ;
#1489 = DIRECTION ( 'NONE',  ( 0.000000000000000000, 0.000000000000000000, 1.000000000000000000 ) ) ;
#1490 = ORIENTED_EDGE ( 'NONE', *, *, #1448, .T. ) ;
#1491 = ADVANCED_FACE ( 'NONE', ( #784 ), #2223, .F. ) ;
#1492 = CARTESIAN_POINT ( 'NONE',  ( -2.499999999999999112, 2.800000000000000266, 2.499999999999999556 ) ) ;
#1493 = ORIENTED_EDGE ( 'NONE', *, *, #806, .F. ) ;
#1494 = EDGE_CURVE ( 'NONE', #2204, #1885, #966, .T. ) ;
#1495 = CARTESIAN_POINT ( 'NONE',  ( -1.423097038856222074, 0.000000000000000000, 2.464876375399886133 ) ) ;
#1496 = LINE ( 'NONE', #2224, #1857 ) ;
#1497 = LINE ( 'NONE', #1357, #797 ) ;
#1498 = EDGE_LOOP ( 'NONE', ( #1215, #2216, #997, #36, #1220, #1117, #1841, #2034 ) ) ;
#1499 = DIRECTION ( 'NONE',  ( 0.000000000000000000, 1.000000000000000000, 0.000000000000000000 ) ) ;
#1500 = CARTESIAN_POINT ( 'NONE',  ( 4.250000000000001776, 3.100000000000000533, 5.000000000000000000 ) ) ;
#1501 = ORIENTED_EDGE ( 'NONE', *, *, #2237, .T. ) ;
#1502 = AXIS2_PLACEMENT_3D ( 'NONE', #831, #1566, #1386 ) ;
#1503 = DIRECTION ( 'NONE',  ( 0.000000000000000000, -0.6546536707079777528, -0.7559289460184539511 ) ) ;
#1504 = AXIS2_PLACEMENT_3D ( 'NONE', #2053, #1499, #379 ) ;
#1505 = CARTESIAN_POINT ( 'NONE',  ( -16.00000000000000000, 1.999999999999994893, -28.49999999999999645 ) ) ;
#1506 = VECTOR ( 'NONE', #1628, 1000.000000000000000 ) ;
#1507 = DIRECTION ( 'NONE',  ( 0.000000000000000000, 0.7071067811865450192, 0.7071067811865500152 ) ) ;
#1508 = EDGE_CURVE ( 'NONE', #2268, #1647, #2, .T. ) ;
#1509 = CYLINDRICAL_SURFACE ( 'NONE', #2115, 0.7500000000000006661 ) ;
#1510 = DIRECTION ( 'NONE',  ( -1.000000000000000000, 0.000000000000000000, 3.469446951953613203E-16 ) ) ;
#1511 = EDGE_CURVE ( 'NONE', #138, #1290, #223, .T. ) ;
#1512 = VERTEX_POINT ( 'NONE', #1342 ) ;
#1513 = CARTESIAN_POINT ( 'NONE',  ( 28.49999999999999289, 2.246194077712548864, 15.76166234887643114 ) ) ;
#1514 = CARTESIAN_POINT ( 'NONE',  ( 9.999999999999996447, 3.400000000000000355, -10.00000000000000355 ) ) ;
#1515 = ORIENTED_EDGE ( 'NONE', *, *, #1525, .T. ) ;
#1516 = DIRECTION ( 'NONE',  ( 0.000000000000000000, 0.000000000000000000, 1.000000000000000000 ) ) ;
#1517 = VERTEX_POINT ( 'NONE', #2248 ) ;
#1518 = AXIS2_PLACEMENT_3D ( 'NONE', #2261, #990, #1778 ) ;
#1519 = AXIS2_PLACEMENT_3D ( 'NONE', #1185, #825, #836 ) ;
#1520 = DIRECTION ( 'NONE',  ( 1.000000000000000000, 0.000000000000000000, 0.000000000000000000 ) ) ;
#1521 = EDGE_CURVE ( 'NONE', #1816, #664, #2213, .T. ) ;
#1522 = CARTESIAN_POINT ( 'NONE',  ( -2.846194077712561388, 2.168404344971008868E-16, -1.643250916933223227 ) ) ;
#1523 = FACE_OUTER_BOUND ( 'NONE', #2221, .T. ) ;
#1524 = VERTEX_POINT ( 'NONE', #361 ) ;
#1525 = EDGE_CURVE ( 'NONE', #419, #270, #1665, .T. ) ;
#1526 = CARTESIAN_POINT ( 'NONE',  ( -10.00000000000000355, 3.400000000000000355, -10.00000000000000355 ) ) ;
#1527 = FACE_OUTER_BOUND ( 'NONE', #674, .T. ) ;
#1528 = ORIENTED_EDGE ( 'NONE', *, *, #2330, .F. ) ;
#1529 = DIRECTION ( 'NONE',  ( 8.673617379884035472E-17, 0.000000000000000000, -1.000000000000000000 ) ) ;
#1530 = DIRECTION ( 'NONE',  ( 0.000000000000000000, 1.000000000000000000, 0.000000000000000000 ) ) ;
#1531 = CARTESIAN_POINT ( 'NONE',  ( 15.00000000000000533, 3.700000000000000178, 14.24999999999999289 ) ) ;
#1532 = CARTESIAN_POINT ( 'NONE',  ( 28.49999999999999289, 4.000000000000000000, 16.00000000000000000 ) ) ;
#1533 = LINE ( 'NONE', #1692, #1723 ) ;
#1534 = ORIENTED_EDGE ( 'NONE', *, *, #2366, .T. ) ;
#1535 = EDGE_CURVE ( 'NONE', #419, #1033, #708, .T. ) ;
#1536 = DIRECTION ( 'NONE',  ( 0.000000000000000000, 1.000000000000000000, 0.000000000000000000 ) ) ;
#1537 = DIRECTION ( 'NONE',  ( 0.000000000000000000, -1.000000000000000000, 0.000000000000000000 ) ) ;
#1538 = ORIENTED_EDGE ( 'NONE', *, *, #682, .T. ) ;
#1539 = EDGE_CURVE ( 'NONE', #2268, #270, #569, .T. ) ;
#1540 = DIRECTION ( 'NONE',  ( 1.000000000000000000, 0.000000000000000000, -2.312964634635742464E-16 ) ) ;
#1541 = AXIS2_PLACEMENT_3D ( 'NONE', #902, #890, #1266 ) ;
#1542 = AXIS2_PLACEMENT_3D ( 'NONE', #1777, #108, #1598 ) ;
#1543 = CARTESIAN_POINT ( 'NONE',  ( -10.00000000000000355, 3.700000000000000178, -9.250000000000003553 ) ) ;
#1544 = VECTOR ( 'NONE', #227, 1000.000000000000000 ) ;
#1545 = CIRCLE ( 'NONE', #543, 0.7499999999999997780 ) ;
#1546 = CARTESIAN_POINT ( 'NONE',  ( 2.499999999999999556, 2.800000000000000266, -1.750000000000000666 ) ) ;
#1547 = VERTEX_POINT ( 'NONE', #208 ) ;
#1548 = DIRECTION ( 'NONE',  ( 3.469446951953613696E-16, 0.000000000000000000, 1.000000000000000000 ) ) ;
#1549 = LINE ( 'NONE', #1947, #2283 ) ;
#1550 = AXIS2_PLACEMENT_3D ( 'NONE', #1162, #2050, #749 ) ;
#1551 = ORIENTED_EDGE ( 'NONE', *, *, #991, .T. ) ;
#1552 = CARTESIAN_POINT ( 'NONE',  ( 5.000000000000001776, 3.400000000000000355, 5.000000000000000000 ) ) ;
#1553 = EDGE_CURVE ( 'NONE', #1019, #814, #2236, .T. ) ;
#1554 = FACE_OUTER_BOUND ( 'NONE', #1016, .T. ) ;
#1555 = ORIENTED_EDGE ( 'NONE', *, *, #1124, .T. ) ;
#1556 = VECTOR ( 'NONE', #399, 1000.000000000000000 ) ;
#1557 = LINE ( 'NONE', #992, #981 ) ;
#1558 = FILL_AREA_STYLE ('',( #2274 ) ) ;
#1559 = VECTOR ( 'NONE', #1858, 1000.000000000000000 ) ;
#1560 = EDGE_LOOP ( 'NONE', ( #122, #1070, #1568, #1604, #1935, #985 ) ) ;
#1561 = DIRECTION ( 'NONE',  ( -0.7071067811865435759, 0.7071067811865515695, 0.000000000000000000 ) ) ;
#1562 = DIRECTION ( 'NONE',  ( -1.734723475976807341E-16, -0.000000000000000000, -1.000000000000000000 ) ) ;
#1563 = VECTOR ( 'NONE', #2243, 1000.000000000000000 ) ;
#1564 = EDGE_LOOP ( 'NONE', ( #457, #1964, #217, #575 ) ) ;
#1565 = AXIS2_PLACEMENT_3D ( 'NONE', #881, #160, #558 ) ;
#1566 = DIRECTION ( 'NONE',  ( 0.000000000000000000, 1.000000000000000000, 0.000000000000000000 ) ) ;
#1567 = EDGE_CURVE ( 'NONE', #2164, #1942, #1882, .T. ) ;
#1568 = ORIENTED_EDGE ( 'NONE', *, *, #1379, .F. ) ;
#1569 = EDGE_CURVE ( 'NONE', #589, #1000, #2165, .T. ) ;
#1570 = CARTESIAN_POINT ( 'NONE',  ( -28.42280899545297501, 1.999999999999992673, 17.38701718175829924 ) ) ;
#1571 =( NAMED_UNIT ( * ) SI_UNIT ( $, .STERADIAN. ) SOLID_ANGLE_UNIT ( ) );
#1572 = ORIENTED_EDGE ( 'NONE', *, *, #2037, .T. ) ;
#1573 = DIRECTION ( 'NONE',  ( 0.000000000000000000, 0.000000000000000000, 1.000000000000000000 ) ) ;
#1574 = LINE ( 'NONE', #147, #328 ) ;
#1575 = ORIENTED_EDGE ( 'NONE', *, *, #1364, .T. ) ;
#1576 = DIRECTION ( 'NONE',  ( -0.8660254037844363761, 0.000000000000000000, 0.5000000000000039968 ) ) ;
#1577 = EDGE_LOOP ( 'NONE', ( #1273, #1761, #2019, #850 ) ) ;
#1578 = ORIENTED_EDGE ( 'NONE', *, *, #1539, .F. ) ;
#1579 = AXIS2_PLACEMENT_3D ( 'NONE', #206, #2374, #2332 ) ;
#1580 = CARTESIAN_POINT ( 'NONE',  ( 26.96971337438290917, 0.6577806767895316709, 18.09793340890882618 ) ) ;
#1581 = EDGE_CURVE ( 'NONE', #511, #700, #2048, .T. ) ;
#1582 =( NAMED_UNIT ( * ) PLANE_ANGLE_UNIT ( ) SI_UNIT ( $, .RADIAN. ) );
#1583 = CIRCLE ( 'NONE', #1004, 0.4999999999999900080 ) ;
#1584 = ORIENTED_EDGE ( 'NONE', *, *, #1214, .F. ) ;
#1585 = AXIS2_PLACEMENT_3D ( 'NONE', #1031, #2089, #481 ) ;
#1586 = DIRECTION ( 'NONE',  ( -0.000000000000000000, 1.000000000000000000, -0.000000000000000000 ) ) ;
#1587 = CARTESIAN_POINT ( 'NONE',  ( -16.00000000000000000, 4.000000000000000000, -15.99999999999999289 ) ) ;
#1588 = VERTEX_POINT ( 'NONE', #1728 ) ;
#1589 = CARTESIAN_POINT ( 'NONE',  ( -16.00000000000000000, 1.999999999999991340, 28.50000000000000355 ) ) ;
#1590 = ORIENTED_EDGE ( 'NONE', *, *, #1038, .T. ) ;
#1591 = ORIENTED_EDGE ( 'NONE', *, *, #2095, .T. ) ;
#1592 = DIRECTION ( 'NONE',  ( 0.000000000000000000, 1.000000000000000000, 0.000000000000000000 ) ) ;
#1593 = ORIENTED_EDGE ( 'NONE', *, *, #2135, .F. ) ;
#1594 = EDGE_CURVE ( 'NONE', #1000, #2231, #823, .T. ) ;
#1595 = CARTESIAN_POINT ( 'NONE',  ( 5.000000000000000000, 3.100000000000000533, -4.999999999999999112 ) ) ;
#1596 = VERTEX_POINT ( 'NONE', #1531 ) ;
#1597 = ADVANCED_FACE ( 'NONE', ( #1354 ), #2272, .F. ) ;
#1598 = DIRECTION ( 'NONE',  ( -1.000000000000000000, 0.000000000000000000, -0.000000000000000000 ) ) ;
#1599 = VECTOR ( 'NONE', #1144, 999.9999999999998863 ) ;
#1600 = DIRECTION ( 'NONE',  ( -0.000000000000000000, -1.000000000000000000, -0.000000000000000000 ) ) ;
#1601 = COLOUR_RGB ( '',0.8980392156862745390, 0.9176470588235293713, 0.9294117647058823817 ) ;
#1602 = ORIENTED_EDGE ( 'NONE', *, *, #613, .F. ) ;
#1603 = CYLINDRICAL_SURFACE ( 'NONE', #1293, 0.7500000000000006661 ) ;
#1604 = ORIENTED_EDGE ( 'NONE', *, *, #2192, .F. ) ;
#1605 = DIRECTION ( 'NONE',  ( 1.734723475976806848E-16, 0.000000000000000000, 1.000000000000000000 ) ) ;
#1606 = CARTESIAN_POINT ( 'NONE',  ( -2.499999999999999556, 3.100000000000000533, 1.749999999999999334 ) ) ;
#1607 = EDGE_CURVE ( 'NONE', #2113, #534, #487, .T. ) ;
#1608 = ORIENTED_EDGE ( 'NONE', *, *, #1910, .F. ) ;
#1609 = LINE ( 'NONE', #2345, #1078 ) ;
#1610 = FACE_OUTER_BOUND ( 'NONE', #1577, .T. ) ;
#1611 = EDGE_CURVE ( 'NONE', #651, #775, #1307, .T. ) ;
#1612 = ORIENTED_EDGE ( 'NONE', *, *, #139, .T. ) ;
#1613 = ORIENTED_EDGE ( 'NONE', *, *, #1991, .F. ) ;
#1614 = CARTESIAN_POINT ( 'NONE',  ( 28.49999999999999645, 4.000000000000000000, -15.99999999999999289 ) ) ;
#1615 = VECTOR ( 'NONE', #852, 1000.000000000000000 ) ;
#1616 = ORIENTED_EDGE ( 'NONE', *, *, #1417, .F. ) ;
#1617 = LINE ( 'NONE', #2341, #2085 ) ;
#1618 = CARTESIAN_POINT ( 'NONE',  ( 2.846194077712518311, 0.000000000000000000, -1.643250916933303607 ) ) ;
#1619 = ORIENTED_EDGE ( 'NONE', *, *, #343, .T. ) ;
#1620 = DIRECTION ( 'NONE',  ( -1.000000000000000000, 0.000000000000000000, 0.000000000000000000 ) ) ;
#1621 = DIRECTION ( 'NONE',  ( 0.000000000000000000, -1.000000000000000000, 0.000000000000000000 ) ) ;
#1622 = VERTEX_POINT ( 'NONE', #1974 ) ;
#1623 = EDGE_CURVE ( 'NONE', #1524, #1248, #2094, .T. ) ;
#1624 = CARTESIAN_POINT ( 'NONE',  ( -2.500000000000000888, 3.100000000000000533, -3.250000000000001332 ) ) ;
#1625 = ORIENTED_EDGE ( 'NONE', *, *, #1771, .T. ) ;
#1626 = LINE ( 'NONE', #2352, #1401 ) ;
#1627 = ORIENTED_EDGE ( 'NONE', *, *, #1322, .F. ) ;
#1628 = DIRECTION ( 'NONE',  ( 0.000000000000000000, 0.000000000000000000, -1.000000000000000000 ) ) ;
#1629 = CARTESIAN_POINT ( 'NONE',  ( 15.99999999999999289, 1.999999999999994893, -28.49999999999999645 ) ) ;
#1630 = ORIENTED_EDGE ( 'NONE', *, *, #802, .T. ) ;
#1631 = AXIS2_PLACEMENT_3D ( 'NONE', #1495, #412, #1870 ) ;
#1632 = CARTESIAN_POINT ( 'NONE',  ( -16.00000000000000000, 4.000000000000000000, -28.49999999999999645 ) ) ;
#1633 = FACE_OUTER_BOUND ( 'NONE', #440, .T. ) ;
#1634 = ORIENTED_EDGE ( 'NONE', *, *, #2081, .F. ) ;
#1635 = DIRECTION ( 'NONE',  ( 0.000000000000000000, 0.000000000000000000, 1.000000000000000000 ) ) ;
#1636 = ORIENTED_EDGE ( 'NONE', *, *, #758, .T. ) ;
#1637 = ADVANCED_FACE ( 'NONE', ( #1554 ), #1046, .T. ) ;
#1638 = VECTOR ( 'NONE', #900, 1000.000000000000000 ) ;
#1639 = AXIS2_PLACEMENT_3D ( 'NONE', #957, #571, #1113 ) ;
#1640 = LINE ( 'NONE', #1614, #1978 ) ;
#1641 = ADVANCED_FACE ( 'NONE', ( #628 ), #681, .F. ) ;
#1642 = DIRECTION ( 'NONE',  ( 1.000000000000000000, -0.000000000000000000, 0.000000000000000000 ) ) ;
#1643 = FACE_OUTER_BOUND ( 'NONE', #415, .T. ) ;
#1644 = ORIENTED_EDGE ( 'NONE', *, *, #521, .F. ) ;
#1645 = CARTESIAN_POINT ( 'NONE',  ( -4.249999999999996447, 3.100000000000000533, 5.000000000000000000 ) ) ;
#1646 = DIRECTION ( 'NONE',  ( -1.000000000000000000, 0.000000000000000000, -0.000000000000000000 ) ) ;
#1647 = VERTEX_POINT ( 'NONE', #2084 ) ;
#1648 = FACE_OUTER_BOUND ( 'NONE', #2138, .T. ) ;
#1649 = VERTEX_POINT ( 'NONE', #437 ) ;
#1650 = DIRECTION ( 'NONE',  ( -0.000000000000000000, 1.000000000000000000, -0.000000000000000000 ) ) ;
#1651 = ADVANCED_FACE ( 'NONE', ( #667 ), #2249, .T. ) ;
#1652 = DIRECTION ( 'NONE',  ( 0.000000000000000000, 0.000000000000000000, -1.000000000000000000 ) ) ;
#1653 = DIRECTION ( 'NONE',  ( 0.000000000000000000, 0.000000000000000000, -1.000000000000000000 ) ) ;
#1654 = EDGE_LOOP ( 'NONE', ( #898, #449, #15, #1733 ) ) ;
#1655 = AXIS2_PLACEMENT_3D ( 'NONE', #987, #757, #2080 ) ;
#1656 = EDGE_CURVE ( 'NONE', #1779, #1998, #1907, .T. ) ;
#1657 = CARTESIAN_POINT ( 'NONE',  ( -2.500000000000000888, 3.100000000000000533, -2.500000000000000888 ) ) ;
#1658 = CARTESIAN_POINT ( 'NONE',  ( -28.50000000000000355, 4.000000000000000000, 16.00000000000000355 ) ) ;
#1659 = AXIS2_PLACEMENT_3D ( 'NONE', #764, #1536, #1165 ) ;
#1660 = ORIENTED_EDGE ( 'NONE', *, *, #148, .T. ) ;
#1661 = FACE_OUTER_BOUND ( 'NONE', #288, .T. ) ;
#1662 = ORIENTED_EDGE ( 'NONE', *, *, #1229, .T. ) ;
#1663 = CIRCLE ( 'NONE', #1815, 0.7500000000000006661 ) ;
#1664 = CIRCLE ( 'NONE', #2235, 0.7500000000000002220 ) ;
#1665 = LINE ( 'NONE', #1331, #475 ) ;
#1666 = DIRECTION ( 'NONE',  ( 0.000000000000000000, 0.000000000000000000, 1.000000000000000000 ) ) ;
#1667 = CARTESIAN_POINT ( 'NONE',  ( 2.499999999999999112, 3.100000000000000533, -2.500000000000000888 ) ) ;
#1668 = ORIENTED_EDGE ( 'NONE', *, *, #28, .F. ) ;
#1669 = EDGE_CURVE ( 'NONE', #2361, #1903, #832, .T. ) ;
#1670 = LINE ( 'NONE', #573, #1699 ) ;
#1671 = CARTESIAN_POINT ( 'NONE',  ( -15.00000000000000178, 3.700000000000000178, -14.99999999999999467 ) ) ;
#1672 = EDGE_LOOP ( 'NONE', ( #572, #1327, #638, #1426 ) ) ;
#1673 = ADVANCED_FACE ( 'NONE', ( #497, #1182 ), #1056, .T. ) ;
#1674 = DIRECTION ( 'NONE',  ( -1.000000000000000000, 0.000000000000000000, -0.000000000000000000 ) ) ;
#1675 = VECTOR ( 'NONE', #90, 1000.000000000000000 ) ;
#1676 = DIRECTION ( 'NONE',  ( 0.000000000000000000, -1.000000000000000000, 0.000000000000000000 ) ) ;
#1677 = DIRECTION ( 'NONE',  ( -0.000000000000000000, 1.000000000000000000, -0.000000000000000000 ) ) ;
#1678 = CIRCLE ( 'NONE', #1721, 0.7500000000000006661 ) ;
#1679 = AXIS2_PLACEMENT_3D ( 'NONE', #18, #1510, #414 ) ;
#1680 = FACE_OUTER_BOUND ( 'NONE', #2146, .T. ) ;
#1681 = CARTESIAN_POINT ( 'NONE',  ( 9.249999999999996447, 3.400000000000000355, -10.00000000000000355 ) ) ;
#1682 = ORIENTED_EDGE ( 'NONE', *, *, #1783, .T. ) ;
#1683 = CARTESIAN_POINT ( 'NONE',  ( -10.00000000000000355, 3.400000000000000355, -10.00000000000000355 ) ) ;
#1684 = ADVANCED_FACE ( 'NONE', ( #1239 ), #1917, .F. ) ;
#1685 = DIRECTION ( 'NONE',  ( 0.000000000000000000, 0.000000000000000000, -1.000000000000000000 ) ) ;
#1686 = ORIENTED_EDGE ( 'NONE', *, *, #404, .F. ) ;
#1687 = CARTESIAN_POINT ( 'NONE',  ( -16.00000000000000000, 4.000000000000000000, 28.50000000000000355 ) ) ;
#1688 = ADVANCED_FACE ( 'NONE', ( #1610 ), #2331, .F. ) ;
#1689 = CARTESIAN_POINT ( 'NONE',  ( 9.999999999999996447, 3.700000000000000178, -10.75000000000000355 ) ) ;
#1690 = CARTESIAN_POINT ( 'NONE',  ( -5.000000000000000000, 3.400000000000000355, -5.000000000000000000 ) ) ;
#1691 = CARTESIAN_POINT ( 'NONE',  ( -15.00000000000000178, 4.000000000000000000, 14.25000000000000000 ) ) ;
#1692 = CARTESIAN_POINT ( 'NONE',  ( -14.24999999999999822, 4.000000000000000000, 15.00000000000000178 ) ) ;
#1693 = ORIENTED_EDGE ( 'NONE', *, *, #1258, .T. ) ;
#1694 = DIRECTION ( 'NONE',  ( 0.000000000000000000, -1.000000000000000000, 0.000000000000000000 ) ) ;
#1695 = FACE_OUTER_BOUND ( 'NONE', #2277, .T. ) ;
#1696 = VERTEX_POINT ( 'NONE', #1160 ) ;
#1697 = CIRCLE ( 'NONE', #495, 0.7499999999999997780 ) ;
#1698 = CARTESIAN_POINT ( 'NONE',  ( -15.00000000000000178, 3.700000000000000178, -14.99999999999999467 ) ) ;
#1699 = VECTOR ( 'NONE', #1346, 1000.000000000000114 ) ;
#1700 = LINE ( 'NONE', #782, #2151 ) ;
#1701 = ADVANCED_FACE ( 'NONE', ( #245 ), #1714, .F. ) ;
#1702 = CIRCLE ( 'NONE', #544, 0.7500000000000006661 ) ;
#1703 = LINE ( 'NONE', #955, #1020 ) ;
#1704 = ADVANCED_FACE ( 'NONE', ( #562 ), #2171, .F. ) ;
#1705 = CIRCLE ( 'NONE', #1014, 0.7500000000000006661 ) ;
#1706 = CARTESIAN_POINT ( 'NONE',  ( -15.00000000000000178, 4.000000000000000000, -15.74999999999999289 ) ) ;
#1707 = DIRECTION ( 'NONE',  ( -1.734723475976807341E-16, 0.000000000000000000, -1.000000000000000000 ) ) ;
#1708 = EDGE_LOOP ( 'NONE', ( #119, #914, #922, #2150 ) ) ;
#1709 = DIRECTION ( 'NONE',  ( 0.000000000000000000, 0.000000000000000000, 1.000000000000000000 ) ) ;
#1710 = DIRECTION ( 'NONE',  ( -0.000000000000000000, 1.000000000000000000, -0.000000000000000000 ) ) ;
#1711 = VERTEX_POINT ( 'NONE', #151 ) ;
#1712 = DIRECTION ( 'NONE',  ( 0.000000000000000000, 0.000000000000000000, -1.000000000000000000 ) ) ;
#1713 = VECTOR ( 'NONE', #1434, 1000.000000000000000 ) ;
#1714 = CYLINDRICAL_SURFACE ( 'NONE', #2096, 0.7499999999999988898 ) ;
#1715 = EDGE_CURVE ( 'NONE', #1270, #1197, #1026, .T. ) ;
#1716 = AXIS2_PLACEMENT_3D ( 'NONE', #1091, #1621, #1069 ) ;
#1717 = CARTESIAN_POINT ( 'NONE',  ( -26.49999999999999645, 0.000000000000000000, 16.00000000000000000 ) ) ;
#1718 = EDGE_CURVE ( 'NONE', #1766, #531, #1116, .T. ) ;
#1719 = CARTESIAN_POINT ( 'NONE',  ( -2.500000000000000888, 3.100000000000000533, -2.500000000000000888 ) ) ;
#1720 = ORIENTED_EDGE ( 'NONE', *, *, #2333, .F. ) ;
#1721 = AXIS2_PLACEMENT_3D ( 'NONE', #1032, #1022, #2308 ) ;
#1722 = DIRECTION ( 'NONE',  ( 0.000000000000000000, 1.000000000000000000, 0.000000000000000000 ) ) ;
#1723 = VECTOR ( 'NONE', #2107, 1000.000000000000000 ) ;
#1724 = FACE_OUTER_BOUND ( 'NONE', #732, .T. ) ;
#1725 = ORIENTED_EDGE ( 'NONE', *, *, #2292, .F. ) ;
#1726 = CARTESIAN_POINT ( 'NONE',  ( -5.000000000000000000, 3.100000000000000533, -5.000000000000000000 ) ) ;
#1727 = VERTEX_POINT ( 'NONE', #702 ) ;
#1728 = CARTESIAN_POINT ( 'NONE',  ( -0.6000000000000041966, 2.246194077712548864, -28.49999999999998934 ) ) ;
#1729 = FACE_OUTER_BOUND ( 'NONE', #175, .T. ) ;
#1730 = ORIENTED_EDGE ( 'NONE', *, *, #4, .T. ) ;
#1731 = ADVANCED_FACE ( 'NONE', ( #549, #1852 ), #341, .T. ) ;
#1732 = FACE_OUTER_BOUND ( 'NONE', #1382, .T. ) ;
#1733 = ORIENTED_EDGE ( 'NONE', *, *, #55, .F. ) ;
#1734 = CYLINDRICAL_SURFACE ( 'NONE', #1118, 0.7500000000000006661 ) ;
#1735 = CIRCLE ( 'NONE', #195, 0.7500000000000006661 ) ;
#1736 = CIRCLE ( 'NONE', #1659, 0.7499999999999988898 ) ;
#1737 = CARTESIAN_POINT ( 'NONE',  ( -15.00000000000000178, 3.700000000000000178, -14.99999999999999467 ) ) ;
#1738 = ORIENTED_EDGE ( 'NONE', *, *, #707, .T. ) ;
#1739 =( GEOMETRIC_REPRESENTATION_CONTEXT ( 3 ) GLOBAL_UNCERTAINTY_ASSIGNED_CONTEXT ( ( #746 ) ) GLOBAL_UNIT_ASSIGNED_CONTEXT ( ( #662, #82, #1958 ) ) REPRESENTATION_CONTEXT ( 'NONE', 'WORKASPACE' ) );
#1740 = VECTOR ( 'NONE', #603, 1000.000000000000000 ) ;
#1741 = DIRECTION ( 'NONE',  ( 0.000000000000000000, 0.000000000000000000, 1.000000000000000000 ) ) ;
#1742 = ORIENTED_EDGE ( 'NONE', *, *, #1910, .T. ) ;
#1743 = PLANE ( 'NONE',  #1007 ) ;
#1744 = LINE ( 'NONE', #1774, #104 ) ;
#1745 = EDGE_CURVE ( 'NONE', #142, #1977, #526, .T. ) ;
#1746 = EDGE_LOOP ( 'NONE', ( #292, #237, #2000, #158 ) ) ;
#1747 = PLANE ( 'NONE',  #1502 ) ;
#1748 = ADVANCED_FACE ( 'NONE', ( #191 ), #178, .F. ) ;
#1749 = ORIENTED_EDGE ( 'NONE', *, *, #1919, .T. ) ;
#1750 = ORIENTED_EDGE ( 'NONE', *, *, #636, .F. ) ;
#1751 = CARTESIAN_POINT ( 'NONE',  ( 26.49999999999998579, 0.000000000000000000, 16.00000000000000000 ) ) ;
#1752 = AXIS2_PLACEMENT_3D ( 'NONE', #941, #1471, #2201 ) ;
#1753 = EDGE_LOOP ( 'NONE', ( #50, #563, #934, #1763 ) ) ;
#1754 = DIRECTION ( 'NONE',  ( -3.469446951953613696E-16, -0.000000000000000000, -1.000000000000000000 ) ) ;
#1755 = AXIS2_PLACEMENT_3D ( 'NONE', #76, #88, #2311 ) ;
#1756 = ORIENTED_EDGE ( 'NONE', *, *, #2095, .F. ) ;
#1757 = DIRECTION ( 'NONE',  ( 0.000000000000000000, 0.000000000000000000, 1.000000000000000000 ) ) ;
#1758 = ADVANCED_FACE ( 'NONE', ( #1633 ), #2372, .F. ) ;
#1759 = VERTEX_POINT ( 'NONE', #368 ) ;
#1760 = DIRECTION ( 'NONE',  ( -0.7071067811865451302, 0.7071067811865500152, 0.000000000000000000 ) ) ;
#1761 = ORIENTED_EDGE ( 'NONE', *, *, #2198, .F. ) ;
#1762 = CARTESIAN_POINT ( 'NONE',  ( -4.999999999999996447, 3.400000000000000355, 4.250000000000000000 ) ) ;
#1763 = ORIENTED_EDGE ( 'NONE', *, *, #1244, .F. ) ;
#1764 = DIRECTION ( 'NONE',  ( 0.000000000000000000, -1.000000000000000000, 0.000000000000000000 ) ) ;
#1765 = VERTEX_POINT ( 'NONE', #728 ) ;
#1766 = VERTEX_POINT ( 'NONE', #2183 ) ;
#1767 = EDGE_CURVE ( 'NONE', #534, #1875, #1997, .T. ) ;
#1768 = VECTOR ( 'NONE', #795, 1000.000000000000000 ) ;
#1769 = DIRECTION ( 'NONE',  ( 0.000000000000000000, 0.000000000000000000, -1.000000000000000000 ) ) ;
#1770 = AXIS2_PLACEMENT_3D ( 'NONE', #753, #215, #936 ) ;
#1771 = EDGE_CURVE ( 'NONE', #2247, #511, #1289, .T. ) ;
#1772 = ORIENTED_EDGE ( 'NONE', *, *, #1172, .T. ) ;
#1773 = DIRECTION ( 'NONE',  ( 0.000000000000000000, -1.000000000000000000, 0.000000000000000000 ) ) ;
#1774 = CARTESIAN_POINT ( 'NONE',  ( 14.24999999999999645, 4.000000000000000000, -15.00000000000000178 ) ) ;
#1775 = CIRCLE ( 'NONE', #433, 0.7499999999999988898 ) ;
#1776 = VERTEX_POINT ( 'NONE', #1301 ) ;
#1777 = CARTESIAN_POINT ( 'NONE',  ( -10.00000000000000355, 3.400000000000000355, -10.00000000000000355 ) ) ;
#1778 = DIRECTION ( 'NONE',  ( 0.000000000000000000, 0.000000000000000000, -1.000000000000000000 ) ) ;
#1779 = VERTEX_POINT ( 'NONE', #2360 ) ;
#1780 = ADVANCED_FACE ( 'NONE', ( #2031 ), #718, .F. ) ;
#1781 = CARTESIAN_POINT ( 'NONE',  ( 9.999999999999996447, 3.700000000000000178, -10.00000000000000355 ) ) ;
#1782 = ORIENTED_EDGE ( 'NONE', *, *, #2020, .T. ) ;
#1783 = EDGE_CURVE ( 'NONE', #1267, #993, #1099, .T. ) ;
#1784 = CARTESIAN_POINT ( 'NONE',  ( -1.749999999999998890, 2.800000000000000266, 2.499999999999999556 ) ) ;
#1785 = DIRECTION ( 'NONE',  ( -9.912705577010328508E-16, 0.000000000000000000, 1.000000000000000000 ) ) ;
#1786 = VERTEX_POINT ( 'NONE', #1658 ) ;
#1787 = FACE_OUTER_BOUND ( 'NONE', #1988, .T. ) ;
#1788 = VECTOR ( 'NONE', #1562, 1000.000000000000000 ) ;
#1789 = CARTESIAN_POINT ( 'NONE',  ( 15.99999999999999289, 0.000000000000000000, 16.00000000000000000 ) ) ;
#1790 = AXIS2_PLACEMENT_3D ( 'NONE', #1861, #2225, #2051 ) ;
#1791 = ORIENTED_EDGE ( 'NONE', *, *, #2254, .F. ) ;
#1792 = DIRECTION ( 'NONE',  ( -0.6546536707079820827, -0.6546536707079796402, -0.3779644730092142635 ) ) ;
#1793 = ORIENTED_EDGE ( 'NONE', *, *, #1463, .T. ) ;
#1794 = DIRECTION ( 'NONE',  ( 0.000000000000000000, 0.000000000000000000, -1.000000000000000000 ) ) ;
#1795 = LINE ( 'NONE', #1065, #835 ) ;
#1796 = ORIENTED_EDGE ( 'NONE', *, *, #343, .F. ) ;
#1797 = EDGE_CURVE ( 'NONE', #1005, #1017, #331, .T. ) ;
#1798 = CARTESIAN_POINT ( 'NONE',  ( 2.499999999999999556, 3.100000000000000533, -1.750000000000000666 ) ) ;
#1799 = DIRECTION ( 'NONE',  ( 0.000000000000000000, -1.000000000000000000, 0.000000000000000000 ) ) ;
#1800 = ORIENTED_EDGE ( 'NONE', *, *, #186, .F. ) ;
#1801 = CARTESIAN_POINT ( 'NONE',  ( -15.00000000000000178, 4.000000000000000000, -14.99999999999999467 ) ) ;
#1802 = ORIENTED_EDGE ( 'NONE', *, *, #373, .T. ) ;
#1803 = DIRECTION ( 'NONE',  ( 0.000000000000000000, 1.000000000000000000, 0.000000000000000000 ) ) ;
#1804 = AXIS2_PLACEMENT_3D ( 'NONE', #1249, #1287, #330 ) ;
#1805 = ORIENTED_EDGE ( 'NONE', *, *, #1433, .F. ) ;
#1806 = VECTOR ( 'NONE', #34, 1000.000000000000000 ) ;
#1807 = DIRECTION ( 'NONE',  ( 0.000000000000000000, 1.000000000000000000, 0.000000000000000000 ) ) ;
#1808 = PLANE ( 'NONE',  #180 ) ;
#1809 = ORIENTED_EDGE ( 'NONE', *, *, #152, .T. ) ;
#1810 = VECTOR ( 'NONE', #1460, 1000.000000000000000 ) ;
#1811 = DIRECTION ( 'NONE',  ( -0.7071067811865489050, -0.7071067811865462405, 0.000000000000000000 ) ) ;
#1812 = EDGE_CURVE ( 'NONE', #1821, #1005, #11, .T. ) ;
#1813 = CLOSED_SHELL ( 'NONE', ( #2024, #2278, #1908, #282, #85, #2035, #627, #1701, #1419, #2267, #1758, #1097, #1292, #96, #325, #2320, #2306, #845, #375, #1951, #1684, #535, #1036, #436, #1780, #1170, #1641, #1637, #1186, #458, #80, #978, #935, #1274, #285, #2129, #474, #170, #1748, #771, #111, #488, #1491, #581, #321, #1832, #2065, #1878, #359, #1651, #1231, #2350, #550, #578, #1673, #40, #1731, #1067, #418, #1597, #2280, #1704, #1847, #1288, #339, #1818, #1835, #37, #593, #1688, #1890, #2271, #2222, #476 ) ) ;
#1814 = CARTESIAN_POINT ( 'NONE',  ( -2.500000000000000888, 2.800000000000000266, -2.500000000000000888 ) ) ;
#1815 = AXIS2_PLACEMENT_3D ( 'NONE', #376, #199, #400 ) ;
#1816 = VERTEX_POINT ( 'NONE', #1476 ) ;
#1817 = DIRECTION ( 'NONE',  ( 0.000000000000000000, 1.000000000000000000, 0.000000000000000000 ) ) ;
#1818 = ADVANCED_FACE ( 'NONE', ( #22 ), #1428, .F. ) ;
#1819 = ORIENTED_EDGE ( 'NONE', *, *, #2049, .F. ) ;
#1820 = CARTESIAN_POINT ( 'NONE',  ( 14.99999999999999822, 4.000000000000000000, -15.00000000000000178 ) ) ;
#1821 = VERTEX_POINT ( 'NONE', #1130 ) ;
#1822 = FACE_OUTER_BOUND ( 'NONE', #1089, .T. ) ;
#1823 = LINE ( 'NONE', #1629, #1180 ) ;
#1824 = ORIENTED_EDGE ( 'NONE', *, *, #785, .F. ) ;
#1825 = AXIS2_PLACEMENT_3D ( 'NONE', #1820, #1803, #348 ) ;
#1826 = FACE_OUTER_BOUND ( 'NONE', #625, .T. ) ;
#1827 = CARTESIAN_POINT ( 'NONE',  ( -0.6000000000000041966, 2.246194077712548864, -1.387778780781445676E-14 ) ) ;
#1828 = ORIENTED_EDGE ( 'NONE', *, *, #636, .T. ) ;
#1829 = DIRECTION ( 'NONE',  ( 0.3535533905932759513, 0.7071067811865489050, 0.6123724356957916948 ) ) ;
#1830 = EDGE_LOOP ( 'NONE', ( #2003, #961, #201, #1682, #719, #304, #2126, #854, #559, #1457 ) ) ;
#1831 = CIRCLE ( 'NONE', #1483, 12.50000000000000355 ) ;
#1832 = ADVANCED_FACE ( 'NONE', ( #1732 ), #219, .T. ) ;
#1833 = CIRCLE ( 'NONE', #1102, 0.7500000000000002220 ) ;
#1834 = DIRECTION ( 'NONE',  ( 0.000000000000000000, 1.000000000000000000, 0.000000000000000000 ) ) ;
#1835 = ADVANCED_FACE ( 'NONE', ( #1527 ), #1347, .F. ) ;
#1836 = LINE ( 'NONE', #919, #1359 ) ;
#1837 = DIRECTION ( 'NONE',  ( 1.734723475976806848E-16, 0.000000000000000000, 1.000000000000000000 ) ) ;
#1838 = ORIENTED_EDGE ( 'NONE', *, *, #2330, .T. ) ;
#1839 = DIRECTION ( 'NONE',  ( 0.000000000000000000, -1.000000000000000000, 0.000000000000000000 ) ) ;
#1840 = DIRECTION ( 'NONE',  ( 0.000000000000000000, -0.000000000000000000, 1.000000000000000000 ) ) ;
#1841 = ORIENTED_EDGE ( 'NONE', *, *, #1146, .T. ) ;
#1842 = CARTESIAN_POINT ( 'NONE',  ( 5.000000000000001776, 3.400000000000000355, 4.250000000000000000 ) ) ;
#1843 = ORIENTED_EDGE ( 'NONE', *, *, #70, .T. ) ;
#1844 = DIRECTION ( 'NONE',  ( 0.000000000000000000, 0.000000000000000000, 1.000000000000000000 ) ) ;
#1845 = EDGE_CURVE ( 'NONE', #58, #1547, #1865, .T. ) ;
#1846 = CARTESIAN_POINT ( 'NONE',  ( 2.499999999999999112, 2.800000000000000266, -2.500000000000000888 ) ) ;
#1847 = ADVANCED_FACE ( 'NONE', ( #792 ), #1312, .F. ) ;
#1848 = PLANE ( 'NONE',  #1679 ) ;
#1849 = VECTOR ( 'NONE', #1107, 1000.000000000000114 ) ;
#1850 = ORIENTED_EDGE ( 'NONE', *, *, #1459, .F. ) ;
#1851 = CARTESIAN_POINT ( 'NONE',  ( 2.500000000000000888, 3.100000000000000533, 2.499999999999999556 ) ) ;
#1852 = FACE_OUTER_BOUND ( 'NONE', #1830, .T. ) ;
#1853 = ORIENTED_EDGE ( 'NONE', *, *, #312, .F. ) ;
#1854 = CIRCLE ( 'NONE', #818, 0.7500000000000002220 ) ;
#1855 = PLANE ( 'NONE',  #1579 ) ;
#1856 = ORIENTED_EDGE ( 'NONE', *, *, #8, .F. ) ;
#1857 = VECTOR ( 'NONE', #67, 1000.000000000000000 ) ;
#1858 = DIRECTION ( 'NONE',  ( -0.000000000000000000, -1.000000000000000000, -0.000000000000000000 ) ) ;
#1859 = EDGE_CURVE ( 'NONE', #58, #1711, #239, .T. ) ;
#1860 = DIRECTION ( 'NONE',  ( 0.000000000000000000, 1.000000000000000000, 0.000000000000000000 ) ) ;
#1861 = CARTESIAN_POINT ( 'NONE',  ( 15.99999999999999289, 1.999999999999994893, -15.99999999999999289 ) ) ;
#1862 = ORIENTED_EDGE ( 'NONE', *, *, #139, .F. ) ;
#1863 = EDGE_CURVE ( 'NONE', #84, #1017, #1902, .T. ) ;
#1864 = DIRECTION ( 'NONE',  ( 0.000000000000000000, 0.000000000000000000, 1.000000000000000000 ) ) ;
#1865 = LINE ( 'NONE', #48, #670 ) ;
#1866 = ORIENTED_EDGE ( 'NONE', *, *, #842, .F. ) ;
#1867 = CARTESIAN_POINT ( 'NONE',  ( -15.00000000000000178, 3.700000000000000178, 15.00000000000000178 ) ) ;
#1868 = VECTOR ( 'NONE', #580, 1000.000000000000000 ) ;
#1869 = ORIENTED_EDGE ( 'NONE', *, *, #1845, .T. ) ;
#1870 = DIRECTION ( 'NONE',  ( 0.000000000000000000, -0.6546536707079835260, 0.7559289460184488441 ) ) ;
#1871 = AXIS2_PLACEMENT_3D ( 'NONE', #1105, #380, #1840 ) ;
#1872 = CIRCLE ( 'NONE', #1565, 0.7500000000000002220 ) ;
#1873 = CARTESIAN_POINT ( 'NONE',  ( -15.00000000000000178, 4.000000000000000000, 15.00000000000000178 ) ) ;
#1874 = DIRECTION ( 'NONE',  ( 0.000000000000000000, 1.000000000000000000, 0.000000000000000000 ) ) ;
#1875 = VERTEX_POINT ( 'NONE', #1500 ) ;
#1876 = CARTESIAN_POINT ( 'NONE',  ( 15.00000000000000533, 4.000000000000000000, 14.99999999999999467 ) ) ;
#1877 = CARTESIAN_POINT ( 'NONE',  ( -16.00000000000000000, 1.999999999999991340, 16.00000000000000000 ) ) ;
#1878 = ADVANCED_FACE ( 'NONE', ( #1724 ), #134, .T. ) ;
#1879 = ORIENTED_EDGE ( 'NONE', *, *, #2037, .F. ) ;
#1880 = LINE ( 'NONE', #1492, #345 ) ;
#1881 = ORIENTED_EDGE ( 'NONE', *, *, #1459, .T. ) ;
#1882 = LINE ( 'NONE', #917, #830 ) ;
#1883 = DIRECTION ( 'NONE',  ( 1.000000000000000000, 0.000000000000000000, -2.312964634635742464E-16 ) ) ;
#1884 = DIRECTION ( 'NONE',  ( -0.000000000000000000, 0.000000000000000000, 1.000000000000000000 ) ) ;
#1885 = VERTEX_POINT ( 'NONE', #442 ) ;
#1886 = CARTESIAN_POINT ( 'NONE',  ( 5.000000000000000000, 3.400000000000000355, -4.250000000000000000 ) ) ;
#1887 = DIRECTION ( 'NONE',  ( 0.000000000000000000, 0.000000000000000000, -1.000000000000000000 ) ) ;
#1888 = ORIENTED_EDGE ( 'NONE', *, *, #486, .T. ) ;
#1889 = AXIS2_PLACEMENT_3D ( 'NONE', #1291, #167, #2174 ) ;
#1890 = ADVANCED_FACE ( 'NONE', ( #949 ), #2256, .F. ) ;
#1891 = FACE_OUTER_BOUND ( 'NONE', #73, .T. ) ;
#1892 = AXIS2_PLACEMENT_3D ( 'NONE', #610, #959, #1864 ) ;
#1893 = DIRECTION ( 'NONE',  ( 0.000000000000000000, 0.000000000000000000, 1.000000000000000000 ) ) ;
#1894 = STYLED_ITEM ( 'NONE', ( #1383 ), #781 ) ;
#1895 = EDGE_CURVE ( 'NONE', #1929, #1512, #1177, .T. ) ;
#1896 = CARTESIAN_POINT ( 'NONE',  ( 15.99999999999999289, 4.000000000000000000, 16.00000000000000000 ) ) ;
#1897 = AXIS2_PLACEMENT_3D ( 'NONE', #173, #1642, #2166 ) ;
#1898 = DIRECTION ( 'NONE',  ( 0.000000000000000000, 0.000000000000000000, 1.000000000000000000 ) ) ;
#1899 = CARTESIAN_POINT ( 'NONE',  ( -5.000000000000000000, 3.100000000000000533, -5.750000000000000000 ) ) ;
#1900 = VERTEX_POINT ( 'NONE', #1166 ) ;
#1901 = LINE ( 'NONE', #250, #655 ) ;
#1902 = LINE ( 'NONE', #1154, #2021 ) ;
#1903 = VERTEX_POINT ( 'NONE', #2054 ) ;
#1904 = DIRECTION ( 'NONE',  ( 0.000000000000000000, 0.000000000000000000, 1.000000000000000000 ) ) ;
#1905 = ORIENTED_EDGE ( 'NONE', *, *, #954, .F. ) ;
#1906 = AXIS2_PLACEMENT_3D ( 'NONE', #156, #672, #2137 ) ;
#1907 = LINE ( 'NONE', #977, #256 ) ;
#1908 = ADVANCED_FACE ( 'NONE', ( #2229 ), #72, .F. ) ;
#1909 = CARTESIAN_POINT ( 'NONE',  ( -8.576902961143630932, 11.42309703885628203, -28.49999999999999645 ) ) ;
#1910 = EDGE_CURVE ( 'NONE', #1334, #1033, #2266, .T. ) ;
#1911 = ORIENTED_EDGE ( 'NONE', *, *, #950, .F. ) ;
#1912 = VECTOR ( 'NONE', #838, 1000.000000000000000 ) ;
#1913 = LINE ( 'NONE', #273, #819 ) ;
#1914 = DIRECTION ( 'NONE',  ( -0.000000000000000000, 1.000000000000000000, -0.000000000000000000 ) ) ;
#1915 = ORIENTED_EDGE ( 'NONE', *, *, #1863, .F. ) ;
#1916 = DIRECTION ( 'NONE',  ( 0.000000000000000000, 0.000000000000000000, -1.000000000000000000 ) ) ;
#1917 = PLANE ( 'NONE',  #100 ) ;
#1918 = ORIENTED_EDGE ( 'NONE', *, *, #1511, .T. ) ;
#1919 = EDGE_CURVE ( 'NONE', #1759, #1649, #623, .T. ) ;
#1920 = LINE ( 'NONE', #659, #1174 ) ;
#1921 = PRESENTATION_STYLE_ASSIGNMENT (( #1956 ) ) ;
#1922 = ORIENTED_EDGE ( 'NONE', *, *, #218, .T. ) ;
#1923 = EDGE_CURVE ( 'NONE', #1208, #270, #1831, .T. ) ;
#1924 = DIRECTION ( 'NONE',  ( 0.000000000000000000, 0.000000000000000000, 1.000000000000000000 ) ) ;
#1925 = CARTESIAN_POINT ( 'NONE',  ( 9.999999999999996447, 3.700000000000000178, -10.00000000000000355 ) ) ;
#1926 = ORIENTED_EDGE ( 'NONE', *, *, #2049, .T. ) ;
#1927 = FACE_OUTER_BOUND ( 'NONE', #2319, .T. ) ;
#1928 = VECTOR ( 'NONE', #862, 1000.000000000000000 ) ;
#1929 = VERTEX_POINT ( 'NONE', #996 ) ;
#1930 = VECTOR ( 'NONE', #1839, 1000.000000000000000 ) ;
#1931 = B_SPLINE_CURVE_WITH_KNOTS ( 'NONE', 3,
 ( #1002, #843, #1580, #78 ),
 .UNSPECIFIED., .F., .F.,
 ( 4, 4 ),
 ( 4.336808689942017255E-19, 0.003152724615514676965 ),
 .UNSPECIFIED. ) ;
#1932 = ORIENTED_EDGE ( 'NONE', *, *, #121, .F. ) ;
#1933 = CIRCLE ( 'NONE', #1585, 0.7500000000000006661 ) ;
#1934 = CARTESIAN_POINT ( 'NONE',  ( 26.49999999999998579, 0.000000000000000000, -15.99999999999999289 ) ) ;
#1935 = ORIENTED_EDGE ( 'NONE', *, *, #1393, .T. ) ;
#1936 = DIRECTION ( 'NONE',  ( 0.000000000000000000, 1.000000000000000000, 0.000000000000000000 ) ) ;
#1937 = DIRECTION ( 'NONE',  ( 0.000000000000000000, -1.000000000000000000, 0.000000000000000000 ) ) ;
#1938 = ORIENTED_EDGE ( 'NONE', *, *, #1656, .F. ) ;
#1939 = EDGE_CURVE ( 'NONE', #1954, #2172, #2218, .T. ) ;
#1940 = PLANE ( 'NONE',  #2269 ) ;
#1941 = ORIENTED_EDGE ( 'NONE', *, *, #2160, .T. ) ;
#1942 = VERTEX_POINT ( 'NONE', #960 ) ;
#1943 = DIRECTION ( 'NONE',  ( 0.000000000000000000, -1.000000000000000000, 0.000000000000000000 ) ) ;
#1944 = SURFACE_SIDE_STYLE ('',( #2294 ) ) ;
#1945 = ORIENTED_EDGE ( 'NONE', *, *, #218, .F. ) ;
#1946 = CARTESIAN_POINT ( 'NONE',  ( -16.00000000000000000, 1.999999999999991340, 28.50000000000000355 ) ) ;
#1947 = CARTESIAN_POINT ( 'NONE',  ( -5.000000000000000000, 3.100000000000000533, -5.000000000000000000 ) ) ;
#1948 = ORIENTED_EDGE ( 'NONE', *, *, #432, .F. ) ;
#1949 = AXIS2_PLACEMENT_3D ( 'NONE', #800, #1884, #1344 ) ;
#1950 = DIRECTION ( 'NONE',  ( 9.912705577010330480E-16, 0.000000000000000000, 1.000000000000000000 ) ) ;
#1951 = ADVANCED_FACE ( 'NONE', ( #1695 ), #778, .F. ) ;
#1952 = VERTEX_POINT ( 'NONE', #83 ) ;
#1953 = EDGE_CURVE ( 'NONE', #2291, #1816, #1225, .T. ) ;
#1954 = VERTEX_POINT ( 'NONE', #125 ) ;
#1955 = CARTESIAN_POINT ( 'NONE',  ( 15.99999999999999289, 0.000000000000000000, -26.49999999999998934 ) ) ;
#1956 = SURFACE_STYLE_USAGE ( .BOTH. , #1944 ) ;
#1957 = ORIENTED_EDGE ( 'NONE', *, *, #872, .F. ) ;
#1958 =( NAMED_UNIT ( * ) SI_UNIT ( $, .STERADIAN. ) SOLID_ANGLE_UNIT ( ) );
#1959 = LINE ( 'NONE', #274, #637 ) ;
#1960 = ORIENTED_EDGE ( 'NONE', *, *, #885, .T. ) ;
#1961 = DIRECTION ( 'NONE',  ( 1.000000000000000000, -0.000000000000000000, 0.000000000000000000 ) ) ;
#1962 = DIRECTION ( 'NONE',  ( -0.000000000000000000, 1.000000000000000000, -0.000000000000000000 ) ) ;
#1963 = EDGE_CURVE ( 'NONE', #2164, #283, #2130, .T. ) ;
#1964 = ORIENTED_EDGE ( 'NONE', *, *, #1093, .T. ) ;
#1965 = EDGE_CURVE ( 'NONE', #479, #2247, #1372, .T. ) ;
#1966 = VECTOR ( 'NONE', #2011, 1000.000000000000000 ) ;
#1967 = DIRECTION ( 'NONE',  ( 0.000000000000000000, 0.000000000000000000, 1.000000000000000000 ) ) ;
#1968 = AXIS2_PLACEMENT_3D ( 'NONE', #1851, #777, #587 ) ;
#1969 = EDGE_LOOP ( 'NONE', ( #1294, #153, #1945, #1800, #1493, #1915, #2041, #329, #2177, #958 ) ) ;
#1970 = DIRECTION ( 'NONE',  ( -0.000000000000000000, -1.000000000000000000, -0.000000000000000000 ) ) ;
#1971 = CARTESIAN_POINT ( 'NONE',  ( -16.00000000000000000, 1.999999999999994893, -28.49999999999999645 ) ) ;
#1972 = ORIENTED_EDGE ( 'NONE', *, *, #1025, .T. ) ;
#1973 = CARTESIAN_POINT ( 'NONE',  ( -10.00000000000000000, 3.700000000000000178, 9.250000000000003553 ) ) ;
#1974 = CARTESIAN_POINT ( 'NONE',  ( 28.49999999999999289, 1.999999999999994893, 15.47738191479596281 ) ) ;
#1975 = ORIENTED_EDGE ( 'NONE', *, *, #661, .F. ) ;
#1976 = DIRECTION ( 'NONE',  ( 0.000000000000000000, -1.000000000000000000, 0.000000000000000000 ) ) ;
#1977 = VERTEX_POINT ( 'NONE', #2110 ) ;
#1978 = VECTOR ( 'NONE', #894, 1000.000000000000000 ) ;
#1979 = CARTESIAN_POINT ( 'NONE',  ( -2.500000000000000888, 3.100000000000000533, -2.500000000000000888 ) ) ;
#1980 = DIRECTION ( 'NONE',  ( 0.000000000000000000, -0.7071067811865451302, 0.7071067811865500152 ) ) ;
#1981 = ORIENTED_EDGE ( 'NONE', *, *, #1535, .F. ) ;
#1982 = CARTESIAN_POINT ( 'NONE',  ( -28.50000000000000355, 1.999999999999994893, -15.99999999999999289 ) ) ;
#1983 = VECTOR ( 'NONE', #574, 1000.000000000000000 ) ;
#1984 = DIRECTION ( 'NONE',  ( -0.000000000000000000, 0.000000000000000000, 1.000000000000000000 ) ) ;
#1985 = ORIENTED_EDGE ( 'NONE', *, *, #1623, .T. ) ;
#1986 = AXIS2_PLACEMENT_3D ( 'NONE', #1971, #2297, #1201 ) ;
#1987 = DIRECTION ( 'NONE',  ( -0.000000000000000000, -1.000000000000000000, -0.000000000000000000 ) ) ;
#1988 = EDGE_LOOP ( 'NONE', ( #1856, #1828, #61, #1400 ) ) ;
#1989 = DIRECTION ( 'NONE',  ( -0.000000000000000000, 0.000000000000000000, 1.000000000000000000 ) ) ;
#1990 = ORIENTED_EDGE ( 'NONE', *, *, #309, .F. ) ;
#1991 = EDGE_CURVE ( 'NONE', #751, #600, #1678, .T. ) ;
#1992 = CARTESIAN_POINT ( 'NONE',  ( -26.21667700601138762, 0.000000000000000000, 18.42270736054485170 ) ) ;
#1993 = FACE_BOUND ( 'NONE', #1969, .T. ) ;
#1994 = VERTEX_POINT ( 'NONE', #461 ) ;
#1995 = EDGE_CURVE ( 'NONE', #895, #2260, #1959, .T. ) ;
#1996 = DIRECTION ( 'NONE',  ( 0.000000000000000000, 0.000000000000000000, 1.000000000000000000 ) ) ;
#1997 = LINE ( 'NONE', #1080, #1445 ) ;
#1998 = VERTEX_POINT ( 'NONE', #1213 ) ;
#1999 = DIRECTION ( 'NONE',  ( 0.000000000000000000, -1.000000000000000000, 0.000000000000000000 ) ) ;
#2000 = ORIENTED_EDGE ( 'NONE', *, *, #1364, .F. ) ;
#2001 = CARTESIAN_POINT ( 'NONE',  ( 5.000000000000000000, 3.400000000000000355, -4.999999999999999112 ) ) ;
#2002 = VECTOR ( 'NONE', #2182, 1000.000000000000000 ) ;
#2003 = ORIENTED_EDGE ( 'NONE', *, *, #2135, .T. ) ;
#2004 = CARTESIAN_POINT ( 'NONE',  ( -27.70334144994257386, 1.325327564400491820, 17.75067702530105151 ) ) ;
#2005 = CARTESIAN_POINT ( 'NONE',  ( 15.99999999999999289, 0.000000000000000000, 16.00000000000000000 ) ) ;
#2006 = VERTEX_POINT ( 'NONE', #2128 ) ;
#2007 = DIRECTION ( 'NONE',  ( -0.000000000000000000, 1.000000000000000000, -0.000000000000000000 ) ) ;
#2008 = DIRECTION ( 'NONE',  ( -0.7071067811865462405, 0.7071067811865489050, 0.000000000000000000 ) ) ;
#2009 = EDGE_CURVE ( 'NONE', #372, #2006, #1549, .T. ) ;
#2010 = ORIENTED_EDGE ( 'NONE', *, *, #872, .T. ) ;
#2011 = DIRECTION ( 'NONE',  ( 0.000000000000000000, 0.000000000000000000, -1.000000000000000000 ) ) ;
#2012 = ORIENTED_EDGE ( 'NONE', *, *, #768, .T. ) ;
#2013 = FACE_OUTER_BOUND ( 'NONE', #350, .T. ) ;
#2014 = DIRECTION ( 'NONE',  ( 0.000000000000000000, 0.000000000000000000, 1.000000000000000000 ) ) ;
#2015 = LINE ( 'NONE', #699, #1484 ) ;
#2016 = ORIENTED_EDGE ( 'NONE', *, *, #1128, .F. ) ;
#2017 = DIRECTION ( 'NONE',  ( 0.000000000000000000, -0.000000000000000000, 1.000000000000000000 ) ) ;
#2018 = DIRECTION ( 'NONE',  ( 2.312964634635742464E-16, 0.000000000000000000, 1.000000000000000000 ) ) ;
#2019 = ORIENTED_EDGE ( 'NONE', *, *, #876, .T. ) ;
#2020 = EDGE_CURVE ( 'NONE', #1776, #814, #295, .T. ) ;
#2021 = VECTOR ( 'NONE', #406, 1000.000000000000000 ) ;
#2022 = DIRECTION ( 'NONE',  ( 0.000000000000000000, -1.000000000000000000, 0.000000000000000000 ) ) ;
#2023 = ORIENTED_EDGE ( 'NONE', *, *, #1611, .T. ) ;
#2024 = ADVANCED_FACE ( 'NONE', ( #483 ), #303, .F. ) ;
#2025 = AXIS2_PLACEMENT_3D ( 'NONE', #2039, #750, #1486 ) ;
#2026 = CARTESIAN_POINT ( 'NONE',  ( 10.00000000000000355, 3.700000000000000178, 10.00000000000000355 ) ) ;
#2027 = LINE ( 'NONE', #1706, #776 ) ;
#2028 = LINE ( 'NONE', #43, #948 ) ;
#2029 = ORIENTED_EDGE ( 'NONE', *, *, #1146, .F. ) ;
#2030 = DIRECTION ( 'NONE',  ( 0.000000000000000000, 0.000000000000000000, -1.000000000000000000 ) ) ;
#2031 = FACE_OUTER_BOUND ( 'NONE', #2219, .T. ) ;
#2032 = VERTEX_POINT ( 'NONE', #1414 ) ;
#2033 = CARTESIAN_POINT ( 'NONE',  ( 28.49999999999999289, 1.999999999999994893, 16.00000000000000000 ) ) ;
#2034 = ORIENTED_EDGE ( 'NONE', *, *, #723, .T. ) ;
#2035 = ADVANCED_FACE ( 'NONE', ( #663 ), #472, .F. ) ;
#2036 = CARTESIAN_POINT ( 'NONE',  ( 14.99999999999999822, 3.700000000000000178, -15.00000000000000178 ) ) ;
#2037 = EDGE_CURVE ( 'NONE', #2204, #846, #493, .T. ) ;
#2038 = DIRECTION ( 'NONE',  ( 3.469446951953614189E-16, 0.000000000000000000, 1.000000000000000000 ) ) ;
#2039 = CARTESIAN_POINT ( 'NONE',  ( -15.00000000000000178, 4.000000000000000000, -14.99999999999999467 ) ) ;
#2040 = AXIS2_PLACEMENT_3D ( 'NONE', #1698, #1147, #266 ) ;
#2041 = ORIENTED_EDGE ( 'NONE', *, *, #1318, .F. ) ;
#2042 = LINE ( 'NONE', #105, #240 ) ;
#2043 = DIRECTION ( 'NONE',  ( -0.000000000000000000, 1.000000000000000000, -0.000000000000000000 ) ) ;
#2044 = EDGE_LOOP ( 'NONE', ( #2055, #2064, #1608, #1941, #494 ) ) ;
#2045 = CIRCLE ( 'NONE', #1010, 12.50000000000000178 ) ;
#2046 = CARTESIAN_POINT ( 'NONE',  ( 1.060483214261571091E-14, 2.246194077712548864, 0.6928203230275529201 ) ) ;
#2047 = PRODUCT_RELATED_PRODUCT_CATEGORY ( 'part', '', ( #9 ) ) ;
#2048 = LINE ( 'NONE', #592, #1137 ) ;
#2049 = EDGE_CURVE ( 'NONE', #84, #1821, #1744, .T. ) ;
#2050 = DIRECTION ( 'NONE',  ( 1.000000000000000000, 0.000000000000000000, -3.469446951953613203E-16 ) ) ;
#2051 = DIRECTION ( 'NONE',  ( 0.000000000000000000, 0.000000000000000000, 1.000000000000000000 ) ) ;
#2052 = ORIENTED_EDGE ( 'NONE', *, *, #950, .T. ) ;
#2053 = CARTESIAN_POINT ( 'NONE',  ( -5.000000000000000000, 3.400000000000000355, -5.000000000000000000 ) ) ;
#2054 = CARTESIAN_POINT ( 'NONE',  ( -5.000000000000000000, 3.100000000000000533, -4.250000000000000000 ) ) ;
#2055 = ORIENTED_EDGE ( 'NONE', *, *, #1336, .T. ) ;
#2056 = VECTOR ( 'NONE', #469, 1000.000000000000000 ) ;
#2057 = CARTESIAN_POINT ( 'NONE',  ( 28.44987026500583838, 2.246194077712548864, 17.11836057893824403 ) ) ;
#2058 = FACE_OUTER_BOUND ( 'NONE', #1481, .T. ) ;
#2059 = CARTESIAN_POINT ( 'NONE',  ( 1.423097038856270480, 0.000000000000000000, -2.464876375399899899 ) ) ;
#2060 = VECTOR ( 'NONE', #1754, 1000.000000000000000 ) ;
#2061 = CARTESIAN_POINT ( 'NONE',  ( -10.00000000000000355, 3.700000000000000178, -9.250000000000003553 ) ) ;
#2062 = DIRECTION ( 'NONE',  ( 0.000000000000000000, -1.000000000000000000, 0.000000000000000000 ) ) ;
#2063 = AXIS2_PLACEMENT_3D ( 'NONE', #826, #673, #650 ) ;
#2064 = ORIENTED_EDGE ( 'NONE', *, *, #1535, .T. ) ;
#2065 = ADVANCED_FACE ( 'NONE', ( #1053 ), #1236, .F. ) ;
#2066 = CARTESIAN_POINT ( 'NONE',  ( -2.500000000000000888, 3.100000000000000533, -3.250000000000001332 ) ) ;
#2067 = DIRECTION ( 'NONE',  ( 0.000000000000000000, 0.000000000000000000, -1.000000000000000000 ) ) ;
#2068 = ORIENTED_EDGE ( 'NONE', *, *, #787, .F. ) ;
#2069 = EDGE_CURVE ( 'NONE', #58, #1334, #106, .T. ) ;
#2070 = DIRECTION ( 'NONE',  ( 0.7071067811865451302, 0.7071067811865500152, 0.000000000000000000 ) ) ;
#2071 = CARTESIAN_POINT ( 'NONE',  ( 5.000000000000000000, 3.400000000000000355, -4.999999999999999112 ) ) ;
#2072 = DIRECTION ( 'NONE',  ( 0.000000000000000000, -1.000000000000000000, 0.000000000000000000 ) ) ;
#2073 = DIRECTION ( 'NONE',  ( 0.000000000000000000, 0.000000000000000000, -1.000000000000000000 ) ) ;
#2074 = PLANE ( 'NONE',  #1949 ) ;
#2075 = ORIENTED_EDGE ( 'NONE', *, *, #1336, .F. ) ;
#2076 = DIRECTION ( 'NONE',  ( 0.000000000000000000, 1.000000000000000000, -0.000000000000000000 ) ) ;
#2077 = DIRECTION ( 'NONE',  ( 0.000000000000000000, 0.000000000000000000, -1.000000000000000000 ) ) ;
#2078 = VERTEX_POINT ( 'NONE', #93 ) ;
#2079 = AXIS2_PLACEMENT_3D ( 'NONE', #2246, #962, #808 ) ;
#2080 = DIRECTION ( 'NONE',  ( 0.000000000000000000, 0.000000000000000000, 1.000000000000000000 ) ) ;
#2081 = EDGE_CURVE ( 'NONE', #1875, #2200, #632, .T. ) ;
#2082 = CIRCLE ( 'NONE', #2336, 0.7499999999999988898 ) ;
#2083 = ORIENTED_EDGE ( 'NONE', *, *, #2292, .T. ) ;
#2084 = CARTESIAN_POINT ( 'NONE',  ( 15.99999999999999289, 4.000000000000000000, 28.50000000000000355 ) ) ;
#2085 = VECTOR ( 'NONE', #979, 1000.000000000000000 ) ;
#2086 = CYLINDRICAL_SURFACE ( 'NONE', #2124, 12.50000000000000355 ) ;
#2087 = CARTESIAN_POINT ( 'NONE',  ( 5.000000000000000000, 3.100000000000000533, -4.999999999999999112 ) ) ;
#2088 = ORIENTED_EDGE ( 'NONE', *, *, #246, .F. ) ;
#2089 = DIRECTION ( 'NONE',  ( 0.000000000000000000, 1.000000000000000000, 0.000000000000000000 ) ) ;
#2090 = CARTESIAN_POINT ( 'NONE',  ( -4.999999999999996447, 3.400000000000000355, 5.000000000000000000 ) ) ;
#2091 = EDGE_LOOP ( 'NONE', ( #716, #685, #1578, #39, #2141, #1838 ) ) ;
#2092 = CYLINDRICAL_SURFACE ( 'NONE', #965, 0.7499999999999997780 ) ;
#2093 = EDGE_CURVE ( 'NONE', #1759, #751, #1190, .T. ) ;
#2094 = LINE ( 'NONE', #1737, #1268 ) ;
#2095 = EDGE_CURVE ( 'NONE', #551, #1261, #2288, .T. ) ;
#2096 = AXIS2_PLACEMENT_3D ( 'NONE', #65, #798, #886 ) ;
#2097 = LINE ( 'NONE', #1717, #2205 ) ;
#2098 = ORIENTED_EDGE ( 'NONE', *, *, #66, .F. ) ;
#2099 = DIRECTION ( 'NONE',  ( 0.000000000000000000, 1.000000000000000000, 0.000000000000000000 ) ) ;
#2100 = CARTESIAN_POINT ( 'NONE',  ( 4.250000000000001776, 3.400000000000000355, 5.000000000000000000 ) ) ;
#2101 = ORIENTED_EDGE ( 'NONE', *, *, #2368, .F. ) ;
#2102 = CARTESIAN_POINT ( 'NONE',  ( 15.99999999999999289, 4.000000000000000000, -15.99999999999999289 ) ) ;
#2103 = ORIENTED_EDGE ( 'NONE', *, *, #521, .T. ) ;
#2104 = EDGE_CURVE ( 'NONE', #895, #820, #1574, .T. ) ;
#2105 = DIRECTION ( 'NONE',  ( 0.000000000000000000, 0.000000000000000000, 1.000000000000000000 ) ) ;
#2106 = EDGE_CURVE ( 'NONE', #2260, #1373, #327, .T. ) ;
#2107 = DIRECTION ( 'NONE',  ( 0.000000000000000000, -1.000000000000000000, 0.000000000000000000 ) ) ;
#2108 = ORIENTED_EDGE ( 'NONE', *, *, #710, .F. ) ;
#2109 = SURFACE_SIDE_STYLE ('',( #995 ) ) ;
#2110 = CARTESIAN_POINT ( 'NONE',  ( -28.50000000000000355, 2.246194077712548864, 16.00000000000000355 ) ) ;
#2111 = ORIENTED_EDGE ( 'NONE', *, *, #1991, .T. ) ;
#2112 = FACE_OUTER_BOUND ( 'NONE', #97, .T. ) ;
#2113 = VERTEX_POINT ( 'NONE', #352 ) ;
#2114 = CIRCLE ( 'NONE', #349, 0.7499999999999997780 ) ;
#2115 = AXIS2_PLACEMENT_3D ( 'NONE', #1332, #968, #2073 ) ;
#2116 = PLANE ( 'NONE',  #1205 ) ;
#2117 = ORIENTED_EDGE ( 'NONE', *, *, #640, .F. ) ;
#2118 = EDGE_CURVE ( 'NONE', #695, #2257, #1795, .T. ) ;
#2119 = FACE_OUTER_BOUND ( 'NONE', #1363, .T. ) ;
#2120 = DIRECTION ( 'NONE',  ( -1.000000000000000000, -0.000000000000000000, -8.673617379884035472E-17 ) ) ;
#2121 = EDGE_LOOP ( 'NONE', ( #1957, #951, #2344, #1148, #608, #1, #1796, #1613, #2136, #2302 ) ) ;
#2122 = LINE ( 'NONE', #1045, #1928 ) ;
#2123 = VERTEX_POINT ( 'NONE', #136 ) ;
#2124 = AXIS2_PLACEMENT_3D ( 'NONE', #311, #516, #1256 ) ;
#2125 = DIRECTION ( 'NONE',  ( 0.000000000000000000, 1.000000000000000000, 0.000000000000000000 ) ) ;
#2126 = ORIENTED_EDGE ( 'NONE', *, *, #964, .T. ) ;
#2127 = CARTESIAN_POINT ( 'NONE',  ( -4.999999999999996447, 3.400000000000000355, 5.000000000000000000 ) ) ;
#2128 = CARTESIAN_POINT ( 'NONE',  ( -4.250000000000000000, 3.100000000000000533, -5.000000000000000000 ) ) ;
#2129 = ADVANCED_FACE ( 'NONE', ( #1993, #1088 ), #1808, .T. ) ;
#2130 = CIRCLE ( 'NONE', #1059, 0.7500000000000006661 ) ;
#2131 = EDGE_LOOP ( 'NONE', ( #1467, #1501, #1404, #2088 ) ) ;
#2132 = CONICAL_SURFACE ( 'NONE', #1790, 12.50000000000000178, 0.7853981633974513876 ) ;
#2133 = DIRECTION ( 'NONE',  ( 0.000000000000000000, 1.000000000000000000, 0.000000000000000000 ) ) ;
#2134 = CARTESIAN_POINT ( 'NONE',  ( -5.000000000000000000, 3.100000000000000533, -5.000000000000000000 ) ) ;
#2135 = EDGE_CURVE ( 'NONE', #1512, #916, #910, .T. ) ;
#2136 = ORIENTED_EDGE ( 'NONE', *, *, #2093, .F. ) ;
#2137 = DIRECTION ( 'NONE',  ( 0.000000000000000000, 0.000000000000000000, 1.000000000000000000 ) ) ;
#2138 = EDGE_LOOP ( 'NONE', ( #1720, #1204, #938, #2117, #1369, #1905, #1975, #2323, #729, #1528, #353 ) ) ;
#2139 = CYLINDRICAL_SURFACE ( 'NONE', #853, 12.50000000000000355 ) ;
#2140 = DIRECTION ( 'NONE',  ( 0.000000000000000000, 0.000000000000000000, -1.000000000000000000 ) ) ;
#2141 = ORIENTED_EDGE ( 'NONE', *, *, #822, .T. ) ;
#2142 = FACE_OUTER_BOUND ( 'NONE', #462, .T. ) ;
#2143 = DIRECTION ( 'NONE',  ( 0.000000000000000000, 0.000000000000000000, 1.000000000000000000 ) ) ;
#2144 = EDGE_CURVE ( 'NONE', #2172, #110, #1451, .T. ) ;
#2145 = CIRCLE ( 'NONE', #1275, 0.4999999999999948930 ) ;
#2146 = EDGE_LOOP ( 'NONE', ( #1809, #779, #553, #1183 ) ) ;
#2147 = AXIS2_PLACEMENT_3D ( 'NONE', #1683, #622, #405 ) ;
#2148 = DIRECTION ( 'NONE',  ( 0.000000000000000000, 0.000000000000000000, -1.000000000000000000 ) ) ;
#2149 = AXIS2_PLACEMENT_3D ( 'NONE', #859, #1189, #1924 ) ;
#2150 = ORIENTED_EDGE ( 'NONE', *, *, #785, .T. ) ;
#2151 = VECTOR ( 'NONE', #1351, 1000.000000000000000 ) ;
#2152 = LINE ( 'NONE', #1284, #1122 ) ;
#2153 = DIRECTION ( 'NONE',  ( 0.000000000000000000, 0.000000000000000000, 1.000000000000000000 ) ) ;
#2154 = EDGE_LOOP ( 'NONE', ( #1188, #1551, #149, #1444 ) ) ;
#2155 = CARTESIAN_POINT ( 'NONE',  ( -7.423097038856303342, -4.576902961143727744, -28.49999999999999645 ) ) ;
#2156 = CARTESIAN_POINT ( 'NONE',  ( 5.000000000000001776, 3.400000000000000355, 5.000000000000000000 ) ) ;
#2157 = ORIENTED_EDGE ( 'NONE', *, *, #842, .T. ) ;
#2158 = DIRECTION ( 'NONE',  ( 0.000000000000000000, 1.000000000000000000, 0.000000000000000000 ) ) ;
#2159 = ORIENTED_EDGE ( 'NONE', *, *, #2020, .F. ) ;
#2160 = EDGE_CURVE ( 'NONE', #1334, #2328, #1247, .T. ) ;
#2161 = CARTESIAN_POINT ( 'NONE',  ( -0.5142857142857206743, 2.331908363426832054, -0.2969229955832537460 ) ) ;
#2162 = EDGE_CURVE ( 'NONE', #916, #1299, #1872, .T. ) ;
#2163 = AXIS2_PLACEMENT_3D ( 'NONE', #1232, #1049, #1967 ) ;
#2164 = VERTEX_POINT ( 'NONE', #1272 ) ;
#2165 = CIRCLE ( 'NONE', #1752, 0.7500000000000006661 ) ;
#2166 = DIRECTION ( 'NONE',  ( 0.000000000000000000, 0.000000000000000000, -1.000000000000000000 ) ) ;
#2167 = DIRECTION ( 'NONE',  ( -2.312964634635743450E-16, -0.000000000000000000, -1.000000000000000000 ) ) ;
#2168 = ORIENTED_EDGE ( 'NONE', *, *, #768, .F. ) ;
#2169 = LINE ( 'NONE', #354, #2002 ) ;
#2170 = AXIS2_PLACEMENT_3D ( 'NONE', #1827, #2008, #1263 ) ;
#2171 = CYLINDRICAL_SURFACE ( 'NONE', #1716, 0.7500000000000006661 ) ;
#2172 = VERTEX_POINT ( 'NONE', #2180 ) ;
#2173 = AXIS2_PLACEMENT_3D ( 'NONE', #1667, #788, #2240 ) ;
#2174 = DIRECTION ( 'NONE',  ( 0.000000000000000000, 0.000000000000000000, -1.000000000000000000 ) ) ;
#2175 = EDGE_LOOP ( 'NONE', ( #2338, #296, #407, #790 ) ) ;
#2176 = DIRECTION ( 'NONE',  ( -1.734723475976807341E-16, -0.000000000000000000, -1.000000000000000000 ) ) ;
#2177 = ORIENTED_EDGE ( 'NONE', *, *, #2211, .F. ) ;
#2178 = EDGE_CURVE ( 'NONE', #2172, #1270, #1823, .T. ) ;
#2179 = DIRECTION ( 'NONE',  ( 0.000000000000000000, 0.000000000000000000, 1.000000000000000000 ) ) ;
#2180 = CARTESIAN_POINT ( 'NONE',  ( 15.99999999999999289, 1.999999999999994893, -28.49999999999999645 ) ) ;
#2181 = ORIENTED_EDGE ( 'NONE', *, *, #678, .T. ) ;
#2182 = DIRECTION ( 'NONE',  ( 1.734723475976806848E-16, 0.000000000000000000, 1.000000000000000000 ) ) ;
#2183 = CARTESIAN_POINT ( 'NONE',  ( 6.123233995736704406E-17, 2.246194077712548864, -0.4999999999999948930 ) ) ;
#2184 = VERTEX_POINT ( 'NONE', #533 ) ;
#2185 = FACE_BOUND ( 'NONE', #1082, .T. ) ;
#2186 = ORIENTED_EDGE ( 'NONE', *, *, #1525, .F. ) ;
#2187 = DIRECTION ( 'NONE',  ( 0.4472135954999603702, -0.4472135954999573171, -0.7745966692414822941 ) ) ;
#2188 = CIRCLE ( 'NONE', #1655, 0.7500000000000006661 ) ;
#2189 = DIRECTION ( 'NONE',  ( 0.000000000000000000, -1.000000000000000000, 0.000000000000000000 ) ) ;
#2190 = CARTESIAN_POINT ( 'NONE',  ( -5.897462718475040333, -3.051268640762468287, -23.44873135923750240 ) ) ;
#2191 = ORIENTED_EDGE ( 'NONE', *, *, #1581, .T. ) ;
#2192 = EDGE_CURVE ( 'NONE', #1727, #1952, #921, .T. ) ;
#2193 = PRESENTATION_LAYER_ASSIGNMENT (  '', '', ( #1894 ) ) ;
#2194 = DIRECTION ( 'NONE',  ( -1.000000000000000000, -0.000000000000000000, -0.000000000000000000 ) ) ;
#2195 = DIRECTION ( 'NONE',  ( 1.000000000000000000, 0.000000000000000000, 0.000000000000000000 ) ) ;
#2196 = VECTOR ( 'NONE', #1308, 1000.000000000000000 ) ;
#2197 = ORIENTED_EDGE ( 'NONE', *, *, #1279, .T. ) ;
#2198 = EDGE_CURVE ( 'NONE', #316, #1062, #989, .T. ) ;
#2199 = CARTESIAN_POINT ( 'NONE',  ( 14.24999999999999645, 4.000000000000000000, -15.00000000000000178 ) ) ;
#2200 = VERTEX_POINT ( 'NONE', #174 ) ;
#2201 = DIRECTION ( 'NONE',  ( 0.000000000000000000, 0.000000000000000000, 1.000000000000000000 ) ) ;
#2202 = DIRECTION ( 'NONE',  ( 0.000000000000000000, 0.000000000000000000, 1.000000000000000000 ) ) ;
#2203 = DIRECTION ( 'NONE',  ( 0.000000000000000000, -0.000000000000000000, 1.000000000000000000 ) ) ;
#2204 = VERTEX_POINT ( 'NONE', #1618 ) ;
#2205 = VECTOR ( 'NONE', #448, 1000.000000000000000 ) ;
#2206 = DIRECTION ( 'NONE',  ( 0.3535533905932674581, 0.7071067811865489050, -0.6123724356957966908 ) ) ;
#2207 = EDGE_CURVE ( 'NONE', #2328, #547, #2362, .T. ) ;
#2208 = CARTESIAN_POINT ( 'NONE',  ( -28.50000000000000355, 2.246194077712548864, 16.00000000000000000 ) ) ;
#2209 = ORIENTED_EDGE ( 'NONE', *, *, #1050, .T. ) ;
#2210 = FACE_OUTER_BOUND ( 'NONE', #612, .T. ) ;
#2211 = EDGE_CURVE ( 'NONE', #252, #1942, #2015, .T. ) ;
#2212 = DIRECTION ( 'NONE',  ( 0.000000000000000000, -0.000000000000000000, 1.000000000000000000 ) ) ;
#2213 = LINE ( 'NONE', #196, #172 ) ;
#2214 = DIRECTION ( 'NONE',  ( -0.000000000000000000, -0.000000000000000000, 1.000000000000000000 ) ) ;
#2215 = CARTESIAN_POINT ( 'NONE',  ( 5.000000000000001776, 3.100000000000000533, 4.250000000000000000 ) ) ;
#2216 = ORIENTED_EDGE ( 'NONE', *, *, #55, .T. ) ;
#2217 = CARTESIAN_POINT ( 'NONE',  ( 15.99999999999999289, 4.000000000000000000, 28.50000000000000355 ) ) ;
#2218 = LINE ( 'NONE', #228, #1983 ) ;
#2219 = EDGE_LOOP ( 'NONE', ( #2101, #1590, #1584, #1469 ) ) ;
#2220 = CARTESIAN_POINT ( 'NONE',  ( 1.750000000000000666, 2.800000000000000266, 2.499999999999999556 ) ) ;
#2221 = EDGE_LOOP ( 'NONE', ( #911, #1092, #1634, #974 ) ) ;
#2222 = ADVANCED_FACE ( 'NONE', ( #1643 ), #1076, .F. ) ;
#2223 = PLANE ( 'NONE',  #1631 ) ;
#2224 = CARTESIAN_POINT ( 'NONE',  ( 1.749999999999998890, 3.100000000000000533, -2.500000000000000888 ) ) ;
#2225 = DIRECTION ( 'NONE',  ( -0.000000000000000000, 1.000000000000000000, -0.000000000000000000 ) ) ;
#2226 = VECTOR ( 'NONE', #821, 1000.000000000000000 ) ;
#2227 = VERTEX_POINT ( 'NONE', #1606 ) ;
#2228 = CARTESIAN_POINT ( 'NONE',  ( 15.99999999999999289, 2.246194077712548864, 16.00000000000000000 ) ) ;
#2229 = FACE_OUTER_BOUND ( 'NONE', #265, .T. ) ;
#2230 = VECTOR ( 'NONE', #1042, 1000.000000000000000 ) ;
#2231 = VERTEX_POINT ( 'NONE', #6 ) ;
#2232 = VECTOR ( 'NONE', #1676, 1000.000000000000000 ) ;
#2233 = VECTOR ( 'NONE', #2038, 1000.000000000000000 ) ;
#2234 = DIRECTION ( 'NONE',  ( -0.000000000000000000, 1.000000000000000000, -0.000000000000000000 ) ) ;
#2235 = AXIS2_PLACEMENT_3D ( 'NONE', #1846, #1472, #1898 ) ;
#2236 = LINE ( 'NONE', #1149, #1868 ) ;
#2237 = EDGE_CURVE ( 'NONE', #392, #1765, #1446, .T. ) ;
#2238 = PLANE ( 'NONE',  #1550 ) ;
#2239 = EDGE_CURVE ( 'NONE', #1000, #392, #1473, .T. ) ;
#2240 = DIRECTION ( 'NONE',  ( 0.000000000000000000, 0.000000000000000000, -1.000000000000000000 ) ) ;
#2241 = EDGE_LOOP ( 'NONE', ( #165, #396, #1179, #982 ) ) ;
#2242 = CARTESIAN_POINT ( 'NONE',  ( 28.49999999999999645, 1.999999999999994893, -15.99999999999999289 ) ) ;
#2243 = DIRECTION ( 'NONE',  ( 0.000000000000000000, -1.000000000000000000, 0.000000000000000000 ) ) ;
#2244 = VERTEX_POINT ( 'NONE', #737 ) ;
#2245 = AXIS2_PLACEMENT_3D ( 'NONE', #812, #1760, #269 ) ;
#2246 = CARTESIAN_POINT ( 'NONE',  ( 2.499999999999999112, 3.100000000000000533, -2.500000000000000888 ) ) ;
#2247 = VERTEX_POINT ( 'NONE', #1298 ) ;
#2248 = CARTESIAN_POINT ( 'NONE',  ( 14.25000000000000355, 3.700000000000000178, 14.99999999999999467 ) ) ;
#2249 = CONICAL_SURFACE ( 'NONE', #519, 12.50000000000000355, 0.7853981633974517207 ) ;
#2250 = AXIS2_PLACEMENT_3D ( 'NONE', #1126, #1139, #932 ) ;
#2251 = CARTESIAN_POINT ( 'NONE',  ( 0.000000000000000000, 2.800000000000000266, 0.4999999999999948930 ) ) ;
#2252 = CARTESIAN_POINT ( 'NONE',  ( 0.5999999999999957589, 2.246194077712548864, -28.49999999999998934 ) ) ;
#2253 = ORIENTED_EDGE ( 'NONE', *, *, #1448, .F. ) ;
#2254 = EDGE_CURVE ( 'NONE', #1248, #1012, #2028, .T. ) ;
#2255 = LINE ( 'NONE', #1488, #1806 ) ;
#2256 = CYLINDRICAL_SURFACE ( 'NONE', #671, 0.7500000000000002220 ) ;
#2257 = VERTEX_POINT ( 'NONE', #1681 ) ;
#2258 = EDGE_CURVE ( 'NONE', #1875, #2291, #1028, .T. ) ;
#2259 = DIRECTION ( 'NONE',  ( -1.000000000000000000, 0.000000000000000000, -8.673617379884035472E-17 ) ) ;
#2260 = VERTEX_POINT ( 'NONE', #210 ) ;
#2261 = CARTESIAN_POINT ( 'NONE',  ( 14.99999999999999822, 4.000000000000000000, -15.00000000000000178 ) ) ;
#2262 = LINE ( 'NONE', #1399, #2056 ) ;
#2263 = FACE_OUTER_BOUND ( 'NONE', #1672, .T. ) ;
#2264 = EDGE_LOOP ( 'NONE', ( #1686, #162, #1167, #346 ) ) ;
#2265 = DIRECTION ( 'NONE',  ( 0.000000000000000000, 1.000000000000000000, 0.000000000000000000 ) ) ;
#2266 = LINE ( 'NONE', #588, #1599 ) ;
#2267 = ADVANCED_FACE ( 'NONE', ( #401 ), #1848, .F. ) ;
#2268 = VERTEX_POINT ( 'NONE', #774 ) ;
#2269 = AXIS2_PLACEMENT_3D ( 'NONE', #1589, #2310, #1961 ) ;
#2270 = CARTESIAN_POINT ( 'NONE',  ( -10.00000000000000355, 3.700000000000000178, -10.00000000000000355 ) ) ;
#2271 = ADVANCED_FACE ( 'NONE', ( #607 ), #32, .F. ) ;
#2272 = CYLINDRICAL_SURFACE ( 'NONE', #1518, 0.7499999999999988898 ) ;
#2273 = PLANE ( 'NONE',  #130 ) ;
#2274 = FILL_AREA_STYLE_COLOUR ( '', #1601 ) ;
#2275 = ORIENTED_EDGE ( 'NONE', *, *, #486, .F. ) ;
#2276 = DIRECTION ( 'NONE',  ( 1.544219486364582568E-14, -0.6546536707079790851, 0.7559289460184527298 ) ) ;
#2277 = EDGE_LOOP ( 'NONE', ( #1193, #323, #711, #1850 ) ) ;
#2278 = ADVANCED_FACE ( 'NONE', ( #200 ), #1309, .F. ) ;
#2279 = FACE_OUTER_BOUND ( 'NONE', #864, .T. ) ;
#2280 = ADVANCED_FACE ( 'NONE', ( #2263 ), #1333, .F. ) ;
#2281 = VECTOR ( 'NONE', #2187, 1000.000000000000114 ) ;
#2282 = ORIENTED_EDGE ( 'NONE', *, *, #2211, .T. ) ;
#2283 = VECTOR ( 'NONE', #2120, 1000.000000000000000 ) ;
#2284 = DIRECTION ( 'NONE',  ( 0.000000000000000000, -0.000000000000000000, 1.000000000000000000 ) ) ;
#2285 = ORIENTED_EDGE ( 'NONE', *, *, #665, .F. ) ;
#2286 = AXIS2_PLACEMENT_3D ( 'NONE', #2087, #425, #1707 ) ;
#2287 = DIRECTION ( 'NONE',  ( 0.000000000000000000, -1.000000000000000000, 0.000000000000000000 ) ) ;
#2288 = LINE ( 'NONE', #281, #2060 ) ;
#2289 = ORIENTED_EDGE ( 'NONE', *, *, #1569, .T. ) ;
#2290 = FACE_OUTER_BOUND ( 'NONE', #2044, .T. ) ;
#2291 = VERTEX_POINT ( 'NONE', #2215 ) ;
#2292 = EDGE_CURVE ( 'NONE', #1423, #1435, #1497, .T. ) ;
#2293 = CARTESIAN_POINT ( 'NONE',  ( -5.000000000000000000, 3.400000000000000355, -5.000000000000000000 ) ) ;
#2294 = SURFACE_STYLE_FILL_AREA ( #1558 ) ;
#2295 = VERTEX_POINT ( 'NONE', #391 ) ;
#2296 = CARTESIAN_POINT ( 'NONE',  ( -4.999999999999996447, 3.400000000000000355, 4.250000000000000000 ) ) ;
#2297 = DIRECTION ( 'NONE',  ( 0.000000000000000000, 0.7071067811865500152, 0.7071067811865451302 ) ) ;
#2298 = ORIENTED_EDGE ( 'NONE', *, *, #455, .F. ) ;
#2299 = FACE_OUTER_BOUND ( 'NONE', #2154, .T. ) ;
#2300 = VECTOR ( 'NONE', #1503, 1000.000000000000000 ) ;
#2301 = ORIENTED_EDGE ( 'NONE', *, *, #271, .T. ) ;
#2302 = ORIENTED_EDGE ( 'NONE', *, *, #1463, .F. ) ;
#2303 = EDGE_CURVE ( 'NONE', #1040, #1270, #944, .T. ) ;
#2304 = CARTESIAN_POINT ( 'NONE',  ( -9.250000000000003553, 3.700000000000000178, -10.00000000000000355 ) ) ;
#2305 = ORIENTED_EDGE ( 'NONE', *, *, #1508, .F. ) ;
#2306 = ADVANCED_FACE ( 'NONE', ( #1523 ), #2074, .F. ) ;
#2307 = DIRECTION ( 'NONE',  ( 0.000000000000000000, 0.000000000000000000, 1.000000000000000000 ) ) ;
#2308 = DIRECTION ( 'NONE',  ( 0.000000000000000000, 0.000000000000000000, 1.000000000000000000 ) ) ;
#2309 = ORIENTED_EDGE ( 'NONE', *, *, #2366, .F. ) ;
#2310 = DIRECTION ( 'NONE',  ( 0.000000000000000000, 0.7071067811865500152, -0.7071067811865450192 ) ) ;
#2311 = DIRECTION ( 'NONE',  ( 0.000000000000000000, -0.000000000000000000, 1.000000000000000000 ) ) ;
#2312 = ORIENTED_EDGE ( 'NONE', *, *, #152, .F. ) ;
#2313 = ORIENTED_EDGE ( 'NONE', *, *, #1953, .T. ) ;
#2314 = CARTESIAN_POINT ( 'NONE',  ( -28.42280899545297501, 1.999999999999992673, 17.38701718175829924 ) ) ;
#2315 = ORIENTED_EDGE ( 'NONE', *, *, #568, .F. ) ;
#2316 = AXIS2_PLACEMENT_3D ( 'NONE', #924, #1454, #1250 ) ;
#2317 = FILL_AREA_STYLE ('',( #1224 ) ) ;
#2318 = DIRECTION ( 'NONE',  ( 0.000000000000000000, 0.000000000000000000, -1.000000000000000000 ) ) ;
#2319 = EDGE_LOOP ( 'NONE', ( #1035, #1772, #706, #1911 ) ) ;
#2320 = ADVANCED_FACE ( 'NONE', ( #235 ), #969, .F. ) ;
#2321 = CARTESIAN_POINT ( 'NONE',  ( 0.000000000000000000, 2.246194077712548864, 0.000000000000000000 ) ) ;
#2322 = DIRECTION ( 'NONE',  ( 0.000000000000000000, -0.000000000000000000, 1.000000000000000000 ) ) ;
#2323 = ORIENTED_EDGE ( 'NONE', *, *, #1845, .F. ) ;
#2324 = CARTESIAN_POINT ( 'NONE',  ( -28.44181727618807187, 2.164530233272290882, 17.20800846881835255 ) ) ;
#2325 = ORIENTED_EDGE ( 'NONE', *, *, #1229, .F. ) ;
#2326 = PLANE ( 'NONE',  #1897 ) ;
#2327 = DIRECTION ( 'NONE',  ( 0.000000000000000000, -1.000000000000000000, 0.000000000000000000 ) ) ;
#2328 = VERTEX_POINT ( 'NONE', #248 ) ;
#2329 = DIRECTION ( 'NONE',  ( 0.000000000000000000, 0.000000000000000000, 1.000000000000000000 ) ) ;
#2330 = EDGE_CURVE ( 'NONE', #1977, #1711, #1143, .T. ) ;
#2331 = CYLINDRICAL_SURFACE ( 'NONE', #712, 0.7500000000000002220 ) ;
#2332 = DIRECTION ( 'NONE',  ( 0.000000000000000000, -0.000000000000000000, 1.000000000000000000 ) ) ;
#2333 = EDGE_CURVE ( 'NONE', #566, #142, #980, .T. ) ;
#2334 = AXIS2_PLACEMENT_3D ( 'NONE', #14, #383, #1635 ) ;
#2335 = VERTEX_POINT ( 'NONE', #2252 ) ;
#2336 = AXIS2_PLACEMENT_3D ( 'NONE', #163, #717, #1276 ) ;
#2337 = CARTESIAN_POINT ( 'NONE',  ( -2.500000000000000444, 2.800000000000000266, -1.750000000000000666 ) ) ;
#2338 = ORIENTED_EDGE ( 'NONE', *, *, #918, .T. ) ;
#2339 = AXIS2_PLACEMENT_3D ( 'NONE', #767, #1530, #2212 ) ;
#2340 = AXIS2_PLACEMENT_3D ( 'NONE', #896, #532, #2179 ) ;
#2341 = CARTESIAN_POINT ( 'NONE',  ( 2.846194077712518311, 0.000000000000000000, -1.387778780781445676E-14 ) ) ;
#2342 = DIRECTION ( 'NONE',  ( 0.000000000000000000, 0.000000000000000000, 1.000000000000000000 ) ) ;
#2343 = VECTOR ( 'NONE', #1389, 999.9999999999998863 ) ;
#2344 = ORIENTED_EDGE ( 'NONE', *, *, #2239, .F. ) ;
#2345 = CARTESIAN_POINT ( 'NONE',  ( -4.250000000000000000, 3.400000000000000355, -5.000000000000000000 ) ) ;
#2346 = DIRECTION ( 'NONE',  ( -0.000000000000000000, -1.000000000000000000, -0.000000000000000000 ) ) ;
#2347 = ORIENTED_EDGE ( 'NONE', *, *, #1318, .T. ) ;
#2348 = CARTESIAN_POINT ( 'NONE',  ( 4.250000000000000000, 3.400000000000000355, -4.999999999999999112 ) ) ;
#2349 = ORIENTED_EDGE ( 'NONE', *, *, #964, .F. ) ;
#2350 = ADVANCED_FACE ( 'NONE', ( #1163 ), #2132, .T. ) ;
#2351 = UNCERTAINTY_MEASURE_WITH_UNIT (LENGTH_MEASURE( 1.000000000000000082E-05 ), #844, 'distance_accuracy_value', 'NONE');
#2352 = CARTESIAN_POINT ( 'NONE',  ( 28.49999999999999289, 4.000000000000000000, 16.00000000000000000 ) ) ;
#2353 = CIRCLE ( 'NONE', #789, 0.7500000000000006661 ) ;
#2354 = ORIENTED_EDGE ( 'NONE', *, *, #124, .T. ) ;
#2355 = DIRECTION ( 'NONE',  ( 0.000000000000000000, 0.000000000000000000, 1.000000000000000000 ) ) ;
#2356 = DIRECTION ( 'NONE',  ( 0.000000000000000000, 1.000000000000000000, 0.000000000000000000 ) ) ;
#2357 = ORIENTED_EDGE ( 'NONE', *, *, #564, .T. ) ;
#2358 = CARTESIAN_POINT ( 'NONE',  ( 14.25000000000000355, 4.000000000000000000, 14.99999999999999467 ) ) ;
#2359 = AXIS2_PLACEMENT_3D ( 'NONE', #2134, #1367, #257 ) ;
#2360 = CARTESIAN_POINT ( 'NONE',  ( -9.250000000000000000, 3.400000000000000355, 10.00000000000000355 ) ) ;
#2361 = VERTEX_POINT ( 'NONE', #1899 ) ;
#2362 = CIRCLE ( 'NONE', #137, 10.49999999999999822 ) ;
#2363 = DIRECTION ( 'NONE',  ( 0.000000000000000000, -1.000000000000000000, 0.000000000000000000 ) ) ;
#2364 = ORIENTED_EDGE ( 'NONE', *, *, #1594, .T. ) ;
#2365 = CARTESIAN_POINT ( 'NONE',  ( -15.00000000000000178, 4.000000000000000000, -14.24999999999999289 ) ) ;
#2366 = EDGE_CURVE ( 'NONE', #1442, #642, #1833, .T. ) ;
#2367 = CARTESIAN_POINT ( 'NONE',  ( -15.00000000000000000, 3.700000000000000178, 15.00000000000000178 ) ) ;
#2368 = EDGE_CURVE ( 'NONE', #2244, #107, #1533, .T. ) ;
#2369 = DIRECTION ( 'NONE',  ( 0.000000000000000000, 0.000000000000000000, 1.000000000000000000 ) ) ;
#2370 = VERTEX_POINT ( 'NONE', #630 ) ;
#2371 = LINE ( 'NONE', #1427, #1930 ) ;
#2372 = PLANE ( 'NONE',  #1335 ) ;
#2373 = ORIENTED_EDGE ( 'NONE', *, *, #1508, .T. ) ;
#2374 = DIRECTION ( 'NONE',  ( 0.000000000000000000, 1.000000000000000000, 0.000000000000000000 ) ) ;
ENDSEC;
END-ISO-10303-21;
