ISO-10303-21;
HEADER;
FILE_DESCRIPTION (( 'STEP AP214' ),
    '1' );
FILE_NAME ('piezo-top-plate-square-1d.STEP',
    '2024-12-24T17:42:40',
    ( '' ),
    ( '' ),
    'SwSTEP 2.0',
    'SolidWorks 2022',
    '' );
FILE_SCHEMA (( 'AUTOMOTIVE_DESIGN' ));
ENDSEC;

DATA;
#1 = DIRECTION ( 'NONE',  ( 0.000000000000000000, 0.000000000000000000, -1.000000000000000000 ) ) ;
#2 = CARTESIAN_POINT ( 'NONE',  ( -20.78460969082647480, 3.700000000000000178, 12.00000000000009948 ) ) ;
#3 = AXIS2_PLACEMENT_3D ( 'NONE', #1272, #81, #706 ) ;
#4 = CARTESIAN_POINT ( 'NONE',  ( 0.000000000000000000, 3.400000000000000355, 0.000000000000000000 ) ) ;
#5 = ADVANCED_FACE ( 'NONE', ( #372 ), #1407, .F. ) ;
#6 = CARTESIAN_POINT ( 'NONE',  ( 20.78460969082663823, 3.400000000000000355, 11.99999999999980815 ) ) ;
#7 = CARTESIAN_POINT ( 'NONE',  ( -16.00000000000000000, 4.000000000000000000, 28.50000000000000355 ) ) ;
#8 = SURFACE_STYLE_FILL_AREA ( #1293 ) ;
#9 = LINE ( 'NONE', #1593, #1174 ) ;
#10 = DIRECTION ( 'NONE',  ( -0.9659258262890658697, 0.000000000000000000, 0.2588190451025297323 ) ) ;
#11 = ADVANCED_FACE ( 'NONE', ( #607 ), #1138, .F. ) ;
#12 = VERTEX_POINT ( 'NONE', #633 ) ;
#13 = ORIENTED_EDGE ( 'NONE', *, *, #1394, .T. ) ;
#14 = DIRECTION ( 'NONE',  ( 0.000000000000000000, -1.000000000000000000, 0.000000000000000000 ) ) ;
#15 = DIRECTION ( 'NONE',  ( 0.2588190451025162986, 0.000000000000000000, -0.9659258262890695335 ) ) ;
#16 = AXIS2_PLACEMENT_3D ( 'NONE', #628, #1699, #389 ) ;
#17 = FACE_OUTER_BOUND ( 'NONE', #1524, .T. ) ;
#18 = LINE ( 'NONE', #941, #376 ) ;
#19 = ORIENTED_EDGE ( 'NONE', *, *, #168, .T. ) ;
#20 = ORIENTED_EDGE ( 'NONE', *, *, #939, .F. ) ;
#21 = EDGE_CURVE ( 'NONE', #561, #1664, #787, .T. ) ;
#22 = DIRECTION ( 'NONE',  ( 0.000000000000000000, 0.000000000000000000, 1.000000000000000000 ) ) ;
#23 = ADVANCED_FACE ( 'NONE', ( #519 ), #1038, .F. ) ;
#24 = CARTESIAN_POINT ( 'NONE',  ( 28.49999999999999289, 4.000000000000000000, -2.499999999999998668 ) ) ;
#25 = VECTOR ( 'NONE', #1053, 1000.000000000000114 ) ;
#26 = CARTESIAN_POINT ( 'NONE',  ( 28.49999999999999289, 3.400000000000000355, 16.00000000000000000 ) ) ;
#27 = CARTESIAN_POINT ( 'NONE',  ( 15.99999999999999289, 3.700000000000000178, -28.49999999999999645 ) ) ;
#28 = VECTOR ( 'NONE', #10, 1000.000000000000114 ) ;
#29 = VERTEX_POINT ( 'NONE', #654 ) ;
#30 = ORIENTED_EDGE ( 'NONE', *, *, #198, .F. ) ;
#31 = EDGE_LOOP ( 'NONE', ( #627, #288, #942, #1497, #386, #1356 ) ) ;
#32 = DIRECTION ( 'NONE',  ( -0.8660254037844425934, 0.000000000000000000, -0.4999999999999933942 ) ) ;
#33 = EDGE_CURVE ( 'NONE', #419, #1020, #276, .T. ) ;
#34 = DIRECTION ( 'NONE',  ( 0.8660254037844432595, 0.000000000000000000, 0.4999999999999919509 ) ) ;
#35 = CARTESIAN_POINT ( 'NONE',  ( 0.8461940777125497304, 1.999999999999994893, -28.49999999999999645 ) ) ;
#36 = PLANE ( 'NONE',  #1532 ) ;
#37 = ORIENTED_EDGE ( 'NONE', *, *, #620, .F. ) ;
#38 = CARTESIAN_POINT ( 'NONE',  ( 0.000000000000000000, 3.700000000000000178, 0.000000000000000000 ) ) ;
#39 = AXIS2_PLACEMENT_3D ( 'NONE', #824, #1461, #22 ) ;
#40 = EDGE_CURVE ( 'NONE', #1151, #1018, #1317, .T. ) ;
#41 = CARTESIAN_POINT ( 'NONE',  ( 0.000000000000000000, 3.400000000000000355, -24.00000000000000000 ) ) ;
#42 = DIRECTION ( 'NONE',  ( 0.5773502691896200689, -0.5773502691896266192, 0.5773502691896306160 ) ) ;
#43 = ORIENTED_EDGE ( 'NONE', *, *, #412, .F. ) ;
#44 = ORIENTED_EDGE ( 'NONE', *, *, #168, .F. ) ;
#45 = DIRECTION ( 'NONE',  ( 0.000000000000000000, -1.000000000000000000, 0.000000000000000000 ) ) ;
#46 = VECTOR ( 'NONE', #42, 1000.000000000000000 ) ;
#47 = CARTESIAN_POINT ( 'NONE',  ( 0.000000000000000000, 3.700000000000000178, 0.000000000000000000 ) ) ;
#48 = DIRECTION ( 'NONE',  ( -1.000000000000000000, 0.000000000000000000, 0.000000000000000000 ) ) ;
#49 = VERTEX_POINT ( 'NONE', #1328 ) ;
#50 = EDGE_LOOP ( 'NONE', ( #776, #1190, #1250, #58 ) ) ;
#51 = EDGE_CURVE ( 'NONE', #583, #1502, #1336, .T. ) ;
#52 = ORIENTED_EDGE ( 'NONE', *, *, #147, .F. ) ;
#53 = DIRECTION ( 'NONE',  ( -0.2588190451025297323, 0.000000000000000000, -0.9659258262890658697 ) ) ;
#54 = CIRCLE ( 'NONE', #1513, 0.4999999999999994449 ) ;
#55 = DIRECTION ( 'NONE',  ( 0.000000000000000000, 1.000000000000000000, 0.000000000000000000 ) ) ;
#56 = LINE ( 'NONE', #1379, #1094 ) ;
#57 = ORIENTED_EDGE ( 'NONE', *, *, #1081, .T. ) ;
#58 = ORIENTED_EDGE ( 'NONE', *, *, #858, .F. ) ;
#59 = EDGE_CURVE ( 'NONE', #1357, #1428, #1594, .T. ) ;
#60 = CYLINDRICAL_SURFACE ( 'NONE', #490, 12.50000000000000355 ) ;
#61 = CARTESIAN_POINT ( 'NONE',  ( 15.99999999999999289, 1.999999999999991340, 16.00000000000000000 ) ) ;
#62 = DIRECTION ( 'NONE',  ( 0.000000000000000000, 0.000000000000000000, 1.000000000000000000 ) ) ;
#63 = VERTEX_POINT ( 'NONE', #1195 ) ;
#64 = EDGE_LOOP ( 'NONE', ( #957, #1267, #1561, #932, #1380 ) ) ;
#65 = ORIENTED_EDGE ( 'NONE', *, *, #1104, .F. ) ;
#66 = VECTOR ( 'NONE', #1022, 999.9999999999998863 ) ;
#67 = CARTESIAN_POINT ( 'NONE',  ( -28.50000000000000711, 3.700000000000000178, 9.932667397366179429 ) ) ;
#68 = EDGE_CURVE ( 'NONE', #29, #1488, #253, .T. ) ;
#69 = CARTESIAN_POINT ( 'NONE',  ( -26.21667700601138762, 0.000000000000000000, 18.42270736054485170 ) ) ;
#70 = EDGE_CURVE ( 'NONE', #822, #1386, #1707, .T. ) ;
#71 = DIRECTION ( 'NONE',  ( 0.000000000000000000, 1.000000000000000000, -0.000000000000000000 ) ) ;
#72 = ORIENTED_EDGE ( 'NONE', *, *, #837, .F. ) ;
#73 = DIRECTION ( 'NONE',  ( -0.8660254037844425934, 0.000000000000000000, -0.4999999999999933942 ) ) ;
#74 = VERTEX_POINT ( 'NONE', #1535 ) ;
#75 = VECTOR ( 'NONE', #183, 1000.000000000000000 ) ;
#76 = CARTESIAN_POINT ( 'NONE',  ( 15.99999999999999289, 4.000000000000000000, -21.50000000000000000 ) ) ;
#77 = CARTESIAN_POINT ( 'NONE',  ( 28.49999999999999289, 1.999999999999994893, 16.00000000000000000 ) ) ;
#78 = CIRCLE ( 'NONE', #1043, 12.50000000000000355 ) ;
#79 = VECTOR ( 'NONE', #529, 1000.000000000000000 ) ;
#80 = ADVANCED_FACE ( 'NONE', ( #1578 ), #764, .F. ) ;
#81 = DIRECTION ( 'NONE',  ( -0.000000000000000000, 1.000000000000000000, -0.000000000000000000 ) ) ;
#82 = ORIENTED_EDGE ( 'NONE', *, *, #1525, .T. ) ;
#83 = DIRECTION ( 'NONE',  ( 0.000000000000000000, 0.000000000000000000, 1.000000000000000000 ) ) ;
#84 = ORIENTED_EDGE ( 'NONE', *, *, #752, .T. ) ;
#85 = CARTESIAN_POINT ( 'NONE',  ( -27.70334144994257386, 1.325327564400491820, 17.75067702530105151 ) ) ;
#86 = DIRECTION ( 'NONE',  ( -0.000000000000000000, 1.000000000000000000, -0.000000000000000000 ) ) ;
#87 = EDGE_CURVE ( 'NONE', #567, #1030, #493, .T. ) ;
#88 = ORIENTED_EDGE ( 'NONE', *, *, #134, .F. ) ;
#89 = CARTESIAN_POINT ( 'NONE',  ( 27.70334144994264136, 1.325327564400493818, 17.75067702530053637 ) ) ;
#90 = ORIENTED_EDGE ( 'NONE', *, *, #218, .F. ) ;
#91 = DIRECTION ( 'NONE',  ( -0.000000000000000000, -1.000000000000000000, -0.000000000000000000 ) ) ;
#92 = DIRECTION ( 'NONE',  ( 0.000000000000000000, 1.000000000000000000, -0.000000000000000000 ) ) ;
#93 = VECTOR ( 'NONE', #359, 1000.000000000000000 ) ;
#94 = CARTESIAN_POINT ( 'NONE',  ( 4.500000000000000000, 3.700000000000000178, -28.50000000000000000 ) ) ;
#95 = UNCERTAINTY_MEASURE_WITH_UNIT (LENGTH_MEASURE( 1.000000000000000082E-05 ), #905, 'distance_accuracy_value', 'NONE');
#96 = VERTEX_POINT ( 'NONE', #1411 ) ;
#97 = PLANE ( 'NONE',  #999 ) ;
#98 = EDGE_LOOP ( 'NONE', ( #987, #309, #542, #1615 ) ) ;
#99 = ADVANCED_FACE ( 'NONE', ( #744, #224 ), #1420, .T. ) ;
#100 = EDGE_CURVE ( 'NONE', #1058, #602, #1659, .T. ) ;
#101 = CARTESIAN_POINT ( 'NONE',  ( 15.99999999999999289, 4.000000000000000000, -28.49999999999999645 ) ) ;
#102 = LINE ( 'NONE', #1271, #66 ) ;
#103 = AXIS2_PLACEMENT_3D ( 'NONE', #466, #45, #1498 ) ;
#104 = DIRECTION ( 'NONE',  ( 0.000000000000000000, 0.7071067811865451302, -0.7071067811865500152 ) ) ;
#105 = SURFACE_STYLE_USAGE ( .BOTH. , #113 ) ;
#106 = ORIENTED_EDGE ( 'NONE', *, *, #40, .F. ) ;
#107 = CIRCLE ( 'NONE', #909, 0.4999999999999997780 ) ;
#108 = CARTESIAN_POINT ( 'NONE',  ( 6.123233995736761105E-17, 3.700000000000000178, -0.4999999999999995559 ) ) ;
#109 = EDGE_LOOP ( 'NONE', ( #1159, #220, #1382, #441, #164, #665, #1276, #1531, #1693, #1510, #832, #19, #1234, #1393, #1096, #1408 ) ) ;
#110 = EDGE_CURVE ( 'NONE', #155, #977, #162, .T. ) ;
#111 = LINE ( 'NONE', #377, #180 ) ;
#112 = DIRECTION ( 'NONE',  ( -1.000000000000000000, 0.000000000000000000, 0.000000000000000000 ) ) ;
#113 = SURFACE_SIDE_STYLE ('',( #8 ) ) ;
#114 = VERTEX_POINT ( 'NONE', #894 ) ;
#115 = CARTESIAN_POINT ( 'NONE',  ( -1.423097038856222074, 0.000000000000000000, 2.464876375399886133 ) ) ;
#116 = CARTESIAN_POINT ( 'NONE',  ( 1.060483214261571091E-14, 2.246194077712548864, 0.6928203230275529201 ) ) ;
#117 = ORIENTED_EDGE ( 'NONE', *, *, #1463, .T. ) ;
#118 = DIRECTION ( 'NONE',  ( 0.000000000000000000, 1.000000000000000000, -0.000000000000000000 ) ) ;
#119 = DIRECTION ( 'NONE',  ( 0.000000000000000000, -0.7071067811865451302, 0.7071067811865500152 ) ) ;
#120 = FACE_OUTER_BOUND ( 'NONE', #671, .T. ) ;
#121 = FACE_OUTER_BOUND ( 'NONE', #1157, .T. ) ;
#122 = VECTOR ( 'NONE', #501, 1000.000000000000114 ) ;
#123 = ADVANCED_FACE ( 'NONE', ( #1027 ), #383, .F. ) ;
#124 = DIRECTION ( 'NONE',  ( 0.000000000000000000, 0.000000000000000000, 1.000000000000000000 ) ) ;
#125 = ORIENTED_EDGE ( 'NONE', *, *, #676, .T. ) ;
#126 = DIRECTION ( 'NONE',  ( 0.000000000000000000, -0.6546536707079777528, -0.7559289460184539511 ) ) ;
#127 = LINE ( 'NONE', #670, #813 ) ;
#128 = CARTESIAN_POINT ( 'NONE',  ( 6.123233995736763571E-17, 3.400000000000000355, -0.4999999999999997780 ) ) ;
#129 = AXIS2_PLACEMENT_3D ( 'NONE', #1495, #431, #1222 ) ;
#130 = PLANE ( 'NONE',  #479 ) ;
#131 = DIRECTION ( 'NONE',  ( 0.000000000000000000, 1.000000000000000000, 0.000000000000000000 ) ) ;
#132 = PRODUCT_DEFINITION_FORMATION_WITH_SPECIFIED_SOURCE ( 'ANY', '', #603, .NOT_KNOWN. ) ;
#133 = DIRECTION ( 'NONE',  ( 0.000000000000000000, 0.000000000000000000, -1.000000000000000000 ) ) ;
#134 = EDGE_CURVE ( 'NONE', #1458, #602, #1315, .T. ) ;
#135 = AXIS2_PLACEMENT_3D ( 'NONE', #326, #845, #580 ) ;
#136 = CARTESIAN_POINT ( 'NONE',  ( 0.3535533905932738419, 3.700000000000000178, -24.35355339059327306 ) ) ;
#137 = ORIENTED_EDGE ( 'NONE', *, *, #1491, .F. ) ;
#138 = VERTEX_POINT ( 'NONE', #785 ) ;
#139 = VERTEX_POINT ( 'NONE', #1439 ) ;
#140 = CARTESIAN_POINT ( 'NONE',  ( -28.50000000000000355, 1.999999999999994893, 16.00000000000000000 ) ) ;
#141 = FACE_OUTER_BOUND ( 'NONE', #1338, .T. ) ;
#142 = CARTESIAN_POINT ( 'NONE',  ( -20.78460969082647480, 3.700000000000000178, 12.50000000000009948 ) ) ;
#143 = ADVANCED_FACE ( 'NONE', ( #1305 ), #1326, .F. ) ;
#144 = DIRECTION ( 'NONE',  ( 0.000000000000000000, 1.000000000000000000, 0.000000000000000000 ) ) ;
#145 = DIRECTION ( 'NONE',  ( -0.9659258262890695335, 0.000000000000000000, -0.2588190451025162431 ) ) ;
#146 = ORIENTED_EDGE ( 'NONE', *, *, #609, .F. ) ;
#147 = EDGE_CURVE ( 'NONE', #181, #740, #1704, .T. ) ;
#148 = VERTEX_POINT ( 'NONE', #1494 ) ;
#149 = DIRECTION ( 'NONE',  ( -0.000000000000000000, -1.000000000000000000, -0.000000000000000000 ) ) ;
#150 = DIRECTION ( 'NONE',  ( -0.000000000000000000, -1.000000000000000000, -0.000000000000000000 ) ) ;
#151 = VECTOR ( 'NONE', #384, 1000.000000000000000 ) ;
#152 = AXIS2_PLACEMENT_3D ( 'NONE', #757, #246, #1292 ) ;
#153 = LINE ( 'NONE', #438, #278 ) ;
#154 = CARTESIAN_POINT ( 'NONE',  ( 27.22497216032181910, 3.700000000000000178, -21.50000000000000000 ) ) ;
#155 = VERTEX_POINT ( 'NONE', #142 ) ;
#156 = EDGE_CURVE ( 'NONE', #986, #1447, #1182, .T. ) ;
#157 = AXIS2_PLACEMENT_3D ( 'NONE', #1249, #574, #327 ) ;
#158 = CARTESIAN_POINT ( 'NONE',  ( -28.50000000000000355, 3.400000000000000355, 9.932667397366181206 ) ) ;
#159 = CARTESIAN_POINT ( 'NONE',  ( -27.22497216032182621, 3.700000000000000178, -21.50000000000000000 ) ) ;
#160 = DIRECTION ( 'NONE',  ( 1.000000000000000000, 0.000000000000000000, 0.000000000000000000 ) ) ;
#161 = LINE ( 'NONE', #1230, #1351 ) ;
#162 = CIRCLE ( 'NONE', #392, 0.4999999999999997780 ) ;
#163 = ORIENTED_EDGE ( 'NONE', *, *, #174, .T. ) ;
#164 = ORIENTED_EDGE ( 'NONE', *, *, #434, .T. ) ;
#165 = VECTOR ( 'NONE', #126, 1000.000000000000000 ) ;
#166 = VERTEX_POINT ( 'NONE', #1090 ) ;
#167 = DIRECTION ( 'NONE',  ( 0.000000000000000000, 0.000000000000000000, 1.000000000000000000 ) ) ;
#168 = EDGE_CURVE ( 'NONE', #1664, #1215, #153, .T. ) ;
#169 = DIRECTION ( 'NONE',  ( 0.000000000000000000, 0.000000000000000000, 1.000000000000000000 ) ) ;
#170 = CARTESIAN_POINT ( 'NONE',  ( -16.00000000000000000, 3.700000000000000178, 16.00000000000000000 ) ) ;
#171 = EDGE_LOOP ( 'NONE', ( #1473, #187, #455, #821, #1703, #1169 ) ) ;
#172 = ORIENTED_EDGE ( 'NONE', *, *, #229, .F. ) ;
#173 = DIRECTION ( 'NONE',  ( 0.000000000000000000, 1.000000000000000000, 0.000000000000000000 ) ) ;
#174 = EDGE_CURVE ( 'NONE', #480, #615, #1370, .T. ) ;
#175 = AXIS2_PLACEMENT_3D ( 'NONE', #1417, #230, #750 ) ;
#176 = DIRECTION ( 'NONE',  ( 0.000000000000000000, 0.000000000000000000, 1.000000000000000000 ) ) ;
#177 = DIRECTION ( 'NONE',  ( -1.000000000000000000, 0.000000000000000000, 0.000000000000000000 ) ) ;
#178 = VERTEX_POINT ( 'NONE', #446 ) ;
#179 = EDGE_LOOP ( 'NONE', ( #872, #1251, #137, #500, #425 ) ) ;
#180 = VECTOR ( 'NONE', #1452, 1000.000000000000000 ) ;
#181 = VERTEX_POINT ( 'NONE', #1213 ) ;
#182 = ORIENTED_EDGE ( 'NONE', *, *, #1377, .T. ) ;
#183 = DIRECTION ( 'NONE',  ( 0.5773502691896258421, 0.5773502691896237327, -0.5773502691896277295 ) ) ;
#184 = CARTESIAN_POINT ( 'NONE',  ( -16.00000000000000000, 3.700000000000000178, 28.50000000000000355 ) ) ;
#185 = DIRECTION ( 'NONE',  ( -0.000000000000000000, -1.000000000000000000, -0.000000000000000000 ) ) ;
#186 = EDGE_CURVE ( 'NONE', #808, #1079, #660, .T. ) ;
#187 = ORIENTED_EDGE ( 'NONE', *, *, #967, .T. ) ;
#188 = VECTOR ( 'NONE', #145, 1000.000000000000000 ) ;
#189 = EDGE_LOOP ( 'NONE', ( #88, #993, #647, #819 ) ) ;
#190 = AXIS2_PLACEMENT_3D ( 'NONE', #1056, #913, #922 ) ;
#191 = CARTESIAN_POINT ( 'NONE',  ( -16.00000000000000000, 3.700000000000000178, -28.49999999999999645 ) ) ;
#192 = AXIS2_PLACEMENT_3D ( 'NONE', #115, #635, #1167 ) ;
#193 = DIRECTION ( 'NONE',  ( -0.000000000000000000, 1.000000000000000000, -0.000000000000000000 ) ) ;
#194 = DIRECTION ( 'NONE',  ( 0.000000000000000000, 0.000000000000000000, 1.000000000000000000 ) ) ;
#195 = EDGE_LOOP ( 'NONE', ( #742, #432, #800, #599, #354, #971, #1165, #685, #1003, #443, #682 ) ) ;
#196 = EDGE_CURVE ( 'NONE', #290, #719, #906, .T. ) ;
#197 = ORIENTED_EDGE ( 'NONE', *, *, #1104, .T. ) ;
#198 = EDGE_CURVE ( 'NONE', #1565, #1018, #847, .T. ) ;
#199 = PLANE ( 'NONE',  #1237 ) ;
#200 = CARTESIAN_POINT ( 'NONE',  ( -16.00000000000000000, 1.999999999999991340, 16.00000000000000000 ) ) ;
#201 = DIRECTION ( 'NONE',  ( 1.000000000000000000, 0.000000000000000000, -0.000000000000000000 ) ) ;
#202 = ORIENTED_EDGE ( 'NONE', *, *, #361, .T. ) ;
#203 = CARTESIAN_POINT ( 'NONE',  ( 20.78460969082663823, 3.700000000000000178, 12.49999999999980815 ) ) ;
#204 = CONICAL_SURFACE ( 'NONE', #477, 0.4999999999999997780, 1.029744258676653867 ) ;
#205 = ORIENTED_EDGE ( 'NONE', *, *, #1233, .T. ) ;
#206 = FACE_OUTER_BOUND ( 'NONE', #996, .T. ) ;
#207 = ADVANCED_FACE ( 'NONE', ( #17 ), #1477, .F. ) ;
#208 = LINE ( 'NONE', #77, #815 ) ;
#209 = AXIS2_PLACEMENT_3D ( 'NONE', #140, #272, #1617 ) ;
#210 = DIRECTION ( 'NONE',  ( 0.000000000000000000, 0.000000000000000000, 1.000000000000000000 ) ) ;
#211 = VERTEX_POINT ( 'NONE', #968 ) ;
#212 = CARTESIAN_POINT ( 'NONE',  ( 0.000000000000000000, 3.400000000000000355, 0.000000000000000000 ) ) ;
#213 = ORIENTED_EDGE ( 'NONE', *, *, #1629, .F. ) ;
#214 = VECTOR ( 'NONE', #316, 1000.000000000000000 ) ;
#215 = DIRECTION ( 'NONE',  ( -0.000000000000000000, -1.000000000000000000, -0.000000000000000000 ) ) ;
#216 = PLANE ( 'NONE',  #896 ) ;
#217 = AXIS2_PLACEMENT_3D ( 'NONE', #1662, #598, #1378 ) ;
#218 = EDGE_CURVE ( 'NONE', #1398, #470, #1362, .T. ) ;
#219 = DIRECTION ( 'NONE',  ( 0.000000000000000000, 0.000000000000000000, -1.000000000000000000 ) ) ;
#220 = ORIENTED_EDGE ( 'NONE', *, *, #994, .F. ) ;
#221 = LINE ( 'NONE', #1544, #292 ) ;
#222 = VERTEX_POINT ( 'NONE', #35 ) ;
#223 =( NAMED_UNIT ( * ) SI_UNIT ( $, .STERADIAN. ) SOLID_ANGLE_UNIT ( ) );
#224 = FACE_BOUND ( 'NONE', #1627, .T. ) ;
#225 = DIRECTION ( 'NONE',  ( 0.000000000000000000, 0.000000000000000000, 1.000000000000000000 ) ) ;
#226 = LINE ( 'NONE', #1023, #842 ) ;
#227 = FILL_AREA_STYLE_COLOUR ( '', #589 ) ;
#228 = ORIENTED_EDGE ( 'NONE', *, *, #460, .T. ) ;
#229 = EDGE_CURVE ( 'NONE', #138, #339, #54, .T. ) ;
#230 = DIRECTION ( 'NONE',  ( -0.000000000000000000, -1.000000000000000000, 0.000000000000000000 ) ) ;
#231 = ORIENTED_EDGE ( 'NONE', *, *, #1621, .T. ) ;
#232 = DIRECTION ( 'NONE',  ( 0.7071067811865515695, 0.7071067811865435759, 0.000000000000000000 ) ) ;
#233 = CARTESIAN_POINT ( 'NONE',  ( 2.846194077712518311, 0.000000000000000000, -1.387778780781445676E-14 ) ) ;
#234 = AXIS2_PLACEMENT_3D ( 'NONE', #605, #363, #1282 ) ;
#235 = DIRECTION ( 'NONE',  ( -0.8660254037844425934, 0.000000000000000000, -0.4999999999999933942 ) ) ;
#236 = VERTEX_POINT ( 'NONE', #1602 ) ;
#237 = VECTOR ( 'NONE', #1146, 1000.000000000000000 ) ;
#238 = DIRECTION ( 'NONE',  ( 0.4472135954999603702, -0.4472135954999573171, -0.7745966692414822941 ) ) ;
#239 = EDGE_CURVE ( 'NONE', #911, #236, #1500, .T. ) ;
#240 = FACE_OUTER_BOUND ( 'NONE', #900, .T. ) ;
#241 = EDGE_LOOP ( 'NONE', ( #106, #850, #663 ) ) ;
#242 = AXIS2_PLACEMENT_3D ( 'NONE', #302, #429, #414 ) ;
#243 = CARTESIAN_POINT ( 'NONE',  ( 5.992727953603741220, 0.000000000000000000, -6.746404931059841736 ) ) ;
#244 = DIRECTION ( 'NONE',  ( 0.000000000000000000, -1.000000000000000000, 0.000000000000000000 ) ) ;
#245 = VECTOR ( 'NONE', #1129, 1000.000000000000000 ) ;
#246 = DIRECTION ( 'NONE',  ( 0.000000000000000000, -1.000000000000000000, 0.000000000000000000 ) ) ;
#247 = CARTESIAN_POINT ( 'NONE',  ( 28.49999999999999645, 1.999999999999994893, -15.99999999999999289 ) ) ;
#248 = DIRECTION ( 'NONE',  ( 0.2588190451025297323, 0.000000000000000000, 0.9659258262890658697 ) ) ;
#249 = ORIENTED_EDGE ( 'NONE', *, *, #1062, .T. ) ;
#250 = LINE ( 'NONE', #279, #1224 ) ;
#251 = VERTEX_POINT ( 'NONE', #796 ) ;
#252 = LINE ( 'NONE', #101, #1325 ) ;
#253 = LINE ( 'NONE', #1677, #1098 ) ;
#254 = CARTESIAN_POINT ( 'NONE',  ( -0.3535533905932738419, 3.700000000000000178, -24.35355339059327306 ) ) ;
#255 = EDGE_CURVE ( 'NONE', #178, #1410, #946, .T. ) ;
#256 = CARTESIAN_POINT ( 'NONE',  ( 28.49999999999999289, 2.246194077712548864, 16.00000000000000000 ) ) ;
#257 = CARTESIAN_POINT ( 'NONE',  ( -2.846194077712560944, 0.000000000000000000, -26.49999999999998224 ) ) ;
#258 = ORIENTED_EDGE ( 'NONE', *, *, #674, .F. ) ;
#259 = CARTESIAN_POINT ( 'NONE',  ( 0.3000000000000085931, 2.246194077712548864, -0.5196152422706594720 ) ) ;
#260 = CARTESIAN_POINT ( 'NONE',  ( 7.715824992460013299, 2.246194077712548864, -3.761913313389320113 ) ) ;
#261 = ORIENTED_EDGE ( 'NONE', *, *, #806, .F. ) ;
#262 = CARTESIAN_POINT ( 'NONE',  ( 20.78460969082663823, 3.400000000000000355, 11.99999999999980815 ) ) ;
#263 = CARTESIAN_POINT ( 'NONE',  ( 20.78460969082663823, 3.700000000000000178, 11.99999999999980815 ) ) ;
#264 = EDGE_CURVE ( 'NONE', #1133, #480, #285, .T. ) ;
#265 = VECTOR ( 'NONE', #1076, 1000.000000000000000 ) ;
#266 = CARTESIAN_POINT ( 'NONE',  ( 1.423097038856270480, 0.000000000000000000, -2.464876375399899899 ) ) ;
#267 = DIRECTION ( 'NONE',  ( 0.8660254037844362651, 0.000000000000000000, -0.5000000000000041078 ) ) ;
#268 = LINE ( 'NONE', #1306, #1345 ) ;
#269 = ORIENTED_EDGE ( 'NONE', *, *, #1525, .F. ) ;
#270 = CONICAL_SURFACE ( 'NONE', #1321, 12.50000000000000355, 0.7853981633974513876 ) ;
#271 = VERTEX_POINT ( 'NONE', #294 ) ;
#272 = DIRECTION ( 'NONE',  ( 0.7071067811865451302, 0.7071067811865500152, 0.000000000000000000 ) ) ;
#273 = AXIS2_PLACEMENT_3D ( 'NONE', #1660, #715, #1227 ) ;
#274 = EDGE_CURVE ( 'NONE', #583, #178, #1203, .T. ) ;
#275 = DIRECTION ( 'NONE',  ( -0.9659258262890694224, 0.000000000000000000, -0.2588190451025162431 ) ) ;
#276 = CIRCLE ( 'NONE', #190, 0.5000000000000001110 ) ;
#277 = ADVANCED_FACE ( 'NONE', ( #1075 ), #360, .T. ) ;
#278 = VECTOR ( 'NONE', #1613, 1000.000000000000000 ) ;
#279 = CARTESIAN_POINT ( 'NONE',  ( -20.91401921337773473, 3.400000000000000355, 12.48296291314463424 ) ) ;
#280 = DIRECTION ( 'NONE',  ( 0.000000000000000000, -1.000000000000000000, 0.000000000000000000 ) ) ;
#281 = EDGE_LOOP ( 'NONE', ( #778, #30, #231, #1077 ) ) ;
#282 = ORIENTED_EDGE ( 'NONE', *, *, #1263, .T. ) ;
#283 = CARTESIAN_POINT ( 'NONE',  ( -28.50000000000000355, 1.999999999999994449, 15.47738191479649750 ) ) ;
#284 = DIRECTION ( 'NONE',  ( 0.000000000000000000, 0.000000000000000000, -1.000000000000000000 ) ) ;
#285 = LINE ( 'NONE', #805, #1013 ) ;
#286 = CARTESIAN_POINT ( 'NONE',  ( 28.68104021530554704, 2.181040215305545704, 15.79095276591838193 ) ) ;
#287 = EDGE_CURVE ( 'NONE', #236, #1502, #1082, .T. ) ;
#288 = ORIENTED_EDGE ( 'NONE', *, *, #925, .T. ) ;
#289 = ORIENTED_EDGE ( 'NONE', *, *, #687, .F. ) ;
#290 = VERTEX_POINT ( 'NONE', #952 ) ;
#291 = CARTESIAN_POINT ( 'NONE',  ( 21.26757260397117122, 3.400000000000000355, 11.87059047744854112 ) ) ;
#292 = VECTOR ( 'NONE', #1686, 1000.000000000000114 ) ;
#293 = AXIS2_PLACEMENT_3D ( 'NONE', #243, #907, #766 ) ;
#294 = CARTESIAN_POINT ( 'NONE',  ( -28.44987026500580996, 2.246194077712548864, 17.11836057893876273 ) ) ;
#295 = CYLINDRICAL_SURFACE ( 'NONE', #979, 0.5000000000000004441 ) ;
#296 = ORIENTED_EDGE ( 'NONE', *, *, #156, .F. ) ;
#297 = EDGE_CURVE ( 'NONE', #1596, #290, #1486, .T. ) ;
#298 = ORIENTED_EDGE ( 'NONE', *, *, #1062, .F. ) ;
#299 = VECTOR ( 'NONE', #177, 1000.000000000000000 ) ;
#300 = CARTESIAN_POINT ( 'NONE',  ( 28.44987026500583838, 2.246194077712548864, 17.11836057893824403 ) ) ;
#301 = DIRECTION ( 'NONE',  ( 0.000000000000000000, -0.000000000000000000, 1.000000000000000000 ) ) ;
#302 = CARTESIAN_POINT ( 'NONE',  ( -25.35992723813187766, 3.400000000000000355, 29.07531754730559825 ) ) ;
#303 = CIRCLE ( 'NONE', #1355, 10.49999999999999822 ) ;
#304 = CARTESIAN_POINT ( 'NONE',  ( -12.49999999999999645, 3.400000000000000355, -36.50000000000000000 ) ) ;
#305 = LINE ( 'NONE', #581, #820 ) ;
#306 = ORIENTED_EDGE ( 'NONE', *, *, #346, .F. ) ;
#307 = ORIENTED_EDGE ( 'NONE', *, *, #1244, .T. ) ;
#308 = VECTOR ( 'NONE', #201, 1000.000000000000000 ) ;
#309 = ORIENTED_EDGE ( 'NONE', *, *, #381, .F. ) ;
#310 = DIRECTION ( 'NONE',  ( 0.000000000000000000, 0.000000000000000000, -1.000000000000000000 ) ) ;
#311 = EDGE_CURVE ( 'NONE', #625, #550, #739, .T. ) ;
#312 = CARTESIAN_POINT ( 'NONE',  ( -28.50000000000000355, 2.246194077712548864, 16.00000000000000000 ) ) ;
#313 = DIRECTION ( 'NONE',  ( 0.000000000000000000, 1.000000000000000000, 0.000000000000000000 ) ) ;
#314 = ORIENTED_EDGE ( 'NONE', *, *, #1322, .F. ) ;
#315 = ORIENTED_EDGE ( 'NONE', *, *, #1621, .F. ) ;
#316 = DIRECTION ( 'NONE',  ( 0.000000000000000000, 0.000000000000000000, -1.000000000000000000 ) ) ;
#317 = PRODUCT_DEFINITION ( 'UNKNOWN', '', #132, #804 ) ;
#318 = ADVANCED_FACE ( 'NONE', ( #1265 ), #854, .F. ) ;
#319 = DIRECTION ( 'NONE',  ( 0.000000000000000000, 1.000000000000000000, 0.000000000000000000 ) ) ;
#320 = DIRECTION ( 'NONE',  ( 0.000000000000000000, 1.000000000000000000, -0.000000000000000000 ) ) ;
#321 = ORIENTED_EDGE ( 'NONE', *, *, #1311, .T. ) ;
#322 = ORIENTED_EDGE ( 'NONE', *, *, #1478, .F. ) ;
#323 = CARTESIAN_POINT ( 'NONE',  ( -0.6000000000000041966, 2.246194077712548864, -1.387778780781445676E-14 ) ) ;
#324 = ADVANCED_FACE ( 'NONE', ( #1008 ), #595, .T. ) ;
#325 = VECTOR ( 'NONE', #538, 1000.000000000000000 ) ;
#326 = CARTESIAN_POINT ( 'NONE',  ( -30.25363476413721386, 3.700000000000000178, -2.500000000000000000 ) ) ;
#327 = DIRECTION ( 'NONE',  ( -0.7071067811865489050, -0.7071067811865462405, 0.000000000000000000 ) ) ;
#328 = ORIENTED_EDGE ( 'NONE', *, *, #620, .T. ) ;
#329 = VERTEX_POINT ( 'NONE', #184 ) ;
#330 = EDGE_CURVE ( 'NONE', #1078, #1020, #1384, .T. ) ;
#331 = VECTOR ( 'NONE', #1389, 1000.000000000000000 ) ;
#332 = AXIS2_PLACEMENT_3D ( 'NONE', #1042, #232, #915 ) ;
#333 = EDGE_LOOP ( 'NONE', ( #700, #1641, #407, #1236 ) ) ;
#334 = AXIS2_PLACEMENT_3D ( 'NONE', #1471, #697, #539 ) ;
#335 = CARTESIAN_POINT ( 'NONE',  ( 0.000000000000000000, 3.400000000000000355, 0.4999999999999997780 ) ) ;
#336 = CARTESIAN_POINT ( 'NONE',  ( -16.00000000000000000, 3.700000000000000178, -28.49999999999999645 ) ) ;
#337 = VERTEX_POINT ( 'NONE', #1255 ) ;
#338 = EDGE_CURVE ( 'NONE', #1706, #155, #415, .T. ) ;
#339 = VERTEX_POINT ( 'NONE', #716 ) ;
#340 = LINE ( 'NONE', #323, #214 ) ;
#341 = LINE ( 'NONE', #233, #1348 ) ;
#342 = DIRECTION ( 'NONE',  ( 0.000000000000000000, 1.000000000000000000, 0.000000000000000000 ) ) ;
#343 = ORIENTED_EDGE ( 'NONE', *, *, #1111, .F. ) ;
#344 = DIRECTION ( 'NONE',  ( 0.2588190451025162986, 0.000000000000000000, -0.9659258262890695335 ) ) ;
#345 = ORIENTED_EDGE ( 'NONE', *, *, #1064, .T. ) ;
#346 = EDGE_CURVE ( 'NONE', #911, #1664, #573, .T. ) ;
#347 = FACE_OUTER_BOUND ( 'NONE', #1256, .T. ) ;
#348 = CARTESIAN_POINT ( 'NONE',  ( -28.50000000000000355, 3.700000000000000178, 16.00000000000000000 ) ) ;
#349 = VECTOR ( 'NONE', #629, 1000.000000000000000 ) ;
#350 = CARTESIAN_POINT ( 'NONE',  ( 28.49999999999999289, 3.700000000000000178, 16.00000000000000000 ) ) ;
#351 = AXIS2_PLACEMENT_3D ( 'NONE', #962, #947, #1107 ) ;
#352 = ORIENTED_EDGE ( 'NONE', *, *, #1367, .T. ) ;
#353 = DIRECTION ( 'NONE',  ( -0.000000000000000000, 1.000000000000000000, -0.000000000000000000 ) ) ;
#354 = ORIENTED_EDGE ( 'NONE', *, *, #892, .T. ) ;
#355 = VECTOR ( 'NONE', #14, 1000.000000000000000 ) ;
#356 = DIRECTION ( 'NONE',  ( 0.000000000000000000, 0.000000000000000000, 1.000000000000000000 ) ) ;
#357 = CARTESIAN_POINT ( 'NONE',  ( -30.91455863301948170, 3.700000000000000178, -21.50000000000000000 ) ) ;
#358 = VECTOR ( 'NONE', #1319, 1000.000000000000000 ) ;
#359 = DIRECTION ( 'NONE',  ( 0.000000000000000000, 1.000000000000000000, -0.000000000000000000 ) ) ;
#360 = CONICAL_SURFACE ( 'NONE', #1240, 12.50000000000000355, 0.7853981633974518317 ) ;
#361 = EDGE_CURVE ( 'NONE', #911, #583, #730, .T. ) ;
#362 = DIRECTION ( 'NONE',  ( 0.000000000000000000, 0.000000000000000000, 1.000000000000000000 ) ) ;
#363 = DIRECTION ( 'NONE',  ( -0.000000000000000000, 1.000000000000000000, -0.000000000000000000 ) ) ;
#364 = LINE ( 'NONE', #266, #459 ) ;
#365 = ORIENTED_EDGE ( 'NONE', *, *, #413, .T. ) ;
#366 = FACE_OUTER_BOUND ( 'NONE', #420, .T. ) ;
#367 = EDGE_LOOP ( 'NONE', ( #427, #249, #52, #812, #1392 ) ) ;
#368 = CYLINDRICAL_SURFACE ( 'NONE', #1281, 12.50000000000000355 ) ;
#369 = EDGE_CURVE ( 'NONE', #251, #63, #417, .T. ) ;
#370 = DIRECTION ( 'NONE',  ( -0.7071067811865500152, -0.7071067811865451302, 0.000000000000000000 ) ) ;
#371 =( LENGTH_UNIT ( ) NAMED_UNIT ( * ) SI_UNIT ( .MILLI., .METRE. ) );
#372 = FACE_OUTER_BOUND ( 'NONE', #1511, .T. ) ;
#373 = EDGE_LOOP ( 'NONE', ( #930, #1482, #322, #856 ) ) ;
#374 = LINE ( 'NONE', #601, #1166 ) ;
#375 = ORIENTED_EDGE ( 'NONE', *, *, #1074, .F. ) ;
#376 = VECTOR ( 'NONE', #1448, 1000.000000000000114 ) ;
#377 = CARTESIAN_POINT ( 'NONE',  ( -28.50000000000000355, 4.000000000000000000, -2.499999999999998668 ) ) ;
#378 = AXIS2_PLACEMENT_3D ( 'NONE', #1341, #150, #780 ) ;
#379 = PLANE ( 'NONE',  #152 ) ;
#380 = DIRECTION ( 'NONE',  ( 0.000000000000000000, 0.000000000000000000, 1.000000000000000000 ) ) ;
#381 = EDGE_CURVE ( 'NONE', #943, #1176, #935, .T. ) ;
#382 = ORIENTED_EDGE ( 'NONE', *, *, #452, .T. ) ;
#383 = PLANE ( 'NONE',  #1358 ) ;
#384 = DIRECTION ( 'NONE',  ( -0.000000000000000000, 1.000000000000000000, -0.000000000000000000 ) ) ;
#385 = ADVANCED_FACE ( 'NONE', ( #992 ), #871, .F. ) ;
#386 = ORIENTED_EDGE ( 'NONE', *, *, #1499, .T. ) ;
#387 = CIRCLE ( 'NONE', #1178, 0.4999999999999997780 ) ;
#388 =( NAMED_UNIT ( * ) SI_UNIT ( $, .STERADIAN. ) SOLID_ANGLE_UNIT ( ) );
#389 = DIRECTION ( 'NONE',  ( 0.000000000000000000, -0.000000000000000000, 1.000000000000000000 ) ) ;
#390 = CIRCLE ( 'NONE', #103, 12.50000000000000355 ) ;
#391 = DIRECTION ( 'NONE',  ( -0.000000000000000000, 1.000000000000000000, -0.000000000000000000 ) ) ;
#392 = AXIS2_PLACEMENT_3D ( 'NONE', #2, #760, #267 ) ;
#393 = CARTESIAN_POINT ( 'NONE',  ( 0.000000000000000000, 3.700000000000000178, -24.00000000000000000 ) ) ;
#394 = EDGE_LOOP ( 'NONE', ( #1200, #296, #1026, #1696 ) ) ;
#395 = DIRECTION ( 'NONE',  ( 0.7071067811865474617, 0.000000000000000000, -0.7071067811865474617 ) ) ;
#396 = VERTEX_POINT ( 'NONE', #1391 ) ;
#397 = EDGE_CURVE ( 'NONE', #876, #211, #1406, .T. ) ;
#398 = APPLICATION_PROTOCOL_DEFINITION ( 'draft international standard', 'automotive_design', 1998, #683 ) ;
#399 = DIRECTION ( 'NONE',  ( 0.7071067811865474617, 0.000000000000000000, -0.7071067811865474617 ) ) ;
#400 = PLANE ( 'NONE',  #701 ) ;
#401 = LINE ( 'NONE', #921, #1566 ) ;
#402 = VERTEX_POINT ( 'NONE', #606 ) ;
#403 = ADVANCED_FACE ( 'NONE', ( #1137 ), #975, .F. ) ;
#404 = AXIS2_PLACEMENT_3D ( 'NONE', #259, #1316, #1584 ) ;
#405 = FACE_OUTER_BOUND ( 'NONE', #189, .T. ) ;
#406 = LINE ( 'NONE', #418, #1668 ) ;
#407 = ORIENTED_EDGE ( 'NONE', *, *, #51, .F. ) ;
#408 = VERTEX_POINT ( 'NONE', #723 ) ;
#409 = AXIS2_PLACEMENT_3D ( 'NONE', #641, #1291, #1302 ) ;
#410 = VERTEX_POINT ( 'NONE', #1122 ) ;
#411 = DIRECTION ( 'NONE',  ( 1.000000000000000000, -0.000000000000000000, 0.000000000000000000 ) ) ;
#412 = EDGE_CURVE ( 'NONE', #965, #1432, #1115, .T. ) ;
#413 = EDGE_CURVE ( 'NONE', #96, #410, #78, .T. ) ;
#414 = DIRECTION ( 'NONE',  ( 0.2588190451025162431, 0.000000000000000000, -0.9659258262890694224 ) ) ;
#415 = CIRCLE ( 'NONE', #465, 0.4999999999999997780 ) ;
#416 = CARTESIAN_POINT ( 'NONE',  ( 28.49999999999999289, 4.000000000000000000, 16.00000000000000000 ) ) ;
#417 = CIRCLE ( 'NONE', #1682, 12.50000000000000355 ) ;
#418 = CARTESIAN_POINT ( 'NONE',  ( 0.000000000000000000, 3.400000000000000355, -24.00000000000000000 ) ) ;
#419 = VERTEX_POINT ( 'NONE', #1514 ) ;
#420 = EDGE_LOOP ( 'NONE', ( #1304, #1465, #1087, #509, #1010 ) ) ;
#421 = FACE_OUTER_BOUND ( 'NONE', #673, .T. ) ;
#422 = EDGE_CURVE ( 'NONE', #1460, #74, #1654, .T. ) ;
#423 = DIRECTION ( 'NONE',  ( -0.000000000000000000, 1.000000000000000000, -0.000000000000000000 ) ) ;
#424 = CARTESIAN_POINT ( 'NONE',  ( -28.42280899545297501, 1.999999999999992673, 17.38701718175829924 ) ) ;
#425 = ORIENTED_EDGE ( 'NONE', *, *, #444, .T. ) ;
#426 = EDGE_LOOP ( 'NONE', ( #65, #1148, #345, #708 ) ) ;
#427 = ORIENTED_EDGE ( 'NONE', *, *, #505, .T. ) ;
#428 = LINE ( 'NONE', #1072, #1014 ) ;
#429 = DIRECTION ( 'NONE',  ( 0.9659258262890695335, 0.000000000000000000, 0.2588190451025162986 ) ) ;
#430 = DIRECTION ( 'NONE',  ( 0.000000000000000000, -1.000000000000000000, 0.000000000000000000 ) ) ;
#431 = DIRECTION ( 'NONE',  ( 0.000000000000000000, 1.000000000000000000, 0.000000000000000000 ) ) ;
#432 = ORIENTED_EDGE ( 'NONE', *, *, #1612, .T. ) ;
#433 = ORIENTED_EDGE ( 'NONE', *, *, #1394, .F. ) ;
#434 = EDGE_CURVE ( 'NONE', #865, #337, #651, .T. ) ;
#435 = EDGE_LOOP ( 'NONE', ( #684, #182, #261, #811, #594, #307, #827, #788, #163, #487 ) ) ;
#436 = VECTOR ( 'NONE', #1625, 1000.000000000000000 ) ;
#437 = CARTESIAN_POINT ( 'NONE',  ( -20.78460969082647480, 3.400000000000000355, 11.50000000000009948 ) ) ;
#438 = CARTESIAN_POINT ( 'NONE',  ( -30.25363476413721386, 3.700000000000000178, -2.500000000000000000 ) ) ;
#439 = CYLINDRICAL_SURFACE ( 'NONE', #351, 0.5000000000000004441 ) ;
#440 = AXIS2_PLACEMENT_3D ( 'NONE', #1156, #1692, #1427 ) ;
#441 = ORIENTED_EDGE ( 'NONE', *, *, #535, .T. ) ;
#442 = VECTOR ( 'NONE', #1334, 1000.000000000000114 ) ;
#443 = ORIENTED_EDGE ( 'NONE', *, *, #1263, .F. ) ;
#444 = EDGE_CURVE ( 'NONE', #1060, #822, #1397, .T. ) ;
#445 = PLANE ( 'NONE',  #273 ) ;
#446 = CARTESIAN_POINT ( 'NONE',  ( 28.49999999999999289, 3.400000000000000355, 16.00000000000000000 ) ) ;
#447 = LINE ( 'NONE', #698, #955 ) ;
#448 = ORIENTED_EDGE ( 'NONE', *, *, #1481, .F. ) ;
#449 = ORIENTED_EDGE ( 'NONE', *, *, #1638, .F. ) ;
#450 = CARTESIAN_POINT ( 'NONE',  ( 12.00000000000000000, 3.700000000000000178, -12.00000000000000000 ) ) ;
#451 = EDGE_CURVE ( 'NONE', #339, #138, #1685, .T. ) ;
#452 = EDGE_CURVE ( 'NONE', #1245, #943, #1017, .T. ) ;
#453 = DIRECTION ( 'NONE',  ( 0.000000000000000000, 0.000000000000000000, -1.000000000000000000 ) ) ;
#454 = DIRECTION ( 'NONE',  ( 0.2588190451025297323, 0.000000000000000000, 0.9659258262890658697 ) ) ;
#455 = ORIENTED_EDGE ( 'NONE', *, *, #413, .F. ) ;
#456 = VECTOR ( 'NONE', #613, 1000.000000000000000 ) ;
#457 = ORIENTED_EDGE ( 'NONE', *, *, #68, .F. ) ;
#458 = CARTESIAN_POINT ( 'NONE',  ( 15.99999999999999289, 0.000000000000000000, 16.00000000000000000 ) ) ;
#459 = VECTOR ( 'NONE', #1025, 1000.000000000000114 ) ;
#460 = EDGE_CURVE ( 'NONE', #801, #690, #1569, .T. ) ;
#461 = CARTESIAN_POINT ( 'NONE',  ( 15.99999999999999289, 4.000000000000000000, -15.99999999999999289 ) ) ;
#462 = ORIENTED_EDGE ( 'NONE', *, *, #1114, .T. ) ;
#463 = VECTOR ( 'NONE', #1333, 1000.000000000000227 ) ;
#464 = ORIENTED_EDGE ( 'NONE', *, *, #748, .F. ) ;
#465 = AXIS2_PLACEMENT_3D ( 'NONE', #1241, #55, #468 ) ;
#466 = CARTESIAN_POINT ( 'NONE',  ( 15.99999999999999289, 3.700000000000000178, -15.99999999999999289 ) ) ;
#467 = CARTESIAN_POINT ( 'NONE',  ( 0.000000000000000000, 3.400000000000000355, -24.00000000000000000 ) ) ;
#468 = DIRECTION ( 'NONE',  ( 0.8660254037844362651, 0.000000000000000000, -0.5000000000000041078 ) ) ;
#469 = EDGE_CURVE ( 'NONE', #567, #1460, #851, .T. ) ;
#470 = VERTEX_POINT ( 'NONE', #257 ) ;
#471 = CARTESIAN_POINT ( 'NONE',  ( 15.99999999999999289, 0.000000000000000000, 26.50000000000000000 ) ) ;
#472 = ORIENTED_EDGE ( 'NONE', *, *, #264, .T. ) ;
#473 = DIRECTION ( 'NONE',  ( -0.000000000000000000, 1.000000000000000000, -0.000000000000000000 ) ) ;
#474 = DIRECTION ( 'NONE',  ( -0.000000000000000000, 0.000000000000000000, 1.000000000000000000 ) ) ;
#475 = DIRECTION ( 'NONE',  ( -1.000000000000000000, 0.000000000000000000, 0.000000000000000000 ) ) ;
#476 = ORIENTED_EDGE ( 'NONE', *, *, #1049, .T. ) ;
#477 = AXIS2_PLACEMENT_3D ( 'NONE', #212, #353, #1409 ) ;
#478 = PLANE ( 'NONE',  #667 ) ;
#479 = AXIS2_PLACEMENT_3D ( 'NONE', #649, #1579, #399 ) ;
#480 = VERTEX_POINT ( 'NONE', #1313 ) ;
#481 = EDGE_CURVE ( 'NONE', #12, #986, #107, .T. ) ;
#482 = PRESENTATION_STYLE_ASSIGNMENT (( #621 ) ) ;
#483 = CARTESIAN_POINT ( 'NONE',  ( -16.00000000000000000, 4.000000000000000000, -15.99999999999999289 ) ) ;
#484 = CARTESIAN_POINT ( 'NONE',  ( 0.000000000000000000, 3.700000000000000178, 0.000000000000000000 ) ) ;
#485 = AXIS2_PLACEMENT_3D ( 'NONE', #1709, #1700, #523 ) ;
#486 = CARTESIAN_POINT ( 'NONE',  ( 28.49999999999999289, 4.000000000000000000, 9.932667397365817052 ) ) ;
#487 = ORIENTED_EDGE ( 'NONE', *, *, #1431, .F. ) ;
#488 = PLANE ( 'NONE',  #175 ) ;
#489 = ORIENTED_EDGE ( 'NONE', *, *, #434, .F. ) ;
#490 = AXIS2_PLACEMENT_3D ( 'NONE', #1402, #215, #1110 ) ;
#491 = MANIFOLD_SOLID_BREP ( 'CirPattern2', #732 ) ;
#492 = SURFACE_STYLE_FILL_AREA ( #639 ) ;
#493 = LINE ( 'NONE', #357, #358 ) ;
#494 = ADVANCED_FACE ( 'NONE', ( #889 ), #1433, .T. ) ;
#495 = DIRECTION ( 'NONE',  ( 0.000000000000000000, 0.000000000000000000, -1.000000000000000000 ) ) ;
#496 = VECTOR ( 'NONE', #1221, 1000.000000000000114 ) ;
#497 = CARTESIAN_POINT ( 'NONE',  ( -16.00000000000000000, 0.000000000000000000, -26.49999999999998934 ) ) ;
#498 = LINE ( 'NONE', #1164, #1591 ) ;
#499 = DIRECTION ( 'NONE',  ( 0.000000000000000000, 1.000000000000000000, 0.000000000000000000 ) ) ;
#500 = ORIENTED_EDGE ( 'NONE', *, *, #1153, .F. ) ;
#501 = DIRECTION ( 'NONE',  ( 0.8660254037844432595, 0.000000000000000000, 0.4999999999999919509 ) ) ;
#502 = VERTEX_POINT ( 'NONE', #247 ) ;
#503 = SHAPE_DEFINITION_REPRESENTATION ( #743, #1284 ) ;
#504 = CARTESIAN_POINT ( 'NONE',  ( 0.3535533905932737864, 3.400000000000000355, -24.35355339059327306 ) ) ;
#505 = EDGE_CURVE ( 'NONE', #1672, #1079, #364, .T. ) ;
#506 = EDGE_CURVE ( 'NONE', #855, #139, #704, .T. ) ;
#507 = LINE ( 'NONE', #1559, #93 ) ;
#508 =( NAMED_UNIT ( * ) PLANE_ANGLE_UNIT ( ) SI_UNIT ( $, .RADIAN. ) );
#509 = ORIENTED_EDGE ( 'NONE', *, *, #100, .T. ) ;
#510 = DIRECTION ( 'NONE',  ( 0.000000000000000000, 1.000000000000000000, 0.000000000000000000 ) ) ;
#511 = EDGE_LOOP ( 'NONE', ( #289, #769, #1388, #1141, #1518 ) ) ;
#512 = CARTESIAN_POINT ( 'NONE',  ( -16.00000000000000000, 1.999999999999994893, -28.49999999999999645 ) ) ;
#513 = CARTESIAN_POINT ( 'NONE',  ( 28.43279650222414645, 2.082462349429009318, 17.29756415219891963 ) ) ;
#514 = CARTESIAN_POINT ( 'NONE',  ( -20.78460969082647480, 3.400000000000000355, 12.00000000000009948 ) ) ;
#515 = ORIENTED_EDGE ( 'NONE', *, *, #763, .T. ) ;
#516 = ADVANCED_FACE ( 'NONE', ( #632 ), #652, .F. ) ;
#517 = CARTESIAN_POINT ( 'NONE',  ( 28.49999999999999289, 3.115771736150785287, 16.76576413923763198 ) ) ;
#518 = FACE_OUTER_BOUND ( 'NONE', #1586, .T. ) ;
#519 = FACE_OUTER_BOUND ( 'NONE', #179, .T. ) ;
#520 = ORIENTED_EDGE ( 'NONE', *, *, #1220, .F. ) ;
#521 = CARTESIAN_POINT ( 'NONE',  ( -1.423097038856222074, 0.000000000000000000, 2.464876375399886133 ) ) ;
#522 = CARTESIAN_POINT ( 'NONE',  ( 0.000000000000000000, 3.400000000000000355, -24.00000000000000000 ) ) ;
#523 = DIRECTION ( 'NONE',  ( -1.000000000000000000, 0.000000000000000000, 0.000000000000000000 ) ) ;
#524 = VECTOR ( 'NONE', #160, 1000.000000000000000 ) ;
#525 = EDGE_CURVE ( 'NONE', #602, #114, #1175, .T. ) ;
#526 = FACE_OUTER_BOUND ( 'NONE', #367, .T. ) ;
#527 = DIRECTION ( 'NONE',  ( 0.000000000000000000, 1.000000000000000000, 0.000000000000000000 ) ) ;
#528 = CARTESIAN_POINT ( 'NONE',  ( -28.50000000000000355, 3.400000000000000355, 16.00000000000000000 ) ) ;
#529 = DIRECTION ( 'NONE',  ( -1.000000000000000000, 0.000000000000000000, 0.000000000000000000 ) ) ;
#530 = DIRECTION ( 'NONE',  ( 0.2588190451025297323, 0.000000000000000000, 0.9659258262890658697 ) ) ;
#531 = ORIENTED_EDGE ( 'NONE', *, *, #481, .T. ) ;
#532 = ORIENTED_EDGE ( 'NONE', *, *, #274, .F. ) ;
#533 = AXIS2_PLACEMENT_3D ( 'NONE', #1475, #1063, #167 ) ;
#534 = ORIENTED_EDGE ( 'NONE', *, *, #823, .F. ) ;
#535 = EDGE_CURVE ( 'NONE', #329, #865, #910, .T. ) ;
#536 = CARTESIAN_POINT ( 'NONE',  ( -28.44987026500580996, 2.246194077712548864, 17.11836057893876273 ) ) ;
#537 = CIRCLE ( 'NONE', #1558, 0.5000000000000004441 ) ;
#538 = DIRECTION ( 'NONE',  ( -0.000000000000000000, 1.000000000000000000, -0.000000000000000000 ) ) ;
#539 = DIRECTION ( 'NONE',  ( 0.8660254037844362651, 0.000000000000000000, -0.5000000000000041078 ) ) ;
#540 = CARTESIAN_POINT ( 'NONE',  ( 20.78460969082663823, 3.400000000000000355, 12.49999999999980815 ) ) ;
#541 = AXIS2_PLACEMENT_3D ( 'NONE', #263, #1453, #235 ) ;
#542 = ORIENTED_EDGE ( 'NONE', *, *, #588, .F. ) ;
#543 =( GEOMETRIC_REPRESENTATION_CONTEXT ( 3 ) GLOBAL_UNCERTAINTY_ASSIGNED_CONTEXT ( ( #1530 ) ) GLOBAL_UNIT_ASSIGNED_CONTEXT ( ( #371, #508, #643 ) ) REPRESENTATION_CONTEXT ( 'NONE', 'WORKASPACE' ) );
#544 = ORIENTED_EDGE ( 'NONE', *, *, #1201, .T. ) ;
#545 = LINE ( 'NONE', #7, #569 ) ;
#546 = EDGE_CURVE ( 'NONE', #166, #876, #747, .T. ) ;
#547 = DIRECTION ( 'NONE',  ( 0.000000000000000000, 0.000000000000000000, 1.000000000000000000 ) ) ;
#548 = DIRECTION ( 'NONE',  ( 0.000000000000000000, -0.000000000000000000, -1.000000000000000000 ) ) ;
#549 = ORIENTED_EDGE ( 'NONE', *, *, #1515, .T. ) ;
#550 = VERTEX_POINT ( 'NONE', #94 ) ;
#551 = CARTESIAN_POINT ( 'NONE',  ( -16.00000000000000000, 0.000000000000000000, 26.50000000000000000 ) ) ;
#552 = EDGE_CURVE ( 'NONE', #1295, #419, #1147, .T. ) ;
#553 = CARTESIAN_POINT ( 'NONE',  ( 4.392304845413415038, 3.700000000000000178, 16.39230484541321786 ) ) ;
#554 = CARTESIAN_POINT ( 'NONE',  ( 28.49999999999999289, 4.000000000000000000, 16.00000000000000000 ) ) ;
#555 = ORIENTED_EDGE ( 'NONE', *, *, #1645, .T. ) ;
#556 = ORIENTED_EDGE ( 'NONE', *, *, #1111, .T. ) ;
#557 = CYLINDRICAL_SURFACE ( 'NONE', #1206, 12.50000000000000178 ) ;
#558 = DIRECTION ( 'NONE',  ( 0.000000000000000000, 0.000000000000000000, 1.000000000000000000 ) ) ;
#559 = FACE_OUTER_BOUND ( 'NONE', #394, .T. ) ;
#560 = EDGE_CURVE ( 'NONE', #1133, #1058, #1618, .T. ) ;
#561 = VERTEX_POINT ( 'NONE', #24 ) ;
#562 = CARTESIAN_POINT ( 'NONE',  ( -4.499999999999997335, 3.400000000000000355, -28.49999999999999645 ) ) ;
#563 = VECTOR ( 'NONE', #727, 1000.000000000000000 ) ;
#564 = CARTESIAN_POINT ( 'NONE',  ( -20.78460969082647480, 3.400000000000000355, 12.00000000000009948 ) ) ;
#565 = DIRECTION ( 'NONE',  ( 0.000000000000000000, 0.000000000000000000, 1.000000000000000000 ) ) ;
#566 = ORIENTED_EDGE ( 'NONE', *, *, #506, .F. ) ;
#567 = VERTEX_POINT ( 'NONE', #159 ) ;
#568 = ADVANCED_FACE ( 'NONE', ( #141 ), #1485, .F. ) ;
#569 = VECTOR ( 'NONE', #149, 1000.000000000000000 ) ;
#570 = ORIENTED_EDGE ( 'NONE', *, *, #397, .F. ) ;
#571 = EDGE_CURVE ( 'NONE', #1060, #1489, #1369, .T. ) ;
#572 = CARTESIAN_POINT ( 'NONE',  ( 0.3535533905932738419, 3.400000000000000355, -24.35355339059327306 ) ) ;
#573 = LINE ( 'NONE', #350, #1152 ) ;
#574 = DIRECTION ( 'NONE',  ( -0.7071067811865462405, 0.7071067811865489050, 0.000000000000000000 ) ) ;
#575 = ORIENTED_EDGE ( 'NONE', *, *, #255, .T. ) ;
#576 = VERTEX_POINT ( 'NONE', #1065 ) ;
#577 = DIRECTION ( 'NONE',  ( 0.000000000000000000, 0.000000000000000000, -1.000000000000000000 ) ) ;
#578 = ADVANCED_FACE ( 'NONE', ( #926 ), #951, .F. ) ;
#579 = VECTOR ( 'NONE', #741, 1000.000000000000000 ) ;
#580 = DIRECTION ( 'NONE',  ( -1.000000000000000000, 0.000000000000000000, -0.000000000000000000 ) ) ;
#581 = CARTESIAN_POINT ( 'NONE',  ( -28.50000000000000355, 4.000000000000000000, -15.99999999999999289 ) ) ;
#582 = ORIENTED_EDGE ( 'NONE', *, *, #311, .T. ) ;
#583 = VERTEX_POINT ( 'NONE', #1219 ) ;
#584 = CIRCLE ( 'NONE', #669, 12.50000000000000355 ) ;
#585 = ORIENTED_EDGE ( 'NONE', *, *, #674, .T. ) ;
#586 = PLANE ( 'NONE',  #1436 ) ;
#587 = VECTOR ( 'NONE', #1083, 1000.000000000000000 ) ;
#588 = EDGE_CURVE ( 'NONE', #965, #943, #794, .T. ) ;
#589 = COLOUR_RGB ( '',0.8980392156862745390, 0.9176470588235293713, 0.9294117647058823817 ) ;
#590 = DIRECTION ( 'NONE',  ( 0.000000000000000000, 1.000000000000000000, 0.000000000000000000 ) ) ;
#591 = ORIENTED_EDGE ( 'NONE', *, *, #481, .F. ) ;
#592 = VECTOR ( 'NONE', #238, 1000.000000000000114 ) ;
#593 = LINE ( 'NONE', #1002, #579 ) ;
#594 = ORIENTED_EDGE ( 'NONE', *, *, #901, .F. ) ;
#595 = CONICAL_SURFACE ( 'NONE', #217, 12.50000000000000355, 0.7853981633974517207 ) ;
#596 = DIRECTION ( 'NONE',  ( 1.000000000000000000, -0.000000000000000000, 0.000000000000000000 ) ) ;
#597 = DIRECTION ( 'NONE',  ( 0.000000000000000000, 0.000000000000000000, -1.000000000000000000 ) ) ;
#598 = DIRECTION ( 'NONE',  ( -0.000000000000000000, 1.000000000000000000, -0.000000000000000000 ) ) ;
#599 = ORIENTED_EDGE ( 'NONE', *, *, #1588, .F. ) ;
#600 = EDGE_CURVE ( 'NONE', #876, #12, #659, .T. ) ;
#601 = CARTESIAN_POINT ( 'NONE',  ( 0.000000000000000000, 3.400000000000000355, 0.4999999999999997780 ) ) ;
#602 = VERTEX_POINT ( 'NONE', #937 ) ;
#603 = PRODUCT ( 'piezo-top-plate-square-1d', 'piezo-top-plate-square-1d', '', ( #1277 ) ) ;
#604 = FACE_OUTER_BOUND ( 'NONE', #31, .T. ) ;
#605 = CARTESIAN_POINT ( 'NONE',  ( 0.000000000000000000, 3.400000000000000355, -24.00000000000000000 ) ) ;
#606 = CARTESIAN_POINT ( 'NONE',  ( 24.34909239326740149, 3.400000000000000355, 25.30283054820866440 ) ) ;
#607 = FACE_OUTER_BOUND ( 'NONE', #50, .T. ) ;
#608 = ORIENTED_EDGE ( 'NONE', *, *, #1177, .T. ) ;
#609 = EDGE_CURVE ( 'NONE', #178, #402, #903, .T. ) ;
#610 = CARTESIAN_POINT ( 'NONE',  ( 26.96971337438290917, 0.6577806767895316709, 18.09793340890882618 ) ) ;
#611 = ORIENTED_EDGE ( 'NONE', *, *, #711, .F. ) ;
#612 = APPLICATION_PROTOCOL_DEFINITION ( 'draft international standard', 'automotive_design', 1998, #1172 ) ;
#613 = DIRECTION ( 'NONE',  ( -0.000000000000000000, 1.000000000000000000, -0.000000000000000000 ) ) ;
#614 = CARTESIAN_POINT ( 'NONE',  ( -16.00000000000000000, 3.700000000000000178, -15.99999999999999289 ) ) ;
#615 = VERTEX_POINT ( 'NONE', #803 ) ;
#616 = AXIS2_PLACEMENT_3D ( 'NONE', #1323, #882, #1702 ) ;
#617 = CARTESIAN_POINT ( 'NONE',  ( -28.50000000000000355, 4.000000000000000000, 16.00000000000000000 ) ) ;
#618 = ORIENTED_EDGE ( 'NONE', *, *, #134, .T. ) ;
#619 = PRESENTATION_LAYER_ASSIGNMENT (  '', '', ( #1041 ) ) ;
#620 = EDGE_CURVE ( 'NONE', #1488, #808, #836, .T. ) ;
#621 = SURFACE_STYLE_USAGE ( .BOTH. , #898 ) ;
#622 = ADVANCED_FACE ( 'NONE', ( #1454 ), #631, .F. ) ;
#623 = CARTESIAN_POINT ( 'NONE',  ( 0.000000000000000000, 3.400000000000000355, -23.50000000000000000 ) ) ;
#624 = PRESENTATION_STYLE_ASSIGNMENT (( #105 ) ) ;
#625 = VERTEX_POINT ( 'NONE', #1550 ) ;
#626 = LINE ( 'NONE', #108, #151 ) ;
#627 = ORIENTED_EDGE ( 'NONE', *, *, #369, .F. ) ;
#628 = CARTESIAN_POINT ( 'NONE',  ( 15.99999999999999289, 4.000000000000000000, 16.00000000000000000 ) ) ;
#629 = DIRECTION ( 'NONE',  ( -0.000000000000000000, 1.000000000000000000, -0.000000000000000000 ) ) ;
#630 = EDGE_CURVE ( 'NONE', #502, #808, #498, .T. ) ;
#631 = CYLINDRICAL_SURFACE ( 'NONE', #234, 0.5000000000000004441 ) ;
#632 = FACE_OUTER_BOUND ( 'NONE', #749, .T. ) ;
#633 = CARTESIAN_POINT ( 'NONE',  ( -20.91401921337773473, 3.400000000000000355, 12.48296291314463424 ) ) ;
#634 = EDGE_LOOP ( 'NONE', ( #1131, #534, #1288, #352 ) ) ;
#635 = DIRECTION ( 'NONE',  ( -0.3535533905932701226, 0.7071067811865433539, 0.6123724356958014647 ) ) ;
#636 = PLANE ( 'NONE',  #1226 ) ;
#637 = ORIENTED_EDGE ( 'NONE', *, *, #1431, .T. ) ;
#638 = AXIS2_PLACEMENT_3D ( 'NONE', #262, #781, #73 ) ;
#639 = FILL_AREA_STYLE ('',( #877 ) ) ;
#640 = DIRECTION ( 'NONE',  ( 0.000000000000000000, 1.000000000000000000, 0.000000000000000000 ) ) ;
#641 = CARTESIAN_POINT ( 'NONE',  ( -16.00000000000000000, 1.999999999999991340, 28.50000000000000355 ) ) ;
#642 = ADVANCED_FACE ( 'NONE', ( #888 ), #379, .F. ) ;
#643 =( NAMED_UNIT ( * ) SI_UNIT ( $, .STERADIAN. ) SOLID_ANGLE_UNIT ( ) );
#644 = ORIENTED_EDGE ( 'NONE', *, *, #881, .T. ) ;
#645 = FACE_OUTER_BOUND ( 'NONE', #1626, .T. ) ;
#646 = DIRECTION ( 'NONE',  ( 1.049727191138618326E-16, 0.5150380749100547106, -0.8571673007021120005 ) ) ;
#647 = ORIENTED_EDGE ( 'NONE', *, *, #956, .F. ) ;
#648 = AXIS2_PLACEMENT_3D ( 'NONE', #393, #1560, #380 ) ;
#649 = CARTESIAN_POINT ( 'NONE',  ( 0.000000000000000000, 3.400000000000000355, -24.00000000000000000 ) ) ;
#650 = FACE_OUTER_BOUND ( 'NONE', #726, .T. ) ;
#651 = CIRCLE ( 'NONE', #1266, 12.50000000000000355 ) ;
#652 = PLANE ( 'NONE',  #616 ) ;
#653 = CARTESIAN_POINT ( 'NONE',  ( 15.99999999999999289, 4.000000000000000000, -15.99999999999999289 ) ) ;
#654 = CARTESIAN_POINT ( 'NONE',  ( 15.99999999999999289, 1.999999999999994893, -28.49999999999999645 ) ) ;
#655 = EDGE_CURVE ( 'NONE', #986, #155, #507, .T. ) ;
#656 = ORIENTED_EDGE ( 'NONE', *, *, #783, .F. ) ;
#657 = ORIENTED_EDGE ( 'NONE', *, *, #982, .T. ) ;
#658 = LINE ( 'NONE', #528, #793 ) ;
#659 = LINE ( 'NONE', #1192, #1650 ) ;
#660 = LINE ( 'NONE', #961, #1606 ) ;
#661 = CARTESIAN_POINT ( 'NONE',  ( 28.49999999999999289, 1.999999999999994893, 16.00000000000000000 ) ) ;
#662 = DIRECTION ( 'NONE',  ( 0.000000000000000000, -0.6546536707079746442, 0.7559289460184566156 ) ) ;
#663 = ORIENTED_EDGE ( 'NONE', *, *, #198, .T. ) ;
#664 = EDGE_CURVE ( 'NONE', #1542, #1108, #1015, .T. ) ;
#665 = ORIENTED_EDGE ( 'NONE', *, *, #1114, .F. ) ;
#666 = ORIENTED_EDGE ( 'NONE', *, *, #1381, .T. ) ;
#667 = AXIS2_PLACEMENT_3D ( 'NONE', #1533, #510, #1028 ) ;
#668 = CARTESIAN_POINT ( 'NONE',  ( -20.78460969082647480, 3.400000000000000355, 12.00000000000009948 ) ) ;
#669 = AXIS2_PLACEMENT_3D ( 'NONE', #755, #92, #1290 ) ;
#670 = CARTESIAN_POINT ( 'NONE',  ( 20.78460969082663823, 3.700000000000000178, 11.99999999999980815 ) ) ;
#671 = EDGE_LOOP ( 'NONE', ( #1364, #125, #365, #449, #681, #809 ) ) ;
#672 = ORIENTED_EDGE ( 'NONE', *, *, #186, .T. ) ;
#673 = EDGE_LOOP ( 'NONE', ( #1139, #724, #489, #1655, #1217, #13, #515, #1307 ) ) ;
#674 = EDGE_CURVE ( 'NONE', #1432, #1245, #1421, .T. ) ;
#675 = LINE ( 'NONE', #934, #1543 ) ;
#676 = EDGE_CURVE ( 'NONE', #561, #96, #1154, .T. ) ;
#677 =( GEOMETRIC_REPRESENTATION_CONTEXT ( 3 ) GLOBAL_UNCERTAINTY_ASSIGNED_CONTEXT ( ( #95 ) ) GLOBAL_UNIT_ASSIGNED_CONTEXT ( ( #905, #736, #388 ) ) REPRESENTATION_CONTEXT ( 'NONE', 'WORKASPACE' ) );
#678 = DIRECTION ( 'NONE',  ( 0.000000000000000000, 1.000000000000000000, 0.000000000000000000 ) ) ;
#679 = AXIS2_PLACEMENT_3D ( 'NONE', #61, #86, #210 ) ;
#680 = CARTESIAN_POINT ( 'NONE',  ( 15.99999999999999289, 4.000000000000000000, 28.50000000000000355 ) ) ;
#681 = ORIENTED_EDGE ( 'NONE', *, *, #369, .T. ) ;
#682 = ORIENTED_EDGE ( 'NONE', *, *, #174, .F. ) ;
#683 = APPLICATION_CONTEXT ( 'automotive_design' ) ;
#684 = ORIENTED_EDGE ( 'NONE', *, *, #1442, .T. ) ;
#685 = ORIENTED_EDGE ( 'NONE', *, *, #571, .F. ) ;
#686 = DIRECTION ( 'NONE',  ( 0.8660254037844362651, 0.000000000000000000, -0.5000000000000041078 ) ) ;
#687 = EDGE_CURVE ( 'NONE', #222, #954, #1412, .T. ) ;
#688 = DIRECTION ( 'NONE',  ( -0.000000000000000000, 1.000000000000000000, -0.000000000000000000 ) ) ;
#689 = CARTESIAN_POINT ( 'NONE',  ( 28.42280899545302475, 1.999999999999992228, 17.38701718175778055 ) ) ;
#690 = VERTEX_POINT ( 'NONE', #1396 ) ;
#691 = EDGE_LOOP ( 'NONE', ( #464, #666, #556, #1503 ) ) ;
#692 = CARTESIAN_POINT ( 'NONE',  ( -28.44181727618807187, 2.164530233272290882, 17.20800846881835255 ) ) ;
#693 = AXIS2_PLACEMENT_3D ( 'NONE', #4, #1048, #548 ) ;
#694 = CARTESIAN_POINT ( 'NONE',  ( -0.2999999999999808376, 2.246194077712548864, 0.5196152422706733498 ) ) ;
#695 = CIRCLE ( 'NONE', #1375, 12.50000000000000178 ) ;
#696 = EDGE_CURVE ( 'NONE', #502, #29, #695, .T. ) ;
#697 = DIRECTION ( 'NONE',  ( 0.000000000000000000, 1.000000000000000000, 0.000000000000000000 ) ) ;
#698 = CARTESIAN_POINT ( 'NONE',  ( 20.78460969082663823, 3.400000000000000355, 11.99999999999980815 ) ) ;
#699 = EDGE_LOOP ( 'NONE', ( #799, #37, #457, #883 ) ) ;
#700 = ORIENTED_EDGE ( 'NONE', *, *, #239, .T. ) ;
#701 = AXIS2_PLACEMENT_3D ( 'NONE', #484, #244, #1033 ) ;
#702 = PRESENTATION_LAYER_ASSIGNMENT (  '', '', ( #1462 ) ) ;
#703 = CARTESIAN_POINT ( 'NONE',  ( 15.99999999999999289, 0.000000000000000000, 16.00000000000000000 ) ) ;
#704 = CIRCLE ( 'NONE', #648, 0.5000000000000004441 ) ;
#705 = CONICAL_SURFACE ( 'NONE', #1264, 0.4999999999999997780, 1.029744258676653867 ) ;
#706 = DIRECTION ( 'NONE',  ( 0.000000000000000000, 0.000000000000000000, 1.000000000000000000 ) ) ;
#707 = DIRECTION ( 'NONE',  ( 0.000000000000000000, 0.000000000000000000, 1.000000000000000000 ) ) ;
#708 = ORIENTED_EDGE ( 'NONE', *, *, #311, .F. ) ;
#709 = EDGE_LOOP ( 'NONE', ( #20, #970, #949 ) ) ;
#710 = VECTOR ( 'NONE', #193, 1000.000000000000000 ) ;
#711 = EDGE_CURVE ( 'NONE', #408, #1123, #784, .T. ) ;
#712 = AXIS2_PLACEMENT_3D ( 'NONE', #1340, #1623, #814 ) ;
#713 = ORIENTED_EDGE ( 'NONE', *, *, #600, .T. ) ;
#714 = VECTOR ( 'NONE', #1185, 1000.000000000000227 ) ;
#715 = DIRECTION ( 'NONE',  ( 0.000000000000000000, 0.000000000000000000, 1.000000000000000000 ) ) ;
#716 = CARTESIAN_POINT ( 'NONE',  ( 0.000000000000000000, 3.700000000000000178, 0.4999999999999994449 ) ) ;
#717 = DIRECTION ( 'NONE',  ( 1.000000000000000000, 0.000000000000000000, -0.000000000000000000 ) ) ;
#718 = ORIENTED_EDGE ( 'NONE', *, *, #1547, .F. ) ;
#719 = VERTEX_POINT ( 'NONE', #1120 ) ;
#720 = EDGE_CURVE ( 'NONE', #1123, #1245, #1456, .T. ) ;
#721 = FACE_OUTER_BOUND ( 'NONE', #1339, .T. ) ;
#722 = DIRECTION ( 'NONE',  ( 0.000000000000000000, 1.000000000000000000, 0.000000000000000000 ) ) ;
#723 = CARTESIAN_POINT ( 'NONE',  ( -26.21667700601138762, 0.000000000000000000, 18.42270736054485170 ) ) ;
#724 = ORIENTED_EDGE ( 'NONE', *, *, #1074, .T. ) ;
#725 = LINE ( 'NONE', #1158, #122 ) ;
#726 = EDGE_LOOP ( 'NONE', ( #1197, #343, #566, #762, #1101, #1622, #759, #718, #1687 ) ) ;
#727 = DIRECTION ( 'NONE',  ( -0.6546536707079699813, 0.6546536707079775308, 0.3779644730092386884 ) ) ;
#728 = CARTESIAN_POINT ( 'NONE',  ( -28.42280899545297501, 1.999999999999992673, 17.38701718175829924 ) ) ;
#729 = ADVANCED_FACE ( 'NONE', ( #604 ), #368, .T. ) ;
#730 = LINE ( 'NONE', #486, #245 ) ;
#731 = ORIENTED_EDGE ( 'NONE', *, *, #571, .T. ) ;
#732 = CLOSED_SHELL ( 'NONE', ( #1506, #1246, #917, #1163, #829, #1161, #936, #1470, #1665, #516, #1675, #948, #1274, #1121, #1656, #729, #1426, #848, #123, #385, #1186, #80, #23, #810, #143, #1130, #1536, #277, #1387, #1337, #1368, #324, #1039, #494, #11, #1403, #738, #99, #403, #1679, #1610, #1095, #879, #1004, #622, #642, #5, #1573, #988, #578, #568, #207, #318 ) ) ;
#733 = DIRECTION ( 'NONE',  ( 0.000000000000000000, 0.5150380749100547106, 0.8571673007021120005 ) ) ;
#734 = ORIENTED_EDGE ( 'NONE', *, *, #1515, .F. ) ;
#735 = VECTOR ( 'NONE', #1624, 1000.000000000000000 ) ;
#736 =( NAMED_UNIT ( * ) PLANE_ANGLE_UNIT ( ) SI_UNIT ( $, .RADIAN. ) );
#737 = FACE_OUTER_BOUND ( 'NONE', #1109, .T. ) ;
#738 = ADVANCED_FACE ( 'NONE', ( #1538 ), #216, .F. ) ;
#739 = LINE ( 'NONE', #1507, #985 ) ;
#740 = VERTEX_POINT ( 'NONE', #1520 ) ;
#741 = DIRECTION ( 'NONE',  ( 0.000000000000000000, 1.000000000000000000, 0.000000000000000000 ) ) ;
#742 = ORIENTED_EDGE ( 'NONE', *, *, #264, .F. ) ;
#743 = PRODUCT_DEFINITION_SHAPE ( 'NONE', 'NONE',  #317 ) ;
#744 = FACE_OUTER_BOUND ( 'NONE', #109, .T. ) ;
#745 = DIRECTION ( 'NONE',  ( -0.000000000000000000, -1.000000000000000000, -0.000000000000000000 ) ) ;
#746 = DIRECTION ( 'NONE',  ( -0.000000000000000000, 1.000000000000000000, -0.000000000000000000 ) ) ;
#747 = LINE ( 'NONE', #775, #870 ) ;
#748 = EDGE_CURVE ( 'NONE', #719, #1542, #537, .T. ) ;
#749 = EDGE_LOOP ( 'NONE', ( #1071, #549, #382, #857 ) ) ;
#750 = DIRECTION ( 'NONE',  ( -0.8660254037844363761, 0.000000000000000000, 0.5000000000000039968 ) ) ;
#751 = AXIS2_PLACEMENT_3D ( 'NONE', #6, #527, #1051 ) ;
#752 = EDGE_CURVE ( 'NONE', #1672, #1522, #341, .T. ) ;
#753 = EDGE_LOOP ( 'NONE', ( #1329, #1604, #933, #315 ) ) ;
#754 = DIRECTION ( 'NONE',  ( 0.000000000000000000, 0.000000000000000000, 1.000000000000000000 ) ) ;
#755 = CARTESIAN_POINT ( 'NONE',  ( 15.99999999999999289, 2.246194077712548864, 16.00000000000000000 ) ) ;
#756 = DIRECTION ( 'NONE',  ( 9.912705577010330480E-16, 0.000000000000000000, 1.000000000000000000 ) ) ;
#757 = CARTESIAN_POINT ( 'NONE',  ( 0.000000000000000000, 3.400000000000000355, 0.000000000000000000 ) ) ;
#758 = CARTESIAN_POINT ( 'NONE',  ( -4.163336342344337027E-14, 4.450715504129640010, -1.852741754924844830 ) ) ;
#759 = ORIENTED_EDGE ( 'NONE', *, *, #87, .T. ) ;
#760 = DIRECTION ( 'NONE',  ( 0.000000000000000000, 1.000000000000000000, 0.000000000000000000 ) ) ;
#761 = CARTESIAN_POINT ( 'NONE',  ( -27.22497216032182621, 4.000000000000000000, -21.50000000000000000 ) ) ;
#762 = ORIENTED_EDGE ( 'NONE', *, *, #1562, .T. ) ;
#763 = EDGE_CURVE ( 'NONE', #1489, #1410, #584, .T. ) ;
#764 = PLANE ( 'NONE',  #332 ) ;
#765 = VECTOR ( 'NONE', #547, 1000.000000000000000 ) ;
#766 = DIRECTION ( 'NONE',  ( 0.000000000000000000, 0.6546536707079804174, 0.7559289460184516196 ) ) ;
#767 = CARTESIAN_POINT ( 'NONE',  ( 0.000000000000000000, 3.400000000000000355, 0.000000000000000000 ) ) ;
#768 = DIRECTION ( 'NONE',  ( 0.000000000000000000, 0.000000000000000000, 1.000000000000000000 ) ) ;
#769 = ORIENTED_EDGE ( 'NONE', *, *, #1299, .T. ) ;
#770 = CARTESIAN_POINT ( 'NONE',  ( 0.000000000000000000, 3.700000000000000178, -24.00000000000000000 ) ) ;
#771 = ORIENTED_EDGE ( 'NONE', *, *, #1347, .T. ) ;
#772 = EDGE_CURVE ( 'NONE', #740, #502, #208, .T. ) ;
#773 = DIRECTION ( 'NONE',  ( 0.000000000000000000, 0.000000000000000000, 1.000000000000000000 ) ) ;
#774 = CARTESIAN_POINT ( 'NONE',  ( -16.00000000000000000, 0.000000000000000000, -15.99999999999999289 ) ) ;
#775 = CARTESIAN_POINT ( 'NONE',  ( -24.34909239326704622, 4.000000000000000000, 25.30283054820899125 ) ) ;
#776 = ORIENTED_EDGE ( 'NONE', *, *, #68, .T. ) ;
#777 = CARTESIAN_POINT ( 'NONE',  ( 26.49999999999997868, 0.000000000000000000, 12.01328029965823418 ) ) ;
#778 = ORIENTED_EDGE ( 'NONE', *, *, #1016, .F. ) ;
#779 = CIRCLE ( 'NONE', #861, 0.4999999999999997780 ) ;
#780 = DIRECTION ( 'NONE',  ( 0.000000000000000000, 0.000000000000000000, 1.000000000000000000 ) ) ;
#781 = DIRECTION ( 'NONE',  ( 0.000000000000000000, 1.000000000000000000, 0.000000000000000000 ) ) ;
#782 = CARTESIAN_POINT ( 'NONE',  ( -0.6000000000000041966, 2.246194077712548864, -28.49999999999998934 ) ) ;
#783 = EDGE_CURVE ( 'NONE', #1374, #801, #102, .T. ) ;
#784 = B_SPLINE_CURVE_WITH_KNOTS ( 'NONE', 3,
 ( #69, #998, #85, #728 ),
 .UNSPECIFIED., .F., .F.,
 ( 4, 4 ),
 ( 0.000000000000000000, 0.003152724615514710359 ),
 .UNSPECIFIED. ) ;
#785 = CARTESIAN_POINT ( 'NONE',  ( 6.123233995736759873E-17, 3.700000000000000178, -0.4999999999999994449 ) ) ;
#786 = PLANE ( 'NONE',  #693 ) ;
#787 = LINE ( 'NONE', #798, #874 ) ;
#788 = ORIENTED_EDGE ( 'NONE', *, *, #1451, .T. ) ;
#789 = EDGE_LOOP ( 'NONE', ( #611, #931, #585, #840 ) ) ;
#790 =( GEOMETRIC_REPRESENTATION_CONTEXT ( 3 ) GLOBAL_UNCERTAINTY_ASSIGNED_CONTEXT ( ( #890 ) ) GLOBAL_UNIT_ASSIGNED_CONTEXT ( ( #1450, #1270, #223 ) ) REPRESENTATION_CONTEXT ( 'NONE', 'WORKASPACE' ) );
#791 = ORIENTED_EDGE ( 'NONE', *, *, #100, .F. ) ;
#792 = DIRECTION ( 'NONE',  ( 0.000000000000000000, 0.6546536707079804174, 0.7559289460184516196 ) ) ;
#793 = VECTOR ( 'NONE', #310, 1000.000000000000000 ) ;
#794 = LINE ( 'NONE', #1590, #463 ) ;
#795 = EDGE_CURVE ( 'NONE', #1460, #690, #1262, .T. ) ;
#796 = CARTESIAN_POINT ( 'NONE',  ( -27.22497216032182621, 4.000000000000000000, -21.50000000000000000 ) ) ;
#797 = DIRECTION ( 'NONE',  ( -0.000000000000000000, -1.000000000000000000, 0.000000000000000000 ) ) ;
#798 = CARTESIAN_POINT ( 'NONE',  ( 28.49999999999999289, 4.000000000000000000, -2.499999999999998668 ) ) ;
#799 = ORIENTED_EDGE ( 'NONE', *, *, #630, .T. ) ;
#800 = ORIENTED_EDGE ( 'NONE', *, *, #1301, .F. ) ;
#801 = VERTEX_POINT ( 'NONE', #1144 ) ;
#802 = CARTESIAN_POINT ( 'NONE',  ( 15.99999999999999289, 4.000000000000000000, 16.00000000000000000 ) ) ;
#803 = CARTESIAN_POINT ( 'NONE',  ( -28.50000000000000355, 2.246194077712548864, 16.00000000000000355 ) ) ;
#804 = PRODUCT_DEFINITION_CONTEXT ( 'detailed design', #1172, 'design' ) ;
#805 = CARTESIAN_POINT ( 'NONE',  ( 7.115824992460010101, 2.246194077712548864, -4.801143797930645718 ) ) ;
#806 = EDGE_CURVE ( 'NONE', #1215, #1634, #1555, .T. ) ;
#807 = LINE ( 'NONE', #1343, #1254 ) ;
#808 = VERTEX_POINT ( 'NONE', #868 ) ;
#809 = ORIENTED_EDGE ( 'NONE', *, *, #901, .T. ) ;
#810 = ADVANCED_FACE ( 'NONE', ( #737 ), #899, .F. ) ;
#811 = ORIENTED_EDGE ( 'NONE', *, *, #837, .T. ) ;
#812 = ORIENTED_EDGE ( 'NONE', *, *, #892, .F. ) ;
#813 = VECTOR ( 'NONE', #530, 1000.000000000000114 ) ;
#814 = DIRECTION ( 'NONE',  ( 0.000000000000000000, 0.000000000000000000, 1.000000000000000000 ) ) ;
#815 = VECTOR ( 'NONE', #597, 1000.000000000000000 ) ;
#816 = CARTESIAN_POINT ( 'NONE',  ( -0.5142857142857206743, 2.331908363426832054, -0.2969229955832537460 ) ) ;
#817 = CARTESIAN_POINT ( 'NONE',  ( -16.00000000000000000, 1.999999999999994893, -15.99999999999999289 ) ) ;
#818 = DIRECTION ( 'NONE',  ( -0.8660254037844363761, 0.000000000000000000, 0.5000000000000039968 ) ) ;
#819 = ORIENTED_EDGE ( 'NONE', *, *, #525, .F. ) ;
#820 = VECTOR ( 'NONE', #826, 1000.000000000000000 ) ;
#821 = ORIENTED_EDGE ( 'NONE', *, *, #1629, .T. ) ;
#822 = VERTEX_POINT ( 'NONE', #1183 ) ;
#823 = EDGE_CURVE ( 'NONE', #1502, #1295, #1670, .T. ) ;
#824 = CARTESIAN_POINT ( 'NONE',  ( -16.00000000000000000, 0.000000000000000000, 16.00000000000000000 ) ) ;
#825 = CARTESIAN_POINT ( 'NONE',  ( 0.000000000000000000, 3.400000000000000355, 0.000000000000000000 ) ) ;
#826 = DIRECTION ( 'NONE',  ( -0.000000000000000000, -1.000000000000000000, -0.000000000000000000 ) ) ;
#827 = ORIENTED_EDGE ( 'NONE', *, *, #1142, .T. ) ;
#828 = CARTESIAN_POINT ( 'NONE',  ( -28.42280899545297501, 1.999999999999992673, 17.38701718175829924 ) ) ;
#829 = ADVANCED_FACE ( 'NONE', ( #1160 ), #1171, .F. ) ;
#830 = DIRECTION ( 'NONE',  ( 0.000000000000000000, 0.000000000000000000, 1.000000000000000000 ) ) ;
#831 = CARTESIAN_POINT ( 'NONE',  ( -16.00000000000000000, 2.246194077712548864, -28.49999999999999645 ) ) ;
#832 = ORIENTED_EDGE ( 'NONE', *, *, #346, .T. ) ;
#833 = ORIENTED_EDGE ( 'NONE', *, *, #1537, .F. ) ;
#834 = ORIENTED_EDGE ( 'NONE', *, *, #720, .T. ) ;
#835 = CARTESIAN_POINT ( 'NONE',  ( 0.5999999999999957589, 2.246194077712548864, -1.387778780781445676E-14 ) ) ;
#836 = CIRCLE ( 'NONE', #378, 10.49999999999999467 ) ;
#837 = EDGE_CURVE ( 'NONE', #1215, #148, #111, .T. ) ;
#838 = DIRECTION ( 'NONE',  ( 0.000000000000000000, -0.000000000000000000, 1.000000000000000000 ) ) ;
#839 = FACE_OUTER_BOUND ( 'NONE', #1365, .T. ) ;
#840 = ORIENTED_EDGE ( 'NONE', *, *, #720, .F. ) ;
#841 = ORIENTED_EDGE ( 'NONE', *, *, #783, .T. ) ;
#842 = VECTOR ( 'NONE', #112, 1000.000000000000000 ) ;
#843 = CARTESIAN_POINT ( 'NONE',  ( 28.49999999999999645, 4.000000000000000000, -15.99999999999999289 ) ) ;
#844 = COLOUR_RGB ( '',0.8980392156862745390, 0.9176470588235293713, 0.9294117647058823817 ) ;
#845 = DIRECTION ( 'NONE',  ( 0.000000000000000000, 0.000000000000000000, -1.000000000000000000 ) ) ;
#846 = LINE ( 'NONE', #1385, #587 ) ;
#847 = CIRCLE ( 'NONE', #1541, 0.4999999999999997780 ) ;
#848 = ADVANCED_FACE ( 'NONE', ( #120 ), #1300, .T. ) ;
#849 = VERTEX_POINT ( 'NONE', #1031 ) ;
#850 = ORIENTED_EDGE ( 'NONE', *, *, #939, .T. ) ;
#851 = CIRCLE ( 'NONE', #1443, 12.50000000000000355 ) ;
#852 = CARTESIAN_POINT ( 'NONE',  ( -21.26757260397101135, 3.700000000000000178, 11.87059047744884133 ) ) ;
#853 = DIRECTION ( 'NONE',  ( 0.000000000000000000, 0.000000000000000000, 1.000000000000000000 ) ) ;
#854 = CYLINDRICAL_SURFACE ( 'NONE', #3, 0.5000000000000004441 ) ;
#855 = VERTEX_POINT ( 'NONE', #254 ) ;
#856 = ORIENTED_EDGE ( 'NONE', *, *, #506, .T. ) ;
#857 = ORIENTED_EDGE ( 'NONE', *, *, #1232, .F. ) ;
#858 = EDGE_CURVE ( 'NONE', #29, #222, #1320, .T. ) ;
#859 = LINE ( 'NONE', #1105, #1570 ) ;
#860 = DIRECTION ( 'NONE',  ( 0.000000000000000000, 0.000000000000000000, -1.000000000000000000 ) ) ;
#861 = AXIS2_PLACEMENT_3D ( 'NONE', #1309, #640, #1708 ) ;
#862 = DIRECTION ( 'NONE',  ( 0.000000000000000000, 0.000000000000000000, 1.000000000000000000 ) ) ;
#863 = EDGE_LOOP ( 'NONE', ( #1416, #1208, #1189, #1349 ) ) ;
#864 = FACE_OUTER_BOUND ( 'NONE', #863, .T. ) ;
#865 = VERTEX_POINT ( 'NONE', #1444 ) ;
#866 = DIRECTION ( 'NONE',  ( -0.000000000000000000, 1.000000000000000000, -0.000000000000000000 ) ) ;
#867 = EDGE_CURVE ( 'NONE', #977, #1571, #779, .T. ) ;
#868 = CARTESIAN_POINT ( 'NONE',  ( 26.49999999999998579, 0.000000000000000000, -15.99999999999999289 ) ) ;
#869 = CIRCLE ( 'NONE', #129, 0.5000000000000001110 ) ;
#870 = VECTOR ( 'NONE', #1582, 1000.000000000000000 ) ;
#871 = PLANE ( 'NONE',  #1211 ) ;
#872 = ORIENTED_EDGE ( 'NONE', *, *, #1212, .T. ) ;
#873 = AXIS2_PLACEMENT_3D ( 'NONE', #1688, #356, #1021 ) ;
#874 = VECTOR ( 'NONE', #280, 1000.000000000000000 ) ;
#875 = CARTESIAN_POINT ( 'NONE',  ( 28.49999999999999645, 3.700000000000000178, 9.932667397365817052 ) ) ;
#876 = VERTEX_POINT ( 'NONE', #916 ) ;
#877 = FILL_AREA_STYLE_COLOUR ( '', #844 ) ;
#878 = DIRECTION ( 'NONE',  ( -0.7071067811865435759, 0.7071067811865515695, 0.000000000000000000 ) ) ;
#879 = ADVANCED_FACE ( 'NONE', ( #1044 ), #130, .F. ) ;
#880 = FACE_OUTER_BOUND ( 'NONE', #435, .T. ) ;
#881 = EDGE_CURVE ( 'NONE', #1078, #396, #1088, .T. ) ;
#882 = DIRECTION ( 'NONE',  ( 0.000000000000000000, 0.000000000000000000, -1.000000000000000000 ) ) ;
#883 = ORIENTED_EDGE ( 'NONE', *, *, #696, .F. ) ;
#884 = DIRECTION ( 'NONE',  ( 0.000000000000000000, -1.000000000000000000, 0.000000000000000000 ) ) ;
#885 = ORIENTED_EDGE ( 'NONE', *, *, #1220, .T. ) ;
#886 = CARTESIAN_POINT ( 'NONE',  ( 0.000000000000000000, 3.400000000000000355, 0.000000000000000000 ) ) ;
#887 = CARTESIAN_POINT ( 'NONE',  ( 15.99999999999999289, 1.999999999999994893, -15.99999999999999289 ) ) ;
#888 = FACE_OUTER_BOUND ( 'NONE', #1223, .T. ) ;
#889 = FACE_OUTER_BOUND ( 'NONE', #699, .T. ) ;
#890 = UNCERTAINTY_MEASURE_WITH_UNIT (LENGTH_MEASURE( 1.000000000000000082E-05 ), #1450, 'distance_accuracy_value', 'NONE');
#891 = ORIENTED_EDGE ( 'NONE', *, *, #630, .F. ) ;
#892 = EDGE_CURVE ( 'NONE', #49, #181, #725, .T. ) ;
#893 = VECTOR ( 'NONE', #344, 999.9999999999998863 ) ;
#894 = CARTESIAN_POINT ( 'NONE',  ( -26.49999999999999645, 0.000000000000000000, -15.99999999999999289 ) ) ;
#895 = DIRECTION ( 'NONE',  ( 0.7071067811865474617, 0.000000000000000000, 0.7071067811865474617 ) ) ;
#896 = AXIS2_PLACEMENT_3D ( 'NONE', #1128, #474, #1689 ) ;
#897 = ORIENTED_EDGE ( 'NONE', *, *, #338, .T. ) ;
#898 = SURFACE_SIDE_STYLE ('',( #492 ) ) ;
#899 = PLANE ( 'NONE',  #293 ) ;
#900 = EDGE_LOOP ( 'NONE', ( #713, #531, #1437, #82, #1269, #1126, #570 ) ) ;
#901 = EDGE_CURVE ( 'NONE', #63, #148, #1564, .T. ) ;
#902 = CARTESIAN_POINT ( 'NONE',  ( 6.123233995736763571E-17, 3.400000000000000355, -0.4999999999999997780 ) ) ;
#903 = CIRCLE ( 'NONE', #1199, 12.50000000000000178 ) ;
#904 = ORIENTED_EDGE ( 'NONE', *, *, #1481, .T. ) ;
#905 =( LENGTH_UNIT ( ) NAMED_UNIT ( * ) SI_UNIT ( .MILLI., .METRE. ) );
#906 = CIRCLE ( 'NONE', #1073, 0.5000000000000004441 ) ;
#907 = DIRECTION ( 'NONE',  ( -0.3535533905932786158, 0.7071067811865435759, -0.6123724356957964687 ) ) ;
#908 = DIRECTION ( 'NONE',  ( -0.000000000000000000, -1.000000000000000000, -0.000000000000000000 ) ) ;
#909 = AXIS2_PLACEMENT_3D ( 'NONE', #514, #499, #1551 ) ;
#910 = LINE ( 'NONE', #1446, #1324 ) ;
#911 = VERTEX_POINT ( 'NONE', #875 ) ;
#912 = DIRECTION ( 'NONE',  ( 0.4472135954999619800, 0.4472135954999588714, 0.7745966692414805177 ) ) ;
#913 = DIRECTION ( 'NONE',  ( 0.000000000000000000, 1.000000000000000000, 0.000000000000000000 ) ) ;
#914 = EDGE_LOOP ( 'NONE', ( #433, #657, #1259, #1608, #731 ) ) ;
#915 = DIRECTION ( 'NONE',  ( -0.7071067811865435759, 0.7071067811865515695, 0.000000000000000000 ) ) ;
#916 = CARTESIAN_POINT ( 'NONE',  ( -24.34909239326705332, 3.400000000000000355, 25.30283054820899480 ) ) ;
#917 = ADVANCED_FACE ( 'NONE', ( #1695 ), #1673, .F. ) ;
#918 = FACE_OUTER_BOUND ( 'NONE', #1552, .T. ) ;
#919 = CARTESIAN_POINT ( 'NONE',  ( -16.00000000000000000, 1.999999999999991340, 28.50000000000000355 ) ) ;
#920 = DIRECTION ( 'NONE',  ( 0.000000000000000000, 1.000000000000000000, 0.000000000000000000 ) ) ;
#921 = CARTESIAN_POINT ( 'NONE',  ( -28.50000000000000355, 1.999999999999994893, 16.00000000000000000 ) ) ;
#922 = DIRECTION ( 'NONE',  ( -0.8660254037844425934, 0.000000000000000000, -0.4999999999999933942 ) ) ;
#923 = ORIENTED_EDGE ( 'NONE', *, *, #748, .T. ) ;
#924 = LINE ( 'NONE', #1191, #355 ) ;
#925 = EDGE_CURVE ( 'NONE', #251, #567, #1132, .T. ) ;
#926 = FACE_OUTER_BOUND ( 'NONE', #1517, .T. ) ;
#927 = CIRCLE ( 'NONE', #1045, 0.4999999999999997780 ) ;
#928 = DIRECTION ( 'NONE',  ( -0.000000000000000000, -1.000000000000000000, -0.000000000000000000 ) ) ;
#929 = CARTESIAN_POINT ( 'NONE',  ( -20.78460969082647480, 3.400000000000000355, 12.00000000000009948 ) ) ;
#930 = ORIENTED_EDGE ( 'NONE', *, *, #1381, .F. ) ;
#931 = ORIENTED_EDGE ( 'NONE', *, *, #1490, .F. ) ;
#932 = ORIENTED_EDGE ( 'NONE', *, *, #70, .T. ) ;
#933 = ORIENTED_EDGE ( 'NONE', *, *, #229, .T. ) ;
#934 = CARTESIAN_POINT ( 'NONE',  ( -28.50000000000000355, 4.000000000000000000, 16.00000000000000355 ) ) ;
#935 = CIRCLE ( 'NONE', #679, 12.50000000000000355 ) ;
#936 = ADVANCED_FACE ( 'NONE', ( #1430 ), #204, .F. ) ;
#937 = CARTESIAN_POINT ( 'NONE',  ( -26.49999999999999645, 0.000000000000000000, 12.01328029965875466 ) ) ;
#938 = VECTOR ( 'NONE', #1425, 1000.000000000000000 ) ;
#939 = EDGE_CURVE ( 'NONE', #1151, #1565, #374, .T. ) ;
#940 = DIRECTION ( 'NONE',  ( -0.000000000000000000, -1.000000000000000000, -0.000000000000000000 ) ) ;
#941 = CARTESIAN_POINT ( 'NONE',  ( 0.000000000000000000, 3.700000000000000178, -24.00000000000000000 ) ) ;
#942 = ORIENTED_EDGE ( 'NONE', *, *, #469, .T. ) ;
#943 = VERTEX_POINT ( 'NONE', #1297 ) ;
#944 = ORIENTED_EDGE ( 'NONE', *, *, #655, .F. ) ;
#945 = FACE_OUTER_BOUND ( 'NONE', #1103, .T. ) ;
#946 = LINE ( 'NONE', #416, #1493 ) ;
#947 = DIRECTION ( 'NONE',  ( -0.000000000000000000, 1.000000000000000000, -0.000000000000000000 ) ) ;
#948 = ADVANCED_FACE ( 'NONE', ( #366 ), #478, .F. ) ;
#949 = ORIENTED_EDGE ( 'NONE', *, *, #1413, .T. ) ;
#950 = DIRECTION ( 'NONE',  ( -0.000000000000000000, -1.000000000000000000, -0.000000000000000000 ) ) ;
#951 = PLANE ( 'NONE',  #1205 ) ;
#952 = CARTESIAN_POINT ( 'NONE',  ( -0.3535533905932738419, 3.400000000000000355, -24.35355339059327306 ) ) ;
#953 = LINE ( 'NONE', #1640, #436 ) ;
#954 = VERTEX_POINT ( 'NONE', #1666 ) ;
#955 = VECTOR ( 'NONE', #454, 1000.000000000000114 ) ;
#956 = EDGE_CURVE ( 'NONE', #114, #576, #221, .T. ) ;
#957 = ORIENTED_EDGE ( 'NONE', *, *, #412, .T. ) ;
#958 = CARTESIAN_POINT ( 'NONE',  ( -28.50000000000000355, 4.000000000000000000, 16.00000000000000000 ) ) ;
#959 = VECTOR ( 'NONE', #34, 1000.000000000000114 ) ;
#960 = AXIS2_PLACEMENT_3D ( 'NONE', #997, #473, #1505 ) ;
#961 = CARTESIAN_POINT ( 'NONE',  ( 26.49999999999998579, 0.000000000000000000, 16.00000000000000000 ) ) ;
#962 = CARTESIAN_POINT ( 'NONE',  ( 20.78460969082663823, 3.400000000000000355, 11.99999999999980815 ) ) ;
#963 = ORIENTED_EDGE ( 'NONE', *, *, #967, .F. ) ;
#964 = ORIENTED_EDGE ( 'NONE', *, *, #33, .T. ) ;
#965 = VERTEX_POINT ( 'NONE', #471 ) ;
#966 = CARTESIAN_POINT ( 'NONE',  ( 28.49999999999999645, 3.700000000000000178, -2.500000000000000000 ) ) ;
#967 = EDGE_CURVE ( 'NONE', #1030, #410, #593, .T. ) ;
#968 = CARTESIAN_POINT ( 'NONE',  ( -28.50000000000000355, 3.400000000000000355, 16.00000000000000355 ) ) ;
#969 = CYLINDRICAL_SURFACE ( 'NONE', #1260, 0.4999999999999995559 ) ;
#970 = ORIENTED_EDGE ( 'NONE', *, *, #40, .T. ) ;
#971 = ORIENTED_EDGE ( 'NONE', *, *, #1347, .F. ) ;
#972 = DIRECTION ( 'NONE',  ( -0.7071067811865474617, 0.000000000000000000, -0.7071067811865474617 ) ) ;
#973 = EDGE_CURVE ( 'NONE', #74, #1596, #1125, .T. ) ;
#974 = VECTOR ( 'NONE', #1567, 1000.000000000000000 ) ;
#975 = PLANE ( 'NONE',  #135 ) ;
#976 = DIRECTION ( 'NONE',  ( -0.000000000000000000, 1.000000000000000000, -0.000000000000000000 ) ) ;
#977 = VERTEX_POINT ( 'NONE', #1275 ) ;
#978 = ORIENTED_EDGE ( 'NONE', *, *, #1286, .F. ) ;
#979 = AXIS2_PLACEMENT_3D ( 'NONE', #1501, #320, #62 ) ;
#980 = DIRECTION ( 'NONE',  ( 0.000000000000000000, 1.000000000000000000, 0.000000000000000000 ) ) ;
#981 = VECTOR ( 'NONE', #972, 1000.000000000000114 ) ;
#982 = EDGE_CURVE ( 'NONE', #1176, #1386, #1581, .T. ) ;
#983 = VECTOR ( 'NONE', #1698, 1000.000000000000114 ) ;
#984 = DIRECTION ( 'NONE',  ( 0.000000000000000000, 0.000000000000000000, -1.000000000000000000 ) ) ;
#985 = VECTOR ( 'NONE', #590, 1000.000000000000000 ) ;
#986 = VERTEX_POINT ( 'NONE', #1523 ) ;
#987 = ORIENTED_EDGE ( 'NONE', *, *, #982, .F. ) ;
#988 = ADVANCED_FACE ( 'NONE', ( #240 ), #488, .F. ) ;
#989 = ORIENTED_EDGE ( 'NONE', *, *, #1499, .F. ) ;
#990 = CYLINDRICAL_SURFACE ( 'NONE', #960, 0.4999999999999995559 ) ;
#991 = CARTESIAN_POINT ( 'NONE',  ( 28.49999999999999289, 4.000000000000000000, 16.00000000000000000 ) ) ;
#992 = FACE_OUTER_BOUND ( 'NONE', #195, .T. ) ;
#993 = ORIENTED_EDGE ( 'NONE', *, *, #1142, .F. ) ;
#994 = EDGE_CURVE ( 'NONE', #166, #1706, #1258, .T. ) ;
#995 = CARTESIAN_POINT ( 'NONE',  ( 28.42280899545302475, 1.999999999999992228, 17.38701718175778055 ) ) ;
#996 = EDGE_LOOP ( 'NONE', ( #978, #1285, #1057, #637, #282, #1216, #834, #734 ) ) ;
#997 = CARTESIAN_POINT ( 'NONE',  ( 0.000000000000000000, 3.700000000000000178, 0.000000000000000000 ) ) ;
#998 = CARTESIAN_POINT ( 'NONE',  ( -26.96971337438282035, 0.6577806767895308937, 18.09793340890933422 ) ) ;
#999 = AXIS2_PLACEMENT_3D ( 'NONE', #1019, #1553, #895 ) ;
#1000 = DIRECTION ( 'NONE',  ( 0.000000000000000000, 1.000000000000000000, -0.000000000000000000 ) ) ;
#1001 = ORIENTED_EDGE ( 'NONE', *, *, #1024, .T. ) ;
#1002 = CARTESIAN_POINT ( 'NONE',  ( 27.22497216032181910, 4.000000000000000000, -21.50000000000000000 ) ) ;
#1003 = ORIENTED_EDGE ( 'NONE', *, *, #1153, .T. ) ;
#1004 = ADVANCED_FACE ( 'NONE', ( #864 ), #97, .F. ) ;
#1005 = CIRCLE ( 'NONE', #541, 0.5000000000000001110 ) ;
#1006 = DIRECTION ( 'NONE',  ( 0.000000000000000000, 0.000000000000000000, -1.000000000000000000 ) ) ;
#1007 = CARTESIAN_POINT ( 'NONE',  ( 15.99999999999999289, 1.999999999999991340, 16.00000000000000000 ) ) ;
#1008 = FACE_OUTER_BOUND ( 'NONE', #789, .T. ) ;
#1009 = VECTOR ( 'NONE', #596, 1000.000000000000000 ) ;
#1010 = ORIENTED_EDGE ( 'NONE', *, *, #525, .T. ) ;
#1011 = CARTESIAN_POINT ( 'NONE',  ( -4.499999999999995559, 4.000000000000000000, -28.49999999999999645 ) ) ;
#1012 = ORIENTED_EDGE ( 'NONE', *, *, #1049, .F. ) ;
#1013 = VECTOR ( 'NONE', #1342, 999.9999999999998863 ) ;
#1014 = VECTOR ( 'NONE', #792, 1000.000000000000114 ) ;
#1015 = LINE ( 'NONE', #504, #456 ) ;
#1016 = EDGE_CURVE ( 'NONE', #1018, #138, #626, .T. ) ;
#1017 = LINE ( 'NONE', #919, #938 ) ;
#1018 = VERTEX_POINT ( 'NONE', #902 ) ;
#1019 = CARTESIAN_POINT ( 'NONE',  ( -12.49999999999999645, 3.400000000000000355, -36.50000000000000000 ) ) ;
#1020 = VERTEX_POINT ( 'NONE', #203 ) ;
#1021 = DIRECTION ( 'NONE',  ( 1.000000000000000000, 0.000000000000000000, 0.000000000000000000 ) ) ;
#1022 = DIRECTION ( 'NONE',  ( -0.7071067811865489050, -0.7071067811865462405, 0.000000000000000000 ) ) ;
#1023 = CARTESIAN_POINT ( 'NONE',  ( 15.99999999999999289, 4.000000000000000000, -2.499999999999998668 ) ) ;
#1024 = EDGE_CURVE ( 'NONE', #1357, #1571, #1194, .T. ) ;
#1025 = DIRECTION ( 'NONE',  ( 0.8660254037844432595, 0.000000000000000000, 0.4999999999999919509 ) ) ;
#1026 = ORIENTED_EDGE ( 'NONE', *, *, #655, .T. ) ;
#1027 = FACE_OUTER_BOUND ( 'NONE', #64, .T. ) ;
#1028 = DIRECTION ( 'NONE',  ( 0.000000000000000000, -0.000000000000000000, 1.000000000000000000 ) ) ;
#1029 = VECTOR ( 'NONE', #1669, 1000.000000000000000 ) ;
#1030 = VERTEX_POINT ( 'NONE', #154 ) ;
#1031 = CARTESIAN_POINT ( 'NONE',  ( 20.91401921337790526, 3.700000000000000178, 12.48296291314434114 ) ) ;
#1032 = CIRCLE ( 'NONE', #1598, 12.50000000000000355 ) ;
#1033 = DIRECTION ( 'NONE',  ( 0.000000000000000000, -0.000000000000000000, -1.000000000000000000 ) ) ;
#1034 = CIRCLE ( 'NONE', #1143, 12.50000000000000355 ) ;
#1035 = CARTESIAN_POINT ( 'NONE',  ( 0.000000000000000000, 3.700000000000000178, 0.000000000000000000 ) ) ;
#1036 = ORIENTED_EDGE ( 'NONE', *, *, #1451, .F. ) ;
#1037 = DIRECTION ( 'NONE',  ( 0.000000000000000000, 1.000000000000000000, 0.000000000000000000 ) ) ;
#1038 = PLANE ( 'NONE',  #1681 ) ;
#1039 = ADVANCED_FACE ( 'NONE', ( #645 ), #636, .F. ) ;
#1040 = ORIENTED_EDGE ( 'NONE', *, *, #600, .F. ) ;
#1041 = STYLED_ITEM ( 'NONE', ( #482 ), #1284 ) ;
#1042 = CARTESIAN_POINT ( 'NONE',  ( 2.846194077712518311, 0.000000000000000000, -1.387778780781445676E-14 ) ) ;
#1043 = AXIS2_PLACEMENT_3D ( 'NONE', #461, #1000, #984 ) ;
#1044 = FACE_OUTER_BOUND ( 'NONE', #426, .T. ) ;
#1045 = AXIS2_PLACEMENT_3D ( 'NONE', #767, #391, #362 ) ;
#1046 = CARTESIAN_POINT ( 'NONE',  ( 28.42280899545302475, 1.999999999999992228, 17.38701718175778055 ) ) ;
#1047 = CARTESIAN_POINT ( 'NONE',  ( 15.99999999999999289, 1.999999999999994893, -15.99999999999999289 ) ) ;
#1048 = DIRECTION ( 'NONE',  ( 0.000000000000000000, -1.000000000000000000, 0.000000000000000000 ) ) ;
#1049 = EDGE_CURVE ( 'NONE', #1706, #12, #250, .T. ) ;
#1050 = ORIENTED_EDGE ( 'NONE', *, *, #452, .F. ) ;
#1051 = DIRECTION ( 'NONE',  ( -0.8660254037844425934, 0.000000000000000000, -0.4999999999999933942 ) ) ;
#1052 = DIRECTION ( 'NONE',  ( -0.9659258262890695335, 0.000000000000000000, -0.2588190451025162431 ) ) ;
#1053 = DIRECTION ( 'NONE',  ( -0.6546536707079820827, -0.6546536707079796402, -0.3779644730092142635 ) ) ;
#1054 = CIRCLE ( 'NONE', #533, 12.50000000000000355 ) ;
#1055 = DIRECTION ( 'NONE',  ( -0.7071067811865451302, 0.7071067811865500152, 0.000000000000000000 ) ) ;
#1056 = CARTESIAN_POINT ( 'NONE',  ( 20.78460969082663823, 3.700000000000000178, 11.99999999999980815 ) ) ;
#1057 = ORIENTED_EDGE ( 'NONE', *, *, #397, .T. ) ;
#1058 = VERTEX_POINT ( 'NONE', #1168 ) ;
#1059 = VECTOR ( 'NONE', #495, 1000.000000000000000 ) ;
#1060 = VERTEX_POINT ( 'NONE', #116 ) ;
#1061 = ORIENTED_EDGE ( 'NONE', *, *, #1537, .T. ) ;
#1062 = EDGE_CURVE ( 'NONE', #1079, #740, #1179, .T. ) ;
#1063 = DIRECTION ( 'NONE',  ( -0.000000000000000000, 1.000000000000000000, -0.000000000000000000 ) ) ;
#1064 = EDGE_CURVE ( 'NONE', #1108, #550, #18, .T. ) ;
#1065 = CARTESIAN_POINT ( 'NONE',  ( -28.50000000000000355, 1.999999999999994893, -15.99999999999999289 ) ) ;
#1066 = CARTESIAN_POINT ( 'NONE',  ( 15.99999999999999289, 0.000000000000000000, -26.49999999999998934 ) ) ;
#1067 = CARTESIAN_POINT ( 'NONE',  ( -21.26757260397101135, 3.400000000000000355, 11.87059047744884133 ) ) ;
#1068 = VERTEX_POINT ( 'NONE', #27 ) ;
#1069 = AXIS2_PLACEMENT_3D ( 'NONE', #1047, #1283, #124 ) ;
#1070 = ORIENTED_EDGE ( 'NONE', *, *, #546, .F. ) ;
#1071 = ORIENTED_EDGE ( 'NONE', *, *, #535, .F. ) ;
#1072 = CARTESIAN_POINT ( 'NONE',  ( -28.50000000000000355, 3.115771736150528604, 16.76576413923785935 ) ) ;
#1073 = AXIS2_PLACEMENT_3D ( 'NONE', #41, #1193, #830 ) ;
#1074 = EDGE_CURVE ( 'NONE', #402, #337, #807, .T. ) ;
#1075 = FACE_OUTER_BOUND ( 'NONE', #1449, .T. ) ;
#1076 = DIRECTION ( 'NONE',  ( 0.000000000000000000, 1.000000000000000000, -0.000000000000000000 ) ) ;
#1077 = ORIENTED_EDGE ( 'NONE', *, *, #451, .T. ) ;
#1078 = VERTEX_POINT ( 'NONE', #540 ) ;
#1079 = VERTEX_POINT ( 'NONE', #777 ) ;
#1080 = CARTESIAN_POINT ( 'NONE',  ( 20.78460969082663823, 3.400000000000000355, 11.99999999999980815 ) ) ;
#1081 = EDGE_CURVE ( 'NONE', #1522, #1488, #268, .T. ) ;
#1082 = LINE ( 'NONE', #1619, #1149 ) ;
#1083 = DIRECTION ( 'NONE',  ( -0.000000000000000000, 1.000000000000000000, -0.000000000000000000 ) ) ;
#1084 = ORIENTED_EDGE ( 'NONE', *, *, #330, .F. ) ;
#1085 = ORIENTED_EDGE ( 'NONE', *, *, #560, .T. ) ;
#1086 = AXIS2_PLACEMENT_3D ( 'NONE', #1080, #1350, #32 ) ;
#1087 = ORIENTED_EDGE ( 'NONE', *, *, #1233, .F. ) ;
#1088 = CIRCLE ( 'NONE', #638, 0.5000000000000001110 ) ;
#1089 = LINE ( 'NONE', #1599, #1684 ) ;
#1090 = CARTESIAN_POINT ( 'NONE',  ( -24.34909239326704977, 3.700000000000000178, 25.30283054820899835 ) ) ;
#1091 = PLANE ( 'NONE',  #157 ) ;
#1092 = AXIS2_PLACEMENT_3D ( 'NONE', #774, #908, #756 ) ;
#1093 = ORIENTED_EDGE ( 'NONE', *, *, #1201, .F. ) ;
#1094 = VECTOR ( 'NONE', #818, 999.9999999999998863 ) ;
#1095 = ADVANCED_FACE ( 'NONE', ( #518 ), #786, .F. ) ;
#1096 = ORIENTED_EDGE ( 'NONE', *, *, #867, .F. ) ;
#1097 = CARTESIAN_POINT ( 'NONE',  ( 2.439594923753567013, 0.4065991539589561832, -1.408500785942820466 ) ) ;
#1098 = VECTOR ( 'NONE', #119, 1000.000000000000114 ) ;
#1099 = DIRECTION ( 'NONE',  ( -0.000000000000000000, 1.000000000000000000, -0.000000000000000000 ) ) ;
#1100 = LINE ( 'NONE', #1363, #46 ) ;
#1101 = ORIENTED_EDGE ( 'NONE', *, *, #422, .F. ) ;
#1102 = ORIENTED_EDGE ( 'NONE', *, *, #823, .T. ) ;
#1103 = EDGE_LOOP ( 'NONE', ( #448, #1683, #964, #1084 ) ) ;
#1104 = EDGE_CURVE ( 'NONE', #1542, #625, #406, .T. ) ;
#1105 = CARTESIAN_POINT ( 'NONE',  ( 0.000000000000000000, 3.700000000000000178, 0.4999999999999995559 ) ) ;
#1106 = CARTESIAN_POINT ( 'NONE',  ( -16.00000000000000000, 3.400000000000000355, 16.00000000000000000 ) ) ;
#1107 = DIRECTION ( 'NONE',  ( 0.000000000000000000, 0.000000000000000000, 1.000000000000000000 ) ) ;
#1108 = VERTEX_POINT ( 'NONE', #136 ) ;
#1109 = EDGE_LOOP ( 'NONE', ( #1036, #618, #791, #1496, #472 ) ) ;
#1110 = DIRECTION ( 'NONE',  ( 0.000000000000000000, 0.000000000000000000, -1.000000000000000000 ) ) ;
#1111 = EDGE_CURVE ( 'NONE', #139, #1108, #1135, .T. ) ;
#1112 = VECTOR ( 'NONE', #912, 1000.000000000000227 ) ;
#1113 = VECTOR ( 'NONE', #878, 999.9999999999998863 ) ;
#1114 = EDGE_CURVE ( 'NONE', #849, #337, #127, .T. ) ;
#1115 = LINE ( 'NONE', #1646, #1572 ) ;
#1116 = CARTESIAN_POINT ( 'NONE',  ( -16.00000000000000000, 1.999999999999991340, 28.50000000000000355 ) ) ;
#1117 = ORIENTED_EDGE ( 'NONE', *, *, #925, .F. ) ;
#1118 = ORIENTED_EDGE ( 'NONE', *, *, #1361, .T. ) ;
#1119 = DIRECTION ( 'NONE',  ( 0.000000000000000000, -0.000000000000000000, 1.000000000000000000 ) ) ;
#1120 = CARTESIAN_POINT ( 'NONE',  ( 0.000000000000000000, 3.400000000000000355, -23.50000000000000000 ) ) ;
#1121 = ADVANCED_FACE ( 'NONE', ( #1204 ), #1614, .T. ) ;
#1122 = CARTESIAN_POINT ( 'NONE',  ( 27.22497216032182266, 4.000000000000000000, -21.50000000000000000 ) ) ;
#1123 = VERTEX_POINT ( 'NONE', #424 ) ;
#1124 = AXIS2_PLACEMENT_3D ( 'NONE', #1035, #1435, #768 ) ;
#1125 = LINE ( 'NONE', #1011, #1528 ) ;
#1126 = ORIENTED_EDGE ( 'NONE', *, *, #1442, .F. ) ;
#1127 = DIRECTION ( 'NONE',  ( 1.000000000000000000, 0.000000000000000000, -0.000000000000000000 ) ) ;
#1128 = CARTESIAN_POINT ( 'NONE',  ( -30.91455863301948170, 3.700000000000000178, -21.50000000000000000 ) ) ;
#1129 = DIRECTION ( 'NONE',  ( 0.000000000000000000, -1.000000000000000000, 0.000000000000000000 ) ) ;
#1130 = ADVANCED_FACE ( 'NONE', ( #526 ), #1440, .F. ) ;
#1131 = ORIENTED_EDGE ( 'NONE', *, *, #552, .F. ) ;
#1132 = LINE ( 'NONE', #761, #1423 ) ;
#1133 = VERTEX_POINT ( 'NONE', #1327 ) ;
#1134 = DIRECTION ( 'NONE',  ( -0.000000000000000000, 1.000000000000000000, -0.000000000000000000 ) ) ;
#1135 = CIRCLE ( 'NONE', #1557, 0.5000000000000004441 ) ;
#1136 = AXIS2_PLACEMENT_3D ( 'NONE', #522, #1587, #773 ) ;
#1137 = FACE_OUTER_BOUND ( 'NONE', #1658, .T. ) ;
#1138 = PLANE ( 'NONE',  #440 ) ;
#1139 = ORIENTED_EDGE ( 'NONE', *, *, #609, .T. ) ;
#1140 = CARTESIAN_POINT ( 'NONE',  ( 26.21667700601149775, 0.000000000000000000, 18.42270736054435432 ) ) ;
#1141 = ORIENTED_EDGE ( 'NONE', *, *, #1600, .T. ) ;
#1142 = EDGE_CURVE ( 'NONE', #576, #1458, #401, .T. ) ;
#1143 = AXIS2_PLACEMENT_3D ( 'NONE', #1479, #1353, #565 ) ;
#1144 = CARTESIAN_POINT ( 'NONE',  ( -0.8461940777125583901, 1.999999999999994005, -28.49999999999999645 ) ) ;
#1145 = MECHANICAL_DESIGN_GEOMETRIC_PRESENTATION_REPRESENTATION (  '', ( #1462 ), #543 ) ;
#1146 = DIRECTION ( 'NONE',  ( 0.000000000000000000, 0.000000000000000000, -1.000000000000000000 ) ) ;
#1147 = LINE ( 'NONE', #1476, #325 ) ;
#1148 = ORIENTED_EDGE ( 'NONE', *, *, #664, .T. ) ;
#1149 = VECTOR ( 'NONE', #430, 1000.000000000000000 ) ;
#1150 = DIRECTION ( 'NONE',  ( 0.000000000000000000, 1.000000000000000000, -0.000000000000000000 ) ) ;
#1151 = VERTEX_POINT ( 'NONE', #1187 ) ;
#1152 = VECTOR ( 'NONE', #219, 1000.000000000000000 ) ;
#1153 = EDGE_CURVE ( 'NONE', #1060, #271, #9, .T. ) ;
#1154 = LINE ( 'NONE', #991, #1059 ) ;
#1155 = FACE_OUTER_BOUND ( 'NONE', #98, .T. ) ;
#1156 = CARTESIAN_POINT ( 'NONE',  ( -16.00000000000000000, 1.999999999999994893, -28.49999999999999645 ) ) ;
#1157 = EDGE_LOOP ( 'NONE', ( #833, #90, #321, #1597 ) ) ;
#1158 = CARTESIAN_POINT ( 'NONE',  ( 0.3000000000000085931, 2.246194077712548864, -0.5196152422706594720 ) ) ;
#1159 = ORIENTED_EDGE ( 'NONE', *, *, #338, .F. ) ;
#1160 = FACE_OUTER_BOUND ( 'NONE', #691, .T. ) ;
#1161 = ADVANCED_FACE ( 'NONE', ( #1335 ), #969, .F. ) ;
#1162 = LINE ( 'NONE', #256, #237 ) ;
#1163 = ADVANCED_FACE ( 'NONE', ( #559 ), #295, .F. ) ;
#1164 = CARTESIAN_POINT ( 'NONE',  ( 28.49999999999999289, 1.999999999999994893, -15.99999999999999289 ) ) ;
#1165 = ORIENTED_EDGE ( 'NONE', *, *, #763, .F. ) ;
#1166 = VECTOR ( 'NONE', #733, 1000.000000000000000 ) ;
#1167 = DIRECTION ( 'NONE',  ( 0.000000000000000000, -0.6546536707079835260, 0.7559289460184488441 ) ) ;
#1168 = CARTESIAN_POINT ( 'NONE',  ( -2.846194077712561388, 2.168404344971008868E-16, -1.643250916933223227 ) ) ;
#1169 = ORIENTED_EDGE ( 'NONE', *, *, #1701, .F. ) ;
#1170 = FACE_OUTER_BOUND ( 'NONE', #241, .T. ) ;
#1171 = CYLINDRICAL_SURFACE ( 'NONE', #1136, 0.5000000000000004441 ) ;
#1172 = APPLICATION_CONTEXT ( 'automotive_design' ) ;
#1173 = CARTESIAN_POINT ( 'NONE',  ( 26.21667700601149775, 0.000000000000000000, 18.42270736054435432 ) ) ;
#1174 = VECTOR ( 'NONE', #1464, 999.9999999999998863 ) ;
#1175 = LINE ( 'NONE', #1414, #1628 ) ;
#1176 = VERTEX_POINT ( 'NONE', #689 ) ;
#1177 = EDGE_CURVE ( 'NONE', #1596, #625, #161, .T. ) ;
#1178 = AXIS2_PLACEMENT_3D ( 'NONE', #668, #173, #686 ) ;
#1179 = LINE ( 'NONE', #286, #1112 ) ;
#1180 = ORIENTED_EDGE ( 'NONE', *, *, #51, .T. ) ;
#1181 = VECTOR ( 'NONE', #1127, 1000.000000000000000 ) ;
#1182 = CIRCLE ( 'NONE', #334, 0.4999999999999997780 ) ;
#1183 = CARTESIAN_POINT ( 'NONE',  ( 6.407634839389331205E-14, 0.000000000000000000, 3.286501833866504185 ) ) ;
#1184 = LINE ( 'NONE', #1548, #1231 ) ;
#1185 = DIRECTION ( 'NONE',  ( 1.544219486364582568E-14, -0.6546536707079790851, 0.7559289460184527298 ) ) ;
#1186 = ADVANCED_FACE ( 'NONE', ( #839 ), #1091, .F. ) ;
#1187 = CARTESIAN_POINT ( 'NONE',  ( -1.470630113314211863E-16, 3.099569690486219997, 0.000000000000000000 ) ) ;
#1188 = CARTESIAN_POINT ( 'NONE',  ( 37.85992723813207306, 3.400000000000000355, 7.424682452694165491 ) ) ;
#1189 = ORIENTED_EDGE ( 'NONE', *, *, #297, .F. ) ;
#1190 = ORIENTED_EDGE ( 'NONE', *, *, #1081, .F. ) ;
#1191 = CARTESIAN_POINT ( 'NONE',  ( -0.3535533905932737864, 3.400000000000000355, -24.35355339059327306 ) ) ;
#1192 = CARTESIAN_POINT ( 'NONE',  ( -25.35992723813187766, 3.400000000000000355, 29.07531754730559825 ) ) ;
#1193 = DIRECTION ( 'NONE',  ( 0.000000000000000000, 1.000000000000000000, 0.000000000000000000 ) ) ;
#1194 = LINE ( 'NONE', #1067, #265 ) ;
#1195 = CARTESIAN_POINT ( 'NONE',  ( -28.50000000000000355, 4.000000000000000000, -15.99999999999999289 ) ) ;
#1196 = ORIENTED_EDGE ( 'NONE', *, *, #687, .T. ) ;
#1197 = ORIENTED_EDGE ( 'NONE', *, *, #1064, .F. ) ;
#1198 = VECTOR ( 'NONE', #1657, 1000.000000000000000 ) ;
#1199 = AXIS2_PLACEMENT_3D ( 'NONE', #1611, #1469, #284 ) ;
#1200 = ORIENTED_EDGE ( 'NONE', *, *, #1691, .F. ) ;
#1201 = EDGE_CURVE ( 'NONE', #396, #402, #447, .T. ) ;
#1202 = PLANE ( 'NONE',  #209 ) ;
#1203 = LINE ( 'NONE', #26, #765 ) ;
#1204 = FACE_OUTER_BOUND ( 'NONE', #171, .T. ) ;
#1205 = AXIS2_PLACEMENT_3D ( 'NONE', #1228, #15, #275 ) ;
#1206 = AXIS2_PLACEMENT_3D ( 'NONE', #802, #950, #1609 ) ;
#1207 = ORIENTED_EDGE ( 'NONE', *, *, #881, .F. ) ;
#1208 = ORIENTED_EDGE ( 'NONE', *, *, #1478, .T. ) ;
#1209 = AXIS2_PLACEMENT_3D ( 'NONE', #38, #678, #301 ) ;
#1210 = CARTESIAN_POINT ( 'NONE',  ( 15.99999999999999289, 0.000000000000000000, -26.49999999999998934 ) ) ;
#1211 = AXIS2_PLACEMENT_3D ( 'NONE', #1671, #319, #838 ) ;
#1212 = EDGE_CURVE ( 'NONE', #822, #408, #56, .T. ) ;
#1213 = CARTESIAN_POINT ( 'NONE',  ( 28.49999999999999289, 2.246194077712548864, 15.76166234887643114 ) ) ;
#1214 = FACE_OUTER_BOUND ( 'NONE', #1509, .T. ) ;
#1215 = VERTEX_POINT ( 'NONE', #1508 ) ;
#1216 = ORIENTED_EDGE ( 'NONE', *, *, #1491, .T. ) ;
#1217 = ORIENTED_EDGE ( 'NONE', *, *, #381, .T. ) ;
#1218 = DIRECTION ( 'NONE',  ( 0.000000000000000000, 0.000000000000000000, -1.000000000000000000 ) ) ;
#1219 = CARTESIAN_POINT ( 'NONE',  ( 28.49999999999999289, 3.400000000000000355, 9.932667397365817052 ) ) ;
#1220 = EDGE_CURVE ( 'NONE', #396, #849, #846, .T. ) ;
#1221 = DIRECTION ( 'NONE',  ( 0.7071067811865474617, 0.000000000000000000, 0.7071067811865474617 ) ) ;
#1222 = DIRECTION ( 'NONE',  ( -0.8660254037844425934, 0.000000000000000000, -0.4999999999999933942 ) ) ;
#1223 = EDGE_LOOP ( 'NONE', ( #1180, #1102, #904, #644, #544, #146, #532 ) ) ;
#1224 = VECTOR ( 'NONE', #797, 1000.000000000000000 ) ;
#1225 = EDGE_LOOP ( 'NONE', ( #1207, #1648, #1667, #520 ) ) ;
#1226 = AXIS2_PLACEMENT_3D ( 'NONE', #661, #1055, #1603 ) ;
#1227 = DIRECTION ( 'NONE',  ( 1.000000000000000000, 0.000000000000000000, -0.000000000000000000 ) ) ;
#1228 = CARTESIAN_POINT ( 'NONE',  ( -20.78460969082647480, 3.400000000000000355, 12.00000000000009948 ) ) ;
#1229 = DIRECTION ( 'NONE',  ( 0.000000000000000000, 1.000000000000000000, -0.000000000000000000 ) ) ;
#1230 = CARTESIAN_POINT ( 'NONE',  ( -16.00000000000000000, 3.400000000000000355, -28.49999999999999645 ) ) ;
#1231 = VECTOR ( 'NONE', #131, 1000.000000000000000 ) ;
#1232 = EDGE_CURVE ( 'NONE', #865, #943, #1371, .T. ) ;
#1233 = EDGE_CURVE ( 'NONE', #1058, #470, #953, .T. ) ;
#1234 = ORIENTED_EDGE ( 'NONE', *, *, #806, .T. ) ;
#1235 = ORIENTED_EDGE ( 'NONE', *, *, #196, .T. ) ;
#1236 = ORIENTED_EDGE ( 'NONE', *, *, #361, .F. ) ;
#1237 = AXIS2_PLACEMENT_3D ( 'NONE', #1376, #53, #1252 ) ;
#1238 = FACE_OUTER_BOUND ( 'NONE', #281, .T. ) ;
#1239 = VECTOR ( 'NONE', #646, 1000.000000000000000 ) ;
#1240 = AXIS2_PLACEMENT_3D ( 'NONE', #817, #423, #1352 ) ;
#1241 = CARTESIAN_POINT ( 'NONE',  ( -20.78460969082647480, 3.700000000000000178, 12.00000000000009948 ) ) ;
#1242 = CARTESIAN_POINT ( 'NONE',  ( 20.78460969082663823, 3.400000000000000355, 11.49999999999980638 ) ) ;
#1243 = ORIENTED_EDGE ( 'NONE', *, *, #994, .T. ) ;
#1244 = EDGE_CURVE ( 'NONE', #63, #576, #305, .T. ) ;
#1245 = VERTEX_POINT ( 'NONE', #1116 ) ;
#1246 = ADVANCED_FACE ( 'NONE', ( #1647 ), #439, .F. ) ;
#1247 = LINE ( 'NONE', #835, #1294 ) ;
#1248 = DIRECTION ( 'NONE',  ( 0.000000000000000000, 0.000000000000000000, -1.000000000000000000 ) ) ;
#1249 = CARTESIAN_POINT ( 'NONE',  ( -0.6000000000000041966, 2.246194077712548864, -1.387778780781445676E-14 ) ) ;
#1250 = ORIENTED_EDGE ( 'NONE', *, *, #1299, .F. ) ;
#1251 = ORIENTED_EDGE ( 'NONE', *, *, #711, .T. ) ;
#1252 = DIRECTION ( 'NONE',  ( -0.9659258262890658697, 0.000000000000000000, 0.2588190451025297323 ) ) ;
#1253 = EDGE_CURVE ( 'NONE', #1020, #849, #869, .T. ) ;
#1254 = VECTOR ( 'NONE', #144, 1000.000000000000000 ) ;
#1255 = CARTESIAN_POINT ( 'NONE',  ( 24.34909239326740149, 3.700000000000000178, 25.30283054820866084 ) ) ;
#1256 = EDGE_LOOP ( 'NONE', ( #608, #582, #555, #1636, #1441, #1196, #1516, #841, #228, #1630, #1418, #1466 ) ) ;
#1257 = VECTOR ( 'NONE', #104, 1000.000000000000114 ) ;
#1258 = LINE ( 'NONE', #1287, #893 ) ;
#1259 = ORIENTED_EDGE ( 'NONE', *, *, #70, .F. ) ;
#1260 = AXIS2_PLACEMENT_3D ( 'NONE', #1620, #976, #194 ) ;
#1261 = FACE_OUTER_BOUND ( 'NONE', #333, .T. ) ;
#1262 = LINE ( 'NONE', #1661, #1504 ) ;
#1263 = EDGE_CURVE ( 'NONE', #615, #271, #1034, .T. ) ;
#1264 = AXIS2_PLACEMENT_3D ( 'NONE', #886, #1419, #754 ) ;
#1265 = FACE_OUTER_BOUND ( 'NONE', #634, .T. ) ;
#1266 = AXIS2_PLACEMENT_3D ( 'NONE', #1521, #342, #862 ) ;
#1267 = ORIENTED_EDGE ( 'NONE', *, *, #1490, .T. ) ;
#1268 = CARTESIAN_POINT ( 'NONE',  ( -20.78460969082647480, 3.400000000000000355, 12.00000000000009948 ) ) ;
#1269 = ORIENTED_EDGE ( 'NONE', *, *, #59, .T. ) ;
#1270 =( NAMED_UNIT ( * ) PLANE_ANGLE_UNIT ( ) SI_UNIT ( $, .RADIAN. ) );
#1271 = CARTESIAN_POINT ( 'NONE',  ( -7.423097038856303342, -4.576902961143727744, -28.49999999999999645 ) ) ;
#1272 = CARTESIAN_POINT ( 'NONE',  ( 20.78460969082663823, 3.400000000000000355, 11.99999999999980815 ) ) ;
#1273 = EDGE_LOOP ( 'NONE', ( #1298, #1117, #1635, #963 ) ) ;
#1274 = ADVANCED_FACE ( 'NONE', ( #1214 ), #36, .F. ) ;
#1275 = CARTESIAN_POINT ( 'NONE',  ( -20.78460969082647480, 3.700000000000000178, 11.50000000000009948 ) ) ;
#1276 = ORIENTED_EDGE ( 'NONE', *, *, #1253, .F. ) ;
#1277 = PRODUCT_CONTEXT ( 'NONE', #683, 'mechanical' ) ;
#1278 = DIRECTION ( 'NONE',  ( 0.000000000000000000, 0.000000000000000000, 1.000000000000000000 ) ) ;
#1279 = PLANE ( 'NONE',  #485 ) ;
#1280 = AXIS2_PLACEMENT_3D ( 'NONE', #1268, #1150, #83 ) ;
#1281 = AXIS2_PLACEMENT_3D ( 'NONE', #483, #745, #1006 ) ;
#1282 = DIRECTION ( 'NONE',  ( 0.000000000000000000, 0.000000000000000000, 1.000000000000000000 ) ) ;
#1283 = DIRECTION ( 'NONE',  ( -0.000000000000000000, 1.000000000000000000, -0.000000000000000000 ) ) ;
#1284 = ADVANCED_BREP_SHAPE_REPRESENTATION ( 'piezo-top-plate-square-1d', ( #491, #873 ), #677 ) ;
#1285 = ORIENTED_EDGE ( 'NONE', *, *, #546, .T. ) ;
#1286 = EDGE_CURVE ( 'NONE', #166, #329, #1032, .T. ) ;
#1287 = CARTESIAN_POINT ( 'NONE',  ( -16.39230484541328181, 3.700000000000000178, -4.392304845413187664 ) ) ;
#1288 = ORIENTED_EDGE ( 'NONE', *, *, #287, .F. ) ;
#1289 = CARTESIAN_POINT ( 'NONE',  ( -20.91401921337773473, 3.700000000000000178, 12.48296291314463424 ) ) ;
#1290 = DIRECTION ( 'NONE',  ( 0.000000000000000000, 0.000000000000000000, 1.000000000000000000 ) ) ;
#1291 = DIRECTION ( 'NONE',  ( 0.000000000000000000, 0.7071067811865500152, -0.7071067811865450192 ) ) ;
#1292 = DIRECTION ( 'NONE',  ( 0.8660254037844432595, 0.000000000000000000, 0.4999999999999919509 ) ) ;
#1293 = FILL_AREA_STYLE ('',( #227 ) ) ;
#1294 = VECTOR ( 'NONE', #577, 1000.000000000000000 ) ;
#1295 = VERTEX_POINT ( 'NONE', #1242 ) ;
#1296 = AXIS2_PLACEMENT_3D ( 'NONE', #564, #1229, #176 ) ;
#1297 = CARTESIAN_POINT ( 'NONE',  ( 15.99999999999999289, 1.999999999999991340, 28.50000000000000355 ) ) ;
#1298 = ORIENTED_EDGE ( 'NONE', *, *, #87, .F. ) ;
#1299 = EDGE_CURVE ( 'NONE', #222, #1522, #1100, .T. ) ;
#1300 = PLANE ( 'NONE',  #16 ) ;
#1301 = EDGE_CURVE ( 'NONE', #954, #1374, #1633, .T. ) ;
#1302 = DIRECTION ( 'NONE',  ( 1.000000000000000000, -0.000000000000000000, 0.000000000000000000 ) ) ;
#1303 = CARTESIAN_POINT ( 'NONE',  ( -16.00000000000000000, 1.999999999999994893, -28.49999999999999645 ) ) ;
#1304 = ORIENTED_EDGE ( 'NONE', *, *, #1322, .T. ) ;
#1305 = FACE_OUTER_BOUND ( 'NONE', #914, .T. ) ;
#1306 = CARTESIAN_POINT ( 'NONE',  ( 15.99999999999999289, 0.000000000000000000, -26.49999999999998934 ) ) ;
#1307 = ORIENTED_EDGE ( 'NONE', *, *, #255, .F. ) ;
#1308 = LINE ( 'NONE', #1676, #1680 ) ;
#1309 = CARTESIAN_POINT ( 'NONE',  ( -20.78460969082647480, 3.700000000000000178, 12.00000000000009948 ) ) ;
#1310 = DIRECTION ( 'NONE',  ( 0.000000000000000000, 0.000000000000000000, 1.000000000000000000 ) ) ;
#1311 = EDGE_CURVE ( 'NONE', #1398, #690, #1556, .T. ) ;
#1312 = CIRCLE ( 'NONE', #39, 10.49999999999999822 ) ;
#1313 = CARTESIAN_POINT ( 'NONE',  ( -28.49999999999999645, 2.246194077712546644, 15.76166234887695694 ) ) ;
#1314 = ORIENTED_EDGE ( 'NONE', *, *, #1024, .F. ) ;
#1315 = LINE ( 'NONE', #1429, #592 ) ;
#1316 = DIRECTION ( 'NONE',  ( 0.3535533905932674581, 0.7071067811865489050, -0.6123724356957966908 ) ) ;
#1317 = LINE ( 'NONE', #128, #1239 ) ;
#1318 = EDGE_LOOP ( 'NONE', ( #269, #1534, #1400, #1314 ) ) ;
#1319 = DIRECTION ( 'NONE',  ( 1.000000000000000000, 0.000000000000000000, 0.000000000000000000 ) ) ;
#1320 = LINE ( 'NONE', #512, #974 ) ;
#1321 = AXIS2_PLACEMENT_3D ( 'NONE', #1007, #746, #1310 ) ;
#1322 = EDGE_CURVE ( 'NONE', #114, #1398, #1484, .T. ) ;
#1323 = CARTESIAN_POINT ( 'NONE',  ( -16.00000000000000000, 4.000000000000000000, 28.50000000000000355 ) ) ;
#1324 = VECTOR ( 'NONE', #1455, 1000.000000000000000 ) ;
#1325 = VECTOR ( 'NONE', #91, 1000.000000000000000 ) ;
#1326 = PLANE ( 'NONE',  #192 ) ;
#1327 = CARTESIAN_POINT ( 'NONE',  ( -0.6000000000000080824, 2.246194077712545756, -0.3464101615137907264 ) ) ;
#1328 = CARTESIAN_POINT ( 'NONE',  ( 0.5999999999999955369, 2.246194077712548864, -0.3464101615137830104 ) ) ;
#1329 = ORIENTED_EDGE ( 'NONE', *, *, #1413, .F. ) ;
#1330 = ORIENTED_EDGE ( 'NONE', *, *, #676, .F. ) ;
#1331 = AXIS2_PLACEMENT_3D ( 'NONE', #958, #411, #1218 ) ;
#1332 = LINE ( 'NONE', #1512, #75 ) ;
#1333 = DIRECTION ( 'NONE',  ( 0.000000000000000000, 0.7071067811865450192, 0.7071067811865500152 ) ) ;
#1334 = DIRECTION ( 'NONE',  ( -0.9659258262890658697, 0.000000000000000000, 0.2588190451025297323 ) ) ;
#1335 = FACE_OUTER_BOUND ( 'NONE', #753, .T. ) ;
#1336 = LINE ( 'NONE', #1188, #28 ) ;
#1337 = ADVANCED_FACE ( 'NONE', ( #1155 ), #270, .T. ) ;
#1338 = EDGE_LOOP ( 'NONE', ( #1243, #476, #1040, #1070 ) ) ;
#1339 = EDGE_LOOP ( 'NONE', ( #84, #57, #328, #672, #1554 ) ) ;
#1340 = CARTESIAN_POINT ( 'NONE',  ( 20.78460969082663823, 3.400000000000000355, 11.99999999999980815 ) ) ;
#1341 = CARTESIAN_POINT ( 'NONE',  ( 15.99999999999999289, 0.000000000000000000, -15.99999999999999289 ) ) ;
#1342 = DIRECTION ( 'NONE',  ( -0.8660254037844363761, 0.000000000000000000, 0.5000000000000039968 ) ) ;
#1343 = CARTESIAN_POINT ( 'NONE',  ( 24.34909239326740504, 4.000000000000000000, 25.30283054820866440 ) ) ;
#1344 = ORIENTED_EDGE ( 'NONE', *, *, #147, .T. ) ;
#1345 = VECTOR ( 'NONE', #1705, 1000.000000000000000 ) ;
#1346 = PRODUCT_RELATED_PRODUCT_CATEGORY ( 'part', '', ( #603 ) ) ;
#1347 = EDGE_CURVE ( 'NONE', #1410, #181, #1162, .T. ) ;
#1348 = VECTOR ( 'NONE', #860, 1000.000000000000000 ) ;
#1349 = ORIENTED_EDGE ( 'NONE', *, *, #973, .F. ) ;
#1350 = DIRECTION ( 'NONE',  ( 0.000000000000000000, 1.000000000000000000, 0.000000000000000000 ) ) ;
#1351 = VECTOR ( 'NONE', #717, 1000.000000000000000 ) ;
#1352 = DIRECTION ( 'NONE',  ( 0.000000000000000000, 0.000000000000000000, 1.000000000000000000 ) ) ;
#1353 = DIRECTION ( 'NONE',  ( 0.000000000000000000, 1.000000000000000000, 0.000000000000000000 ) ) ;
#1354 = ORIENTED_EDGE ( 'NONE', *, *, #1177, .F. ) ;
#1355 = AXIS2_PLACEMENT_3D ( 'NONE', #703, #1519, #1651 ) ;
#1356 = ORIENTED_EDGE ( 'NONE', *, *, #1244, .F. ) ;
#1357 = VERTEX_POINT ( 'NONE', #1422 ) ;
#1358 = AXIS2_PLACEMENT_3D ( 'NONE', #1592, #920, #1694 ) ;
#1359 = CARTESIAN_POINT ( 'NONE',  ( -28.43279650222410027, 2.082462349429009763, 17.29756415219943833 ) ) ;
#1360 = AXIS2_PLACEMENT_3D ( 'NONE', #1106, #1639, #453 ) ;
#1361 = EDGE_CURVE ( 'NONE', #561, #148, #226, .T. ) ;
#1362 = LINE ( 'NONE', #1066, #524 ) ;
#1363 = CARTESIAN_POINT ( 'NONE',  ( -4.769203948191523601, 7.615398025904130286, -34.11539802590417025 ) ) ;
#1364 = ORIENTED_EDGE ( 'NONE', *, *, #1361, .F. ) ;
#1365 = EDGE_LOOP ( 'NONE', ( #205, #1061, #656, #1576, #1085 ) ) ;
#1366 = CYLINDRICAL_SURFACE ( 'NONE', #712, 0.5000000000000004441 ) ;
#1367 = EDGE_CURVE ( 'NONE', #236, #419, #1005, .T. ) ;
#1368 = ADVANCED_FACE ( 'NONE', ( #918 ), #1434, .F. ) ;
#1369 = LINE ( 'NONE', #694, #959 ) ;
#1370 = LINE ( 'NONE', #312, #735 ) ;
#1371 = LINE ( 'NONE', #680, #1401 ) ;
#1372 = ORIENTED_EDGE ( 'NONE', *, *, #1377, .F. ) ;
#1373 = AXIS2_PLACEMENT_3D ( 'NONE', #653, #928, #1574 ) ;
#1374 = VERTEX_POINT ( 'NONE', #782 ) ;
#1375 = AXIS2_PLACEMENT_3D ( 'NONE', #887, #1653, #853 ) ;
#1376 = CARTESIAN_POINT ( 'NONE',  ( 37.85992723813207306, 3.400000000000000355, 7.424682452694165491 ) ) ;
#1377 = EDGE_CURVE ( 'NONE', #1428, #1634, #1184, .T. ) ;
#1378 = DIRECTION ( 'NONE',  ( 0.000000000000000000, 0.000000000000000000, 1.000000000000000000 ) ) ;
#1379 = CARTESIAN_POINT ( 'NONE',  ( 8.838922031316302608, 0.000000000000000000, -1.816652180260093452 ) ) ;
#1380 = ORIENTED_EDGE ( 'NONE', *, *, #1549, .T. ) ;
#1381 = EDGE_CURVE ( 'NONE', #719, #139, #1445, .T. ) ;
#1382 = ORIENTED_EDGE ( 'NONE', *, *, #1286, .T. ) ;
#1383 = LINE ( 'NONE', #191, #1181 ) ;
#1384 = LINE ( 'NONE', #1529, #710 ) ;
#1385 = CARTESIAN_POINT ( 'NONE',  ( 20.91401921337790526, 3.400000000000000355, 12.48296291314434114 ) ) ;
#1386 = VERTEX_POINT ( 'NONE', #1173 ) ;
#1387 = ADVANCED_FACE ( 'NONE', ( #121 ), #1279, .F. ) ;
#1388 = ORIENTED_EDGE ( 'NONE', *, *, #752, .F. ) ;
#1389 = DIRECTION ( 'NONE',  ( -0.000000000000000000, -1.000000000000000000, -0.000000000000000000 ) ) ;
#1390 = CARTESIAN_POINT ( 'NONE',  ( -8.576902961143630932, 11.42309703885628203, -28.49999999999999645 ) ) ;
#1391 = CARTESIAN_POINT ( 'NONE',  ( 20.91401921337790526, 3.400000000000000355, 12.48296291314434114 ) ) ;
#1392 = ORIENTED_EDGE ( 'NONE', *, *, #1600, .F. ) ;
#1393 = ORIENTED_EDGE ( 'NONE', *, *, #1463, .F. ) ;
#1394 = EDGE_CURVE ( 'NONE', #1176, #1489, #1459, .T. ) ;
#1395 = LINE ( 'NONE', #843, #331 ) ;
#1396 = CARTESIAN_POINT ( 'NONE',  ( -16.00000000000000000, 1.999999999999994893, -28.49999999999999645 ) ) ;
#1397 = LINE ( 'NONE', #758, #714 ) ;
#1398 = VERTEX_POINT ( 'NONE', #497 ) ;
#1399 = DIRECTION ( 'NONE',  ( -0.000000000000000000, -1.000000000000000000, -0.000000000000000000 ) ) ;
#1400 = ORIENTED_EDGE ( 'NONE', *, *, #867, .T. ) ;
#1401 = VECTOR ( 'NONE', #185, 1000.000000000000000 ) ;
#1402 = CARTESIAN_POINT ( 'NONE',  ( -16.00000000000000000, 4.000000000000000000, 16.00000000000000000 ) ) ;
#1403 = ADVANCED_FACE ( 'NONE', ( #650 ), #400, .F. ) ;
#1404 = MECHANICAL_DESIGN_GEOMETRIC_PRESENTATION_REPRESENTATION (  '', ( #1041 ), #790 ) ;
#1405 = CARTESIAN_POINT ( 'NONE',  ( -16.00000000000000000, 4.000000000000000000, -15.99999999999999289 ) ) ;
#1406 = CIRCLE ( 'NONE', #1360, 12.50000000000000355 ) ;
#1407 = PLANE ( 'NONE',  #1652 ) ;
#1408 = ORIENTED_EDGE ( 'NONE', *, *, #110, .F. ) ;
#1409 = DIRECTION ( 'NONE',  ( 0.000000000000000000, 0.000000000000000000, 1.000000000000000000 ) ) ;
#1410 = VERTEX_POINT ( 'NONE', #1539 ) ;
#1411 = CARTESIAN_POINT ( 'NONE',  ( 28.49999999999999645, 4.000000000000000000, -15.99999999999999289 ) ) ;
#1412 = LINE ( 'NONE', #1390, #1113 ) ;
#1413 = EDGE_CURVE ( 'NONE', #1018, #1565, #927, .T. ) ;
#1414 = CARTESIAN_POINT ( 'NONE',  ( -26.49999999999999645, 0.000000000000000000, 16.00000000000000000 ) ) ;
#1415 = DIRECTION ( 'NONE',  ( -0.9659258262890658697, 0.000000000000000000, 0.2588190451025297323 ) ) ;
#1416 = ORIENTED_EDGE ( 'NONE', *, *, #1562, .F. ) ;
#1417 = CARTESIAN_POINT ( 'NONE',  ( 0.000000000000000000, 3.400000000000000355, 0.000000000000000000 ) ) ;
#1418 = ORIENTED_EDGE ( 'NONE', *, *, #422, .T. ) ;
#1419 = DIRECTION ( 'NONE',  ( -0.000000000000000000, 1.000000000000000000, -0.000000000000000000 ) ) ;
#1420 = PLANE ( 'NONE',  #1209 ) ;
#1421 = LINE ( 'NONE', #1546, #1424 ) ;
#1422 = CARTESIAN_POINT ( 'NONE',  ( -21.26757260397101135, 3.400000000000000355, 11.87059047744884133 ) ) ;
#1423 = VECTOR ( 'NONE', #1399, 1000.000000000000000 ) ;
#1424 = VECTOR ( 'NONE', #1678, 1000.000000000000227 ) ;
#1425 = DIRECTION ( 'NONE',  ( 1.000000000000000000, 0.000000000000000000, 0.000000000000000000 ) ) ;
#1426 = ADVANCED_FACE ( 'NONE', ( #880 ), #1492, .F. ) ;
#1427 = DIRECTION ( 'NONE',  ( -1.000000000000000000, 0.000000000000000000, 0.000000000000000000 ) ) ;
#1428 = VERTEX_POINT ( 'NONE', #158 ) ;
#1429 = CARTESIAN_POINT ( 'NONE',  ( -28.68104021530537295, 2.181040215305360075, 15.79095276591859687 ) ) ;
#1430 = FACE_OUTER_BOUND ( 'NONE', #709, .T. ) ;
#1431 = EDGE_CURVE ( 'NONE', #211, #615, #675, .T. ) ;
#1432 = VERTEX_POINT ( 'NONE', #551 ) ;
#1433 = CONICAL_SURFACE ( 'NONE', #1069, 12.50000000000000178, 0.7853981633974513876 ) ;
#1434 = PLANE ( 'NONE',  #409 ) ;
#1435 = DIRECTION ( 'NONE',  ( -0.000000000000000000, 1.000000000000000000, -0.000000000000000000 ) ) ;
#1436 = AXIS2_PLACEMENT_3D ( 'NONE', #458, #980, #1119 ) ;
#1437 = ORIENTED_EDGE ( 'NONE', *, *, #156, .T. ) ;
#1438 = VECTOR ( 'NONE', #1583, 999.9999999999998863 ) ;
#1439 = CARTESIAN_POINT ( 'NONE',  ( 0.000000000000000000, 3.700000000000000178, -23.50000000000000000 ) ) ;
#1440 = PLANE ( 'NONE',  #404 ) ;
#1441 = ORIENTED_EDGE ( 'NONE', *, *, #858, .T. ) ;
#1442 = EDGE_CURVE ( 'NONE', #211, #1428, #658, .T. ) ;
#1443 = AXIS2_PLACEMENT_3D ( 'NONE', #614, #1540, #133 ) ;
#1444 = CARTESIAN_POINT ( 'NONE',  ( 15.99999999999999289, 3.700000000000000178, 28.50000000000000355 ) ) ;
#1445 = LINE ( 'NONE', #623, #349 ) ;
#1446 = CARTESIAN_POINT ( 'NONE',  ( -16.00000000000000000, 3.700000000000000178, 28.50000000000000355 ) ) ;
#1447 = VERTEX_POINT ( 'NONE', #437 ) ;
#1448 = DIRECTION ( 'NONE',  ( 0.7071067811865474617, 0.000000000000000000, -0.7071067811865474617 ) ) ;
#1449 = EDGE_LOOP ( 'NONE', ( #1474, #989, #1595, #314 ) ) ;
#1450 =( LENGTH_UNIT ( ) NAMED_UNIT ( * ) SI_UNIT ( .MILLI., .METRE. ) );
#1451 = EDGE_CURVE ( 'NONE', #1458, #480, #428, .T. ) ;
#1452 = DIRECTION ( 'NONE',  ( 0.000000000000000000, 1.000000000000000000, 0.000000000000000000 ) ) ;
#1453 = DIRECTION ( 'NONE',  ( 0.000000000000000000, 1.000000000000000000, 0.000000000000000000 ) ) ;
#1454 = FACE_OUTER_BOUND ( 'NONE', #373, .T. ) ;
#1455 = DIRECTION ( 'NONE',  ( 1.000000000000000000, -0.000000000000000000, 0.000000000000000000 ) ) ;
#1456 = CIRCLE ( 'NONE', #1643, 12.50000000000000355 ) ;
#1457 = DIRECTION ( 'NONE',  ( 0.000000000000000000, 0.000000000000000000, 1.000000000000000000 ) ) ;
#1458 = VERTEX_POINT ( 'NONE', #283 ) ;
#1459 =( BOUNDED_CURVE ( )  B_SPLINE_CURVE ( 3, ( #1046, #513, #1690, #1580 ),
 .UNSPECIFIED., .F., .T. ) 
 B_SPLINE_CURVE_WITH_KNOTS ( ( 4, 4 ),
 ( 1.983204756301421012, 2.004806462567648939 ),
 .UNSPECIFIED. ) 
 CURVE ( )  GEOMETRIC_REPRESENTATION_ITEM ( )  RATIONAL_B_SPLINE_CURVE ( ( 1.000000000000000000, 0.9999611142352304860, 0.9999611142352304860, 1.000000000000000000 ) ) 
 REPRESENTATION_ITEM ( '' )  );
#1460 = VERTEX_POINT ( 'NONE', #1483 ) ;
#1461 = DIRECTION ( 'NONE',  ( -0.000000000000000000, -1.000000000000000000, -0.000000000000000000 ) ) ;
#1462 = STYLED_ITEM ( 'NONE', ( #624 ), #491 ) ;
#1463 = EDGE_CURVE ( 'NONE', #1571, #1634, #1089, .T. ) ;
#1464 = DIRECTION ( 'NONE',  ( -0.8660254037844363761, 0.000000000000000000, 0.5000000000000039968 ) ) ;
#1465 = ORIENTED_EDGE ( 'NONE', *, *, #218, .T. ) ;
#1466 = ORIENTED_EDGE ( 'NONE', *, *, #973, .T. ) ;
#1467 = ORIENTED_EDGE ( 'NONE', *, *, #59, .F. ) ;
#1468 = DIRECTION ( 'NONE',  ( -0.000000000000000000, -1.000000000000000000, -0.000000000000000000 ) ) ;
#1469 = DIRECTION ( 'NONE',  ( -0.000000000000000000, -1.000000000000000000, 0.000000000000000000 ) ) ;
#1470 = ADVANCED_FACE ( 'NONE', ( #421 ), #557, .T. ) ;
#1471 = CARTESIAN_POINT ( 'NONE',  ( -20.78460969082647480, 3.400000000000000355, 12.00000000000009948 ) ) ;
#1472 = DIRECTION ( 'NONE',  ( 0.000000000000000000, 0.000000000000000000, 1.000000000000000000 ) ) ;
#1473 = ORIENTED_EDGE ( 'NONE', *, *, #1547, .T. ) ;
#1474 = ORIENTED_EDGE ( 'NONE', *, *, #956, .T. ) ;
#1475 = CARTESIAN_POINT ( 'NONE',  ( -16.00000000000000000, 1.999999999999994893, -15.99999999999999289 ) ) ;
#1476 = CARTESIAN_POINT ( 'NONE',  ( 20.78460969082663823, 3.400000000000000355, 11.49999999999980638 ) ) ;
#1477 = CYLINDRICAL_SURFACE ( 'NONE', #1296, 0.5000000000000004441 ) ;
#1478 = EDGE_CURVE ( 'NONE', #855, #290, #924, .T. ) ;
#1479 = CARTESIAN_POINT ( 'NONE',  ( -16.00000000000000000, 2.246194077712548864, 16.00000000000000000 ) ) ;
#1480 = ORIENTED_EDGE ( 'NONE', *, *, #772, .T. ) ;
#1481 = EDGE_CURVE ( 'NONE', #1295, #1078, #1697, .T. ) ;
#1482 = ORIENTED_EDGE ( 'NONE', *, *, #196, .F. ) ;
#1483 = CARTESIAN_POINT ( 'NONE',  ( -16.00000000000000000, 3.700000000000000178, -28.49999999999999645 ) ) ;
#1484 = CIRCLE ( 'NONE', #1092, 10.49999999999999467 ) ;
#1485 = PLANE ( 'NONE',  #242 ) ;
#1486 = LINE ( 'NONE', #304, #496 ) ;
#1487 = DIRECTION ( 'NONE',  ( 0.000000000000000000, 0.000000000000000000, 1.000000000000000000 ) ) ;
#1488 = VERTEX_POINT ( 'NONE', #1210 ) ;
#1489 = VERTEX_POINT ( 'NONE', #300 ) ;
#1490 = EDGE_CURVE ( 'NONE', #1432, #408, #1312, .T. ) ;
#1491 = EDGE_CURVE ( 'NONE', #271, #1123, #1577, .T. ) ;
#1492 = PLANE ( 'NONE',  #1331 ) ;
#1493 = VECTOR ( 'NONE', #940, 1000.000000000000000 ) ;
#1494 = CARTESIAN_POINT ( 'NONE',  ( -28.50000000000000355, 4.000000000000000000, -2.500000000000000000 ) ) ;
#1495 = CARTESIAN_POINT ( 'NONE',  ( 20.78460969082663823, 3.700000000000000178, 11.99999999999980815 ) ) ;
#1496 = ORIENTED_EDGE ( 'NONE', *, *, #560, .F. ) ;
#1497 = ORIENTED_EDGE ( 'NONE', *, *, #795, .T. ) ;
#1498 = DIRECTION ( 'NONE',  ( 0.000000000000000000, 0.000000000000000000, -1.000000000000000000 ) ) ;
#1499 = EDGE_CURVE ( 'NONE', #690, #576, #1054, .T. ) ;
#1500 = LINE ( 'NONE', #553, #442 ) ;
#1501 = CARTESIAN_POINT ( 'NONE',  ( -20.78460969082647480, 3.400000000000000355, 12.00000000000009948 ) ) ;
#1502 = VERTEX_POINT ( 'NONE', #291 ) ;
#1503 = ORIENTED_EDGE ( 'NONE', *, *, #664, .F. ) ;
#1504 = VECTOR ( 'NONE', #1527, 1000.000000000000000 ) ;
#1505 = DIRECTION ( 'NONE',  ( 0.000000000000000000, 0.000000000000000000, 1.000000000000000000 ) ) ;
#1506 = ADVANCED_FACE ( 'NONE', ( #945 ), #1366, .F. ) ;
#1507 = CARTESIAN_POINT ( 'NONE',  ( 4.499999999999997335, 4.000000000000000000, -28.49999999999999645 ) ) ;
#1508 = CARTESIAN_POINT ( 'NONE',  ( -28.50000000000000355, 3.700000000000000178, -2.500000000000000000 ) ) ;
#1509 = EDGE_LOOP ( 'NONE', ( #306, #202, #1616, #575, #771, #1344, #1480, #213, #1330, #1649 ) ) ;
#1510 = ORIENTED_EDGE ( 'NONE', *, *, #239, .F. ) ;
#1511 = EDGE_LOOP ( 'NONE', ( #1093, #885, #462, #375 ) ) ;
#1512 = CARTESIAN_POINT ( 'NONE',  ( -5.897462718475040333, -3.051268640762468287, -23.44873135923750240 ) ) ;
#1513 = AXIS2_PLACEMENT_3D ( 'NONE', #47, #1099, #1632 ) ;
#1514 = CARTESIAN_POINT ( 'NONE',  ( 20.78460969082663823, 3.700000000000000178, 11.49999999999980638 ) ) ;
#1515 = EDGE_CURVE ( 'NONE', #329, #1245, #545, .T. ) ;
#1516 = ORIENTED_EDGE ( 'NONE', *, *, #1301, .T. ) ;
#1517 = EDGE_LOOP ( 'NONE', ( #1467, #1001, #117, #1372 ) ) ;
#1518 = ORIENTED_EDGE ( 'NONE', *, *, #1588, .T. ) ;
#1519 = DIRECTION ( 'NONE',  ( -0.000000000000000000, -1.000000000000000000, -0.000000000000000000 ) ) ;
#1520 = CARTESIAN_POINT ( 'NONE',  ( 28.49999999999999289, 1.999999999999994893, 15.47738191479596281 ) ) ;
#1521 = CARTESIAN_POINT ( 'NONE',  ( 15.99999999999999289, 3.700000000000000178, 16.00000000000000000 ) ) ;
#1522 = VERTEX_POINT ( 'NONE', #1589 ) ;
#1523 = CARTESIAN_POINT ( 'NONE',  ( -20.78460969082647480, 3.400000000000000355, 12.50000000000009948 ) ) ;
#1524 = EDGE_LOOP ( 'NONE', ( #944, #591, #1012, #897 ) ) ;
#1525 = EDGE_CURVE ( 'NONE', #1447, #1357, #387, .T. ) ;
#1526 = LINE ( 'NONE', #76, #1009 ) ;
#1527 = DIRECTION ( 'NONE',  ( -0.000000000000000000, -1.000000000000000000, -0.000000000000000000 ) ) ;
#1528 = VECTOR ( 'NONE', #884, 1000.000000000000000 ) ;
#1529 = CARTESIAN_POINT ( 'NONE',  ( 20.78460969082663823, 3.400000000000000355, 12.49999999999980815 ) ) ;
#1530 = UNCERTAINTY_MEASURE_WITH_UNIT (LENGTH_MEASURE( 1.000000000000000082E-05 ), #371, 'distance_accuracy_value', 'NONE');
#1531 = ORIENTED_EDGE ( 'NONE', *, *, #33, .F. ) ;
#1532 = AXIS2_PLACEMENT_3D ( 'NONE', #554, #48, #707 ) ;
#1533 = CARTESIAN_POINT ( 'NONE',  ( 15.99999999999999289, 0.000000000000000000, 16.00000000000000000 ) ) ;
#1534 = ORIENTED_EDGE ( 'NONE', *, *, #1691, .T. ) ;
#1535 = CARTESIAN_POINT ( 'NONE',  ( -4.500000000000004441, 3.700000000000000178, -28.50000000000000000 ) ) ;
#1536 = ADVANCED_FACE ( 'NONE', ( #405 ), #1202, .F. ) ;
#1537 = EDGE_CURVE ( 'NONE', #470, #801, #1332, .T. ) ;
#1538 = FACE_OUTER_BOUND ( 'NONE', #1273, .T. ) ;
#1539 = CARTESIAN_POINT ( 'NONE',  ( 28.49999999999999289, 2.246194077712548864, 16.00000000000000000 ) ) ;
#1540 = DIRECTION ( 'NONE',  ( 0.000000000000000000, -1.000000000000000000, 0.000000000000000000 ) ) ;
#1541 = AXIS2_PLACEMENT_3D ( 'NONE', #825, #688, #558 ) ;
#1542 = VERTEX_POINT ( 'NONE', #572 ) ;
#1543 = VECTOR ( 'NONE', #1468, 1000.000000000000000 ) ;
#1544 = CARTESIAN_POINT ( 'NONE',  ( -26.49999999999999645, 0.000000000000000000, -15.99999999999999289 ) ) ;
#1545 = ORIENTED_EDGE ( 'NONE', *, *, #186, .F. ) ;
#1546 = CARTESIAN_POINT ( 'NONE',  ( -16.00000000000000000, 0.000000000000000000, 26.50000000000000000 ) ) ;
#1547 = EDGE_CURVE ( 'NONE', #1068, #1030, #390, .T. ) ;
#1548 = CARTESIAN_POINT ( 'NONE',  ( -28.50000000000000355, 4.000000000000000000, 9.932667397366181206 ) ) ;
#1549 = EDGE_CURVE ( 'NONE', #1386, #965, #303, .T. ) ;
#1550 = CARTESIAN_POINT ( 'NONE',  ( 4.499999999999997335, 3.400000000000000355, -28.49999999999999645 ) ) ;
#1551 = DIRECTION ( 'NONE',  ( 0.8660254037844362651, 0.000000000000000000, -0.5000000000000041078 ) ) ;
#1552 = EDGE_LOOP ( 'NONE', ( #1674, #1050, #258, #43 ) ) ;
#1553 = DIRECTION ( 'NONE',  ( -0.7071067811865475727, 0.000000000000000000, 0.7071067811865475727 ) ) ;
#1554 = ORIENTED_EDGE ( 'NONE', *, *, #505, .F. ) ;
#1555 = LINE ( 'NONE', #348, #1029 ) ;
#1556 = LINE ( 'NONE', #1568, #1257 ) ;
#1557 = AXIS2_PLACEMENT_3D ( 'NONE', #770, #1037, #1472 ) ;
#1558 = AXIS2_PLACEMENT_3D ( 'NONE', #467, #722, #1278 ) ;
#1559 = CARTESIAN_POINT ( 'NONE',  ( -20.78460969082647480, 3.400000000000000355, 12.50000000000009948 ) ) ;
#1560 = DIRECTION ( 'NONE',  ( 0.000000000000000000, 1.000000000000000000, 0.000000000000000000 ) ) ;
#1561 = ORIENTED_EDGE ( 'NONE', *, *, #1212, .F. ) ;
#1562 = EDGE_CURVE ( 'NONE', #855, #74, #1631, .T. ) ;
#1563 = CARTESIAN_POINT ( 'NONE',  ( 5.992727953603741220, 0.000000000000000000, -6.746404931059841736 ) ) ;
#1564 = LINE ( 'NONE', #617, #1198 ) ;
#1565 = VERTEX_POINT ( 'NONE', #335 ) ;
#1566 = VECTOR ( 'NONE', #1457, 1000.000000000000000 ) ;
#1567 = DIRECTION ( 'NONE',  ( -1.000000000000000000, 0.000000000000000000, 0.000000000000000000 ) ) ;
#1568 = CARTESIAN_POINT ( 'NONE',  ( -16.00000000000000000, 0.000000000000000000, -26.49999999999998934 ) ) ;
#1569 = LINE ( 'NONE', #1303, #79 ) ;
#1570 = VECTOR ( 'NONE', #866, 1000.000000000000000 ) ;
#1571 = VERTEX_POINT ( 'NONE', #852 ) ;
#1572 = VECTOR ( 'NONE', #475, 1000.000000000000000 ) ;
#1573 = ADVANCED_FACE ( 'NONE', ( #1261 ), #199, .F. ) ;
#1574 = DIRECTION ( 'NONE',  ( 0.000000000000000000, 0.000000000000000000, -1.000000000000000000 ) ) ;
#1575 = DIRECTION ( 'NONE',  ( 0.3535533905932759513, 0.7071067811865489050, 0.6123724356957916948 ) ) ;
#1576 = ORIENTED_EDGE ( 'NONE', *, *, #1612, .F. ) ;
#1577 =( BOUNDED_CURVE ( )  B_SPLINE_CURVE ( 3, ( #536, #692, #1359, #828 ),
 .UNSPECIFIED., .F., .T. ) 
 B_SPLINE_CURVE_WITH_KNOTS ( ( 4, 4 ),
 ( 4.278378844611965270, 4.299980550878193419 ),
 .UNSPECIFIED. ) 
 CURVE ( )  GEOMETRIC_REPRESENTATION_ITEM ( )  RATIONAL_B_SPLINE_CURVE ( ( 1.000000000000000000, 0.9999611142352304860, 0.9999611142352304860, 1.000000000000000000 ) ) 
 REPRESENTATION_ITEM ( '' )  );
#1578 = FACE_OUTER_BOUND ( 'NONE', #511, .T. ) ;
#1579 = DIRECTION ( 'NONE',  ( 0.7071067811865475727, 0.000000000000000000, 0.7071067811865475727 ) ) ;
#1580 = CARTESIAN_POINT ( 'NONE',  ( 28.44987026500583838, 2.246194077712548864, 17.11836057893824403 ) ) ;
#1581 = B_SPLINE_CURVE_WITH_KNOTS ( 'NONE', 3,
 ( #995, #89, #610, #1140 ),
 .UNSPECIFIED., .F., .F.,
 ( 4, 4 ),
 ( 4.336808689942017255E-19, 0.003152724615514676965 ),
 .UNSPECIFIED. ) ;
#1582 = DIRECTION ( 'NONE',  ( -0.000000000000000000, -1.000000000000000000, -0.000000000000000000 ) ) ;
#1583 = DIRECTION ( 'NONE',  ( -0.8660254037844363761, 0.000000000000000000, 0.5000000000000039968 ) ) ;
#1584 = DIRECTION ( 'NONE',  ( 0.000000000000000000, 0.6546536707079777528, 0.7559289460184539511 ) ) ;
#1585 = ORIENTED_EDGE ( 'NONE', *, *, #21, .F. ) ;
#1586 = EDGE_LOOP ( 'NONE', ( #1605, #1235, #923, #197, #1354 ) ) ;
#1587 = DIRECTION ( 'NONE',  ( -0.000000000000000000, 1.000000000000000000, -0.000000000000000000 ) ) ;
#1588 = EDGE_CURVE ( 'NONE', #49, #954, #1247, .T. ) ;
#1589 = CARTESIAN_POINT ( 'NONE',  ( 2.846194077712518311, 0.000000000000000000, -26.49999999999998224 ) ) ;
#1590 = CARTESIAN_POINT ( 'NONE',  ( 15.99999999999999289, 0.000000000000000000, 26.50000000000000000 ) ) ;
#1591 = VECTOR ( 'NONE', #370, 1000.000000000000114 ) ;
#1592 = CARTESIAN_POINT ( 'NONE',  ( 15.99999999999999289, 0.000000000000000000, 16.00000000000000000 ) ) ;
#1593 = CARTESIAN_POINT ( 'NONE',  ( 7.715824992460013299, 2.246194077712548864, -3.761913313389320113 ) ) ;
#1594 = LINE ( 'NONE', #929, #188 ) ;
#1595 = ORIENTED_EDGE ( 'NONE', *, *, #1311, .F. ) ;
#1596 = VERTEX_POINT ( 'NONE', #562 ) ;
#1597 = ORIENTED_EDGE ( 'NONE', *, *, #460, .F. ) ;
#1598 = AXIS2_PLACEMENT_3D ( 'NONE', #170, #313, #1487 ) ;
#1599 = CARTESIAN_POINT ( 'NONE',  ( -20.78460969082647480, 3.700000000000000178, 12.00000000000009948 ) ) ;
#1600 = EDGE_CURVE ( 'NONE', #1672, #49, #1637, .T. ) ;
#1601 = DIRECTION ( 'NONE',  ( 0.2588190451025162431, 0.000000000000000000, -0.9659258262890695335 ) ) ;
#1602 = CARTESIAN_POINT ( 'NONE',  ( 21.26757260397117122, 3.700000000000000178, 11.87059047744854112 ) ) ;
#1603 = DIRECTION ( 'NONE',  ( 0.000000000000000000, 0.000000000000000000, -1.000000000000000000 ) ) ;
#1604 = ORIENTED_EDGE ( 'NONE', *, *, #1016, .T. ) ;
#1605 = ORIENTED_EDGE ( 'NONE', *, *, #297, .T. ) ;
#1606 = VECTOR ( 'NONE', #169, 1000.000000000000000 ) ;
#1607 = ORIENTED_EDGE ( 'NONE', *, *, #451, .F. ) ;
#1608 = ORIENTED_EDGE ( 'NONE', *, *, #444, .F. ) ;
#1609 = DIRECTION ( 'NONE',  ( 0.000000000000000000, 0.000000000000000000, -1.000000000000000000 ) ) ;
#1610 = ADVANCED_FACE ( 'NONE', ( #1238 ), #990, .F. ) ;
#1611 = CARTESIAN_POINT ( 'NONE',  ( 15.99999999999999289, 3.400000000000000355, 16.00000000000000000 ) ) ;
#1612 = EDGE_CURVE ( 'NONE', #1133, #1374, #340, .T. ) ;
#1613 = DIRECTION ( 'NONE',  ( -1.000000000000000000, -0.000000000000000000, -0.000000000000000000 ) ) ;
#1614 = CYLINDRICAL_SURFACE ( 'NONE', #1373, 12.50000000000000355 ) ;
#1615 = ORIENTED_EDGE ( 'NONE', *, *, #1549, .F. ) ;
#1616 = ORIENTED_EDGE ( 'NONE', *, *, #274, .T. ) ;
#1617 = DIRECTION ( 'NONE',  ( -0.000000000000000000, 0.000000000000000000, 1.000000000000000000 ) ) ;
#1618 = LINE ( 'NONE', #816, #25 ) ;
#1619 = CARTESIAN_POINT ( 'NONE',  ( 21.26757260397117122, 3.400000000000000355, 11.87059047744854112 ) ) ;
#1620 = CARTESIAN_POINT ( 'NONE',  ( 0.000000000000000000, 3.700000000000000178, 0.000000000000000000 ) ) ;
#1621 = EDGE_CURVE ( 'NONE', #1565, #339, #859, .T. ) ;
#1622 = ORIENTED_EDGE ( 'NONE', *, *, #469, .F. ) ;
#1623 = DIRECTION ( 'NONE',  ( -0.000000000000000000, 1.000000000000000000, -0.000000000000000000 ) ) ;
#1624 = DIRECTION ( 'NONE',  ( -0.000000000000000000, 0.000000000000000000, 1.000000000000000000 ) ) ;
#1625 = DIRECTION ( 'NONE',  ( 0.000000000000000000, 0.000000000000000000, -1.000000000000000000 ) ) ;
#1626 = EDGE_LOOP ( 'NONE', ( #298, #1545, #891, #1642 ) ) ;
#1627 = EDGE_LOOP ( 'NONE', ( #1607, #172 ) ) ;
#1628 = VECTOR ( 'NONE', #1, 1000.000000000000000 ) ;
#1629 = EDGE_CURVE ( 'NONE', #96, #502, #1395, .T. ) ;
#1630 = ORIENTED_EDGE ( 'NONE', *, *, #795, .F. ) ;
#1631 = LINE ( 'NONE', #450, #981 ) ;
#1632 = DIRECTION ( 'NONE',  ( 0.000000000000000000, 0.000000000000000000, 1.000000000000000000 ) ) ;
#1633 = LINE ( 'NONE', #831, #299 ) ;
#1634 = VERTEX_POINT ( 'NONE', #67 ) ;
#1635 = ORIENTED_EDGE ( 'NONE', *, *, #1638, .T. ) ;
#1636 = ORIENTED_EDGE ( 'NONE', *, *, #1701, .T. ) ;
#1637 = LINE ( 'NONE', #1097, #563 ) ;
#1638 = EDGE_CURVE ( 'NONE', #251, #410, #1526, .T. ) ;
#1639 = DIRECTION ( 'NONE',  ( 0.000000000000000000, -1.000000000000000000, -0.000000000000000000 ) ) ;
#1640 = CARTESIAN_POINT ( 'NONE',  ( -2.846194077712560944, 0.000000000000000000, -1.387778780781445676E-14 ) ) ;
#1641 = ORIENTED_EDGE ( 'NONE', *, *, #287, .T. ) ;
#1642 = ORIENTED_EDGE ( 'NONE', *, *, #772, .F. ) ;
#1643 = AXIS2_PLACEMENT_3D ( 'NONE', #200, #1134, #225 ) ;
#1644 = CARTESIAN_POINT ( 'NONE',  ( 2.846194077712518311, 0.000000000000000000, -1.643250916933303607 ) ) ;
#1645 = EDGE_CURVE ( 'NONE', #550, #1068, #1383, .T. ) ;
#1646 = CARTESIAN_POINT ( 'NONE',  ( 15.99999999999999289, 0.000000000000000000, 26.50000000000000000 ) ) ;
#1647 = FACE_OUTER_BOUND ( 'NONE', #1225, .T. ) ;
#1648 = ORIENTED_EDGE ( 'NONE', *, *, #330, .T. ) ;
#1649 = ORIENTED_EDGE ( 'NONE', *, *, #21, .T. ) ;
#1650 = VECTOR ( 'NONE', #1601, 1000.000000000000000 ) ;
#1651 = DIRECTION ( 'NONE',  ( -9.912705577010328508E-16, 0.000000000000000000, 1.000000000000000000 ) ) ;
#1652 = AXIS2_PLACEMENT_3D ( 'NONE', #1663, #1415, #248 ) ;
#1653 = DIRECTION ( 'NONE',  ( -0.000000000000000000, 1.000000000000000000, -0.000000000000000000 ) ) ;
#1654 = LINE ( 'NONE', #336, #308 ) ;
#1655 = ORIENTED_EDGE ( 'NONE', *, *, #1232, .T. ) ;
#1656 = ADVANCED_FACE ( 'NONE', ( #347 ), #445, .F. ) ;
#1657 = DIRECTION ( 'NONE',  ( -0.000000000000000000, -0.000000000000000000, 1.000000000000000000 ) ) ;
#1658 = EDGE_LOOP ( 'NONE', ( #1118, #72, #44, #1585 ) ) ;
#1659 = LINE ( 'NONE', #1563, #1438 ) ;
#1660 = CARTESIAN_POINT ( 'NONE',  ( -16.00000000000000000, 4.000000000000000000, -28.49999999999999645 ) ) ;
#1661 = CARTESIAN_POINT ( 'NONE',  ( -16.00000000000000000, 4.000000000000000000, -28.49999999999999645 ) ) ;
#1662 = CARTESIAN_POINT ( 'NONE',  ( -16.00000000000000000, 1.999999999999991340, 16.00000000000000000 ) ) ;
#1663 = CARTESIAN_POINT ( 'NONE',  ( 20.78460969082663823, 3.400000000000000355, 11.99999999999980815 ) ) ;
#1664 = VERTEX_POINT ( 'NONE', #966 ) ;
#1665 = ADVANCED_FACE ( 'NONE', ( #206 ), #60, .T. ) ;
#1666 = CARTESIAN_POINT ( 'NONE',  ( 0.5999999999999957589, 2.246194077712548864, -28.49999999999998934 ) ) ;
#1667 = ORIENTED_EDGE ( 'NONE', *, *, #1253, .T. ) ;
#1668 = VECTOR ( 'NONE', #395, 1000.000000000000114 ) ;
#1669 = DIRECTION ( 'NONE',  ( -0.000000000000000000, 0.000000000000000000, 1.000000000000000000 ) ) ;
#1670 = CIRCLE ( 'NONE', #751, 0.5000000000000001110 ) ;
#1671 = CARTESIAN_POINT ( 'NONE',  ( 0.5999999999999957589, 2.246194077712548864, -1.387778780781445676E-14 ) ) ;
#1672 = VERTEX_POINT ( 'NONE', #1644 ) ;
#1673 = CYLINDRICAL_SURFACE ( 'NONE', #1280, 0.5000000000000004441 ) ;
#1674 = ORIENTED_EDGE ( 'NONE', *, *, #588, .T. ) ;
#1675 = ADVANCED_FACE ( 'NONE', ( #721 ), #586, .F. ) ;
#1676 = CARTESIAN_POINT ( 'NONE',  ( -20.78460969082647480, 3.400000000000000355, 11.50000000000009948 ) ) ;
#1677 = CARTESIAN_POINT ( 'NONE',  ( 15.99999999999999289, 1.999999999999994893, -28.49999999999999645 ) ) ;
#1678 = DIRECTION ( 'NONE',  ( 0.000000000000000000, 0.7071067811865450192, 0.7071067811865500152 ) ) ;
#1679 = ADVANCED_FACE ( 'NONE', ( #1170 ), #705, .F. ) ;
#1680 = VECTOR ( 'NONE', #118, 1000.000000000000000 ) ;
#1681 = AXIS2_PLACEMENT_3D ( 'NONE', #260, #1575, #662 ) ;
#1682 = AXIS2_PLACEMENT_3D ( 'NONE', #1405, #71, #1248 ) ;
#1683 = ORIENTED_EDGE ( 'NONE', *, *, #552, .T. ) ;
#1684 = VECTOR ( 'NONE', #1052, 1000.000000000000000 ) ;
#1685 = CIRCLE ( 'NONE', #1124, 0.4999999999999994449 ) ;
#1686 = DIRECTION ( 'NONE',  ( -0.7071067811865500152, 0.7071067811865451302, 0.000000000000000000 ) ) ;
#1687 = ORIENTED_EDGE ( 'NONE', *, *, #1645, .F. ) ;
#1688 = CARTESIAN_POINT ( 'NONE',  ( 0.000000000000000000, 0.000000000000000000, 0.000000000000000000 ) ) ;
#1689 = DIRECTION ( 'NONE',  ( 1.000000000000000000, 0.000000000000000000, 0.000000000000000000 ) ) ;
#1690 = CARTESIAN_POINT ( 'NONE',  ( 28.44181727618811806, 2.164530233272289106, 17.20800846881783386 ) ) ;
#1691 = EDGE_CURVE ( 'NONE', #1447, #977, #1308, .T. ) ;
#1692 = DIRECTION ( 'NONE',  ( 0.000000000000000000, 0.7071067811865500152, 0.7071067811865451302 ) ) ;
#1693 = ORIENTED_EDGE ( 'NONE', *, *, #1367, .F. ) ;
#1694 = DIRECTION ( 'NONE',  ( 0.000000000000000000, -0.000000000000000000, 1.000000000000000000 ) ) ;
#1695 = FACE_OUTER_BOUND ( 'NONE', #1318, .T. ) ;
#1696 = ORIENTED_EDGE ( 'NONE', *, *, #110, .T. ) ;
#1697 = CIRCLE ( 'NONE', #1086, 0.5000000000000001110 ) ;
#1698 = DIRECTION ( 'NONE',  ( 0.8660254037844432595, 0.000000000000000000, 0.4999999999999919509 ) ) ;
#1699 = DIRECTION ( 'NONE',  ( 0.000000000000000000, 1.000000000000000000, 0.000000000000000000 ) ) ;
#1700 = DIRECTION ( 'NONE',  ( 0.000000000000000000, 0.7071067811865500152, 0.7071067811865451302 ) ) ;
#1701 = EDGE_CURVE ( 'NONE', #1068, #29, #252, .T. ) ;
#1702 = DIRECTION ( 'NONE',  ( -1.000000000000000000, 0.000000000000000000, -0.000000000000000000 ) ) ;
#1703 = ORIENTED_EDGE ( 'NONE', *, *, #696, .T. ) ;
#1704 = LINE ( 'NONE', #517, #165 ) ;
#1705 = DIRECTION ( 'NONE',  ( 1.000000000000000000, 0.000000000000000000, 0.000000000000000000 ) ) ;
#1706 = VERTEX_POINT ( 'NONE', #1289 ) ;
#1707 = LINE ( 'NONE', #521, #983 ) ;
#1708 = DIRECTION ( 'NONE',  ( 0.8660254037844362651, 0.000000000000000000, -0.5000000000000041078 ) ) ;
#1709 = CARTESIAN_POINT ( 'NONE',  ( -16.00000000000000000, 1.999999999999994893, -28.49999999999999645 ) ) ;
ENDSEC;
END-ISO-10303-21;
